count|employer_name|employer_address1|employer_address2|employer_city
18|Biomet 3i LLC|56 East Bell Drive||Warsaw
18|Zimmer US Inc|56 East Bell Drive||Warsaw
18|Biomet Fairlawn LLC|56 East Bell Drive||Warsaw
18|Zimmer Production Inc|56 East Bell Drive||Warsaw
18|CD Diagnostics Inc|56 East Bell Drive||Warsaw
18|Biomet Manufacturing LLC|56 East Bell Drive||WARSAW
18|Biomet Manufacturing LLC|56 East Bell Drive||Warsaw
18|Zimmer Trabecular Metal Technology Inc|56 East Bell Drive||Warsaw
18|Biomet Manufacturing, Corp|56 East Bell Drive||Warsaw
18|Zimmer Surgical Inc|56 East Bell Drive||Warsaw
18|Cayenne Medical Inc|56 East Bell Drive||Warsaw
18|CitraLabs LLC|56 East Bell Drive||Warsaw
18|Biomet Manufacturing, Corp.|56 East Bell Drive||Warsaw
18|Zimmer Surgical Inc|56 East Bell Drive||WARSAW
18|Zimmer Biomet CMF and Thoracic LLC|56 East Bell Drive||Warsaw
18|Zimmer Inc|56 East Bell Drive||WARSAW
18|Zimmer Biomet Spine Inc|56 East Bell Drive||Warsaw
18|Zimmer Inc|56 East Bell Drive||Warsaw
10|Berry Plastics Opco Inc|101 Oakley Street||Evansville
10|BPRex Closures LLC|101 Oakley Street||Evansville
10|Berry Global Inc|101 Oakley Street||Evansville
10|Berry Film Products Company Inc|101 Oakley Street||Evansville
10|Chicopee Inc|101 Oakley Street||Evansville
10|Covalence Specialty Adhesives LLC|101 Oakley Street||Evansville
10|Poly-Seal LLC|101 Oakley Street||Evansville
10|Fiberweb LLC|101 Oakley Street||Evansville
10|SETCO LLC|101 Oakley Street||Evansville
10|BP REX Closures LLC|101 Oakley Street||Evansville
10|Zimmer Production Inc|56 E Bell Drive|Warsaw|46582
10|Zimmer Surgical Inc|56 E Bell Drive||Warsaw
10|Zimmer Production Inc|56 E Bell Drive||Warsaw
10|Biomet Manufacturing, Corp.|56 E Bell Drive||Warsaw
10|Biomet Manufacturing LLC|56 E Bell Drive||Warsaw
10|Zimmer US Inc|56 E Bell Drive||Warsaw
10|Biomet Fairlawn LLC|56 E Bell Drive||Warsaw
10|Zimmer Biomet CMF and Thoracic LLC|56 E Bell Drive||Warsaw
10|Biomet Manufacturing LLC (formerly Corp.)|56 E Bell Drive||Warsaw
10|Zimmer Inc|56 E Bell Drive||Warsaw
9|Elevance Health Inc|220 Virginia Ave|Suite 200|Indianapolis
9|Carelon Medical Benefits Management Inc|220 Virginia Ave||Indianapolis
9|New England Research Institutes|220 Virginia Ave||Indianapolis
9|Carelon Research Inc|220 Virginia Ave||Indianapolis
9|Elevance Health|220 Virginia Ave||Indianapolis
9|Elevance Health Inc|220 Virginia Ave||Indianapolis
9|Amerigroup Corporation|220 Virginia Ave||Indianapolis
9|National Government Services Inc|220 Virginia Ave||Indianapolis
9|Anthem Inc|220 Virginia Ave||Indianapolis
9|Elevance Health Inc|220 Virginia Avenue|Suite 200|Indianapolis
9|Carelon Research Inc|220 Virginia Avenue||Indianapolis
9|Elevance Health|220 Virginia Avenue||Indianapolis
9|Anthem INC|220 Virginia Avenue||Indianapolis
9|Elevance Health Inc|220 Virginia Avenue||Indianapolis
9|Anthem Inc|220 Virginia Avenue||Indianapolis
9|National Government Services Inc|220 Virginia Avenue||Indianapolis
9|American Imaging Management Inc|220 Virginia Avenue||Indianapolis
9|Elevance Health, INc.|220 Virginia Avenue||Indianapolis
6|Bastian Solutions LLC|10585 North Meridian Street|Floor 3|Indianapolis
6|Bastian Solutions LLC|10585 North Meridian Street|Floor 3|Carmel
6|Bastian Solution LLC|10585 North Meridian Street||Indianapolis
6|Bastian Solutions LLC|10585 North Meridian Street||Carmel
6|Bastian Solution LLC|10585 North Meridian Street||Carmel
6|Bastian Solutions LLC|10585 North Meridian Street||Indianapolis
5|Advanced Respiratory Inc|1069 STATE ROUTE 46 E||BATESVILLE
5|HILL-ROM MANUFACTURING INC|1069 STATE ROUTE 46 E||BATESVILLE
5|HILL-ROM SERVICES INC|1069 STATE ROUTE 46 E||BATESVILLE
5|HILL-ROM COMPANY INC|1069 STATE ROUTE 46 E||BATESVILLE
5|WELCH ALLYN INC|1069 STATE ROUTE 46 E||BATESVILLE
5|LHP Inc|1888 Poshard Drive||Columbus
5|LHP Data Analytic Solutions|1888 Poshard Drive||Columbus
5|LHP Data Analytic Solutions LLC|1888 Poshard Drive||Columbus
5|LHP Engineering Solutions LLC|1888 Poshard Drive||Columbus
5|LER TechForce LLC|1888 Poshard Drive||Columbus
5|PURDUE UNIVERSITY|2101 E COLISEUM BLVD|3000 E COLISEUM BLVD DOERMER SCHOOL OF BUSINESS, SUITE 300|FORT WAYNE
5|PURDUE UNIVERSITY|2101 E COLISEUM BLVD|DSB 300|FORT WAYNE
5|PURDUE UNIVERSITY|2101 E COLISEUM BLVD|DSB SUITE 300|FORT WAYNE
5|PURDUE UNIVERSITY|2101 E COLISEUM BLVD|DSB, SUITE 300|FORT WAYNE
5|PURDUE UNIVERSITY|2101 E COLISEUM BLVD||FORT WAYNE
5|The Indiana Clinic Support Services LLC|2401 W. University Avenue||Muncie
5|Indiana University Health Care Associates Inc|2401 W. University Avenue||Muncie
5|Indiana University Health Ball Memorial Physicians Inc|2401 W. University Avenue||Muncie
5|Indiana University Health Care Associates Inc|2401 W. University Avenue||MUNCIE
5|Indiana University Health Ball Memorial Hospital Inc|2401 W. University Avenue||Muncie
5|Indiana University Health Arnett Inc|2550 Greenbush Street||Lafayette
5|INDIANA UNIVERSITY HEALTH CARE ASSOCIATES INC|2550 Greenbush Street||Lafayette
5|INDIANA UNIVERSITY HEALTH ARNETT INC|2550 Greenbush Street||Lafayette
5|INDIANA UNIVERSITY HEALTH FRANKFORT INC|2550 Greenbush Street||Lafayette
5|Indiana University Health Care Associates Inc|2550 Greenbush Street||Lafayette
5|INTOUCH DIING INC|4367 South 100 West||Anderson
5|NETMASONS INCORPORATED|4367 South 100 West||Anderson
5|Netmasons Incorporated|4367 South 100 West||Anderson
5|NETMASONS INCORPORATED|4367 South 100 West||ANDERSON
5|INTOUCH DINING INCORPORATED|4367 South 100 West||Anderson
4|Hitachi Global Air Power US LLC|1 Sullair Way||Michigan City
4|Hitachi Global Air Power US LLC (f/k/a Sullair LLC)|1 Sullair Way||Michigan City
4|Hitachi Global Air Power|1 Sullair Way||Michigan City
4|Sullair LLC|1 Sullair Way||Michigan City
4|Hill-Rom Company Inc|1069 State Route 46 E||Batesville
4|Hill-Rom Services Inc|1069 State Route 46 E||Batesville
4|Hill-Rom Manufacturing Inc|1069 State Route 46 E||Batesville
4|Welch Allyn Inc|1069 State Route 46 E||Batesville
4|Flexware Innovation Inc|12 Municipal Drive|Suite 200|Fishers
4|Telix Pharmaceuticals (US) Inc|12 Municipal Drive|Suite 330|Fishers
4|Telix Pharmaceuticals Limited|12 Municipal Drive|Suite 330|Fishers
4|Flexware Innovation Inc|12 Municipal Drive||Fishers
4|Purdue University|155 S Grant Street|Fifth Floor|West Lafayette
4|Purdue University|155 S Grant Street|Fifth floor|West Lafayette
4|Purdue University|155 S Grant Street|Young Hall, Fifth Floor|West Lafayette
4|Purdue University|155 S Grant Street|Young Hall, Room 521|West Lafayette
4|Elanco US Inc|2500 Innovation Way||Greenfield
4|Elanco Animal Health Inc|2500 Innovation Way||Greenfield
4|Lohmann Animal Health International Inc|2500 Innovation Way||Greenfield
4|Elanco Animal Health Incorporated|2500 Innovation Way||Greenfield
4|TRELLEBORG SEALING SOLUTIONS US INC|2509 Bremer Road||Fort Wayne
4|TRELLEBORG SEALING SOLUTIONS U.S. INC|2509 Bremer Road||Fort Wayne
4|Trelleborg Sealing Solutions U.S. Inc|2509 Bremer Road||Fort Wayne
4|Trelleborg Sealing Solutions US Inc|2509 Bremer Road||Fort Wayne
4|Otis R Bowen Center for Human Services INC|2621 E Jefferson St||Warsaw
4|Otis R Bowen Center for Human Services Inc|2621 E Jefferson St||Warsaw
4|Bowen Health Inc|2621 E Jefferson St||Warsaw
4|Otis R Bowen Center for Human Services INC|2621 E Jefferson St||Fort Wayne
4|Indiana University Health Southern Indiana Physicians LLC|2905 N. Stone Carver Dr.||Bloomington
4|INDIANA UNIVERSITY HEALTH SOUTHERN INDIANA PHYSICIANS INC|2905 N. Stone Carver Dr.||BLOOMINGTON
4|INDIANA UNIVERSITY HEALTH SOUTHERN INDIANA PHYSICIANS LLC|2905 N. Stone Carver Dr.||BLOOMINGTON
4|Indiana University Health Care Associates Inc|2905 N. Stone Carver Dr.||BLOOMINGTON
4|LHP Data Analytic Solutions LLC|305 Franklin Street||Columbus
4|LER TechForce LLC|305 Franklin Street||Columbus
4|LHP Data Analytic Solutions|305 Franklin Street||Columbus
4|LHP Engineering Solutions LLC|305 Franklin Street||Columbus
4|Brainlabs USA LLC|501 N Morton St|212|Bloomington
4|Brainlabs USA LLC|501 N Morton St|Ste 212|Bloomington
4|Brainlabs Digital Inc|501 N Morton St|Suite 212|Bloomington
4|Brainlabs USA LLC|501 N Morton St|Suite 212|Bloomington
4|Cayenne Medical Inc|56  E Bell Drive||Warsaw
4|Zimmer Inc|56  E Bell Drive||Warsaw
4|Zimmer Production Inc|56  E Bell Drive||Warsaw
4|Biomet Manufacturing LLC|56  E Bell Drive||Warsaw
4|Deaconess Clinic Inc|600 Mary Street||Evansville
4|Deaconess Hospital Inc|600 Mary Street||Evansville
4|Deaconess Illinois Specialty Clinic Inc|600 Mary Street||Evansville
4|Deaconess Specialty Physicians Inc|600 Mary Street||Evansville
4|Aluminum Dynamics LLC|7575 W Jefferson Blvd||Fort Wayne
4|OmniSource LLC|7575 W Jefferson Blvd||Fort Wayne
4|Steel Dynamics Inc|7575 W Jefferson Blvd||Fort Wayne
4|Steel Dynamics Sales NA Inc|7575 W Jefferson Blvd||Fort Wayne
4|Weaver Popcorn Manufacturing LLC|9365 Counselors Row|Suite 112|Indianapolis
4|JPS Consulting Engineers LLC|9365 Counselors Row|Suite 116|Indianapolis
4|JPS Consulting Engineers LLC|9365 Counselors Row|Suite 116|INDIANAPOLIS
4|BSA LifeStructures Inc|9365 Counselors Row|Suite 300|Indianapolis
3|Winthrop Capital Management LLC|10201 North Illinois Street|Suite 275|Carmel
3|EXLService Technology Solutions LLC|10201 North Illinois Street|Suite 420|Indianapolis
3|ExlService Technology Solutions LLC|10201 North Illinois Street|Suite 420|Indianapolis
3|Calumet GP LLC|1060 N. Capitol Avenue|6-401|Indianapolis
3|Calumet, GP LLC|1060 N. Capitol Avenue|6-401|Indianapolis
3|Calumet GP LLC|1060 N. Capitol Avenue|Suite 6-401|Indianapolis
3|CNO Financial Group Inc|11299 Illinois Street|Suite 200|Carmel
3|CNO Financial Group|11299 Illinois Street|Suite 200|Carmel
3|CNO Services LLC|11299 Illinois Street|Suite 200|Carmel
3|Automotive Finance Corporation|11299 N Illinois Street||Carmel
3|Autoniq LLC|11299 N Illinois Street||Carmel
3|OPENLANE Inc|11299 N Illinois Street||Carmel
3|OPENLANE Inc|11299 N. Illinois Street||Carmel
3|Automotive Finance Corporation|11299 N. Illinois Street||Carmel
3|CarsArrive Network Inc|11299 N. Illinois Street||Carmel
3|Boomerang VC Partners LLC|1220 Waterway Blvd.|Suite H108|Indianapolis
3|ConverSight.ai|1220 Waterway Blvd.||Indianapolis
3|Conversight.ai|1220 Waterway Blvd.||Indianapolis
3|IT Workforce|127 E Michigan St|Suite 100|Indianapolis
3|IT Workforce Inc|127 E Michigan St|Suite 100|Indianapolis
3|IT WORKFORCE INC|127 E Michigan St|Suite 100|Indianapolis
3|BorgWarner PDS (Anderson) LLC|13975 BorgWarner Drive||Noblesville
3|BorgWarner Noblesville LLC|13975 BorgWarner Drive||Noblesville
3|BORGWARNER NOBLESVILLE LLC|13975 BorgWarner Drive||Noblesville
3|Purdue University|155 S. Grant St.|5th Floor|West Lafayette
3|Purdue University|155 S. Grant St.|Fifth Floor|West Lafayette
3|Purdue University|155 S. Grant St.|Floor 5|West Lafayette
3|University of Evansville|1800 LINCOLN AVE|RC 221|Evansville
3|UNIVERSITY OF EVANSVILLE|1800 LINCOLN AVE|RC221|EVANSVILLE
3|UNIVERSITY OF EVANSVILLE|1800 LINCOLN AVE||EVANSVILLE
3|Indiana University|1900 E 10th St|Eigenmann Hall, Rom 525|Bloomington
3|Indiana University|1900 E 10th St|Eigenmann Hall, Room 525|Bloomington
3|Indiana University|1900 E 10th St|Eigenmann Hall, Suite 525|Bloomington
3|Ball State University|2000 W University Ave|AD350|Muncie
3|Ball State University|2000 W University Ave|Suite AD350|Muncie
3|Ball State University|2000 W University Ave||Muncie
3|Cinos Inc|201 North Illinois Street|Floor 16|Indianapolis
3|Vertellus LLC|201 North Illinois Street|Suite 1800|Indianapolis
3|Aurorium LLC|201 North Illinois Street|Suite 1800|Indianapolis
3|Otis R Bowen Center for Human Services Inc|2100 Goshen Road||Fort Wayne
3|Otis R Bowen Center for Human Services|2100 Goshen Road||Fort Wayne
3|Otis R. Bowen Center for Human Services Inc|2100 Goshen Road||Fort Wayne
3|Purdue University|2101 E Coliseum Blvd|DSB 300|Fort Wayne
3|Purdue University|2101 E Coliseum Blvd|Walb Student Union 145|Fort Wayne
3|Purdue University|2101 E Coliseum Blvd||Fort Wayne
3|Neurava Inc|3000 Kent Avenue|Suite 1158|West Lafayette
3|Quasistatics Inc|3000 Kent Avenue|Suite 1544|West Lafayette
3|Tecsoil USA Inc|3000 Kent Avenue|Suite 2130|West Lafayette
3|SAAM Inc|55 Monument Circle|7th Floor|Indianapolis
3|Avtech Solutions Inc|55 Monument Circle|Suite 825|Indianapolis
3|PAXAFE Inc|55 Monument Circle|Suite 900A|Indianapolis
3|PIA Automation US Inc|5825 Old Boonville Hwy||Evansville
3|Evana Tool & Engineering Inc|5825 Old Boonville Hwy||Evansville
3|Evana Tool & Engineering Inc d/b/a PIA Automation US Inc|5825 Old Boonville Hwy||Evansville
3|OMF Services LLC|601 N.W. Second Street||Evansville
3|OneMain General Services Corporation|601 N.W. Second Street||Evensville
3|OneMain General Services Corporation|601 N.W. Second Street||Evansville
3|LOCHMUELLER GROUP|6200 VOGEL ROAD|jlangley@lochgroup.com|Evansville
3|LOCHMUELLER GROUP|6200 VOGEL ROAD||Evansville
3|LOCHMUELLER GROUP INC|6200 VOGEL ROAD||Evansville
3|Lochmueller Group Inc|6200 Vogel Road|jlangley@lochgroup.com|Evansville
3|Lochmueller Group Inc|6200 Vogel Road||Evansville
3|LOCHMUELLER GROUP|6200 Vogel Road||Evansville
3|Cook Incorporated|750 Daniels Way||Bloomington
3|Cook Medical Holdings LLC|750 Daniels Way||Bloomington
3|Cook Medical Technologies LLC|750 Daniels Way||Bloomington
3|Hat World Inc|7676 Interactive Way|Suite 300|Indianapolis
3|Hat World Inc|7676 Interactive Way||Indianapolis
3|Hat World Inc|7676 Interactive Way||INDIANAPOLIS
3|Southern Plastics Inc|7820 Innovation Boulevard|Suite 100|Indianapolis
3|Closure Systems Companies Inc|7820 Innovation Boulevard|Suite 100|Indianapolis
3|Closure Systems International Inc|7820 Innovation Boulevard|Suite 100|Indianapolis
3|RACAR INTL D/E LLC|800 Main Street|Suite 200|Anderson
3|RACAR DESIGN & ENGINEERING LLC|800 Main Street|Suite 200|Anderson
3|Illumination International LLC|800 Main Street||Lafayette
3|Labcorp Global Specimen Solutions Inc|8211 Scicor Drive||Indianapolis
3|Labcorp Bioanalytical Services LLC|8211 Scicor Drive||Indianapolis
3|Labcorp Central Laboratory Services LP|8211 Scicor Drive||Indianapolis
3|MetaCX Inc|830 Massachusetts Avenue|Suite 1500|Indianapolis
3|High Alpha Innovation Inc|830 Massachusetts Avenue|Suite 1500, Floor 4|Indianapolis
3|Amplio Supply Chain Inc|830 Massachusetts Avenue||Indianapolis
3|Touch of Modern LLC|8450 Broadway||Merrillville
3|CSCGH Shared Services LLC|8450 Broadway||Merrillville
3|SLT Lending SPV Inc|8450 Broadway||Merrillville
3|Tangoe Inc|8888 Keystone Crossing|Suite 1300|Indianapolis
3|Catalina Business Solutions Inc|8888 Keystone Crossing|Suite 1373|Indianapolis
3|Innovation Associates Inc|8888 Keystone Crossing|Suite 1550|Indianapolis
3|Faurecia Emissions Control Technologies, USA LLC|950 West 450 South||Columbus
3|Faurecia Emissions Control Technologies USA LLC|950 West 450 South||Columbus
3|Faurecia Emissions Control Systems NA LLC|950 West 450 South||Columbus
3|Genezen Labs Inc|9900 Westpoint Drive|Suite 128|Indianapolis
3|Genezen Laboratories Inc|9900 Westpoint Drive|Suite 128|Indianapolis
3|Genezen MA Inc|9900 Westpoint Drive|Suite 128|Indianapolis
3|Eli Lilly and Company|LILLY CORPORATE CENTER||INDIANAPOLIS
3|ELI LILLY AND COMPANY|LILLY CORPORATE CENTER||INDIANAPOLIS
3|Lilly USA LLC|LILLY CORPORATE CENTER||INDIANAPOLIS
2|Cook Research Incorporated|1 Geddes Way||West Lafayette
2|Cook Research Inc|1 Geddes Way||West Lafayette
2|MASTERBRAND CABINETS INC|1 MASTERBRAND CABINETS DRIVE||JASPER
2|MASTERBRAND CABINETS LLC|1 MASTERBRAND CABINETS DRIVE||JASPER
2|MasterBrand Cabinets Inc|1 MasterBrand Cabinets Drive||Jasper
2|MasterBrand Cabinets LLC|1 MasterBrand Cabinets Drive||Jasper
2|AES US Services LLC|1 Monument Circle|Floor 9|Indianapolis
2|IBJ Corporation|1 Monument Circle|Suite 300|Indianapolis
2|Shuttleworth LLC|10 Commercial Road|10 Commerical Road|Huntington
2|Shuttleworth LLC|10 Commercial Road||Huntington
2|Marathon Health LLC|10 West Market Street|Suite 2900|Indianapolis
2|CredLens LLC|10 West Market Street||Indianapolis
2|WishBone Medical Inc|100 Capital Drive||Warsaw
2|Wishbone Medical Inc|100 Capital Drive||Warsaw
2|Indiana Office of Technology|100 N. Senate Avenue|Room N551|Indianapolis
2|State of Indiana-Management Performance Hub|100 N. Senate Avenue|Suite N855|Indianapolis
2|RATIO States LLC|101 South Pennsylvania Street||Indianapolis
2|RATIO Architects LLC|101 South Pennsylvania Street||Indianapolis
2|BRITE SYSTEMS INC|101 W. Ohio Street|Suite 1450|INDIANAPOLIS
2|DB Engineering LLC|101 W. Ohio Street|Suite 1515|Indianapolis
2|Brite Systems Inc|101 W. Ohio Street, Suite 2000|N/A|Indianapolis
2|BRITE SYSTEMS INC|101 W. Ohio Street, Suite 2000|N/A|INDIANAPOLIS
2|The Cellular Connection LLC|10300 Kincaid Drive|Suite 100|Fishers
2|The Cellular Connection LLC|10300 Kincaid Drive||Fishers
2|URGENT DENTAL CENTER NORTH LLC|10409 E. WASHINGTON ST|SUITE 12|INDIANAPOLIS
2|URGENT DENTAL CENTER FRANKFORT LLC|10409 E. WASHINGTON ST|SUITE 12|INDIANAPOLIS
2|Parkview Health System Inc|1050 Production Road||Fort Wayne
2|Parkview Hospital Inc|1050 Production Road||Fort Wayne
2|Parkview Health System Inc|10501 Corporate Drive||Fort Wayne
2|Parkview Hospital Inc|10501 Corporate Drive||Fort Wayne
2|Group 1001 Resources LLC|10555 Group 1001 Way||Zionsville
2|GROUP 1001 RESOURCES LLC|10555 Group 1001 Way||Zionsville
2|Bastian Solutions LLC|10585 N. Meridian St.|3rd Floor|Indianapolis
2|Bastian Solutions LLC|10585 N. Meridian St.|3rd Floor|Carmel
2|OFS Brands Holdings Inc|110 West 10th Street|Corporate - Annex 5|Huntingburg
2|OFS Brands Holdings Inc|110 West 10th Street||Huntingburg
2|Kremers Urban Pharmaceuticals Inc, a subsidiary of Lannett Company Inc|1101 C Avenue West||Seymour
2|Kremers Urban Pharmaceuticals Inc|1101 C Avenue West||Seymour
2|Pain Management Centers of America PSC|1101 Professional Blvd.|Suite 100|Evansville
2|Advanced Ambulatory Surgery Center LLC|1101 Professional Blvd.|Suite 104|Evansville
2|Resultant LLC|111 Monument Circle|Suite 202|Indianapolis
2|Goelzer Investment Management Inc|111 Monument Circle|Suite 500|Indianapolis
2|SAHASRA TECHNOLOGIES CORPORATION|1119 KEYSTONE WAY|SUITE 301|CARMEL
2|RAD CUBE LLC|1119 KEYSTONE WAY|SUITE 302|CARMEL
2|SAANVI Group LLC|1119 Keystone Way N|Suite 108B|Carmel
2|Saanvi Group LLC|1119 Keystone Way N|Suite 108B|Carmel
2|OPENLANE Inc|11299 N. Illinois St.||Carmel
2|ADESA Inc|11299 N. Illinois St.||Carmel
2|Heart of Cardon LLC|11313 USA Parkway|Suite E148|Fishers
2|Heart of Cardon LLC|11313 USA Parkway||Fishers
2|Halstead Architects Inc|1139 Shelby St.|2|Indianapolis
2|Halstead Thompson & Kennedy Inc|1139 Shelby St.|2|Indianapolis
2|TELIX PHARMACEUTICALS US INC|11700 Exit 5 Pkwy|Suite 200|Fishers
2|Telix Pharmaceuticals (US) Inc|11700 Exit 5 Pkwy|Suite 200|Fishers
2|Pegatron Technology Service Inc|121 River Ridge Circle||jeffersonville
2|Pegatron Technology Service Inc|121 River Ridge Circle||Jeffersonville
2|Indiana Biosciences Research Institute Inc|1210 Waterway Blvd.|Suite 2000|Indianapolis
2|Central Indiana Corporate Partnership Inc|1210 Waterway Blvd.|Suite 5000|Indianapolis
2|MHG Indiana LLC|1220 Brookville Way|Suite 3906|Indianapolis
2|MHG Indiana LLC d/b/a MHG Hotels LLC|1220 Brookville Way||Indianapolis
2|Miftek Inc|1231 Cumberland Ave|Ste H|West Lafayette
2|Miftek Inc|1231 Cumberland Ave|Suite H|West Lafayette
2|American Specialty Health Inc|12318 Hancock Street||Carmel
2|American Specialty Health Incorporated|12318 Hancock Street||Carmel
2|Star Nova US LLC|1251 N Eddy Street, Suite 200- 5076||South Bend
2|Star Nova LLC|1251 N Eddy Street, Suite 200- 5076||South Bend
2|TEKDOYENGROUP LLC|12622 Champions Blvd||Fishers
2|TekDoyenGroup LLC|12622 Champions Blvd||Fishers
2|American Specialty Health Incorporated|12800 North Meridian Street||Carmel
2|American Specialty Health Inc|12800 North Meridian Street||Carmel
2|Angies List Inc|130 East Washington Street|Suite 1100|Indianapolis
2|Angies List Inc d/b/a Angi|130 East Washington Street|Suite 1100|Indianapolis
2|BorgWarner Noblesville LLC|13975 BORGWARNER DRIVE||NOBLESVILLE
2|BorgWarner PDS (Anderson) LLC|13975 BORGWARNER DRIVE||NOBLESVILLE
2|Impact Capital Funds Inc|1400 E Angela Blvd||South Bend
2|Forever Analytical Services Inc|1400 E Angela Blvd||South Bend
2|Fairfield Service Company of Indiana LLC|1401 Kentucky Street|Suite 39|Michigan City
2|Power Drive LLC|1401 Kentucky Street|Suite 39|Michigan City
2|Hospital Care Group, PC|14417 Illinois Road||Fort Wayne
2|Hospital Care Group, P.C.|14417 Illinois Road||Fort Wayne
2|Ralans LLC|1463 DANIELLE DR||Indianapolis
2|RALANS LLC|1463 DANIELLE DR||Indianapolis
2|Sound Physicians of Indiana LLC|1498 Pacific Avenue|Suite 500|Tacoma
2|Sound Physicians of Indiana LLC|1498 Pacific Avenue||Tacoma
2|PHARMACORD LLC|150 Hilton Drive||Jeffersonville
2|PharmaCord LLC|150 Hilton Drive||Jeffersonville
2|Franciscan Alliance|1515 Dragoon Trail||Mishawaka
2|Franciscan Alliance Inc|1515 Dragoon Trail||Mishawaka
2|thyssenkrupp Presta North America LLC|1597 E Industrial Dr.||Terra Haute
2|thyssenkrupp Presta North America LLC|1597 E Industrial Dr.||Terre Haute
2|Union Associated Physicians Clinic LLC|1606 North 7th Street||Terre Haute
2|UNION ASSOCIATED PHYSICIANS CLINIC LLC|1606 North 7th Street||Terre Haute
2|Stant USA Corp|1620 Columbia Avenue||Connersville
2|Stant USA Corp.|1620 Columbia Avenue||Connersville
2|Physicians Health Plan of Northern Indiana Inc|1700 Magnavox Way|Suite 201|Fort Wayne
2|Ruoff Mortgage Company Inc|1700 Magnavox Way|Suite 220|Fort Wayne
2|Goshen College Inc|1700 South Main Street||Goshen
2|Goshen College|1700 South Main Street||Goshen
2|Franciscan Alliance|1701 South Creasy Lane||Lafayette
2|Franciscan Alliance Inc|1701 South Creasy Lane||Lafayette
2|Hoosier Tank & Manufacturing LLC|1710 North Sheridan Street||South Bend
2|Hoosier Tank & Manufacturing Incorporated|1710 North Sheridan Street||South Bend
2|Jupiter Aluminum Corporation|1745 165th Street||Hammond
2|Jupiter Aluminum|1745 165th Street||Hammond
2|JUPITER ALUMINUM|1745 E. 165TH STREET|NOT APPLICABLE|HAMMOND
2|Jupiter Aluminum Corporation|1745 E. 165TH STREET||HAMMOND
2|Genesis Products LLC|1811 Eisenhower Dr. S.||Goshen
2|Genesis Products Inc|1811 Eisenhower Dr. S.||Goshen
2|Studio M Architecture & Planning LLC|2 West Main Street||Carmel
2|STUDIO M ARCHITECTURE AND PLANNING|2 West Main Street||Carmel
2|Jobvite Inc|20 N Meridian St|300|Indianapolis
2|NXTThing RPO LLC|20 N Meridian St|Suite 300|Indianapolis
2|Jobvite Inc|20 N Meridian St.|300|Indianapolis
2|Employ Inc|20 N Meridian St.|300|Indianapolis
2|Indiana State Budget Agency|200 W. Washington Street|Room 212|Indianapolis
2|Legislative Services Agency|200 W. Washington Street|Suite 301|Indianapolis
2|Ball State University|2000 W University Avenue|Suite AD350|Muncie
2|Ball State University|2000 W University Avenue||Muncie
2|Ball State University|2000 W. University Ave|Suite AD350|Muncie
2|Ball State University|2000 W. University Ave||Muncie
2|Ball State University|2000 W. University Avenue|Suite AD350|Muncie
2|Ball State University|2000 W. University Avenue||Muncie
2|Quadralite Systems Inc|2005 Valparaiso St|Suite 121|Valparaiso
2|Taurus It Inc|2005 Valparaiso St|Suite 301C|Valparaiso
2|UNIVERSITY OF NOTRE DAME DU LAC|203 MAIN BUILDING||Notre Dame
2|UNIVERSITY OF NOTRE DAME DU LAC|203 MAIN BUILDING||NOTRE DAME
2|Zentis North AmericaLLC|2050 North Oak Drive||Plymouth
2|Zentis North America LLC|2050 North Oak Drive||Plymouth
2|St. Joseph County|227 W Jefferson Blvd|7th Floor|South Bend
2|St Joseph County Auditor|227 W Jefferson Blvd|7th Floor|South Bend
2|Michiana Area Council of Governments|227 W. Jefferson Blvd|1120 County-City Building|South Bend
2|City of South Bend, Indiana|227 W. Jefferson Blvd|Suite 1200S|South Bend
2|FullBeauty Brands Management Services LLC|2300 Southeastern Avenue|N/a|Indianapolis
2|FullBeauty Brands Management Services LLC|2300 Southeastern Avenue||Indianapolis
2|GDN Infotech Inc|2346 S. Lynhurst Drive|STE F201C|Indianapolis
2|GDN Infotech Inc|2346 S. Lynhurst Drive|Suite F201C|Indianapolis
2|Endress Hauser InfoServe Inc|2350 Endress Place||Greenwood
2|Endress and Hauser Inc|2350 Endress Place||Greenwood
2|MERIDIAN HEALTH SERVICES CORP.|240 NORTH TILLOTSON AVENUE||MUNCIE
2|MERIDIAN HEALTH SERVICES CORP|240 NORTH TILLOTSON AVENUE||MUNCIE
2|Valbruna Stainless Inc|2400 Taylor Street||Fort Wayne
2|Valbruna Slater Stainless Inc|2400 Taylor Street||FORT WAYNE
2|The Engineering Collaborative LLC|2410 Executive Drive|Suite 100|Indianapolis
2|THE ENGINEERING COLLABORATIVE LLC|2410 Executive Drive|Suite 100|Indianapolis
2|Powers & Sons Construction Inc|2502 Roosevelt Ave||Indianapolis
2|Powers & Sons Construction|2502 Roosevelt Ave||Indianapolis
2|Midwest Family Dental Care - Kokomo PC|2714 Rockford Ln||Kokomo
2|Midwest Family Dental Care – Kokomo PC|2714 Rockford Ln||Kokomo
2|Studio M Architecture & Planning LLC|275 Veterans Way|Suite 200|Carmel
2|Studio M Architecture and Planning LLC|275 Veterans Way|Suite 200|Carmel
2|One Family Dental LLC|2826 S State Road 135|Suite C|Greenwood
2|Olive Branch Dental LLC|2826 S State Road 135|Suite C|Greenwood
2|INDIANA UNIVERSITY HEALTH SOUTHERN INDIANA PHYSICIANS INC|2905 N Stone Carver Dr||BLOOMINGTON
2|Indiana University Health Care Associates Inc|2905 N Stone Carver Dr||Bloomington
2|Quasistatics Inc|3000 Kent Ave|Suite 1544|West Lafayette
2|Continuity Pharma LLC|3000 Kent Ave|Suite 1950|West Lafayette
2|Nucor Building Systems Indiana|305 Industrial Parkway||Waterloo
2|NUCOR CORPORATION, Nucor Building Systems Indiana|305 Industrial Parkway||Waterloo
2|Kanak Exports India LLC|321 Hovan Drive||Fort Wayne
2|KANAK EXPORTS INDIA LLC|321 Hovan Drive||Fort Wayne
2|PASSAGEWAYS INC|333 N. ALABAMA STREET|SUITE 300|INDIANAPOLIS
2|TALENTMATRIX INC|333 N. ALABAMA STREET|SUITE 350|INDIANAPOLIS
2|Hubot Inc|3333 North Kenmore Street||South Bend
2|Tri Pac Inc|3333 North Kenmore Street||South Bend
2|The Indiana Clinic Support Services LLC|340 W 10th St||Indianapolis
2|Indiana University Health Inc|340 W 10th St||Indianapolis
2|Indiana University Health Inc|340 W. 10th Street||Indianapolis
2|The Indiana Clinic Support Services LLC|340 W. 10th Street||Indianapolis
2|HealthNet Inc|3403 E Raymond St||Indianapolis
2|HealthNet Inc, an affiliate of IU Health|3403 E Raymond St||Indianapolis
2|Business Interactions LLC|3454 Douglas Road|Ste 300|South Bend
2|Business Interactions LLC|3454 Douglas Road||South Bend
2|Ivy Tech Community College|3501 North First Avenue||Evansville
2|Ivy Tech Community College|3501 North First Avenue||Indianapolis
2|Westend Dental LLC|3611 W 16th St.||Indianapolis
2|Sherman Westend Dental LLC|3611 W 16th St.||Indianapolis
2|CAC Auto Group LLC|3617 US Highway 52 S||Lafayette
2|Cac Auto Group LLC|3617 US Highway 52 S||Lafayette
2|CAC Auto Group LLC|3617 US Hwy 52 S||Lafayette
2|CAC AUTO GROUP LLC|3617 US Hwy 52 S||Lafayette
2|Enerdel Inc|3619 W 73ROAD ST|Suite 2|Anderson
2|Enerdel Inc|3619 W 73ROAD ST||Anderson
2|ALOTTA THERAPY LLC|3741 Rome Drive|Suite A|Lafayette
2|aLOTTa Therapy LLC|3741 Rome Drive|Suite A|Lafayette
2|Bionic Prosthetics and Orthotics Group LLC|3803 East Lincoln Highway||Merrillville
2|Bionic Prosthetics & Orthotics Group LLC|3803 East Lincoln Highway||Merrillville
2|Brenner Tank LLC|3900 McCarty Lane|Suite 220|Lafayette
2|Wabash National Corporation|3900 McCarty Lane|Suite 220|Lafayette
2|Interactive Compliance|3905 Vincennes Road|Ste 503|Indianapolis
2|Micronutrients USA LLC|3905 Vincennes Road|Suite 100|Indianapolis
2|St. Catherine Hospital Inc|4321 Fir Street||East Chicago
2|ST. CATHERINE HOSPITAL INC|4321 Fir Street||East Chicago
2|Excel IT Corp|438 South Emerson Avenue|Suite 146|Greenwood
2|EXCEL IT CORP|438 South Emerson Avenue|Suite 146|Greenwood
2|DD DANNAR LLC|4620 W Bethel Ave|Ste 1|Muncie
2|DD DANNAR LLC|4620 W Bethel Ave||Muncie
2|Kids & Adults Dental Care Inc|4625 South Emerson Avenue|Suite A|Indianapolis
2|Kids & Adult Dental Center Inc|4625 South Emerson Avenue|Suite A|Indianapolis
2|Givelify LLC|47 S Pennsylvania St|Ste 500|Indianapolis
2|Sondhi Solutions LLC|47 S Pennsylvania St|Suite 400|Indianapolis
2|Keystone Construction Corporation|47 S. Pennsylvania Street|10th Floor|Indianapolis
2|Indy Sports and Entertainment LLC|47 S. Pennsylvania Street|Suite 611|Indianapolis
2|Brightpoint North America L.P.|501 Airtech Parkway||Plainfield
2|BrightPoint North America, LP|501 Airtech Parkway||Plainfield
2|TECHKART TECHNOLOGIES LLC|5076 HAMLIN CT||SOUTH BEND
2|TECH KART LLC|5076 HAMLIN CT||SOUTH BEND
2|SerVaas Laboratories Inc|5240 Walt Place||Indianapolis
2|Bar Keepers Friend Inc|5240 Walt Place||Indianapolis
2|Springbuk Inc|525 South Meridian Street|Suite 1E4|Indianapolis
2|Level Up Development LLC|525 South Meridian Street|Suite GB2|Indianapolis
2|Familia Dental Fort Wayne PLLC|5328 Coldwater Road||Fort Wayne
2|Familia Dental For Wayne PLLC|5328 Coldwater Road||Fort Wayne
2|Avtech Solutions Inc|5455 West 86th Street|Suite 120|Indianapolis
2|AVTECH SOLUTIONS INC|5455 West 86th Street|Suite 120|INDIANAPOLIS
2|Availent Systems|550 Congressional Blvd|Ste 115-48|Carmel
2|Infominds LLC|550 Congressional Blvd|Suite 115|Carmel
2|THICKSTAT INC|571 MONON BLVD|ROOM 131, SUITE 200|CARMEL
2|QUICKLERT INC|571 MONON BLVD|STE 200|CARMEL
2|Midwest Electrodignostics LLC|5816 Bluestem Court||Greenwood
2|Midwest Electrodignostics LLC|5816 Bluestem Court||Carmel
2|MSI Express Inc|5900 Carlson Ave|N/A|Portage
2|MSI Express Inc|5900 Carlson Ave||Portage
2|Keenan Blanchford|600 96th Street|Suite 100|Indianapolis
2|Keenan Blanchford & Associates|600 96th Street|Suite 100|Indianapolis
2|L.K. Machinery Inc|600 S Kyle Street||Edinburgh
2|L.K Machinery Inc|600 S Kyle Street||Edinburgh
2|OMF Services LLC|601  N.W. Second Street||Evansville
2|OneMain General Services Corporation|601  N.W. Second Street||Evansville
2|OMF Services LLC|601 NW Second Street||Evansville
2|OneMain General Services Corporation|601 NW Second Street||Evansville
2|Manchester University|604 E. College Avenue||North Manchester
2|Manchester University Inc|604 E. College Avenue||North Manchester
2|Purdue University|610 Purdue Mall|Suite 300|West Lafayette
2|Purdue University|610 Purdue Mall||West Lafayette
2|Browning Day Mullins Dierdorf, PC|626 N Illinois Street||Indianapolis
2|Browning Day Inc|626 N Illinois Street||Indianapolis
2|Compassionate Care Services LLC|6270 East State Boulevard||FORT WAYNE
2|Compassionate Care Services LLC|6270 East State Boulevard||Fort Wayne
2|Daifuku Intralogistics America Corporation|6300 Northwind Parkway||Hobart
2|Wynright Corporation|6300 Northwind Parkway||Hobart
2|IEA Management Services Inc|6325 Digital Way|Suite 460|Indianapolis
2|IEA Constructors LLC|6325 Digital Way|Suite 460|Indianapolis
2|PUSHTA LLC|6330 E 75th St.|150|Indianapolis
2|PUSHTA LLC|6330 E 75th St.|Suite 150|Indianapolis
2|Smart IT Staffing Inc|6500 Technology Center Drive|Suite 100|Indianapolis
2|Smart IT Staffing Inc|6500 Technology Center Drive|Suite 300|Indianapolis
2|EVV Housing LLC|6605 E Oak St||Evansville
2|EVV HOUSING LLC|6605 E Oak St||Evansville
2|Eaglecare LLC|6900 South Gray Road||Indianapolis
2|EagleCare LLC|6900 South Gray Road||Indianapolis
2|Doyen Group LLC|6924 Buckridge East|Apt. A|Southport
2|Doyen Group LLC|6924 Buckridge East|Apt. A|Indianapolis
2|Rally Expedited & International|70 East Main Street|Suite C|Greenwood
2|Rally Expedited and International Inc|70 East Main Street||Greenwood
2|Beacon Medical Group Inc|710 N. Niles Avenue||South Bend
2|Beacon Medical Group|710 N. Niles Avenue||South Bend
2|MIDCONTINENT INDEPENDENT SYSTEM OPERATOR INC|720 City Center Drive||Carmel
2|Midcontinent Independent System Operator Inc|720 City Center Drive||Carmel
2|Eskenazi Medical Group Inc|720 Eskenazi Avenue|2nd Floor, Department of Medicine|Indianapolis
2|Eskenazi Medical Group Inc|720 Eskenazi Avenue||Indianapolis
2|The Consultants Consortium Inc|740 E 52nd St|Suite 7|Indianapolis
2|The Consultants Consortium LLC|740 E 52nd St|Suite 7|Indianapolis
2|Shambaugh & Son, LP|7614 Opportunity Drive||Fort Wayne
2|Shambaugh & Son, L.P.|7614 Opportunity Drive||Fort Wayne
2|Ocella Inc|7970 S Energy Drive||Newberry
2|Battery Innovation Center Institute Inc|7970 S Energy Drive||Newberry
2|KSM Consulting LLC|800 E. 96th Street|Suite 100|Indianapolis
2|CBIZ M&S Consulting Services LLC|800 E. 96th Street|Suite 200|Indianapolis
2|NiSource Corporate Services Company|801 E. 86th Avenue||Merrillville
2|Northern Indiana Public Service Company|801 E. 86th Avenue||Merrillville
2|Flanders Electric Motor Service Inc|8101 Baumgart Road||Evansville
2|Flanders Electric Motor Service LLC|8101 Baumgart Road||Evansville
2|FRANCISCAN ALLIANCE INC|8111 S Emerson Ave||Indianapolis
2|Franciscan Alliance Inc|8111 S Emerson Ave||Indianapolis
2|The Federal Home Loan Bank of Indianapolis|8250 Woodfield Crossing Blvd.||Indianapolis
2|Federal Home Loan Bank of Indianapolis|8250 Woodfield Crossing Blvd.||Indianapolis
2|Alliance Group Technologies Company - Calumet Inc|8252 Virginia Street|Suite A|Merrillville
2|Alliance Group Technologies Company - Calumet Inc|8252 Virginia Street|Suite A|Indianapolis
2|DuCharme, McMillen & Associates Inc|828 S. Harrison Street|Suite 650|Fort Wayne
2|DuCharme, McMillen & Associates Inc|828 S. Harrison Street||Fort Wayne
2|Backstroke Inc|830 Massachusetts Ave|Suite 1500 Floor 3|Indianapolis
2|Pillar Software Inc|830 Massachusetts Ave|Suite 1500, Floor 3|Indianapolis
2|Egis BLN USA Inc|8320 Craig Street||Indianapolis
2|Beam, Longest and Neff LLC|8320 Craig Street||Indianapolis
2|Indiana Hemophilia & Thrombosis Center Inc|8326 Naab Road||Indianapolis
2|Innovative Hematology Inc|8326 Naab Road||Indianapolis
2|ArcelorMittal Sales and Administration LLC|833 W. Lincoln Hwy|Suite 200E|Schererville
2|ArcelorMittal Sales and Administration LLC|833 W. Lincoln Hwy||Schererville
2|Eight Eleven Group LLC|8365 Keystone Crossing|Suite 104|Indianapolis
2|A & F Engineering Co LLC|8365 Keystone Crossing|Suite 201|Indianapolis
2|Butler, Fairman, & Seufert|8450 Westfield Blvd|Suite 300|Indianapolis
2|Butler, Fairman, & Seufert|8450 Westfield Blvd||Indianapolis
2|Datum Consulting Group LLC|8520 Allison Pointe Blvd|Suite 220|Indianapolis
2|MY COI LLC|8520 Allison Pointe Blvd|Suite 223|Indianapolis
2|Hydrozn Inc|8526 Bay Colony Dr||Indianapolis
2|Hydrozn LLC|8526 Bay Colony Dr||Indianapolis
2|isg2 Technologies Inc|8585 Broadway|Suite 770|Merrillville
2|iSG2 Technologies Inc|8585 Broadway|Suite 770|Merrillville
2|EnPower Inc|8740 Hague Road|Bldg 7|Indianapolis
2|Enerdel Inc|8740 Hague Road|Building 7|Indianapolis
2|DaMar Staffing Solutions of Indianapolis|8900 Keystone Crossing|Suite 1060|Indianapolis
2|T2 Systems Inc|8900 Keystone Crossing|Suite 700|Indianapolis
2|The Harrison Steel Castings Company|900 S Mound Street||Attica
2|Harrison Steel Castings Co.|900 S Mound Street||Attica
2|Munster Medical Research Foundation Inc|901 MACARTHUR BLVD.||MUNSTER
2|COMMUNITY HOSPITAL|901 MACARTHUR BLVD.||MUNSTER
2|American Structurepoint Inc|9025 River Road|Suite 200|Indianapolis
2|American Structurepoint Inc|9025 River Road||Indianapolis
2|Kodiak Solutions LLC|9045 River Road|Suite 450|Indianapolis
2|Technicolor Connected Home USA LLC|9045 River Road||Indianapolis
2|Sortera Alloys Inc|909 N Coliseum Blvd||Fort Wayne
2|UHV Technologies Inc|909 N Coliseum Blvd||Fort Wayne
2|HOME CARE PROVIDERS INC|9101 Wesleyan Road|Ste 310|Indianapolis
2|Tx Team Rehab Inc|9101 Wesleyan Road|Suite 100|Indianapolis
2|Roche Diabetes Care Inc|9115 Hague Road||Indianapolis
2|Roche Diagnostics Operations Inc|9115 Hague Road||Indianapolis
2|Taro Communications LLC|9128 Technology Lane||Fishers
2|Taro Engineering LLC|9128 Technology Lane||Fishers
2|Legence|9225 Priority Way West Dr.|130|Indianapolis
2|Legence|9225 Priority Way West Dr.|Suite 130|Indianapolis
2|HARBA SOLUTIONS INC|9225 Priority Way West Drive|Suite 115|Indianapolis
2|CMTA Inc|9225 Priority Way West Drive|Suite 130|Indianapolis
2|Kennected LLC|9320 Priority Way W Dr||Indianapolis
2|Kennected Inc|9320 Priority Way W Dr||Indianapolis
2|Midwest Trcuk & Auto Parts Inc|9401 Georgia St.||Crown Point
2|Midwest Truck & Auto Parts Inc|9401 Georgia St.||Crown Point
2|Indiana University Health Care Associates Inc|950 N Meridian St|Ste 140|Indianapolis
2|Indiana University Health Care Associates Inc|950 N Meridian St|Suite 140|Indianapolis
2|Pyramid Technology Solutions Inc|9535 E 59TH STREET|SUITE A|Indianapolis
2|PYRAMID TECHNOLOGY SOLUTIONS INC|9535 E 59TH STREET|SUITE A|INDIANAPOLIS
2|Fishers Baptist Church Inc|9587 East 131 Street||Fishers
2|Fisher Baptist Church Inc|9587 East 131 Street||Fishers
2|Eli Lilly and Company|Lilly Corporate Center||Indianapolis
2|Lilly USA LLC|Lilly Corporate Center||Indianapolis
2|Batesville Casket Company LLC|One Batesville Boulevard||Batesville
2|Hillenbrand Inc|One Batesville Boulevard||Batesville
1|Bastian Solution LLC|0585 North Meridian Street||Carmel
1|CVS Shared Services Resources LLC|1 CVS Drive||Woonsocket
1|Spida USA LLC|1 Clark Road||Shelbyville
1|R J PILE & COMPANY LLC|1 Indiana Square|Suite 1200|Indianapolis
1|Masterbrand Cabinets Inc|1 Masterbrand Cabinets Drive||Jasper
1|Legislative Services Agency|1 North Capitol Ave||Indianapolis
1|Saint Mary of the Woods College|1 St. Mary of Woods Coll||Saint Mary of the Woods
1|Compal USA (Indiana) Inc|1 Technology Way||Logansport
1|Trine University|1 University Avenue||Angola
1|Crane Credit Union|1 West Gate Drive||Odon
1|Early Childhood Development Center Inc|10 Child Care Center||Notre Dame
1|TURBOdesign Technology Inc|10 South Riverside Plaza|Suite 875|Chicago
1|Lambda Chi Alpha Fraternity Inc|10 W Carmel Drive|Suite 220|Carmel
1|Emarsys North America Inc|10 W. Market Street|Suite 1350|Indianapolis
1|Indiana Farmers Mutual Insurance Company|10 West 106th Street||Indianapolis
1|Schwarz Partners, LP|10 West Carmel Drive|Suite 300|Carmel
1|Earthwise Plastics Inc|100 Earthwise Way||Gas City
1|Familia Dental SPFW LLC|100 East Pettit Avenue Ste 1A||Fort Wayne
1|HR Solutions Inc|100 N Saint Joseph Ave||Evansville
1|State of Indiana-Department of Local Government Finance|100 N. Senate Ave, N-1058B||Indianapolis
1|Capital Improvement Board of Managers of Marion County|100 South Capitol Avenue||Indianapolis
1|219 Health Network Inc|100 W. Chicago Avenue|Suite F|East Chicago
1|Telamon Corporation|1000 E 116th Street||Carmel
1|Telamon Corporation|1000 E. 116th Street||Carmel
1|Poly-wood LLC|1000 Polywood Way||Syracuse
1|Career West Consulting LLC|10008 Covington Road||Fort Wayne
1|Apex Filling Systems INC|1001 Eastwood Road||Michigan City
1|Vincennes University|1002 N. First St.||Vincennes
1|Big Brothers Big Sisters of Northeast Indiana|1005 West Rudisill Blvd||Fort Wayne
1|La Porte Clinic Company|1007 Lincoln Way||La Porte
1|Franklin College|101 Branigin Boulevard||Franklin
1|The P.E. Tucker Insurance Agency Inc|101 Foundry Dr||West Lafayette
1|John Glenn School Corporation|101 John Glenn Drive||Walkerton
1|DEEPLUX TECHNOLOGY INC|101 N 4th Street|Suite 232|Lafayette
1|RATIO States LLC|101 S. Pennsylvania St.||Indianapolis
1|RATIO States LLC|101 S. Pennsylvania Street||Indianapolis
1|Province of Our Lady of Consolation Inc|101 St. Anthony Drive||Mount St. Francis
1|Brite Systems Inc|101 W OHIO ST|SUITE 2000|INDIANAPOLIS
1|Brite Systems Inc|101 W Ohio Street, Suite 2000||Indianapolis
1|Sharpen Technologies Inc|101 W. Washington Street|Suite 600 E|Indianapolis
1|BiomEdit LLC|10100 Lantern Road|Suite 150|Fishers
1|Firefly Integrations LLC|1013 Elroy Drive||Middlebury
1|UNISEAL INC|1014 UHLHORN STREET||EVANSVILLE
1|Uniseal Inc|1014 Uhlhorn Street||Evansville
1|Illinois Center for Pain Control LLC|10176 W 400 N|Suite B|Michigan City
1|Ardagh Glass Inc|10194 Crosspoint Blvd|Suite 410|Indianapolis
1|Ardagh Glass Inc|10194 Crosspoint Blvd , Ste. 410||Indianapolis
1|Ardagh Glass Inc|10194 Crosspoint Blvd.|Suite 410|Indianapolis
1|DWYER INSTRUMENTS LLC|102 Indiana Hwy. 212||MICHIGAN CITY
1|Haynes International Inc|1020 W. Park Ave||Kokomo
1|Critical Skills Inc|10201 N Illinois Street|Suite 650|Indianapolis
1|The Consultants Consortium Inc|1022 East 52nd Street||Indianapolis
1|Gradex Inc|10220 N Illinois St.||Carmel
1|GRADEX INC|10220 N. ILLINOIS STREET||CARMEL
1|Gradex Inc|10220 N. Illinois Street||Carmel
1|Advanced Agrilytics LLC|1023 East Market Street||Indianapolis
1|GECOM Corporation|1025 Barachel Lane||Greensburg
1|INDEXHIRE INC|1025 E 54TH ST||INDIANAPOLIS
1|Cook Medical LLC|1025 West Acuff Road||Bloomington
1|Infominds LLC|10255 Commerce  STE 152||Carmel
1|Infominds LLC|10255 Commerce Drive|Ste 152|Carmel
1|Infominds LLC|10255 Commerce Drive STE 152||Carmel
1|Polygon Company|103 Industrial Park Drive||Walkerton
1|Coreslab Structures (Indianapolis) Inc|1030 S Kitley Ave||Indianapolis
1|Coreslab Structures (Indianapolis) Inc|1030 S Kitley Avenue||Indianapolis
1|Quantigen LLC|10300 Kincaid Dr.|Suite 200|Fishers
1|Yug Petroleum Inc|1032 N Main St||Cloverdale
1|Dhillon & Dhillon LLC|1032 N. Main Street||Cloverdale
1|Franciscan Alliance Inc|1040 Sierra Drive|Suite 1200|Greenwood
1|Gaylor Electric Inc|10405 Crosspoint Blvd||Indianapolis
1|FINDRHIRE CORP|10475 CROSSPOINT BLVD||INDIANAPOLIS
1|Pet Wellness Centers P.C.|10475 Crosspoint Blvd|Suite 200|Indianapolis
1|University of Notre Dame du Lac|105 Main Building||Notre Dame
1|Fruition Industries LLC|105 Warrener Drive||Rome City
1|DMC Insurance Inc|10500 Crosspoint Blvd||Indianapolis
1|Windrose Health Network Inc|1052 Greenwood Springs Blvd||Greenwood
1|Bastian Solutions LLC|10585 N. MERIDIAN ST.|3rd Floor|Carmel
1|Bastian Solutions LLC|10585 North Meridian||Carmel
1|Bastian Solutions LLC|10585 North Meridian St||Carmel
1|Traction AG Inc|106 W. 12th St.,|PO Box 600|Auburn
1|Calumet Specialty Products Partners, L.P.|1060 N Capitol Ave|Suite 6-401|Indianapolis
1|Parkview Health System Inc|10622 Parkview Plaza Drive||Fort Wayne
1|Allen Medical Systems Inc|1069 State Route Road 46 E||Batesville
1|Tyson Law Firm, P.C.|107 N. State Road 135|Suite 206|Greenwood
1|Steak n Shake Enterprises Inc|107 South Pennsylvania Street|Suite 400|Indianapolis
1|Patrick Industries Inc|107 W Franklin St||Elkhart
1|Global Smiles Dental 7 LLC|10706 East US Highway 36||Avon
1|Rahal Letterman Lanigan LLC|10771 Creek Way||Zionsville
1|Winona IT LLC|109 East Prairie Street||Warsaw
1|Intelligent InfoTech LLC|10909 Alamosa Dr.|Suite 100|Fishers
1|Qualexa Healthcare LLC|10996 Four Seasons Place|Suite 100C|Crown Point
1|Barnes & Thornburg LLP|11 S. Meridian Street||Indianapolis
1|Scaaf CPA Group LLC|110 N Union St||Westfield
1|Mundell & Associates Inc|110 S. Downey Ave||Indianapolis
1|NexGenCAM LLC|110 S. Fourth St.||Zionsville
1|Mundell & Associates Inc|110 South Downey Avenue||Indianapolis
1|Adams County Memorial Hospital|1100 Mercer Avenue||Decatur
1|Reid Physician Associates Inc|1100 Reid Parkway||Richmond
1|Great Public Schools for Indy Inc|1100 W 42nd St|Suite 235|Indianapolis
1|PDQ WORKHOLDING LLC|1100-1 S. WILLIAMS DR.||COLUMBIA CITY
1|Kremers Urban Pharmaceuticals Inc (a subsidiary of Lannett Company Inc)|1101 C Ave West||Seymour
1|Kremers Urban Pharmaceuticals|1101 C Avenue W||Seymour
1|Computer System Integration LLC|1101 E 16th Street|Suite 300|Indianapolis
1|Regenstrief Institute Inc|1101 West 10th Street||Indianapolis
1|INS Capital Group LLC|11073 Ptarmigan Ct||Noblesville
1|SYSCON International Inc|1108 High Street||South Bend
1|Kainos WorkSmart Inc|111 Monument Cir|Suite 4300|Indianapolis
1|Adams Physical Therapy Services Inc|111 West North Street||Portland
1|Nicks Building Supply Inc|11100 Broadway||Crown Point
1|MIEBACH CONSULTING INC|11100 USA PARKWAY|SUITE 3500|FISHERS
1|Miebach Consulting Inc|11100 USA Parkway|Suite 3500|Fishers
1|Yourco Inc|1111 E. 54th St.,  119||Indianapolis
1|Stampfli Associates CPAs, P.C.|1115  N. Walnut Street|Suite C|Bloomington
1|Paul Anthony|112 South Niles Avenue||South Bend
1|Soundspace LLC|1125 E Brookside Ave|Suite B2|Indianapolis
1|Ideal Consolidated Inc|1125 S Walnut St||South Bend
1|PAR Inc|11299 N Illinois St||Carmel
1|OPENLANE Inc|11299 N. Illinois St||Carmel
1|Location Services LLC|11350 N. Meridian St|Suite 200|Carmel
1|Exactseal Inc|1136 Dilts St|Building 1|Anderson
1|New Hope Family Shelter Inc|1140 S Morton Street||Bloomington
1|Zotec Partners LLC|11460 North Meridian Street||Carmel
1|IT Transformers Inc|11495 N Pennsylvania Street|Suite 140|Carmel
1|Indiana Sports Corporation|115 W Washington Street|Suite 1400|Indianapolis
1|Ontario Systems LLC|1150 W. Kilgore Avenue||Muncie
1|DVG Team Inc|1155 Troutwine Road||Crown Point
1|Crotty & Smyth|11550 N Meridian St, Ste 125||Carmel
1|Crotty & Smyth|11550 N Meridian Street|Suite 125|Carmel
1|Beacon Technologies Group Inc|11550 North Meridian Street, Suite 500||Carmel
1|GO Company USA|11555 N. Meridian Street|Suite 100|Carmel
1|ENVISTA LLC|11555 NORTH MERIDIAN STREET|SUITE 300|CARMEL
1|enVista LLC|11555 North Meridian Street|Suite 300|Carmel
1|Indiana Municipal Power Agency|11610 North College Avenue||Carmel
1|Clinical Architecture LLC|11611 N Meridian St|Suite 500|Carmel
1|Clinical Architecture LLC|11611 N. Meridian St.|Suite 500|Carmel
1|ClearObject Inc|11634 Maple Street|Suite 200|Fishers
1|United Surgical LLC|11654 E. 400 S||LaOtto
1|FORMSTACK LLC|11671  LANTERN ROAD|SUITE 300|FISHERS
1|FORMSTACK LLC|11671 LANTERN ROAD|SUITE 300|FISHERS
1|Press Ganey Associates LLC|1173 Ignition Drive||South Bend
1|Verista Inc|11793 Technology Drive||Fishers
1|Verista Inc|11793 Technology Lane||Fishers
1|Family Solutions Inc|1180 S. Liberty Drive||Bloomington
1|Allegion Access Technologies LLC|11819 N Pennsylvania Street||Carmel
1|Schlage Lock Company LLC|11819 N. Pennsylvania Street||Carmel
1|CNO Services LLC|11825 N. Pennsylvania St.||Carmel
1|CNO Services LLC|11825 N. Pennsylvania Street||Carmel
1|40/86 Advisors Inc|11825 North Pennsylvania Street||Carmel
1|Otis R Bowen Center for Human Services INC|119 W Market St||Columbia City
1|FC Pride Inc|11960 East 62nd Street||Indianapolis
1|Indianapolis Public Schools|120 E Walnut St.||Indianapolis
1|Network Packaging Group LLC|120 S. Lake Street|Suite 230|Warsaw
1|Bartholomew Consolidated School Corporation|1200 Central Ave||Columbus
1|Indiana Legal Services Inc|1200 Madison Avenue|Suite 300|Indianpolis
1|The Fort Wayne Community School Corporation|1200 South Clinton Street||Fort Wayne
1|Logansport Machine Company Inc|1200 W Linden Avenue||Logansport
1|Akaal Sahai Express Inc|1201 Carson Way|Apt 208|Greenwood
1|SRS-2 Inc|1201 Main Street||Speedway
1|Stratosphere Quality LLC|12024 Exit Five Parkway||Fishers
1|Raybestos Powertrain LLC|1204 Darlington Ave||Crawfordsville
1|Kimball Electronics Group LLC|1205 Kimball Blvd.||Jasper
1|Xylem Vue Inc|121 S. Niles Ave|Suite 22|South Bend
1|Xylem Vue Inc|121 S. Niles Ave, Suite 22||South Bend
1|Indiana Biosciences Research Institute Inc|1210 Waterway Blvd|Suite 200|Indianapolis
1|Business System Solutions Inc|1211 Cumberland Ave||West Lafayette
1|KP PHARMACEUTICAL TECHNOLOGY INC|1212 WEST RAPPEL AVENUE||BLOOMINGTON
1|Trident Systems LLC|12175 VISIONARY WAY, SUITE 1060||Fishers
1|Hartford Bakeries Inc|1220 West Michigan St.||Evansville
1|Guidon Design Inc|1221 N Pennsylvania Street||Indianapolis
1|Guidon Design Inc|1221 N. Pennsylvania St.||Indianapolis
1|Illuimate Health Inc|12300 N. Meredian||Carmel
1|PRIMEX PLASTICS CORPORATION|1235 NORTH F ST||RICHMOND
1|Illuminate Health Inc|12400 N. Meredian||Carmel
1|Vera Bradley Designs Inc|12420 Stonebridge Road||Roanoke
1|American Trust Investment Services Inc|1244 119th Street||Whiting
1|Bill Austin & Associates Inc|1244 Washington St||Columbus
1|Bill Austin & Associates Inc|1244 Washington St.||Columbus
1|Bila Solar Inc|1249 S. White River Pkwy East Drive||Indianapolis
1|NanoRes LLC|125 1/2 N 4th St|Ste 3|Lafayette
1|NanoRes LLC|125 1/2 N 4th Street|Suite 3|Lafayette
1|NanoRes LLC|125 N 4th St|Ste 2|Lafayette
1|Code19 Racing Inc|1250 Indiana Avenue||Indianapolis
1|SULTAN TRANS INC|1251 N EDDY ST SUITE 200||SOUTH BEND
1|Star Nova LLC|1251 N Eddy Street|Suite 200- 5076|South Bend
1|GOSP UP LLC|1251 NORTH EDDY STREET|SUITE 200|SOUTH BEND
1|NSK Veterinary Services|12653 Amber Star Dr||Noblesville
1|NSK Veterinary Services LLC|12653 Amber Star Drive||Noblesville
1|Princeton TMX LLC|127 W Wayne St|Ste 200|Fort Wayne
1|CITY PATTERN & FOUNDRY CO INC|12767 INDUSTRIAL DRIVE|N/A|GRANGER
1|CITY PATTERN & FOUNDRY CO INC|12767 Industrial Park Dr.||Granger
1|Blue & Co. LLC|12800 N Meridian|Suite 400|Carmel
1|American Specialty Health Incorporated|12800 N Meridian Street||Carmel
1|American Specialty Health Incorporated|12800 N. Meridian Street||Carmel
1|Byrider Franchising LLC|12802 Hamilton Crossing Blvd||Carmel
1|BLUE WAVE CAPITAL AND CONSULTING LLC|1281 WIN HENTSCHEL BLVD|SUITE 2181|WEST LAFAYETTE
1|Vibronix Inc|1281 Win Hentschel Blvd|Suite 2547|West Lafayette
1|Explore Interactive Inc|1281 Win Hentschel Blvd.|1300|West Lafayette
1|MorphImmune Inc|1281 Win Hentschel Blvd., Suite 1300||West Lafayette
1|AsedaSciences Inc|1281 Win Hentschel Boulevard||West Lafayette
1|Hageman Group LLC|12821 E New Market St|Suite 200|Carmel
1|US Agriculture LLC|12821 E. New Market Street|Suite 300|Carmel
1|IT Transformers Inc|12821 East New Market Street|Suite 310|Carmel
1|Quality 360 Healthcare Alliance|12900 N Meridian St|Suite 140|Carmel
1|Precision Additive Solutions Inc|12950 Old Meridian Street||Carmel
1|Kitch Acceptance Corporation|130 W Main St.|Suite 200|Fort Wayne
1|Culver Educational Foundation|1300 ACADEMY ROAD||CULVER
1|Culver Educational Foundation|1300 Academy Road||Culver
1|Rush Memorial Hospital|1300 North Main Street||Rushville
1|CATALENT INDIANA LLC|1300 S Patterson Drive||Bloomington
1|Holy Rosary Catholic Church|1301 S. Green River Road||Evansville
1|Q-EDGE CORPORATION|1301 Smith Road|Suite 101|Plainfield
1|COGENT LLC|1302 NORTH MERIDIAN STREET|SUITE 320|INDIANAPOLIS
1|FREEDOM HEALTH CLUB INC|1305 WALL STREET||JEFFERSONVILLE
1|Freedom Health Club Inc|1305 Wall Street||Jeffersonville
1|Westwood Veterinary Clinic LLC|1306 W Main St||Greenfield
1|Metaldyne M & A Bluffton LLC|131 West Harvest Road||Bluffton
1|CTL Engineering of Indiana Inc|1310 S. FRANKLIN ROAD||Indianapolis
1|RAHEE HOSPITALITY INC|1311 NORTH CASS STREET||WABASH
1|Marian High School|1311 S. Logan Street||Mishawaka
1|APEX Consulting & Surveying Inc|1313 Broadway||Fort Wayne
1|Daviess County Hospital|1314 E. Walnut Street||Washington
1|Tek Business Solutions LLC|1318 Sycamore Hills Pkwy||Fort Wayne
1|Tek Business Solutions LLC|1318 Sycamore hills PKWY||Fortwayne
1|FDR Scientific and Technical Consultant Inc|1321 W 83ROAD Avenue||Merrillville
1|Emmis Dynamic Pricing LLC|133 W. Market St.|Suite 216|Indianapolis
1|Emmis Dynamic Pricing LLC|133 West Market Street|216|Indianapolis
1|Salud Revenue Partners LLC|1330 Win Hentschel Blvd|Suite 250|West Lafayette
1|Bloom Insurance Agency LLC|1331 S Curry Pike||Bloomington
1|La Porte Clinic Company LLC|1331 State Street||La Porte
1|Urgent Dental Center Lafayette LLC|134 Executive Dr.|Suite A|Lafayette
1|Indiana Biosciences Research Institute Inc|1345 W. 16th Street||Indianapolis
1|The Corporation of Saint Marys College, Notre Dame|135 Le Mans Hall||Notre Dame
1|Sondhi Solutions LLC|135 N Pennsylvania St|Suite 2300|Indianapolis
1|Upper Hand Inc|135 N. Pennsylvania St.|Suite 200|Indianapolis
1|Sun Hotel Inc|1350 E 83rd Avenue||Merrillville
1|Pure Development Inc|1351 Roosevelt Avenue, STE 100||Indianapolis
1|Cummins Inc|1355 THORNHILL||GREENWOOD
1|MYHELO INC|13578 E 131ST STREET|SUITE 220|FISHERS
1|Kansai Japanese Steakhouse LLC|1370 Veterans Parkway  700||Clarksville
1|Vetcheck - Carmel LLC|1374 S Rangeline Road||Carmel
1|Oakland City University|138 Lucretia Street||OAKLAND CITY
1|Oakland City University|138 N. LUCRETIA STREET|N/A|OAKLAND CITY
1|The State Group Industrial USA Ltd.|13800 Highway 57||Evansville
1|BorgWarner PDS (Anderson) LLC|13975 BorgWarner Dr||Noblesville
1|BORGWARNER NOBLESVILLE LLC|13975 Westinghouse Drive||Noblesville
1|Trek10 Inc|1400 E ANGELA BLVD|SUITE 150|SOUTH BEND
1|Trek10 Inc|1400 E Angela Blvd.|Suite 150|South Bend
1|UNIVERSITY OF INDIANAPOLIS|1400 E HANNA AVE||INDIANAPOLIS
1|Woodlawn Hospital|1400 E. 9th Street||Rochester
1|SIMBA Chain Inc|1400 E. Angela Blvd|Suite 270|South Bend
1|Schererville Automotive LLC|1400 Indianapolis Blvd||Schererville
1|Schererville Automotive LLC|1400 Indiannapolis Blvd||Schereville
1|Roman Catholic Archdiocese of Indianapolis|1400 North Meridian Street||Indianapolis
1|Georg Utz Inc|14000 N 250 West||Edinburgh
1|Georg Utz Inc|14000 North 250 West||Edinburgh
1|Metal Technologies of Indiana LLC|1401 South Grandstaff Drive||Auburn
1|NSK Veterinary Services|14069 Mundy Dr||Fishers
1|GLOBAL SMILES DENTAL 8 LLC|14081 MUNDY DR||Fishers
1|Spot Freight Inc|141 S. Meridian Street|Suite 200|Indianapolis
1|GLOBAL INFORMATION SYSTEMS INC|1410 S CLARK BLVD|STE 2100|CLARKSVILLE
1|Global Information Systems Inc|1410 S. Clarks Blvd., Suite 1100||Clarksville
1|Genie Supply Inc|1411 H street||Bedford
1|Sterling Industrial LLC|1420 Kimber Lane||Evansville
1|JMRT SOLUTIONS LLC|1425 E 86TH ST|STE 200|INDIANAPOLIS
1|JMRT SOLUTIONS LLC|1425 E 86TH STREET|STE 214|INDIANAPOLIS
1|CuroGens Inc|14300 Clay Terrace Boulevard|Suite 260|Carmel
1|Capital Engineering LLC|1433 E 83rd Avenue|Suite 100|Merrillville
1|Zee Group Inc-McDonalds|14373 Pendragon Way||Fishers
1|Saipro Systems LLC|14384 Chariots Whisper Drive||Carmel
1|Heartland Food Products Group|14390 Clay Terrace Blvd.|SUITE 205|Carmel
1|Heartland Food Products Group|14390 Clay terrace Blvd|Suite 205|Camel
1|PhysioCare Home Healthcare LLC|1440 Innovation Place||West Lafayette
1|Helmer Scientific LLC|14400 Bergen Boulevard||Noblesville
1|Pridesoft LLC|14438 Camden Ln||Carmel
1|INTORG LLC|1449 GREENLEAF BLVD||ELKHART
1|Nephrology Associates of Northern Indiana, LTD.|1453 N Baldwin Ave||Marion
1|RHN Clark Memorial Physician Practices LLC|1461 North Gardner Highway 131||Scottsburg
1|SSM Cardinal Glennon Childrens Hospital|1465 S. Grand Boulevard||St. Louis
1|Metal Powder Products LCC|14670 Cumberland Road||Noblesville
1|RYZE Claim Solutions LLC|14701 Cumberland Road|Suite 300|Noblesville
1|ESENSE INC|14799 DAVENTRY DRIVE||FISHERS
1|Richard Roudebush Veterans Affairs Medical Center|1481 West 10th St||Indianapolis
1|DUNELAND GROUP INC|1498 POPE COURT||CHESTERTON
1|Banjo Corporation|150 Banjo Drive||Crawfordsville
1|Gresk & Singleton PC|150 East 10th Street||Indianapolis
1|Healthcare Therapy Services Inc|1500 American Way|Suite 110|Greenwood
1|Latitude Service Company Inc|1500 N Oak Drive||Plymouth
1|Indiana University Foundation Inc|1500 N. State Road 46 Bypass||Bloomington
1|Praxair Surface Technologies Inc|1500 Polco Street||Indianapolis
1|Lilly USA LLC|1500 South Harding Street||Indianapolis
1|St. Mary Medical Center|1500 South Lake Park Avenue||Hobart
1|Indianapolis Public Transportation Corporation|1501 W. Washington St.||Indianapolis
1|MIEBACH CONSULTING INC|151 NORTH DELAWARE STREET|SUITE 800|INDANAPOLIS
1|Miebach Consulting Inc|151 North Delaware St.|Suite 800|Indianapolis
1|Miebach Consulting Inc|151 North Delaware Street|Suite 800|Indianapolis
1|Novamatiq Inc|1515 Dividend Road||Fort Wayne
1|Nippon Steel Pipe America Inc f/k/a Seymour Tubing Inc|1515 E. Fourth Street||Seymour
1|Franciscan Alliance Inc|1515 W Dragoon Trail||Mishawaka
1|Dream Center Evansville Inc|1516 N. Main St.||Evansville
1|Pinnacle Solutions Incorporated|152 E Washington Street||Indianapolis
1|Rain Corporation|152 S 9th St||Noblesville
1|Indiana Conference of Seventh-day Adventists|15205 Westfield Blvd.||Carmel
1|Enviroplas Inc|15220 Foundation Avenue||Evansville
1|DAKSWAN Automation Systems Inc|15266 Herriman Boulevard||Noblesville
1|Electrum Ink LLC|1527 W. Wilden AVE||Goshen
1|Fountain Square Westend Dental LLC|1535 Prospect Street||Indianapolis
1|LAKEWOOD FAMILY DENTAL OF ANDERSON PC|1537 S. SCATTERFIELD ROAD|SUITE A|ANDERSON
1|Rockcounter Kitchen & Bath Inc|1538 US Highway 41||Schererville
1|Putnam County Hospital|1542 S. Bloomington St.||Greencastle
1|Jeremi Group Inc|1544 West 45th Street|Suite 1|Munster
1|Rottmann Collier Architects Inc|155 E Market ST|Suite 200|Indianapolis
1|Purdue University|155 S Grant St.|Fifth Floor|West Lafayette
1|Purdue University|155 S. Grant Street|Young Hall, Room 521|West Laffayete
1|Micronutrients USA LLC|1550 Research Way||Indianapolis
1|Cardinal Colwich LLC|1554 N. 600 E.||Union City
1|Hop Education Abroad LLC|15615 SR23|Suite O|Granger
1|Bloom Insurance Agency LLC|1565 S. Piazza Drive||Bloomington
1|R10 Networks Inc|15755 North Point Blvd, Suite 105||Noblesville
1|Q-Edge Corporation|1581 S. Perry Road|Suite B|Plainfield
1|Q-EDGE CORPORATION|1581 South Perry Road|Suite B|Plainfield
1|thyssenkrupp Presta North America LLC|1597  E Industrial Dr.||Terre Haute
1|thyssenkrupp Presta North America LLC|1597 East Industrial Drive||Terre Haute
1|thyssenkrupp Presta North America LLC|1597 East industrial Drive||Terre Haute
1|JSYS Technologies LLC|160 W Carmel Dr|STE 260|Carmel
1|Indiana Institute of Technology|1600 East Washington Boulevard||Fort Wayne
1|Fiber Global Inc|1600 Kepner Drive|Suite F|Lafayette
1|Megaputer Intelligence Inc|1600 W Bloomfield Road|Suite E|Bloomington
1|Megaputer Intelligence Inc|1600 W. Bloomfield Road|Suite E|Bloomington
1|Essex Furukawa Magnet Wire USA LLC|1601  Wall Street||Fort Wayne
1|Spign LLC|16025 Prosperity Drive||Noblesville
1|A & R Erectors Inc|1605 Country Club Road||Indianapolis
1|Inter Technologies Corporation|1605 N. Home Street||Mishawaka
1|Deposition Technology Innovations LLC|1606 Dutch Lane||Jeffersonville
1|Union Hospital Inc|1606 N. 7th Street||Terre Haute
1|Union Hospital Inc|1606 North Seventh Street||Terre Haute
1|Three Rivers Federal Credit Union|1615 Northland Blvd||Fort Wayne
1|Cox Estates Realty|16162 Howden Drive||Westfield
1|ERMCO Inc|1625 W. Thompson Road||Indianapolis
1|Acorn Distributors INC|1625 West Northfield Drive||Brownsburg
1|Indiana University Health Inc|1633 N. Capitol Avenue||Indianapolis
1|Electricom LLC|1660 W Hospital Road||Paoli
1|Author Solutions LLC|1663 Liberty Drive||Bloomington
1|Medical Informatics Engineering Inc|1690 Broadway, Ste 550||Fort Wayne
1|Bartholomew County Rural Electric Membership Corporation|1697 West Deaver Road||Columbus
1|LUTHERAN UNIVERSITY ASSOCIATION INC|1700 CHAPEL DRIVE||VALPARAISO
1|The Lutheran University Association Inc|1700 Chapel Drive|Kretzmann Hall|Valparaiso
1|AISIN USA MFG. INC|1700 EAST FOURTH STREET||SEYMOUR
1|DEPARTMENT OF VETERANS AFFAIRS|1700 East 38th Street||Marion
1|AISIN USA Mfg. Inc|1700 East Fourth Street||Seymour
1|Specialized Component Parts Limited Inc|1700 South Indiana Avenue||Auburn
1|Bamar Plastics Inc|1702 Robinson Street||South Bend
1|FIRST CHOICE SEAFOOD INC|1712 STOUT FIELD TERRACE||INDIANAPOLIS
1|Verdure Sciences Inc|17150 Metro Park Court||Noblesville
1|Neighborhood Health Clinics Inc|1717 South Calhoun Street||Fort Wayne
1|The Language Conservancy|1720 N Kinser Pike|STE 100|Bloomington
1|Viewrail Holdings Inc|1722 Eisenhower Dr. N.||Goshen
1|Iron Baluster LLC|1722 Eisenhower Dr. North||Goshen
1|Urgent Dental Center Anderson LLC|1736 Broadway St.||Anderson
1|Elkhart Composites Inc|1741 Conant St||Elkhart
1|BSA LifeStructures Inc|175 South Rangeline Road|Suite 200|Carmel
1|PMG Indiana LLC|1751 Arcadia Drive||Columbus
1|Custom Business Solutions Inc|1769 Stafford Court||Goshen
1|UNIVERSITY OF EVANSVILLE|1800 LINCOLN AVENUE||EVANSVILLE
1|University of Evansville|1800 Lincoln Ave||Evansville
1|University of Evansville|1800 Lincoln Avenue||Evansville
1|Creative Health Solutions LLC|1800 N. Wabash Avenue|Suite 203|Marion
1|Creative Health Solutions LLC|1800 North Wabash Ave|Suite 203|Marion
1|Kidney and Hypertension Center of Wabash Valley LLC|1801 N. 6th Street|Suite 200|Terre Haute
1|Bloom Insurance Agency LLC|1801 S Liberty Dr.||Bloomington
1|Bloom Insurance Agency LLC|1801 S. Liberty Dr.||Bloomington
1|Mt. Vernon Community School Corp.|1806 W. State Road 234||Fortville
1|Options Schools Inc|18077 River Road|Suite 106|Noblesville
1|Ivy Tech Community College|1815 E. Morgan St.||Kokomo
1|Mobile Hub Inc|1827 Silverton Dr.||Avon
1|Taylor University|1846 Main Street||Upland
1|Taylor University|1846 S Main Street||Upland
1|Taylor University|1846 S. Main Street||Upland
1|AimHire IT LLC|18677 Wychwood Place||Noblesville
1|Indiana Mills & Manufacturing Inc|1881 Immi Way||Westfield
1|UTS Engineering LLC|1887 US-50 E||Bedford
1|LER TechForce LLC|1888  Poshard Drive||Columbus
1|Indiana Mills & Manufacturing Inc|18881 IMMI Way||Westfield
1|Indiana Mills & Manufacturing Inc|18881 Immi Way||Westfield
1|Wabash City Schools|189 W Market Street||Wabash
1|AndyMark Inc|1900 E North St||Kokomo
1|Dalton Corporation|1900 East Jefferson Street||Warsaw
1|CAC Auto Group Bloomington LLC|1900 W 3rd St.||Bloomington
1|Gener8 LLC|1901 W. 16th Street||Indianapolis
1|Samni Systems LLC|1910 Parkside Dr|Suite 500|Columbus
1|Samni Systems LLC|1910 Parkside Drive|Suite 500|COLUMBUS
1|Pure Abilities LLC|1910 Saint Joseph Center Road||Fort Wayne
1|M&C Tech Indiana Corporation|1928 Technology Drive||Washington
1|Abygroups Inc|1946 45th Street|Suite C|Munster
1|RAM Foods|195 Stoneridge Dr||Dyer
1|Science Central Inc|1950 North Clinton Street||Fort Wayne
1|Inovateus Solar LLC|19890 State Line Road||South Bend
1|Evansville Metropolitan Planning Organization|1NW Martin Luther King Jr. Blvd.|Room 316|Evansville
1|Church Church Hittle & Antrim|2 N. 9th Street||Noblesville
1|Carroll Consolidated School Corporation|2 South Third Street||Flora
1|Studio M Architecture & Planning|2 West Main||Carmel
1|STUDIO M ARCHITECTURE AND PLANNING|2 West Main Streeet||Carmel
1|Winthrop Capital Management LLC|20 East 91st Street|Suite 200|Indianapolis
1|Jobvite Inc|20 N Meridian St .|300|Indianapolis
1|Seven Oaks Classical School Inc|200 E Association St||Ellettsville
1|Fort Wayne City Utilities|200 E Berry Street|Suite 250|Fort Wayne
1|Fort Rei LLC|200 E Main Street|Suite 1000|Fort Wayne
1|KIDNEY CARE CENTER MERRILLVILLE LLC|200 E. 80TH PL.|UNIT 2|MERRILLVILLE
1|City of Fort Wayne|200 E. Berry Street||Fort Wayne
1|Design Collaborative Inc|200 E. Main Street|Suite 600|Fort Wayne
1|Board of Commissioners in the County of Allen|200 East Berry Street|Suite 410|Fort Wayne
1|New Covenant Trust Company, N.A.|200 East Twelfth Street||Jeffersonville
1|Goshen Health System Inc|200 High Park Avenue||Goshen
1|Indiana State University|200 North 7th Street||Terre Haute
1|Canopus GBS Inc|200 S Washington St,|Suite 300|Crawfordsville
1|Oremus Corporation NA|200 S Washington Street|Suite 300|Crawfordsville
1|Elevance Health Inc|200 Virginia Avenue||Indianapolis
1|State of Indiana-Management Performance Hub|200 West Washington Street|Room 105|Indianapolis
1|SCG Acquisition Company LLC|2000 Industrial Parkway||Elkhart
1|Ball State University|2000 W.University Avenue||Muncie
1|Ball State University|2000 West University Avenue||Muncie
1|ENNIO USA LLC|2001 Royal Drive||Greenfield
1|St. Vincent Hospital and Health Care Center Inc|2001 West 86th Street||Indianapolis
1|ARRK TECHNOLOGIES LLC|2005 VALPARAISO STREET|SUITE 301B|VALPARAISO
1|Taurus It Inc|2005 Valparaiso St, Suite 301C||Valparaiso
1|Global Preparatory Academy Inc|2006 Gent Avenue||Indianapolis
1|Frost Engineering & Consulting Company|201 Lincolnway West|Suite 200|Mishawaka
1|Vespa Group LLC|201 N. Illinois St.|South Tower Suite 1600|Indianapolis
1|McGuire Sponsel LLC|201 NORTH ILLINOIS STREET|SUITE 1000|INDIANAPOLIS
1|Topcoder LLC|201 S Capitol Avenue||Indianapolis
1|Wipro Appirio INC|201 SOUTH CAPITOL AVENUE STE 1000 FL 10||INDIANAPOLIS
1|Harrell-Fish Inc|2010 W. Fountain Drive||Bloomington
1|Next Level Staffing Corp|2017 S Harrison St||Fort Wayne
1|Techficient Holdings LLC|202 W. Berry St.|Suite 410A|Fort Wayne
1|JourneyGuide Inc|202 West Berry Street|Suite 420|Fort Wayne
1|Frankfort Plastics Inc|2021 W County Road 0 NS||Frankfort
1|University of Notre Dame du Lac|203 Main Building||Notre Dame
1|Hertzler Systems Inc|203 S Main St.|Suite 7|Goshen
1|Logical Concepts Inc|203 West Morris Street||Indianapolis
1|Global Preparatory Academy Inc|2033 Sugar Grove Avenue||Indianapolis
1|University of Notre Dame du Lac|204 Main Building||Notre Dame
1|New York InfoTech Inc|205 STEEPLES BLVD||INDIANAPOLIS
1|New York InfoTech Inc|205 Steeples Blvd||Indianapolis
1|Neurohealth Ltd LLC|2060 N. Shadeland Ave|Suite 200|Indianapolis
1|Rayco Steel Process Inc|207 S Lincoln St.||Warsaw
1|Whiting Medical Center, P.C.|2075 Indianapolis Blvd|n/a|Whiting
1|Rite Care Pharmacy Inc|2075 Indianapolis Blvd.||Whiting
1|COMPONENT SUPPLY LLC|209 QUALITY AVENUE|SUITE 1A|NEW ALBANY
1|Lucrative Innovations Inc|21 Virginia Ave|Suite 220|Indianapolis
1|L. L. Low Associates Inc|210 N. Ironwood Dr.||South Bend
1|Artifex Enterprises LLC|2102 W. Washington St.||South Bend
1|The South Bend Clinic LLC|211 North Eddy Street||South Bend
1|OneCause Inc|211 W Main Street|Suite 400|Carmel
1|Cablecraft Motion Controls|2110 Summit St.||New Haven
1|Apex Physical Therapy LLC|2111 Burlington Beach Road||Valparaiso
1|M3SIM LLC|2116 Wake Robin Dr.||West Lafayette
1|THK Law LLP|212 E. LaSalle Ave|Suite 100|South Bend
1|THK Law, LLP|212 E. LaSalle Avenue|Suite 100|South Bend
1|Advantis Medical LLC|2121 Southtech Drive|Suite 600|Greenwood
1|SAAM Inc|2139 Glebe Street|Suite 200|Indianapolis
1|South Bend Community School Corporation|215 S. Dr. Martin Luther King Jr. Blvd.||South Bend
1|South Bend Community School Corporation|215 S. Dr. Martin Luther King Jr., Blvd.||South Bend
1|South Bend Empowerment Zone Inc|215 South Dr. Martin Luther King Jr. Blvd||South Bend
1|BorgWarner Technologies Services LLC|2151 E Lincoln Road||Kokomo
1|Living with Hope|2158 45th Street|Suite 120|Highland
1|CHEEMA LOGISTICS INC|216 Caplinger Place||Greenwood
1|OrthoAmerica Holdings LLC|2165 Earlywood Dr.||Franklin
1|Network Packaging Group LLC|2180 North Point Drive||Warsaw
1|ADJUTANT SOLUTIONS GROUP|219 E. ST JOSEPH STREET||INDIANAPOLIS
1|Ivy Tech Community College|220 Dean Johnson Blvd||South Bend
1|Elevance Health Inc|220 VIRGINIA AVE||INDIANAPOLIS
1|Elevance Health Inc|220 Virgina Avenue||Indianapolis
1|Elevance Health Inc|220 Virginia vae||Indianapolis
1|ENNIO USA LLC|2200 Bunch Boulevard||Muncie
1|Salud Revenue Partners LLC|2200 Elmwood Avenue|Suite C-2|Lafayette
1|North Clark Medical Group LLC|2200 MARKET STREET||CHARLESTOWN
1|Allison Payment Systems LLC|2200 Production Dr||Indianapolis
1|ET Works Inc|2201 Hancel Parkway||Mooresville
1|Ascension St. John Hospital|22101 Moross Road||Detroit
1|Alterra Holdings Company|2213 Killion Ave||Seymour
1|Spheros North America Inc|22150 Challenger Dr||Elkhart
1|AFFORDABLE DENTURES & IMPLANTS-KOKOMO III PC|2220 E MARKLAND AVENUE||KOKOMO
1|AFFORDABLE DENTURES & IMPLANTS-KOKOMO III PC|2220 E Markland Avenue||Kokomo
1|Griesemer Chiropractic|223 South State Road 135||Greenwood
1|Syscend Inc|2230 D Avenue E||Seymour
1|Barton-Coe-Vilamaa Architects & Engineers Inc|225 Airport North Office Park||Fort Wayne
1|Renaissance Life & Health Insurance Company of America|225 S East Street|Suite 360|Indianapolis
1|Indiana Farm Bureau Insurance|225 S. East Street||Indianapolis
1|Daniels Associates Inc|225 South East Street|Suite 256|Indianapolis
1|Simon Property Group Administrative Services Partnership L.P.|225 W. Washington Street||Indianapolis
1|City of South Bend, Indiana|227  W. Jefferson Blvd.|Suite 1200S|South Bend
1|RxLightning|227 Pearl Street||New Albany
1|Gold One Auto LLC|2270 Concord Road||Lafayette
1|Gold One Auto LLC|2300 Concord Road||Lafayette
1|Youche Country Club|2301 W 129th Place||Crown Point
1|Youche Country Club|2301 W. 129th Place||CROWN POINT
1|Mobile Hub Inc|2302 E County Line Road||Indianapolis
1|LAKEWOOD FAMILY DENTAL OF KOKOMO LLC|2302 S. DIXON ROAD|SUITE 125|KOKOMO
1|The Pathfinder Group, LTD|2307 Roosevelt Road||VALPARAISO
1|Riggs Community Health Center Inc|2316 South Street||Lafayette
1|RENU Management LLC|2325 Pointe Pkwy|Suite 250|Carmel
1|Endress Hauser Flow USA Inc|2330 Endress Place||Greenwood
1|Ladd Dental Group Inc|2333 W. Lincoln Road||Kokomo
1|Endress Hauser (USA) Automation Instrumentation Inc|2340 Endress Place||Greenwood
1|Superior Engineering LLC|2345 167th Street||Hammond
1|GDN Infotech Inc|2346 S Lynhurst Dr|Suite F201C|Indianapolis
1|GDN Infotech Inc|2346 S Lynhurst Drive|Suite F201C|Indianapolis
1|GDN Infotech Inc|2346 S. Lynhurst Dr.|Suite F201C|Indianapolis
1|Daylight Bridge Wholesale Inc|2346 South Lynhurst Drive|Suite 607|Indianapolis
1|CRANDALL ENGINEERING INC|236 E MAIN STREET|N/A|GAS CITY
1|Crandall Engineering Inc|236 E Main Street||Gas City
1|Heart City Health Center Inc|236 Simpson Avenue||Elkhart
1|Taylor University|236 W Reade Ave||Upland
1|Richard D. Burns Jr, DDS, PC|23618 US Hwy 33||Elkhart
1|Forest River Bus LLC|2367 Century Drive||Goshen
1|Endress Hauser Wetzer (USA) Inc|2375 Endress Place||Greenwood
1|Meridian Health Services Corp.|240 N. Tillotson Ave||Muncie
1|COLUMBUS REGIONAL HOSPITAL|2400 E 17TH STREET||COLUMBUS
1|Columbus Regional Health Physicians LLC|2400 E 17th Street||Columbus
1|Columbus Regional Health Physicians LLC|2400 East 17th Street||Columbus
1|Fairfield Manufacturing Co. Inc|2400 Sagamore Parkway S||Lafayette
1|HealthLinc Inc|2401 Valley Drive||Valparaiso
1|Indiana University Health Care Associates Inc|2401 W University Ave||Muncie
1|Indiana University Health Care Associates Inc|2401 W University Avenue||Muncie
1|Indiana University Health Care Associates Inc|2401 W. University Ave||Muncie
1|INDIANA UNIVERSITY HEALTH BALL MEMORIAL PHYSICIANS INC|2401 WEST UNIVERSITY AVENUE||Muncie
1|INDIANA UNIVERSITY HEALTH BALL MEMORIAL PHYSICIANS INC|2401 West University Avenue||MUNCIE
1|Heartland Sings Inc|2402 Lake Avenue||Fort Wayne
1|Christel House Academy Inc|2405 Madison Avenue||Indianapolis
1|ORG CHEM GROUP LLC|2406 LYNCH ROAD||EVANSVILLE
1|geoConvergence LLC|241 W Grimes Lane||Bloomington
1|Universal Home Healthcare of Indiana Inc|2420 N Coliseum Blvd|Ste 201A|Fort Wayne
1|MVS Inc|2425 N Meridian Street|Suite 105|Indianapolis
1|Unified Informatics LLC|2441 N. Delaware Street||Indianapolis
1|Riepen LLC|2450 Deelyn Drive||Warsaw
1|CANPACK US LLC|2451 W. Fuson Road||Muncie
1|GRAY STAR LOGISTICS|2456 Lake Circle Drive||Indianapolis
1|ASW LLC|2499 South 600 East|Suite 102|Columbia City
1|NICO Corporation|250 E 96th Street||Indianapolis
1|St. Vincent Medical Group Inc|250 West 96th Street|Suite 520|Indianapolis
1|Northeast Internal Medicine Associates, P.C.|2500 N Detroit St||LaGrange
1|Northeast Internal Medicine Associates, P.C.|2500 N Detroit St.||LaGrange
1|PACIV-USA LLC|2507 Bloyd Avenue||Indianapolis
1|Feathery Inc|2507 Jonathans Lndg||Fort Wayne
1|TRELLEBORG SEALING SOLUTIONS U.S. INC|2509 BREMER ROAD||FORT WAYNE
1|Synthesis Incorporated|251 N. Illinois Street|Suite 200|Indianapolis
1|General Sheet Metal Works Inc|25101 Cleveland Road||South Bend
1|Familia Dental Terre Haute LLC|2512 Wabash Ave||Terre Haute
1|Dorel Juvenile Group Inc|2525 State Street||Columbus
1|Apex Dental Studio Inc|2528 Walton Blvd||Warsaw
1|VAPISA USA LLC|2529 Commerce Drive|Suite G|Kokomo
1|Brookside Dental Care LLC|2536 E 10th Street||Indianapolis
1|Global Financial Group LLC|25416 County Road 6|Suite 102|Elkhart
1|AmeriPath Indianapolis, P.C|2560 N. Shadeland Avenue|Suite A|Indianapolis
1|Payne-Sparkman Manufacturing Inc|2571  Roanoke Avenue||New Albany
1|Reproduction Specialty Group  Inc|2590 N 500 E||Lebanon
1|Grote Industries LLC|2600 Lanier Drive||Madison
1|Key Cube Consulting LLC|2601 Fortune Cir E||Indianapolis
1|ISA Life Sciences Inc|2601 Fortune Cir E suite 111c||Indianapolis
1|Key Cube Consulting LLC|2601 Fortune Cir E, Suite 201 C||Indianapolis
1|ECS Solutions Inc|2616 Kotter Avenue||Evansville
1|Otis R. Bowen Center for Human Services Inc|2621 E. Jefferson St.||Warsaw
1|The Otis R. Bowen Center for Human Services Inc|2621 East Jefferson Street||Warsaw
1|Midwest Technology Partnership LLC|2625 N Meridian St|Suite 157|Indianapolis
1|Powers & Sons Construction|2636 West 15th Ave||Gary
1|D&M Fabrications Inc|2640 Condit St||Highland
1|GEOH Inc|2647 Waterfront Parkway Dr. East|Suite 350|Indianapolis
1|Impact CNC LLC|2651 S 600 E||Columbia City
1|Vehicle Service Group LLC|2700 Lanier Drive||Madison
1|Inotiv Inc|2701 Kent Avenue||West Lafayette
1|Innovative mold & machine Inc|2702 Brill Road||Indianapolis
1|Design-Aire Engineering Inc|2707 Rand Road||Indianapolis
1|Providence Cristo Rey High School Inc|2717 S. East St.||Indianapolis
1|Elkhart Community Schools|2720 California Road||Elkhart
1|Steel Warehouse Company LLC|2722 West Tucker Drive||South Bend
1|Indy Pack & Material Handling LLC|2740 N STATE ROAD 9||COLUMBUS
1|AFFORDABLE DENTURES & IMPLANTS-JEFFERSONVILLE PC|2760 JEFFERSON CENTRE WAY|SUITE 2|JEFFERSONVILLE
1|Calumet Specialty Products Partners, L.P.|2780  Waterfront Pkwy. E. Drive||Indianapolis
1|Calumet Specialty Products Partners, L.P.|2780 Waterfront Pkwy E Drive||Indianapolis
1|Calumet Specialty Products Partners, L.P.|2780 Waterfront Pkwy. E. Dr.||Indianapolis
1|Calumet Specialty Product Partners, L.P.|2780 Waterfront Pkwy. E. Drive||Indianapolis
1|Twin Wireless LLC|2802 Lafayette Road|31A|Indianapolis
1|Flyover Zone Inc|2804 South Saint Remy Circle||Bloomington
1|ACTIA Corporation|2809 Bridger Court||Elkhart
1|One Family Dental LLC|2826 S State Road 135, Suite C||Greenwood
1|One Family Dental LLC|2826 S. State Road 135|Suite C|Greenwood
1|Logansport Community School Corporation|2829 George St.||Logansport
1|HICO SOLUTIONS|2839 N. KENWOOD AVE||INDIANAPOLIS
1|HempRise LLC|285 Paul Garrett Ave||Jeffersonville
1|OrthoPediatrics Corp.|2850 Frontier Dr||Warsaw
1|Cox Estates Realty|28686 Short Lane||Brookville
1|TRUCK ACCESSORIES GROUP LLC|28858 VENTURA DRIVE||ELKHART
1|Truck Accessories Group LLC|28858 Ventura Drive||Elkhart
1|Vanguard National Trailer Corporation|289  East Water Tower Drive||Monon
1|Dexter Axle Company Inc|2900 Industrial Pkwy East||Elkhart
1|Scalable Labs Inc|2900 N Shadeland Avenue|Suite B-1|Indianapolis
1|Golden Point International Inc|2901 E Covenanter Drive||Bloomington
1|American Retail Management LLC|2904 Airport Parkway||Elkhart
1|Indiana University Health Care Associates Inc|2905 N Stone Carver Dr.||Bloomington
1|Comlux America LLC|2910 S. High School Road||Indianapolis
1|Baugo Community Schools|29125 County Road 22 West||Elkhart
1|Par-Kan Compnay LLC|2915 W 900 S||Silver Lake
1|Ozin Technologies Inc|2930 Waterfront Parkway west Dr||Indianapolis
1|Tsuda USA Corporation|2934 Jannetides Blvd.||Greenfield
1|JINGU NORTH AMERICA CORPORATION|2935 Vanvactor Dr||Plymouth
1|JINGU NORTH AMERICA CORPORATION|2935 Vanvactor Drive||Plymouth
1|INTERNATIONAL MEDICAL GROUP INC|2960 N. MERIDIAN STREET|SUITE 300|INDIANAPOLIS
1|Christel House International Inc|2960 North Meridian Street|Suite 200|Indianapolis
1|Infotex Inc|299 Dayton Road||Dayton
1|WEST SUBURBAN MEDICAL CENTER|3 ERIE COURT||OAK PARK
1|CREA LLC|30 South Meridian Street|Suite 400|Indianapolis
1|Canadian Solar U.S. Cell Manufacturing Corporation|300 International Drive||Jeffersonville
1|Ivy Tech Community College|300 North 17th Street||Noblesville
1|The Childrens Museum of Indianapolis Inc|3000 N Meridian Street||Indianapolis
1|ArcelorMittal USA Research LLC|3001 E Columbus Dr||East Chicago
1|ArcelorMittal USA Research LLC|3001 E. Columbus Drive||East Chicago
1|Anabaptist Mennonite Biblical Seminary|3003 Benham Avenue||Elkhart
1|Magneton Labs LLC|301 Belle ROAD,||Michigan City,
1|GROUP 1001 RESOURCES LLC|301 Pennsylvania Parkway|SUITE 301|Indianapolis
1|Wabash College|301 W. Wabash Avenue||Crawfordsville
1|Wabash College|301 West Wabash Avenue||Crawfordsville
1|Ottenweller Company Inc|3011 Congressional Parkway||Fort Wayne
1|Eye Associates of Southern Indiana, PC|302 W 14th Street|Suite 100A|Jeffersonville
1|Smartley Tech LLC|303 Congressional Blvd|Suite 6347|Carmel
1|Warehouse Associates Inc|3036 Madan Park Dr||Indianapolis
1|Warehouse Associates Inc|3036 Madan Park Dr.||Indianapolis
1|Gant Travel LTD|304 Kirkwood Avenue|Suite 101|Bloomington
1|ICC NTA LLC|305 N Oakland Ave||Nappanee
1|ICC NTA LLC|305 North Oakland Avenue||Nappanee
1|C. H. Garmong & Son Inc|3050 Poplar St.||Terre Haute
1|Changge LLC|306 E. State St.||West Lafayette
1|Point Comfort Underwriters Inc|306 Prospect Street, Suite 100||Indianapolis
1|AGRIFLITE SERVICES INC|30688 C.R. 36||WAKARUSA
1|Metaldyne SinterForged Products LLC|3100 North State Highway  3||North Vernon
1|Geoponic Enterprises LLC|3101 E CR 700N||Muncie
1|Geoponic Enterprises LLC|3101 E. 700 N.||Muncie
1|Conversight.ai|3113 Red Fox Circle||Columbus
1|Philenergy U.S.A. Inc|312 N Union Street||Kokomo
1|ORTHOPEDIC THERAPY SPECIALISTS, PC|3125 CALUMET AVENUE|SUITE 8|VALPARAISO
1|Sinopilot Organization Inc|3125 Dandy Trail|Suite 206|Indianapolis
1|DePauw University|313 South Locust Street||Greencastle
1|Monroe County Community School Corporation|315 E. North Drive||Bloomington
1|Echo Community Health Care Inc|315 Mulberry Street||Evansville
1|Newton Oil Company Inc|3150 S 460 E||LAFAYETTE
1|VIGNESH TECHNOLOGICAL SOLUTIONS INC|320 N MERIDIAN STREET|SUITE 311|INDIANAPOLIS
1|Vignesh Technological Solutions Inc|320 N Meridian Street|Suite 311|Indianapolis
1|ITR Concession Company LLC|3200 Cassopolis Street||Elkhart
1|Marian University Inc|3200 Cold Spring Road||Indianapolis
1|PREMIER BUSINESS SOLUTIONS LLC|3202 N KENMORE ST||SOUTH BEND
1|Premier Business Solutions LLC|3202 N Kenmore St||South Bend
1|Canterbury School Inc|3210 Smith Road||Fort Wayne
1|DLW LLC|3217 N Shadeland Ave||Indianapolis
1|United Animal Health Inc|322 S. Main St.||Sheridan
1|Kem Krest LLC|3221 Magnum Dr||Elkhart
1|National Machinery & Conveyor Inc|3225 S Torrence Street||Marion
1|TRANSJET CARGO LLC|325 S College AVE||Indianapolis
1|Jones Petrie Rafinski Corporation|325 S Lafayette Blvd.||South Bend
1|Oaklawn Psychiatric Center Inc|330 Lakeview Drive|P.O. Box 809|Goshen
1|Master Power Transmission Inc|3300 10th Street||Columbus
1|Service Specialties of Elkhart Inc|3301 Reedy Drive||Elkhart
1|The Finish Line USA Inc|3308 N. Mitthoeffer Road||Indianapolis
1|The Finish Line USA Inc|3308 North Mitthoeffer Road||Indianapolis
1|PARAGON HOME HEALTH CARE INC|3310 Hickory Road|Suite B-1A|Mishawaka
1|Lafayette Tents & Events LLC|3320 S. 460 E.||Lafayette
1|Tecsoil USA Inc|3323 Concord Road|Suite 2|Lafayette
1|HIDDEN SHELF LLC|333 N ALABAMA ST|STE 350|INDIANAPOLIS
1|Passageways Inc|333 N Alabama St|Suite 300|Indianapolis
1|Passageways Inc|333 N. Alabama St.|Suite 300|Indianapolis
1|Tri Pac Inc|3333 N Kenmore St||South Bend
1|Tri-Pac Inc|3333 N. Kenmore Street||South Bend
1|TC SERVICES INC|336 W US HIGHWAY 30|SUITE 201|VALPARAISO
1|TC Services Inc aka US 1 Industries|336 W US Highway 30|Ste 201|Valparaiso
1|Indiana University Health Inc|340 W 10th Street||Indianapolis
1|Rea Magnet Wire Company Inc|3400 East Coliseum Blvd||Fort Wayne
1|HBW Solutions Inc|3401 N. State Road 61|P.O. Box 201|Petersburg
1|Global Smiles Dental 5 LLC|3410 N High School ROAD|Suite B|Indianapolis
1|Global Smiles Dental 5 LLC|3410 N. High School Road|Suite B|Indianapolis
1|Familia Dental Terre Haute LLC|3430 S 4th St||Terre Haute
1|Ivy Tech Community College|345 S High St.||Muncie
1|IM-POWER DOT COM LLC|3482 Stellhorn Road||Fort Wayne
1|Genesis Business Solutions Inc|3485 Sedgemoor Circle||Carmel
1|The Bloomington Project School Inc|349 S Walnut St||Bloomington
1|Toralgen Inc|3495 Kent Ave|Suite A100|West Lafayette
1|Allied Solutions LLC|350 Veterans Way|Suite 200|Carmel
1|BLUESKY TECHNOLOGY PARTNERS INC|350 WESTFIELD ROAD|SUITE 400|NOBLESVILLE
1|Hopebridge LLC|3500 DePauw Blvd.|Suite 3060|Indianapolis
1|Central Indiana Educational Service Center|3500 DePauw Boulevard|Pyramid Two, Suite 2020|Indianapolis
1|Caris Financial Holdings LLC|3500 Depauw Blvd|Suite 2050|Indianapolis
1|Progress Rail Manufacturing Corporation|3500 South Cowan Road||Muncie
1|Ivy Tech Community College|3501  North First Avenue||Evansville
1|Lippert Components Inc|3501 County Road 6 East||Elkhart
1|Ivy Tech Community College of Indiana|3501 North 1st Avenue||Evansville
1|Klipsch Group Inc|3502 Woodview Trace|Suite 200|Indianapolis
1|Kingdom Ag Concepts Inc|3529 Fir Road||Bremen
1|International District Community Center INC|3540 Commercial Drive||Indianapolis
1|Michiana Family Dental LLC|3575 Portage Ave||South Bend
1|NANSHAN AMERICA AAT LLC|3600 U.S. HIGHWAY 52 SOUTH||LAFAYETTE
1|NANSHAN AMERICA ADVANCED ALUMINUM TECHNOLOGIES LLC|3600 US HIGHWAY 52 SOUTH||LAFAYETTE
1|Nanshan America Advanced Aluminum Technologies LLC|3600 US Highway 52 South||Lafayette
1|R.T. Moore Co. Inc|3600 Woodview Trace|Suite 300|Indianapolis
1|Hi Mom Enterprises LLC|3605 Commercial Drive||Indianapolis
1|Westend Dental LLC|3611 W 16 St.||Indianapolis
1|Technical Services Group LLC|3615 Voorde Drive||South Bend
1|CAC Auto Group LLC|3617 US Highway 52 South||Lafayette
1|EnerDel Inc|3619 W. 73rd Street|Suite 2|Anderson
1|PegPerego USA Inc|3625 Independence Dr.||Fort Wayne
1|Marson International LLC|3630 Manchester Drive||Elkhart
1|Kiwanis International Inc|3636 Woodview Trace||Indianapolis
1|KSN Technologies Inc|364 Indian Boundary Road|Suite A|Chesterton
1|Midwest Prosthodontics LLC|370 Medical Drive|Suite B|Carmel
1|Indiana Developmental Training Center of Lafayette LLC|3700 Rome Dr||Lafayette
1|TBK America Inc|3700 W. Industries Road||Richmond
1|Maximus Industries Corporation|3701 David Howarth Dr|Suite E|Lafayette
1|Task Force Tips LLC|3701 Innovation Way||Valparaiso
1|Regional Hospital Healthcare Partners LLC|3702 S 4th Street||Terre Haute
1|Symmetry Medical Manufacturing Inc|3724 N. St. Road 15||Warsaw
1|Indiana Youth Group Inc|3733 N. Meridian St.||Indianapolis
1|Cook Polymer Technology|3800 Constitution Avenue||Bloomington
1|Ivy Tech Community College|3800 North Anthony Blvd.||Fort Wayne
1|Missionary Church Inc|3811 Vanguard Drive||Fort Wayne
1|Agile Scientific Group|3815 River Crossing Parkway,||Indianapolis
1|Surinak Engineering LLC|3819 N Delaware St||INDIANAPOLIS, IN
1|SECURE DENTAL III LLC|3820 CENTRAL AVENUE||LAKE STATION
1|Secure Dental III LLC|3820 Central Ave||Lake Station
1|Greenleaf Holdco LLC|3820 W. Calvert St.||South Bend
1|Interactive Compliance LLC|3830 W 96th St||Indianapolis
1|The Skillman Corporation|3834 S. Emerson Avenue||Indianapolis
1|Altitude Cares Inc|3839 Pelham Road||Carmel
1|Indigo BioAutomation Inc|385 City Center Drive|Suite 200|Carmel
1|Indiana Neurology and Pain Center LLC|3850 Shore Drive|Suite 203|Indianapolis
1|Radian Research Inc|3852 Fortune Drive||Lafayette
1|Ice Way Investments. LLC|3869 Ice Way||Fort Wayne
1|White Construction LLC|3900 East White Avenue||Clinton
1|Clarke Industrial Systems Inc|3911 Merchant Road||Fort Wayne
1|F.A. Wilhelm Construction Company Inc|3914 Prospect Street||Indianapolis
1|Aptitude Solution Inc|3917 W Sawtelle Dr.||Bloomington
1|Style n Dial LLC|3919 Lafayette Road|Suite 284|Indianapolis
1|Royal Interpack of Midwest Inc|3919 WEST 73ROAD ST||ANDERSON
1|Alliance Winding Equipment Inc|3939 Vanguard Drive||Fort Wayne
1|Madison County Tennis & Wellness LLC|395 S Heritage Way||Pendleton
1|Tindley Accelerated Schools Inc|3960 Meadows Dr||Indianapolis
1|SKY REHABILITATION LLC|3960 SOUTHEASTERN AVENUE||INDIANAPOLIS
1|SKY REHABILITATION LLC|3960 Southeastern Avenue||Indianapolis
1|Chosen Consulting|3960 southeastern ave||indianapolis
1|CHOSEN CONSULTING LLC|3960 southeastern avenue||indianapolis
1|Kinney Group Inc|4 Carter Green|Suite 250|Carmel
1|Indiana University|400 E 7th St|Poplars 221|Bloomington
1|Helium Vacuum Tech LLC|400 N River Road|Apartment 1736|West Lafayette
1|Rock Foundation Preschool and Daycare LLC|400 W. Mishawaka Road||Elkhart
1|SKY REHABILITATION LLC|400 WEST GREEN MEADOWS DRIVE|STE 90|GREENFIELD
1|Hitachi Astemo Indiana Inc|400 West New Road||Greenfield
1|Baril Coatings USA LLC|401 Growth Parkway||Angola
1|Keramida Environmental Inc|401 N College Ave||Indianapolis
1|Keramida Environmental Inc|401 N College Avenue||Indianapolis
1|TWIN HILL ACQUISITION COMPANY INC|401 SALEM ROAD||JEFFERSONVILLE
1|Monroe Medical Group Inc|4011 S. Monroe Medical Park Blvd||Bloomington
1|Fresh World Market IN LLC|402 Brown St||West Lafayette
1|IND FUKANG FUR CORP|403 E 2nd Ave Lot 6||Huntingburg
1|Press Ganey Associates LLC|404 Columbia Ct||South Bend
1|Press Ganey Associates LLC|404 Columbia Ct.|Suite 1600|South Bend
1|Round 2 LLC|4073 Meghan Beeler Court||South Bend
1|Midwest Service Center LLC|408 S. Shelby St.||Hobart
1|Terran Robotics Inc|408 West Howe||Bloomington
1|Terran Robotics Inc|408 West Howe St.||Bloomington
1|Low Cost Spay Neuter Clinic Inc|409 N. Green Street||Brownsburg
1|Renaissance Academy INC|4093 W US 20||LaPorte
1|Merchants Capital Corporation|410 Monon Boulevard||Carmel
1|Datum Consulting Group LLC|410 N Shortridge Road||Indianapolis
1|Novos Solutions LLC|410 West Oak Street|Suite 4B|Zionsville
1|Community Montessori Inc|4102 St. Joseph Road||New Albany
1|Shepherd Community Inc|4107 E Washington St||Indianapolis
1|Arrays Global LLC|411 E Northfield Dr|PO BOX - 1153|Brownsburg
1|Draper Inc|411 S. Pearl Street||Spiceland
1|Jackson County Schneck Memorial Hospital|411 W. Tipton Street||Seymour
1|Custom Machine Motioneering Inc|4111 Technology Drive||South Bend
1|St. Vincent Williamsport Hospital Inc|412 N. Monroe Street||Williamsport
1|Alliance for Cooperative Energy Services Power Marketing LLC|4140 W 99th St.||Carmel
1|Alliance for Cooperative Energy Services Power Marketing LLC|4140 West 99th Street|N/A|Carmel
1|Scrap Metal Services LLC|415 East 151st Street||East Chicago
1|Something Cool LLC|415 N 26th Street|Suite 303|Lafayette
1|Lifeline Youth and Family Services Inc|4150 Illinois Road||Fort Wayne
1|Roman Catholic Diocese of Evansville|4200 N. Kentucky Avenue||Evansville
1|Indiana Wesleyan University|4201 S. Washington St||Marion
1|Regoin Flyer LLC|4205 Murvihill Road||Valparaiso
1|Regional Innovation and Startup Education|4215 Edison Lakes Pkwy|Suite 325|Mishawaka
1|QUALITY DINING INC|4220 EDISON LAKES PARKWAY|SUITE 300|MISHAWAKA
1|Quality Dining Inc|4220 Edison Lakes Parkway|Suite 300|Mishawaka
1|Tiedemann-Bevs Industries LLC|4225 W Industries Road||Richmond
1|Marshall Electric Corporation|425 State Road 25 North||Rochester
1|MultiTek Global LLC|427 Fairway Drive||Brazil
1|VS Engineering Inc|4275 North High School Road||Indianapolis
1|TERRAFORCE INC|428 MAIN STREET||VINCENNES
1|Innowats Technologies LLC|429 E Dupont Road|Suite 1292|Fort Wayne
1|My Rehab and Wellness LLC|429 E Vermont St|Suite 110|Indianapolis
1|My Rehab and Wellness LLC|429 E Vermont St.|Suite 110|Indianapolis
1|My Rehab and Wellness LLC|429 E Vermont Street|Suite 110|Indianapolis
1|CMG Worldwide Inc|429 N. Pennylvania St.||Indianapolis
1|Southern Indiana Radiological Associates Inc|429 S. Landmark Avenue||Bloomington
1|Peoplelink LLC|431 E. Colfax Avenue|Suite 200|South Bend
1|Bioconvergence LLC|4320 W Zenith Drive||Bloomington
1|BioConvergence LLC|4320 W. Zenith Drive||Bloominton
1|BioConvergence LLC|4320 West Zenith Drive||Bloomington
1|St. Catherines Hospital Inc|4321 FIR STREET||EAST CHICAGO
1|Writ Labs Inc|433 N Capitol Ave|Ste 100, 180|Indianapolis
1|Zylo Inc|433 N. Capitol Avenue|Suite 500|Indianapolis
1|International School of Indiana Inc|4330 N. Michigan Road||Indianapolis
1|International School of Indiana Inc|4330 North Michigan Road||Indianapolis
1|QUANTEK TECHNOLOGIES LLC|435 BERCADO CIR|APT 35|MISHAWAKA
1|Prime Dental Care LLC|435 W. Coliseum Blvd.||Fort Wayne
1|Phalen Leadership Academies IN Inc|4352 N. Mitthoeffer Road||Indianapolis
1|NETMASONS INCORPORATED|4367 south 100 west||ANDERSON
1|GADA-MC Bakery Services Inc|437 Tyre Road||Lebanon
1|Excel IT Corp|438 S Emerson Ave  Suite -146||Greenwood
1|Excel IT Corp|438 S Emerson Ave Suite -146||Greenwood
1|Excel IT Corp|438 S Emerson Avenue Suite -146 ,Greenwood IN-46143||Greenwood
1|Excel IT Corp|438 S Emerson Avenue Suite- 146||Greenwood
1|Excel IT Corp|438 S emerson Ave|146|Greenwood
1|Excel IT Corp|438 South Emerson Avenue,  Suite 146||Greenwood
1|Fratco Inc|4385 South 1450 West||Francesville
1|Iotron Industries USA Inc|4394 East Park 30 Drive||Columbia City
1|IP1 SUBDSO LLC|44 N. Girls School Road,|Suite B|Indianapolis
1|Hoist Material Handling Inc|4407 Railroad Avenue||East Chicago
1|Marion General Hospital Inc|441 N. Wabash Avenue||Marion
1|Marion General Hospital Inc|441 North Wabash Avenue||Marion
1|Analyswift LLC|444 Jennings St||West Lafayette
1|Northern Indiana Hispanic Health Coalition INC|444 North Nappanee Street||Elkhart
1|Wabash Valley Resources LLC|444 W Sanford Ave||West Terre Haute
1|MY COI LLC|445 N PENNSYLVANIA STREET|SUITE 205|INDIANAPOLIS
1|Kilgore Manufacturing Co Inc|445 South Line Street||Columbia City
1|Elanco US Inc|450 Elanco Circle||Indianapolis
1|Lennard Ag Company|450 West 750 North||Howe
1|Highwater Marine LLC|4500 Middlebury St.||Elkhart
1|LAKEWOOD FAMILY DENTAL INC|4512 PARNELL AVENUE||FORT WAYNE
1|Steel Dynamics Heartland LLC|455 West Industrial Drive||Terre Haute
1|INDIANA MATH AND SCIENCE ACADEMY-INDIANAPOLIS INC|4575 W 38TH ST||INDIANAPOLIS
1|Aunalytics Inc|460 Stull Street|Suite 100|South Bend
1|Polymer Technology Systems Inc|4600 Anson Blvd||Whitestown
1|Polymer Technology Systems Inc|4600 Anson Blvd.||Whitestown
1|BUTLER UNIVERSITY|4600 SUNSET AVE||INDIANAPOLIS
1|Martell Electric LLC|4601 Cleveland Road||South Bend
1|American Elegance Homes LLC|461 Kelly Street - 213||Rome City
1|Uwba Design LLC|4614 Progress Dr||Columbus
1|DD Dannar LLC|4620 W Bethel Ave, Suite 1||Muncie
1|Highland Retina Associates LLC|4621 East Margaret Drive||Terre Haute
1|HERFF JONES LLC|4625 W 62nd St||INDIANAPOLIS
1|Varsity Spirit LLC|4625 W. 62nd St||Indianapolis
1|Herff Jones LLC|4625 W. 62nd Street||Indianapolis
1|Delta Rotating Solutions LLC|4635 Progress Dr.|Suite B|Columbus
1|NGInstruments LLC|4643 N State Road 15||Warsaw
1|NGInstruments LLC|4643 North State Road 15||Warsaw
1|Royal Interpack of Midwest Inc|4655 Perry Worth Road||Whitestown
1|PERFORMANCE SERVICES INC|4670 HAVEN POINT BVD||INDIANAPOLIS
1|Performance Services Inc|4670 Haven Point Blvd||Indianapolis
1|Magna Powertrain of America Inc|4701 South Cowan Road||Muncie
1|Master Manufacturing Company Inc|4703 OHara Drive||Evansville
1|Shadow Graphix Inc|4703 W Vermont St||Indianapolis
1|Familia Dental Indianapolis Lafayette LLC|4740 W. 38th St.||Indianapolis
1|Kinney Group Inc|484 E. Carmel Dr.|Suite 402|Carmel
1|Nexus Energy LLC|4900 Shamrock Dr Ste 202||Evansville
1|Sunshine Hospitality LLC|4919 Lima Road||Fort Wayne
1|Alexandria Extrusion MidAmerica LLC|4925 Aluminum Drive||Indianapolis
1|CTS Corporation|4925 Indiana Ave||Lisle
1|HOMIDEL LLC|493 E116TH ST||CARMEL
1|Clark-Pleasant Community School Corporation|50 Center Street||Whiteland
1|WB Frozen US LLC|50 Maplehurst Drive||Brownsburg
1|Ivy Tech Community College|50 W Fall Creek Pkwy N Drive||Indianapolis
1|Butler, Fairman & Seufert Inc|500 East 96th Street|Suite 500|Indianapolis
1|Samni Systems LLC|500 FRANKLIN ST||COLUMBUS
1|Rieke LLC|500 W. 7th Street||Auburn
1|KCKC Medical Group LLC|500 Warnke Road||Michigan City
1|Rieke LLC|500 West 7th Street||Auburn
1|Cosgrove Partnership Inc|501  Pennsylvania Pkwy|Suite 160|Indianapolis
1|Magwerks Corporation|501 Commerce Drive||Danville
1|Brainlabs USA LLC|501 N Morton St.|Suite 212|Bloomington
1|Indians Inc|501 West Maryland Street||Indianapolis
1|Diverse Woodworking LLC|505 Maplewood Blvd||Georgetown
1|AFFORDABLE DENTURES & IMPLANTS-MUNCIE PC|5081 W Hessler Road||Muncie
1|Walueo LLC|510 Country Club Road,||Indianapolis,
1|Walueo LLC|510 Country club rd||Indianapolis
1|SIMBA Chain Inc|510 W Adams Street|Suite 45|Plymouth
1|ARBOC Specialty Vehicles LLC|51165 Greenfield Parkway||Middlebury
1|TrueScripts Management Services LLC|513 E South Street||Washington
1|Pink Team Cleaning Services LLC|514 N. 26th St||Lafayette
1|CPP Enterprises LLC|5151 N. Shadeland Avenue||Indianapolis
1|Alliance Environmental Group|5153 Commerce Square Drive|Suite E|Indianapolis
1|Hanover College|517 Ball Drive||Hanover
1|Midwest Family Dental Care - Mishawaka LLC|518 Lincolnway West||Mishawaka
1|Trends International LLC|5188 W 74th Street||Indianapolis
1|Neurosurgical Consultants, LLP|520 Mary St.|Suite 470|Evansville
1|Samtec Inc|520 Park East Blvd||New Albany
1|Good Samaritan Hospital|520 South Seventh Street||Vincennes
1|Resero Analytics Inc|5209 Woodside Drive||Indianapolis
1|Saint Joseph Regional Medical Center Inc|5215 Holy Cross Parkway||Mishawaka
1|Old Town Design Group|522 S Rangeline||Carmel
1|Calvin Landscape LLC|5221 IVY TECH DR||Indianapolis
1|Calvin Landscape LLC|5221 Ivy Tech Dr||Indianapolis
1|Sortera Technologies Inc|5224 E. Asher Dr||Markle
1|Cathedral Trustees Inc|5225 East 56th Street||Indianapolis
1|APP Engineering Inc|5234 Elmwood Avenue||Indianapolis
1|Revive Electronics LLC|525 Congressional Blvd||Carmel
1|Old Town Design Group|525 North End Dr|Ste 100|Carmel
1|RH Operations Inc|525 S Meridian St|Suite 3B|Indianapolis
1|Scale Computing Inc|525 S. Meridian St.||Indianapolis
1|Impersonate.ai LLC|525 S. Meridian St. GB2||Indianapolis
1|Lawson-Fisher Associates P.C.|525 West Washington Street|Suite 200|South Bend
1|Home Health Care Solutions LLC|5250 E. US Highway 36|Suite 710|Avon
1|Haas & Associates LLC|526 Franklin St||Michigan City
1|HILLTOP PARTNERS LLC|527 PARK PLACE COURT|SUITE 100|MISHAWAKA
1|Beaty Construction Inc|5292 W 100 North||Boggstown
1|Professional Dental Services of Indiana PC|532 E 81st Ave||Merrillville
1|Limelight Recovery LLC|5325 E 82nd Street|172|Indianapolis
1|VetCheckIndy LLC|5335 E Southport Road|Suite 400|Indianapolis
1|Kahns Fine Wine of Indy Inc|5341 N Keystone Ave||Indianapolis
1|Cosworth Electronics LLC|5355 W. 86th Street||Indianapolis
1|Affordable Dentures & Implants - Terre Haute PC|5404 East Bill Farr Drive||Terre Haute
1|Lee & Zalas, P.C.|54391 N. 30th St.||South Bend
1|All Star Truck Lines USA Inc|545 Christy Drive|Suite 143|Greenwood
1|TRIMEDX Holdings LLC|5451 Lakeview Parkway S. Drive||Indianapolis
1|TRIMEDX HOLDINGS LLC|5451 Lakeview Parkway South Drive||Indianapolis
1|Holy Cross College Inc|54515 State Road 933 North|P.O. Box 308|Notre Dame
1|The Humane Society of Elkhart County Inc|54687 County Road 19||Bristol
1|Excel Dental Solutions Inc|5470 Lafayette Road||Indianapolis
1|Covenant Christian School|54790 Fir Road||Mishawaka
1|N.W. Indiana Radiology Services, P.C.|55 E 86th Avenue||Merrillville
1|Delta Faucet Company|55 E. 111th Street||Indianapolis
1|Engineered Innovation Group LLC|55 Monument Cir|Suite 1200B|Indianapolis
1|National Energy Control Services Inc|550 W. 36th Street||Jasper
1|Subaru of Indiana Automotive Inc|5500 State Road 38 East||Lafayette
1|Rose-Hulman Institute of Technology|5500 Wabash Avenue||Terre Haute
1|NEW BATH TODAY INC|5520 W 76TH STREET||INDIANAPOLIS
1|RM Auctions Inc|5536 Country Road 11A||Auburn
1|KALPANA INC|5538 E. INDIANA ST.||EVANSVILLE
1|STRUCTURAL IRON & FAB INC|555 HARRISON ST|PO BOX 166|MARKLE
1|Toyota Material Handling Inc|5559 Inwood Drive||Columbus
1|Qumpus Inc|55740 Currant Road||Mishawaka
1|Zimmer US Inc|56 East Bell Dr||Warsaw
1|Meyer Distributing Inc|560 E 25th Street||Jasper
1|HIRATA CORPORATION OF AMERICA|5625 DECATUR BLVD.||INDIANAPOLIS
1|Groundbreaking Solutions Inc|5625 German Church Road||Indianapolis
1|M.D. Architects, P.C.|5625 N. Post ROAD||Indianapolis
1|MECA ENGINEERING CORPORATION OF AMERICA INC|5655 BROADWAY||Merrillville
1|Kruger Plastic Products LLC|5681 Cleveland Road||South Bend
1|Value Plus Engineering Solutions LLC|5699 E 71st Street|STE 10A|Indianapolis
1|Sun Development and Management Company|5701 Progress Road||Indianapolis
1|MJ Insurance Inc|571 Monon Blvd|Ste 400|Carmel
1|Creative Solutions Consulting Inc|5719 Lawton Loop Drive East|Suite 112|Indianapolis
1|Diamond X-Press LLC|5723 Dividend Road||Indianapolis
1|Arrays Global LLC|5724 N Green St|STE 227|Brownsburg
1|Dabico Airport Solutions Inc|5740 Decatur Blvd||Indianapolis
1|Patterson Horth Inc|5745 Progress Road||Indianapolis
1|Gaylor Electric Inc|5750 Castle Creek Pkwy North Drive|Suite 400|Indianapolis
1|J.W. Sims & Associates Engineering Company|5755 W. 74th Street||Indianapolis
1|Acerand Therapeutics USA Limited|580 E. Carmel Drive|Suite 350|Carmel
1|MedPro Group Inc|5814 Reed Road||Fort Wayne
1|Preh IMA Automation Evansville Inc|5825 Old Boonville Highway||Evansville
1|Triad Associates Inc|5835 Lawton Loop East Drive||Indianapolis
1|MVS Inc|5860 Noble Dr||Indianapolis
1|Exceed Insurance Agency Inc|5862 E 82ND STREET||INDIANAPOLIS
1|Exceed Insurance Agency Inc|5862 E 82nd St||Indianapolis
1|Rajmane CPA Corp.|5864 E. 82nd Street||Indianapolis
1|Core BTS Inc|5875 Castle Creek Pkwy N Dr|Suite 320|Indianapolis
1|MSI Express Inc|5900  Carlson Ave||Portage
1|AFFORDABLE DENTURES & IMPLANTS - SPEEDWAY IV PC|5945 Crawfordsville Road|Suite J|Speedway
1|Total Computing LLC|5948 N College Avenue||Indianapolis
1|The RND Group LLC|5975 Castle Creek Pkwy N Drive|Suite 250|Indianapolis
1|The RND Group LLC|5975 Castle Creek Pkwy N. Drive, Suite 250||Indianapolis
1|The Methodist Hospitals Inc|600 Grant Street||Gary
1|Deaconess Specialty Physicians Inc|600 Mary St.||Evansville
1|Thor Industries Inc|601 E. Beardsley Avenue||Elkhart
1|OneMain General Services Corporation|601 N.W Second Street||Evansville
1|LINDAL North America Inc|6010 South International Drive||Columbus
1|DREAM STREET GRAPHICS INC|6011 E. HANNA AVENUE|SUITE I|INDIANAPOLIS
1|Dream Street Graphics Inc|6011 E. Hanna Avenue|Suite I|Indianapolis
1|Veterans Truck Center LLC|6012 Industrial Hwy||Gary
1|SnakeIT Technologies LLC|6023 Aspen Meadow Dr||Indianapolis
1|Affiliated Family Dentists|605 W. Douglas Road||Mishawaka
1|Affiliated Family Dentists LLC|605 West Douglas Road||Mishawaka
1|Purdue University|610 Purdue Mall Suite 300|International Scholar Services|West Lafayette
1|hc1 Insights Inc|6100 Technology Center Drive|Building K|Indianapolis
1|Tangoe Inc|6100 West 96th Street|Suite 200|Indianapolis
1|LITE MAGNESIUM PRODUCTS INC|6119 Guion Road||Indianapolis
1|LITE MAGNESIUM PRODUCTS INC|6119 Guion road||Indianapolis
1|Beacon Health System Inc|615 N. Michigan St.||South Bend
1|Building Tomorrow Inc|615 North Alabama Street|Suite D|Indianapolis
1|Patriot Engineering and Environmental Inc|6150 East 75th Street||Indianapolis
1|Datalys Center for Sports Injury Research and Prevention Inc|6151 Central Ave||Indianapolis
1|Entegra, LLP|6159 W. 80th St||Indianapolis
1|dormakaba USA Inc|6161 E. 75th St.||Indianapolis
1|dormakaba USA Inc|6161 E. 75th Street||Indianapolis
1|Nowak Precision LLC|6172 NORTH 450 WEST||La Porte
1|Axis Architecture and Interiors LLC|618 E Market Street||Indianapolis
1|Rundell Ernstberger Associates Inc|618 E. Market Street||Indianapolis
1|Xtrac Inc|6183 West 80th St.||Indianapolis
1|BRNO Cabinetry LLC|6194 W Airport Blvd||Greenfield
1|Hamilton Center Inc|620 Eighth Avenue||Terre Haute
1|American Contracting & Services Inc|6200 E. Highway 62|Bldg 2503|Jeffersonville
1|American Contracting and Services Inc|6200 East  Highway 62|Bldg 2503|Jeffersonville
1|Canadian Solar US Cell Manufacturing Corporation|6200 State Route 62 E.|Suite 900|Jeffersonville
1|Eight Eleven Group LLC|6215  N. College Avenue||Indianapolis
1|Eight Eleven Group LLC|6215 N. College Avenue||Indianapolis
1|Wessler Engineering Inc|6219 South East Street||Indianapolis
1|KPAUL Properties LLC|6230 Corporate Drive||Indianapolis
1|Box Out Designs LLC|625 E. Jefferson Blvd||South Bend
1|Teays River Investments Management|625 S. Main Street||Zionsville
1|Browning Day Inc|626 N. Illinois St.||Indianapolis
1|Batesville Community School Corporation|626 North Huntersville Road||Batesville
1|AITITOW GROUP LLC|6299 Guion Road|Suite B|indianapolis
1|MacAllister Machinery Co. Inc|6300 Southeastern Avenue||Indianapolis
1|Copper Mountain Technologies LLC|631 E New York St||Indianapolis
1|Copper Mountain Technologies LLC|631 E New York Street||Indianapolis
1|PUSHTA LLC|6330 E 75th St|Suite 150|Indianapolis
1|PUSHTA LLC|6330 E 75th Street|Suite 150|Indianapolis
1|NoBull Energy LLC|6330 Ferguson Street||Indianapolis
1|National Government Services Inc|6335-45 Castleway Ct|Bldg 32|Indianapolis
1|R.T. Moore Co. Inc|6340 La Pas Trail||Indianapolis
1|National Government Services Inc|6345 Castleway Court||Indianapolis
1|Synthesis Incorporated|635 E Market Street||Indianapolis
1|LEA LLC|635 S. Lafayette Blvd.|Bldg. 113, Suite 109|South Bend
1|enFocus Inc|635 South Lafayette Boulevard|Studebaker Building, 113|South Bend
1|Butterfield Foods LLC|635 Westfield Road||Noblesville
1|Standout Graphics Inc|6373 Rucker Road||Indianapolis
1|Brotherhood Mutual Insurance Company|6400 Brotherhood Way||Fort Wayne
1|Marvel Dental DDS PC|6408 W Jefferson Blvd.|Suite D|Fort Wayne
1|Marvel Dental DDS, PC|6408 W. Jefferson Blvd|STE D|Fort Wayne
1|Marvel Dental DDS, PC|6408 W. Jefferson Blvd.|Suite D|Fort Wayne
1|Convoy Technologies Inc|6409 Highview Drive||Fort Wayne
1|Integrity EDM LLC|641 Cleveland St||Tipton
1|Integrity EDM LLC|641 Cleveland St.||Tipton
1|Paragraph Studio LLC|642 N. Madison St.||Bloomington
1|Dimension Mill Inc|642 N. Madison Street||Bloomington
1|Exclaimer LLC|642 North Madison Street||Bloomington
1|Van Ausdall & Farrar Inc|6430 E. 75th Street||Indianapolis
1|Vari Tek LLC|6433 East Hanna Avenue||Indianapolis
1|KETER US INC|6435 S. Scatterfield Road||Anderson
1|Keter US Inc|6435 South Scatterfield Road||Anderson
1|West 10th Dental Group|6443 W 10th Street||Indianapolis
1|Braun Corporation|645 W. Carmel Drive||Carmel
1|Smart IT Staffing Inc|6500 Technology Center Drive,|Suite 100,|Indianapolis,
1|Metropolitan School of District of Lawrence Township|6501 Sunnyside Road||Indianapolis
1|Lotus Dental Inc|6502 Grape Road|Suite 882|Mishawaka
1|Biosynthetic Technologies LLC|6510  Telecom Drive|Suite 425|Indianapolis
1|Agri Stats Inc|6510 Mutual Drive||Fort Wayne
1|COFREIGHT INC|6515 Ameriplex Drive||Portage
1|CyberGuard Solutions LLC|6515 E 82nd St|SUITE 210|Indianapolis
1|CSP Engineering LLC|6516 Ferguson St.||Indianapolis
1|CyberGuard Solutions LLC|6525 E 82nd St|SUITE 210L, Building 10|Indianapolis
1|CyberGuard Solutions LLC|6525E 82nd ST|Suite 210L, Building 10|Indianapolis
1|Perry Township Schools|6548 Orinoco Avenue||Indianapolis
1|QGistix LLC|6555 E 30th Street|Suite D|Indianapolis
1|Concordia Theological Seminary|6600 N. Clinton Street||Fort Wayne
1|Hospital Care Group, PC|6604 Constitution Drive||Fort Wayne
1|Fort Wayne Medical Oncology and Hematology Inc|6610 Mutual Drive||Fort Wayne
1|Superior Auto|6642 St. Joe Road||Fort Wayne
1|Compassionate Care Services LLC|6720 East State Boulevard||FORT WAYNE
1|New Life International Inc|6764 S. Bloomington Trail||Underwood
1|Fronius USA LLC|6797 Fronius Drive||Portage
1|Victory Solution Partners LLC|6801 Lake Plaza Dr.|Suite C-304|Indianapolis
1|Victory Solution Partners LLC|6801 Lake Plaza Drive|Suite C-304|Indianapolis
1|LA LUMIERE SCHOOL FOR BOYS INC|6801 N Wilhelm road||La Porte
1|SCHMIDT PETERSON MOTORSPORTS LLC|6803 COFFMAN ROAD||INDIANNAPOLIS
1|Radhakrishna 1 Inc|68563 County Road17||New Paris
1|Aquila Corporation Consulting|6888 E County Road 800 S||Cross Plains
1|Aquila Corporation Consulting|6888 E County Road 800S||Cross Plains
1|TOTTIES PLACE INCORPORATED|691 S 1100 E||ZIONSVILLE
1|Sports Strategy Inc|692 Ellsworth Street||Indianapolis
1|C&R Racing Inc|6950 Guion Road||Indianapolis
1|DICEN CONSULTING AND ASSOCIATES LLC|698 TOWER ROAD SUITE 100||Plainfield
1|Dicen Consulting and Associates LLC|698 Tower Road|Suite 100|Plainfield
1|Washington Hospitality LLC|7 Cumberland Drive||Washington
1|Bunge North America (East) LLC|700 N Range Line Road||Morristown
1|National Collegiate Athletic Association|700 W. Washington St.||Indianapolis
1|Indianapolis Colts Inc|7001 W 56th St||Indianapolis
1|GPS Dental Management LLC|7007 US Highway 31 S. East St.||Indianapolis
1|GPS Dental Management LLC|7007 US Highway 31, S East St.||Indianapolis
1|Altus Direct LLC|701 E County Line Road|STE 210|Greenwood
1|White Lodging Services Corporation|701 East 83rd Avenue||Merrillville
1|GyanSys Inc|702 Adams Street||Carmel
1|Rowland Design Inc|702 North Capitol Ave||Indianapolis
1|Patients Choice Laboratories of Indiana LLC|7026 Corporate Drive||Indianapolis
1|Robert Weed Plywood Corporation|705 Maple Street||Bristol
1|MS Inspection & Logistics Inc|710 E 64th St.||Indianapolis
1|Green Filing LLC|710 E Main Street|Suite 300|Richmond
1|MS Inspection & Logistics Inc|710 E. 64th St.||Indianapolis
1|The Tire Rack Inc|7101 Vorden Parkway||South Bend
1|The Tire Rack Inc|7101 Vorden Pkwy||South Bend
1|Dental Planet LLC|711 Plaza Dr.|Suite 6|Chesterton
1|Areva Pharmaceuticals Inc|7112 Areva Drive NE||Georgetown
1|GGJ Group LLC dba Bakerfield Solutions|7138 Fox Hollow Ridge||Zionsville
1|Nachi America Inc|715 Pushville Road||Greenwood
1|Resolution Group Inc|7155 Shadeland Station Way||Indianapolis
1|Eskenazi Medical Group Inc|720EskenaziAvenue||Indianapolis
1|LaPorte County Comprehensive Mental Health Council Inc|7224 W 400 N||Michigan City
1|Carefirst Rehab LLC|7225 Novas Landing||Sellersburg
1|Ed Carpenter Racing LLC|7231 Georgetown Roard||Indianapolis
1|COMMUNITY HEALTH NETWORK INC|7240 SHADELAND STATION|SUITE 200|INDIANAPOLIS
1|Telecom LLC|7301 East 90th Street|Suite 109|Indianapolis
1|BELL MARKETING SOLUTIONS LLC|732 EMMA DR||SEYMOUR
1|EASY ACCESS INC|7321 Heritage Square Drive|Suite 2140|Granger
1|Shrewsberry & Associates LLC|7321 Shadeland Station|Suite 160|Indianapolis
1|Shrewsberry & Associates LLC|7321 Shadeland Station Way|Suite 160|Indianapolis
1|Pharmaneek Inc|7345 Woodland Dr|Suite A|Indianapolis
1|APRIA HEALTHCARE LLC|7353 COMPANY DRIVE||INDIANAPOLIS
1|APRIA HEALTHCARE LLC|7353 Company Drive||Indianapolis
1|South Bend Community School Corporation|737  Beale St.||South Bend
1|South Bend Community School Corporation|737 Beale St||South Bend
1|The Consultants Consortium Inc|740 East 52nd St. Suite 7||Indianapolis
1|Midwest Accounting LLC|7433 Indianapolis Blvd||Hammond
1|Indiana Math and Science Academy-North Indianapolis|7435 N Keystone AveNnue||Indianapolis
1|Indiana Math and Science Academy-North Indianapolis|7435 N Keystone Avenue||Indianapolis
1|DOCTORS EXCHANGE OF INDIANA PC|745 US HIGHWAY 31 N|SUITE D|GREENWOOD
1|Doctors Exchange of Indiana, P.C.|745 US Highway 31 N|Suite D|Greenwood
1|POLARIS Laboratories LLC|7451 Winton Drive||Indianapolis
1|Cook Medical Technologies LLC|750 N. Daniels Way||Bloomington
1|The Aluminum Trailer Company|751 N. Tomahawk Trail||Nappanee
1|Covenant Christian Schools of Indianapolis Inc|7525 West 21st Street||Indianapolis
1|Integrated Environmental Solutions Inc|7550 Melton Road||Gary
1|Steel Dynamics Inc|7575  W Jefferson Blvd||Fort Wayne
1|Steel Dynamics Inc|7575 W. Jefferson Blvd.||Fort Wayne
1|Steel Dynamics Inc|7575 West Jefferson Blvd.||Fort Wayne
1|Steel Dynamics Inc|7575 West Jefferson Boulevard||Fort Wayne
1|Superior Truss & Panel Inc|7592 Melton Road||Gary
1|EXACT SEAL INC|7601 E 88TH PL|BLDG 3B|INDIANAPOLIS
1|Plastic Recycling Inc|7601 Rockville Road||Indianapolis
1|Mayflower Accounting & Tax Services Corp.|7670 US 31 S||Indianapolis
1|Marshall Family Companies|7719 Loma Ct||Fishers
1|Clauson Marshall Racing LLC|7719 Loma Ct.||Fishers
1|Terex Advance Mixer Inc|7727 Freedom Way||Fort Wayne
1|Lantz Medical Inc|7750 Zionsville Road|STE 800|Indianapolis
1|Valley Professionals Community Health Center Inc|777 S. Main Street|Suite 100|Clinton
1|Electronics Research Inc|7777 GAROADNER ROAD|N/A|CHANDLER
1|Triton Metal Products Inc|7790 S Homestead Drive||Hamilton
1|PAR Inc|7835 Woodland Drive|Suite 150|Indianapolis
1|TopTech1 Inc|7848 Margaret Cir||Newburgh
1|TopTech1 Inc|7848 Margaret Cir.||Newburgh
1|Precision Additive Solutions Inc|7868 Zionsville Road||Indianapolis
1|MS Sedco Inc|7898 Zionsville Road||Indianapolis
1|SECURE DENTAL VIII LLC|7905 Indianapolis Blvd.||Hammond
1|Lutheran Medical Group LLC|7916 West Jefferson Blvd||Fort Wayne
1|Electronic Product Services LLC|7920 Georgetown Road|Suite 800|Indianapolis
1|PWI Corp.|7930 W 1000 N||Nappanee
1|PWI Corp.|7930 W 100N||Nappanee
1|Stoeppelwerth & Associates Inc|7965 E 106th St.||Fishers
1|Ocella Inc|7970 S. Energy Dr.||Newberry
1|Community Hospitals Oncology Physicians LLC|7979 N. Shadeland Avenue||Indianapolis
1|Paragon Medical Inc|8 Matchett Drive||Pierceton
1|Prediction Guard Inc|8 N 3rd Street|Suite 209|Lafayette
1|EIS Machine LLC|800 South Earl Avenue||Lafayette
1|VALUE LABS IT INC|800 Sycamore|Suite 329|Evansville
1|Little Company of Mary Hospital of Indiana Inc|800 West 9th St||Jasper
1|Little Company of Mary Hospital of Indiana Inc|800 West 9th Street||Jasper
1|Ryobi Die Casting (USA) Inc|800 West Mausoleum Road||Shelbyville
1|Rock Creek Community Academy|8000 Diefenbach Lane||Sellersburg
1|INDIANA HEALTH CENTERS INC|8003 CASTLEWAY DRIVE||INDIANAPOLIS
1|Indiana Health Centers Inc|8003 Castleway Drive||Indianapolis
1|Earlham College|801 National Road West||Richmond
1|Familia Dental Evansville LLC|804 Green River Road Suite A||Evansville
1|Familia Dental Evansville LLC|804 S. Green River Road|Suite A|Evansville
1|Familia Dental Evansville LLC|804 S. Green River Road Suite A||Evansville
1|BEULAHWORKS LLC|808 NORTH 360 WEST||VALPARAISO
1|Engelstad Wealth Advisors Inc|810 Brown Street|Suite C|Columbus
1|National Government Services Inc|8115 Knue Road||Indianapolis
1|GDC Inc|815 Logan Street||Goshen
1|Lucrative Innovations Inc|8181 Jordan Lane||Indianapolis
1|AreoCOre Technologies LLC|820 Hendricks Dr||Lebanon
1|Ivy Tech Community College|8204 Highway 311|Suite Ogle 138|Sellersburg
1|KAREX LLC|8211 LUPINE DR||PLAINFIELD
1|Labcorp Central Laboratory Services LP|8211 SciCor Drive||Indianapolis
1|EnviroForensics LLC|825 N Capitol Ave||Indianapolis
1|IncreMedical Therapy Solutions LLC|8259 Wicker Avenue||St. John
1|iwis drive systems LLC|8266 Zionsville Road|Building 100|Indianapolis
1|BeniComp Health Solutions|8310 Clinton Park Drive||Fort Wayne
1|ProTrans International LLC|8311 N Perimeter Road||Indianapolis
1|ProTrans International LLC|8311 N. Perimeter Road||Indianapolis
1|ProTrans International LLC|8311 North Perimeter Road||Indianapolis
1|Adult & Child Mental Health Center Inc|8320 Madison Avenue||Indianapolis
1|Traylor Bros. Inc|835 N. Congress Avenue||Evansville
1|Midwest Eye Consultants Ohio Inc|835 North Cass St.||Wabash
1|Fort Rei LLC|835 Van Buren Street||Fort Wayne
1|Shri Balaganapati LLC|8353 Georgia Street||Merrillville
1|Bluestone Property Management LLC|8401 Moller Road, Suite 68127||Indianapolis
1|E-gineering Inc|8415 Allison Pointe Blvd|Suite 200|Indianpolis
1|Aspire CPAs PC|8425 Woodfield crossing Blvd|Suite 110|Indianapolis
1|Utility Systems Inc|8431 Castlewood Drive||Indianapolis
1|Broadband Antenna Tracking Systems Inc|8431 Georgetown Road|Suite 600|Indianapolis
1|UNITED CONSULTING ENGINEERS INC|8440 ALLISON POINTE BOULEVAROAD|SUITE 200|INDIANAPOLIS
1|JQOL Global LLC|8440 Allison Pointe Blvd|Ste 425|Indianapolis
1|United Consulting Engineers Inc|8440 Allison Pointe Boulevard|Suite 200|Indianapolis
1|Indiana Fitness Works Inc|8455 Keystone Crossing Blvd.||Indianapolis
1|Indiana Health Information Exchange Inc|846 N. Senate Avenue|Suite 300|Indianapolis
1|IKIO LED LIGHTING LLC|8470 Allison Pointe Blvd|Ste 128|Indianapolis
1|Found Search Marketing LLC|8475 Nightfall LN Suite 200||Fishers
1|Found Search Marketing LLC|8475 Nightfall Lane|Ste 200|Fishers
1|Mobile Recell, L.L.C.|8475 Nightfalls Lane|Suite 201|Fishers
1|Verus Engineering LLC|8485 W Washington Street|Suite 3|Indianapolis
1|Porter Physician Services LLC|85 E US HWY 6||Valparaiso
1|Global Telematics Solutions LLC|850 E Franklin Road|Suite 410|Meridian
1|R10 Networks Inc|8500 E. 116TH Street, Unit 841||Fishers
1|Sensit Technologies LLC|851 Transport Dr||Valparaiso
1|Sensit Technologies LLC|851 Transport Drive||Valparaiso
1|Datum Consulting Group LLC|8520 Allison Point Blvd|Suite 220|Indianapolis
1|Datum Consulting Group LLC|8520 Allison Pointe Blvd.|Suite 220|Indianapolis
1|Datum Consulting Group LLC|8520 Allison Pointe Boulevard|Suite 220|Indianapolis
1|HYDROZN LLC|8526 BAY COLONY DRIVE||INDIANAPOLIS
1|Metropolitan School District of Washington Township|8550 Woodfield Crossing Blvd||Indianapolis
1|Southlake Community Mental Health Center Inc|8555 Taft Street||Merrillville
1|Wolff Indiana LLC|860 Repp Drive||Columbus
1|UNIVERSITY OF SOUTHERN INDIANA|8600 UNIVERSITY BLVD||EVANSVILLE
1|University of Southern Indiana|8600 University Blvd||Evansville
1|ADVANCED ENGINEERING CONSULTANTS-ME LLC|8606 Allisonville Road|Suite 270|Indianapolis
1|Hendricks County Hospital|8616 W 10th Street||Indianapolis
1|ClearObject Inc|8626 E 116th Street|Suite 300|Fishers
1|Board of Certified Safety Professionals|8645 Guion Road||Indianapolis
1|Board of Certified Safety Professionals|8646 Guion Road||Indianapolis
1|adidas INDY LLC|8677 Impact Court||Indianapolis
1|The Annex Group LLC|8680 Edison Plaza Drive||Fishers
1|AFFORDABLE DENTURES & IMPLANTS-FISHERS PC|8690 E. 96th Street||Fishers
1|Bionic Prosthetics & Orthotics Group LLC|8695 Connecticut Street|Suite E|Merrillville
1|Indy Ignite LLC|8701 E 116th St|Suite 270|Fishers
1|Asphalt Materials Inc|8720 Robbins Road||Indianapolis
1|Nemcomed FW LLC|8727 Clinton Park Dr.||Fort Wayne
1|Nemcomed FW LLC|8727 Clinton Park Drive||Fort Wayne
1|EnPower Inc|8740  Hague Road|Bldg 7|Indianapolis
1|The Reingold Company Inc PC|8750 Broadway|Suite B|Merrillville
1|Karmah Group Inc|8763 Buttonbush Circle||Plainfield
1|RQAW Corporation|8770 North Street|Suite 110|Fishers
1|Bioscope.ai Inc|880 West Monon Green Blvd.|Suite 101|Carmel
1|FormAssembly Inc|885 S. College Mall Road,  399||Bloomington
1|Ash Brokerage Corporation|888 South Harrison Street|Suite 900|Fort Wayne
1|ITAS INC|8888 KEYSTONE CROSSING|SUITE 1300|INDIANAPOLIS
1|Envoy Inc|8890 E 116th St|Suite 250|Fishers
1|T2 Systems Inc|8900 Keystone Crossing, Suite 700||Indianapolis
1|Northwest Indiana Fabrication LLC|8900 Mississippi|Suite C & D|Merriville
1|Nova Construction LLC|8905 Highway 62||Charlestown
1|Republic Airways Inc|8909 Purdue Road|Suite 300|Indianapolis
1|Republic Airways Inc|8909 Purdue Road, Suite 300||Indianapolis
1|eimagine Technology Group Inc|8925 N Meridian Street|Suite 115|Indianapolis
1|Eli Lilly and Company|893 Delaware Street||Indianapolis
1|Bunmi Adekugbe DMD Inc|8933 White Oak Avenue||Munster
1|Forest River Inc|900 County Road 1||Elkhart
1|Howden Roots LLC|900 W Mount Street||Connersville
1|WaterFurnace International Inc|9000 Conservation Way||Fort Wayne
1|PHD Inc|9009 Clubridge Drive||Fort Wayne
1|Mann Brothers Holdings LLC|901 Kossuth Street||Lafayette
1|Humane Fort Wayne|901 Leesburg Road||Fort Wayne
1|Hansen Corporation|901 S 1st St||Princeton
1|Indiana Nephrology and Internal Medicine, P.C.|9011 N. Meridian Street|Suite 225|Indianapolis
1|IBC Coatings Technologies|902 Hendricks Drive||Lebanon
1|Shiel Sexton Company Inc|902 North Capitol Avenue||Indianapolis
1|Community Care Network Inc & its affiliates as practice sites|905 Ridge Road||Munster
1|Levisonics Inc|9059 TECHNOLGY LANE||Fishers
1|COMMUNITY FOUNDATION OF NORTHWEST INDIANA INC|907 RIDGE ROAD||MUNSTER
1|Community Foundation of Northwest Indiana Inc|907 Ridge Road||Munster
1|3C LLC|9070 Hague Road||Indianapolis
1|Metal Technologies Inc|909 E St|Rd 54|Bloomfield
1|Metal Technologies Inc|909 E St Road 54||Bloomfield
1|Metal Technologies Inc|909 E State|Road 54|Bloomfield
1|Verista Inc|9100  Fall View Drive||Fishers
1|Verista Inc|9100 Fall View Drive||Fishers
1|HOME CARE PROVIDERS INC|9101 N WESLEYAN ROAD|SUITE 310|INDIANAPOLIS
1|TX Team Rehab Inc|9101 WESLEYAN ROAD|SUITE 100|INDIANAPOLIS
1|SJCA INC|9102 N. MERIDIAN STREET|SUITE 200|INDIANAPOLIS
1|SJCA INC|9102 NORTH MERIDIAN STREET|SUITE 200|INDIANAPOLIS
1|SJCA Inc|9102 North Meridian Street|Suite 200|Indianapolis
1|Egglife Foods Inc|911 N 1200 W.||Wolcott
1|CSCGH Shared Services LLC|9111 Broadway|Suite EE|Merrillville
1|Beacon Industries Inc|912 South Walnut Street||Edinburgh
1|Janssen & Spaans Engineering Inc|9120 Harrison Park Court||Indianapolis
1|Mental Health America - Wabash Valley Region Inc|914 South Street||Lafayette
1|Crown Point Pharmacy LLC|9150 E. 109th Avenue|Suite 2B|Crown point
1|CMG Worldwide Inc|9165 Admirals Bay Drive||Indianapolis
1|Stonecast Financial LLC|9165 Otis Avenue|Suite 238|Indianapolis
1|eHealthInsurance Services Inc|9190 Priority Way West Dr.|Suite 110|Indianapolis
1|Location Services LLC|9190 Priority Way West Drive|Suite 300|Indianapolis
1|International Medical Group Inc|9200 Keystone Crossing|Suite 800|Indianapolis
1|Efficiency International LLC|9202 E 33ROAD Steet||Indianapolis
1|Efficiency International LLC|9202 E. 33ROAD Street||Indianapolis
1|We Care Immigration|921 E 86 street|suite 200|indianapolis
1|We Care Immigration|921 East 86th Street||indianapolis
1|Franklin Electric Co. Inc|9255 Coverdale Road||Fort Wayne
1|Baxter Pharmaceutical Solutions LLC|927 S Curry Pike||Bloomington
1|Green Filing LLC|930 E Main Street|Suite 200|Richmond
1|METICULOUS Design Architecture LLC|932 E. Washington Street||Indianapolis
1|Corteva Agriscience LLC|9330 Zionsville Road||Indianapolis
1|Horg Enterprises LLC|935 Park Drive, Lagrange||Lagrange
1|FCC (Adams) LLC|936 East Parr Road||Berne
1|JPS CONSULTING ENGINEERS LLC|9365 COUNSELORS ROW|SUITE 116|Indianapolis
1|MADISON PRECISION PRODUCT INC|94 East 400 North||Madison
1|A.E. Boyce Company Inc|9401 S. Innovation Dr|Suite 400|Daleville
1|A.E. Boyce Company Inc|9401 S. Innovation Drive|Suite 400|Daleville
1|Consulting Management Inspection Design Inc|941 N Meridian St.|Suite C|Indianapolis
1|East Gibson School Corporation|941 S. Franklin St.||Oakland City
1|Interactive Compliance|9425 N Meridian St|Ste 108|Indianapolis
1|Fink, Roberts & Petrie Inc|9449 Priority Way West Drive|Suite 200|Indianapolis
1|RCR Technology Corporation|9450 N. Meridian St.|Suite 300|Indianapolis
1|RCR Technology Corporation|9450 North Meridian Street|Suite 300|Indianapolis
1|Indiana Fitness Works Inc|9480 Priority Way West Drive||Indianapolis
1|St. John Smiles P.C.|9486 Wicker Ave||St. John
1|St. John Smiles PC|9486 Wicker Avenue||St. John
1|ERMCO Inc|95 Commerce Parkway West Dr||Greenwood
1|IU Health Care Associates Inc|950 N Meridian St.|Ste 140|Indianapolis
1|Indiana University Health Care Associates Inc|950 N. Meridian St.|Suite 140|Indianapolis
1|Lafayette Regional Rehabilitation Hospital|950 Park East Blvd.||Lafayette
1|DAST Consulting Services LLC|9511 Angola Court  320||Indianapolis
1|Pyramid Technology Solutions Inc|9535 E. 59th Street|Suite A|Indianapolis
1|Nukemed Inc|9550 Zionsville Road|Suite 1|Indianapolis
1|Kenneth A Sebree & Associates|97 Dover Street|STE 400|Avon
1|Kenneth A Sebree Associates Inc|97 Dover Street, STE 400||AVON
1|CVP VETERINARY IN LLC|970 E. 181ST STREET||WESTFIELD
1|Ompi of America Inc|9701 Giovanni Stevanato Dr||Fishers
1|Trinity Wesleyan Church|9709 Allisonville Road||Indianapolis
1|K & S Engineers Inc|9715 Kennedy Avenue||Highland
1|Affordable Dentures & Implants - East Indianapolis III, P.C.|9749 E. Washington Street|Suite A2|Indianapolis
1|R10 Networks Inc|9761 Crosspoint Blvd, Suite  500||Indianapolis
1|AFCO Performance Group LLC|977 Hyrock Blvd.||Boonville
1|Comfort Guys Inc|977 State Road 46 East|Suite C|Batesville
1|Ocean Blue Solutions Inc|9775 Fairway Dr.|Suite C|Powell
1|BCforward Razor LLC|9777 College Ave||Indianapolis
1|Bucher & Christian Consulting Inc|9777 N College Ae||Indianapolis
1|Bucher and Christian Consulting Inc|9777 N College Ave||Indianapolis
1|Bucher and Christian Consulting Inc|9777 N College Avenue||Indianapolis
1|Culwell Legal LLC|9795 Crosspoint Blvd.|Suite 175|Indianapolis
1|PowderCoil Tecnologies LLC|9800 Connecticut Avenue||Crown Point
1|PowderCoil Technologies LLC|9800 Connecticut Drive||Crown Point
1|PTS Automation Inc|9851 Park Davis Dr.||Indianapolis
1|Complete Structural Consulting Inc|9880 Westpoint Drive|Suite 100|Indianapolis
1|Center for Implant Dentistry and Periodontics LLC|9885 E. 116th Street|Suite 200|Fishers
1|BWI Indiana Inc|989 Opportunity Pkwy||Greenfield
1|Force Construction Company Inc|990 N National Road||Columbus
1|Theracare Inc|9957 Allisonville Road||Fishers
1|Fort Wayne City Utilities|Citizens Square, 200 East Berry Street|Suite 365|Fort Wayne
1|Indiana University|Eigenmann Hall, Room 525|1900 E 10th St|Bloomington
1|Indiana University|Ferguson International Center|330 N Eagleson Ave|Bloomington
1|Indiana University Indianapolis|IU Indianapolis Office of International Affairs|902 W. New York St., ES 2126|Indianapolis
1|Indiana University Indianapolis|IUI Office of International Affairs|902 W. New York St., ES 2126|Indianapolis
1|Indiana University Purdue University Indianapolis|IUPUI Office of International Affairs|902 W. New York St., ES 2126|Indianapolis
1|Harba Solutions Inc|Lakeside 14|9225 Priority Way, West Drive|Indianapolis
1|ALLISON TRANSMISSION INC|ONE ALLISON WAY||Indianapolis
1|HILLENBRAND|ONE BATESVILLE ROAD||BATESVILLE
1|Indiana University Indianapolis|Office of International Affairs|902 W. New York St., ES 2126|Indianapolis
1|Novartis Gene Therapies Inc|One  Health Plaza||East Hanover
1|Allison Transmission Inc|One Allison Way||Indianapolis
1|American United Life Insurance Company|One American Square||Indianapolis
1|Old National Bank|One Main Street|P.O. Box 718|Evansville
1|AES US Services LLC|One Monument Circle|Floor 9|Indianapolis
1|Trine University|One University Ave||Angola
1|Zotec Partners LLC|One Zotec Way||Carmel
1|International Medical Group Inc|P.O. Box 88006||Indianapolis
1|INTERNATIONAL MEDICAL GROUP INC|PO BOX 88006||Indianapolis
1|Congregation of Holy Cross, United States Province Inc|PO Box 1064, 54515 SR 933 North||Notre Dame
1|Wei & Li LLC|Purdue Memorial Union,101 N Grant St||West Lafayette
1|enFocus Inc|Studebaker 113 635 S Lafayette Blvd|Suite 105|South Bend
1|Doctors Exchange of Indiana PC|US Highway 31 N||Greenwood
1|IU Health Care Associates|c/o IUPUI Office of International Affairs|902 W. New York Street, ES 2126|Indianapolis
1|IU Health Care Associates|c/o Indiana University Indianapolis|Off Intl Affairs, 902 W. New York Street, ES 2126|Indianapolis
(1933 rows)
