count|employer_name|employer_address1|employer_address2|employer_city
48|Trendset IT Inc|38345 W 10 Mile Road|120|Farmington Hills
48|Trendset IT Inc|38345 W 10 Mile Road|STE 120|Farmington Hills
48|Bhrigus Inc|38345 W 10 Mile Road|STE 125|Farmington Hills
48|Computek Solutions Inc|38345 W 10 Mile Road|STE 145|Farmington Hills
48|Lancosoft Inc|38345 W 10 Mile Road|STE 165|Farmington Hills
48|Brightsharks Engineering Services LLC|38345 W 10 Mile Road|STE 200|Farmington Hills
48|GENESIS SOFTWARE SOLUTIONS INC|38345 W 10 Mile Road|SUITE 148|FARMINGTON HILLS
48|IT RYSOURCES INC|38345 W 10 Mile Road|Ste 111|Farmington Hills
48|Trendset IT Inc|38345 W 10 Mile Road|Ste 120|Farmington Hills
48|Bhrigus Inc|38345 W 10 Mile Road|Ste 125|Farmington Hills
48|IT RYSOURCES INC|38345 W 10 Mile Road|Ste 143A|Farmington Hills
48|Computek Solutions Inc|38345 W 10 Mile Road|Ste 145|Farmington Hills
48|AMEX SYSTEMS INC|38345 W 10 Mile Road|Ste 146|Farmington Hills
48|GENESIS SOFTWARE SOLUTIONS INC|38345 W 10 Mile Road|Ste 148|Farmington Hills
48|American IT Solutions Inc|38345 W 10 Mile Road|Ste 210|Farmington
48|IKON Software Services|38345 W 10 Mile Road|Ste 255|Farmington Hills
48|ARKS IT Inc|38345 W 10 Mile Road|Ste 270|Farmington Hills
48|Nalin and Associates PC|38345 W 10 Mile Road|Ste 354|Farmington Hills
48|DVS Technosoft Inc|38345 W 10 Mile Road|Ste 354|Farmington Hills
48|VKTEK INC|38345 W 10 Mile Road|Suite 110|Farmington Hills
48|IT RYSOURCES INC|38345 W 10 Mile Road|Suite 111|FARMINGTONHILLS
48|Trendset It Inc|38345 W 10 Mile Road|Suite 120|Farmington Hills
48|Trendset|38345 W 10 Mile Road|Suite 120|Farmington Hills
48|Trendset IT Inc|38345 W 10 Mile Road|Suite 120|Farmington Hills
48|Bhrigus Inc|38345 W 10 Mile Road|Suite 125|Farmington Hill
48|Mercedes-Benz Financial Services|38345 W 10 Mile Road|Suite 125|Farmington Hills
48|Bhrigus Inc|38345 W 10 Mile Road|Suite 125|48335
48|Bhrigus Inc|38345 W 10 Mile Road|Suite 125|Farmington Hills
48|Bhrius Inc|38345 W 10 Mile Road|Suite 125|Farmington Hills
48|Computek Solutions Inc|38345 W 10 Mile Road|Suite 145|Farmington Hills
48|Computek Solutions IT|38345 W 10 Mile Road|Suite 145|Farmington Hills
48|Samru Systems LLC|38345 W 10 Mile Road|Suite 147|Farmingtion Hills
48|Samru Systems llc|38345 W 10 Mile Road|Suite 147|Farmington Hills
48|Genesis Software Solutions Inc|38345 W 10 Mile Road|Suite 148|Farmington Hills
48|Ted Soft Solutions Inc|38345 W 10 Mile Road|Suite 155|Farmington Hills
48|Emergtech Business Solutions Inc|38345 W 10 Mile Road|Suite 243|Farmington Hills
48|IKON Software Services|38345 W 10 Mile Road|Suite 255|Farmington Hills
48|BRAINS TECHNOLOGY SOLUTIONS INC|38345 W 10 Mile Road|Suite 256|Farmington Hills
48|ARKS IT INC|38345 W 10 Mile Road|Suite 270|Farmington Hills
48|BRAINS TECHNOLOGY SOLUTIONS INC|38345 W 10 Mile Road|Suite 300|Farmington Hills
48|Loop Bell Tech Inc|38345 W 10 Mile Road|Suite 300|Farmington Hills
48|Tekzens Inc|38345 W 10 Mile Road|Suite 300|Farmington Hills
48|Brains Technology Solutions Inc|38345 W 10 Mile Road|Suite 300|Farmington Hills
48|Tekzens Inc|38345 W 10 Mile Road|Suite 300B|Farmington Hills
48|Exito Tech Inc|38345 W 10 Mile Road|Suite 345|Farmington Hills
48|S3STAFFINGUSA INC|38345 W 10 Mile Road|Suite 350B|Farmington Hills
48|S3StaffingUSA LLC|38345 W 10 Mile Road|Suite 350B|Farmington Hills
48|GBSN Infotech Inc|38345 W 10 Mile Road|Suite 359,|Farmington Hills
29|EMERGTECH BUSINESS SOLUTIONS INC|38345 W 10 MILE ROAD|243|FARMINGTON HILLS
29|EMERGTECH BUSINESS SOLITIONS INC|38345 W 10 MILE ROAD|243|Farmington Hills
29|EMERGTECH BUSINESS SOLUTIONS INC|38345 W 10 MILE ROAD|243|Farmington Hills
29|EMERGTECH BUSINESS SOLUTIOSN INC|38345 W 10 MILE ROAD|243|Farmington Hills
29|EMERGTECH BUSINESS SOLUTIOS INC|38345 W 10 MILE ROAD|243|Farmington Hills
29|EMERGTECH BUSINEES SOLUTIONS INC|38345 W 10 MILE ROAD|243|Farmington Hills
29|WESTERN IT USA INC|38345 W 10 MILE ROAD|STE 111|FARMINGTON HILLS
29|TED SOFT SOLUTIONS INC|38345 W 10 MILE ROAD|STE 155|FARMINGTON HILLS
29|TECHSWITCH LLC|38345 W 10 MILE ROAD|STE 350|FARMINGTON HILLS
29|ADROIT INFOTECH LIMITED|38345 W 10 MILE ROAD|STE 354|FARMINGTON
29|DVS Technosoft Inc|38345 W 10 MILE ROAD|STE 354|FARMINGTON HILLS
29|IT RYSOURCES INC|38345 W 10 MILE ROAD|SUITE 111|Northville
29|IT RYSOURCES INC|38345 W 10 MILE ROAD|SUITE 111|FARMINGTONHILLS
29|TRENDSET IT INC|38345 W 10 MILE ROAD|SUITE 120|FARMINGTON HILLS
29|TISCO Group Inc|38345 W 10 MILE ROAD|SUITE 124|FARMINGTON HILLS
29|TECHNOVISION SOLUTION LLC|38345 W 10 MILE ROAD|SUITE 130|FARMINGTON HILLS
29|TECHNOVISION SOLUTION LLC|38345 W 10 MILE ROAD|SUITE 130|Farmington Hills
29|SAMRU SYSTEMS LLC|38345 W 10 MILE ROAD|SUITE 147|FARMINGTON HILLS
29|TECHSWITCH LLC|38345 W 10 MILE ROAD|SUITE 153|FARMINGTON HILLS
29|SAMRU SYSTEMS LLC|38345 W 10 MILE ROAD|SUITE 234|FARMINGTON HILLS
29|EMERGTECH BUSINESS SOLUTIONS INC|38345 W 10 MILE ROAD|SUITE 243|FARMINGTON HILLS
29|JK IT SERVICES LLC|38345 W 10 MILE ROAD|SUITE 256|FARMINGTON HILLS
29|JK IT Services LLC|38345 W 10 MILE ROAD|SUITE 256|FARMINGTON HILLS
29|Techswitch LLC|38345 W 10 MILE ROAD|SUITE 350|FARMINGTON HILLS
29|Techswitch LLC|38345 W 10 MILE ROAD|SUITE 350 A|FARMINGTON HILLS
29|APTDATA SOLUTIONS INC|38345 W 10 MILE ROAD|SUITE 360|FARMINGTON
29|IT RYSOURCES INC|38345 W 10 MILE ROAD|Suite 111|FARMINGTONHILLS
29|EMERGTECH BUSINESS SOLUTIONS INC|38345 W 10 MILE ROAD||FARMINGTON HILLS
29|EMERGTECH BUSINESS SOLUTIONS INC|38345 W 10 MILE ROAD||Farmington Hills
28|Novisys LLC|24155 Drake Road|210|Farmington Hills
28|Talent Trust Tech Inc|24155 Drake Road|STE 201|Farmington
28|CODE TECH INC|24155 Drake Road|STE 205|Farmington Hills
28|Saturn Tech LLC|24155 Drake Road|Ste 143|Farmington
28|Vennar Soft Inc|24155 Drake Road|Ste 200|Farmington Hills
28|Code Tech. Inc|24155 Drake Road|Ste 205|Farmington Hills
28|Code Tech Inc|24155 Drake Road|Ste 205|Farmington Hills
28|Unique Tech. Inc|24155 Drake Road|Ste 208|Farmington Hills
28|9Dots Technology Inc|24155 Drake Road|Suite 107|Farmington
28|POLYGON IT SOLUTIONS LLC|24155 Drake Road|Suite 109|Farmington Hills
28|Polygon IT Solutions LLC|24155 Drake Road|Suite 109|Farmington Hills
28|Teradyne Infotech Inc|24155 Drake Road|Suite 120|Farmington Hills
28|SKR Soft Inc|24155 Drake Road|Suite 123|Farmington
28|PEGASYS SYSTEMS & TECHNOLOGIES INC|24155 Drake Road|Suite 126|Farmington
28|TeKCommands Inc|24155 Drake Road|Suite 130|Farmington Hills
28|Relynk IT Inc|24155 Drake Road|Suite 140|Farmington Hills
28|RELYNK IT INC|24155 Drake Road|Suite 140|FARMINGTON HILLS
28|Saturn Tech LLC|24155 Drake Road|Suite 143|Farmington
28|Cardus Inc|24155 Drake Road|Suite 200|Farmington Hills
28|dFarm Inc|24155 Drake Road|Suite 201|Farmington Hills
28|dFarm Inc|24155 Drake Road|Suite 202|Farmington Hills
28|Zume IT Inc|24155 Drake Road|Suite 203|Farmington Hills
28|TEKLABS INC|24155 Drake Road|Suite 204|Farmington Hills
28|Tek Labs Inc|24155 Drake Road|Suite 204|Farmington Hills
28|TEK LABS Inc|24155 Drake Road|Suite 204|Farmington Hills
28|Unique Tech Inc|24155 Drake Road|Suite 208|Farmington Hills
28|Novisys LLC|24155 Drake Road|Suite 210|Farmington
28|Group Nine LLC|24155 Drake Road||Farmington Hills
25|Meridian Technologies Inc|22710 Haggerty Road|190|Farmington Hills
25|Cross Sense Analytics LLC|22710 Haggerty Road|STE 171|Farmington Hills
25|Meridian Technologies Inc|22710 Haggerty Road|STE 190|Farmington Hills
25|Meridian Technologies Inc|22710 Haggerty Road|Ste 190|Farmington Hills
25|Medha Global Services LLC|22710 Haggerty Road|Ste 191|Farmington Hills
25|GreenByte Technologies LLC|22710 Haggerty Road|Suite 100|Farmington Hills
25|IQ Spectra Inc|22710 Haggerty Road|Suite 131|FARMINGTON HILLS
25|IQ Spectra Inc|22710 Haggerty Road|Suite 131|Farmington Hills
25|Shinewell Technologies Inc|22710 Haggerty Road|Suite 132|FARMINGTON HILLS
25|Shinewell Technologies|22710 Haggerty Road|Suite 132|Farmington Hills
25|Shinewell Technologies Inc|22710 Haggerty Road|Suite 132|FARMINGTON Hills
25|Shinewell Technologies Inc|22710 Haggerty Road|Suite 132|Farmington Hills
25|RedRock USA Inc|22710 Haggerty Road|Suite 155|Farmington Hills
25|IT Talentforce LLC|22710 Haggerty Road|Suite 161|Farmington Hills
25|CapstoneUSA LLC|22710 Haggerty Road|Suite 175|Farmington Hills
25|CAPSTONE USA LLC|22710 Haggerty Road|Suite 175|Farmington Hills
25|JLAN USA TECHNOLOGIES|22710 Haggerty Road|Suite 178|Farmington Hills
25|Meridian Technologies Inc|22710 Haggerty Road|Suite 190|Farmington Hills
25|Medha Global Services LLC|22710 Haggerty Road|Suite 191|Farmington Hills
25|Novi IT Inc|22710 Haggerty Road|Suite 192|Farmington Hills
25|Kumo IT Services Inc|22710 Haggerty Road|Suite 193|Farmington Hills
25|COMP CONSULTS INC|22710 Haggerty Road|Suite 197|Farmington Hills
25|Technodrive Business Solutions Inc|22710 Haggerty Road|Suite 198|Farmington Hills
25|Amerisoftpro Systems LLC|22710 Haggerty Road|Suite 199|Farmington Hills
25|Shinewell Technologies Inc|22710 Haggerty Road|suite 132|Farmington Hills
24|ROBERT BOSCH LLC|38000 HILLS TECH DRIVE|N/A|FARMINGTON HILLS
24|FHP MANUFACTURING COMPANY|38000 HILLS TECH DRIVE|N/A|FARMINGTON HILLS
24|ETAS INC|38000 HILLS TECH DRIVE|N/A|FARMINGTON HILLS
24|ROBERT BOSCH AUTOMOTIVE STEERING LLC|38000 HILLS TECH DRIVE|N/A|FARMINGTON HILLS
24|BOSCH AUTOMOTIVE SERVICE SOLUTIONS INC|38000 HILLS TECH DRIVE|N/A|FARMINGTON HILLS
24|BOSCH AUTOMOTIVE SERVICE SOLUTIONS LLC|38000 HILLS TECH DRIVE|N/A|FARMINGTON HILLS
24|AUTOMOTIVE STEERING COLUMN LLC|38000 HILLS TECH DRIVE|N/A|FARMINGTON HILLS
24|BOSCH SECURITY SYSTEMS LLC|38000 HILLS TECH DRIVE|N/A|FARMINGTON HILLS
24|BOSCH THERMOTECHNOLOGY CORPORATION|38000 HILLS TECH DRIVE|N/A|FARMINGTON HILLS
24|ROBERT BOSCH TOOL CORPORATION|38000 HILLS TECH DRIVE|N/A|FARMINGTON HILLS
24|ROBERT BOSCH AUTOMOTIVE STEERING LLC|38000 HILLS TECH DRIVE||FARMINGTON HILLS
24|AUTOMOTIVE STEERING COLUMN LLC|38000 HILLS TECH DRIVE||FARMINGTON HILLS
24|BOSCH SECURITY SYSTEMS INC|38000 HILLS TECH DRIVE||FARMINGTON HILLS
24|ROBERT BOSCH LLC|38000 HILLS TECH DRIVE||Farmington Hills
24|Robert Bosch LLC|38000 HILLS TECH DRIVE||FARMINGTON HILLS
24|BOSCH REXROTH CORPORATION|38000 HILLS TECH DRIVE||FARMINGTON HILLS
24|ROBERT BOSCH LLC|38000 HILLS TECH DRIVE||FARMINGTON HILLS
24|Freud America|38000 HILLS TECH DRIVE||FARMINGTON HILLS
24|ETAS INC|38000 HILLS TECH DRIVE||FARMINGTON HILLS
24|ITK ENGINEERING LLC|38000 HILLS TECH DRIVE||FARMINGTON HILLS
24|BOSCH THERMOTECHNOLOGY CORPORATION|38000 HILLS TECH DRIVE||FARMINGTON HILLS
24|Bosch Brake Components LLC|38000 HILLS TECH DRIVE||FARMINGTON HILLS
24|Bosch Automotive Service Solutions Inc|38000 HILLS TECH DRIVE||FARMINGTON HILLS
24|ROBERT BOSCH TOOL CORPORATION|38000 HILLS TECH DRIVE||FARMINGTON HILLS
22|Lee Hecht Harrison LLC|900 N Squirrel Road|300|Auburn Hills
22|ADO Staffing Inc|900 N Squirrel Road|300|Auburn Hills
22|Akkodis E&T LLC|900 N Squirrel Road|300|Auburn Hills
22|Akkodis Inc|900 N Squirrel Road|300|Auburn Hills
22|GLOBAL Automation Technologies LLC|900 N Squirrel Road|STE 175|Auburn Hills
22|Akkodis Inc|900 N Squirrel Road|STE 300|Auburn Hills
22|Vettery Inc|900 N Squirrel Road|Ste 300|Auburn Hills
22|Akkodis Inc|900 N Squirrel Road|Ste 300|Auburn Hills
22|Akkodis E&T LLC|900 N Squirrel Road|Ste 300|Auburn Hills
22|Benteler Steel/Tube Manufacturing Corp.|900 N Squirrel Road|Suite 100|Auburn Hills
22|Benteler Automotive Corporation|900 N Squirrel Road|Suite 100|Auburn Hills
22|Global Automation Technologies LLC|900 N Squirrel Road|Suite 175|Auburn Hills
22|Adecco USA Inc|900 N Squirrel Road|Suite 300|Auburn Hills
22|Akkodis E&T LLC|900 N Squirrel Road|Suite 300|Auburn Hills
22|Entegee Inc|900 N Squirrel Road|Suite 300|Auburn Hills
22|Pontoon Solutions Inc|900 N Squirrel Road|Suite 300|Auburn Hills
22|ADO Staffing Inc|900 N Squirrel Road|Suite 300|Auburn Hills
22|Akkodis Inc|900 N Squirrel Road|Suite 300|Auburn Hills
22|AKKODIS E&T LLC|900 N Squirrel Road|Suite 300|Auburn Hills
22|Akkodis Inc|900 N Squirrel Road||Auburn Hills
22|Akkodis E&T LLC|900 N Squirrel Road||Auburn Hills
22|Lee Hecht Harrison LLC|900 N Squirrel Road||Auburn Hills
21|Revere Plastics Systems LLC|39555 Orchard Hill Place|Ste 155|Novi
21|SPA Associates|39555 Orchard Hill Place|Suite 130|Novi
21|Information Gateways Inc|39555 Orchard Hill Place|Suite 135|Novi
21|Niche IT Software Solutions LLC|39555 Orchard Hill Place|Suite 150|Novi
21|Profile DM Inc|39555 Orchard Hill Place|Suite 165|Novi
21|Symplore Inc|39555 Orchard Hill Place|Suite 203|Novi
21|ESTECO North America Inc|39555 Orchard Hill Place|Suite 457|Novi
21|Hinduja Tech Inc|39555 Orchard Hill Place|Suite 600|Novi
21|Hinduja Tech INC|39555 Orchard Hill Place|Suite 600|Novi
21|Mifi Systems Inc|39555 Orchard Hill Place|Suite 600|Novi
21|AGP E-Glass Co.|39555 Orchard Hill Place|Suite 600|Novi
21|ABAB Solutions Inc|39555 Orchard Hill Place|Suite 600|Novi
21|Symplore Inc|39555 Orchard Hill Place|Suite 600|Novi
21|Cognitive Minds Inc|39555 Orchard Hill Place|Suite 600|Novi
21|AGP eGlass Co.|39555 Orchard Hill Place|Suite 600|Suite 600
21|ABAB Solutions Inc|39555 Orchard Hill Place|Suite 600|NOVI
21|ABAB Solutions INC|39555 Orchard Hill Place|Suite 600|NOVI
21|Embitel Technologies Inc|39555 Orchard Hill Place|Suite 600|Novi
21|AGP eGlass|39555 Orchard Hill Place|Suite 600|Novi
21|Jet Bridge LLC|39555 Orchard Hill Place|Suite 600|Novi
21|Cortracker Inc|39555 Orchard Hill Place|Suite 600|Novi
20|STRATEGIC STAFFING IT INC|28345 Beck Road|105|WIXOM
20|STRATEGIC STAFFING IT INC|28345 Beck Road|105|Wixom
20|Geonine Inc|28345 Beck Road|306A|WIXOM
20|KPK Technologies Inc|28345 Beck Road|309|Wixom
20|Primasolv LLC|28345 Beck Road|STE 306|Wixom
20|STRATEGIC STAFFING IT INC|28345 Beck Road|SUITE 105|Wixom
20|High Tech Commerce Inc|28345 Beck Road|Ste 208|Wixom
20|KPK Technologies Inc|28345 Beck Road|Ste 309|Wixom
20|Saabhitech LLC|28345 Beck Road|Suit 406|Wixom
20|Dsign Code LLC|28345 Beck Road|Suite 100|Wixom
20|Infonet Technologies LLC|28345 Beck Road|Suite 303|Wixom
20|Applied Computer Techniques|28345 Beck Road|Suite 308|Wixom
20|Applied Computer Techniques Inc|28345 Beck Road|Suite 308|Wixom
20|Applied Computer Techniques Inc|28345 Beck Road|Suite 308|WIXOM
20|KPK Technologies Inc|28345 Beck Road|Suite 309|Wixom
20|Patton Labs Inc|28345 Beck Road|Suite 402|Wixom
20|Saabhitech|28345 Beck Road|Suite 406|Wixom
20|Data Solutions INC|28345 Beck Road|Suite 406|Wixom
20|Saabhitech LLC|28345 Beck Road|Suite 406|Wixom
20|Data Solutions Inc|28345 Beck Road|Suite 406|Wixom
18|STRATEGIC STAFFING IT NC|28345 BECK ROAD|105|WIXOM
18|STRATEGIC STAFFING IT INC|28345 BECK ROAD|105|Wixom
18|STRATEGIC STAFFING ITINC|28345 BECK ROAD|105|WIXOM
18|STRATEGIC STAFFING IT INC|28345 BECK ROAD|105|WIXOM
18|DATA SOLUTIONS INC|28345 BECK ROAD|406|WIXOM
18|CLOUD IT LLC|28345 BECK ROAD|STE 105|WIXOM
18|PRIMASOLV LLC|28345 BECK ROAD|STE 306|WIXOM
18|PrimaSolv LLC|28345 BECK ROAD|STE 306|WIXOM
18|Primasolv LLC|28345 BECK ROAD|STE 306|Wixom
18|Primasolv LLC|28345 BECK ROAD|STE 306,|Wixom
18|562505516|28345 BECK ROAD|STE 306A|WIXOM
18|GEONINE INC|28345 BECK ROAD|STE 306A|WIXOM
18|Geonine Inc|28345 BECK ROAD|STE 306A|WIXOM
18|S4 TECHNOLOGIES INC|28345 BECK ROAD|SUITE 101|WIXOM
18|STRATEGIC STAFFING IT INC|28345 BECK ROAD|SUITE 105|WIXOM
18|INFONET TECHNOLGIES LLC|28345 BECK ROAD|SUITE 303|WIXOM
18|INFONET TECHNOLOGIES LLC|28345 BECK ROAD|SUITE 303|WIXOM
18|APPLIED COMPUTER TECHNIQUES|28345 BECK ROAD|SUITE 308|WIXOM
17|Yashraj Technologies Inc|29777 Telegraph Road|SUITE 2260|Southfield
17|MIC Logistics Corporation|29777 Telegraph Road|Suite 1130|Southfield
17|Rediminds Inc|29777 Telegraph Road|Suite 1670|Southfield
17|Yashraj Technologies Inc|29777 Telegraph Road|Suite 2260|Southfield
17|SEOYON AMERICA CORPORATION|29777 Telegraph Road|Suite 2415|Southfield
17|Ramsoft Systems Inc|29777 Telegraph Road|Suite 2430|Southfield
17|Tru Dental Michigan, PC|29777 Telegraph Road|Suite 2650|Southfield
17|Great Expressions Dental Centers of New Jersey PC|29777 Telegraph Road|Suite 3000|Southfield
17|Great Expressions Dental Centers of Massachusetts PC|29777 Telegraph Road|Suite 3000|Southfield
17|Dental Health Group, PA|29777 Telegraph Road|Suite 3000|Southfield
17|Dental Health Group PA|29777 Telegraph Road|Suite 3000|Southfield
17|Great Expressions Dental Centers of Georgia PC|29777 Telegraph Road|Suite 3000|Southfield
17|Great Expressions Dental Centers, PC|29777 Telegraph Road|Suite 3000|Southfield
17|Great Expressions Dental Centers of Texas, PLLC|29777 Telegraph Road|Suite 3000|Southfield
17|Great Expressions Dental of New York LLP|29777 Telegraph Road|Suite 3000|Southfield
17|ADG LLC|29777 Telegraph Road|Suite 3000|Southfield
17|Ecera System LLC|29777 Telegraph Road|Suite 4200|Southfield
14|TERADYNE INFOTECH INC|24155 DRAKE ROAD|SUIT 120|FARMINGTON HILLS
14|DC TEK INC|24155 DRAKE ROAD|SUITE 100|FARMINGTON HILLS
14|TEKCOMMANDS INC|24155 DRAKE ROAD|SUITE 130|FARMINGTON HILLS
14|TekCommands Inc|24155 DRAKE ROAD|SUITE 130|FARMINGTON HILLS
14|VAOYO LLC|24155 DRAKE ROAD|SUITE 140|FARMINGTON HILLS
14|Ameya Global INC|24155 DRAKE ROAD|SUITE 202|FARMINGTON HILLS
14|AMEYA GLOBAL INC|24155 DRAKE ROAD|SUITE 202|FARMINGTN HLS
14|AMEYA GLOBAL INC|24155 DRAKE ROAD|SUITE 202|FARMINGTON HILLS
14|CODE TECH INC|24155 DRAKE ROAD|SUITE 205|FARMINGTON HILLS
14|AMEYA GLOBAL INC|24155 DRAKE ROAD|SUITE 206|FARMINGTON HILLS
14|Ameya Global INC|24155 DRAKE ROAD|SUITE 206|FARMINGTON HILLS
14|BMP Technologies LLC|24155 DRAKE ROAD|SUITE 207|Farmington Hills
14|UNIQUE TECH INC|24155 DRAKE ROAD|SUITE 208|FARMINGTON HILLS
14|UNIQUETECH INC|24155 DRAKE ROAD|SUITE 208|FARMINGTON HILLS
14|Faurecia Hydrogen Solutions North America Inc|2800 High Meadow Circle||Auburn Hills
14|SAS Automotive USA Inc|2800 High Meadow Circle||Auburn Hills
14|Faurecia Emissions Control Technologies, USA LLC|2800 High Meadow Circle||Auburn Hills
14|Faurecia Interior Systems Saline LLC|2800 High Meadow Circle||Auburn Hills
14|Clarion Corporation of America|2800 High Meadow Circle||Auburn Hills
14|Faurecia Interior Systems Inc|2800 High Meadow Circle||Auburn Hills
14|FAURECIA AUTOMOTIVE SEATING LLC|2800 High Meadow Circle||Auburn Hills
14|Faurecia Automotive Seating LLC|2800 High Meadow Circle||Auburn Hills
14|Faurecia USA Holdings Inc|2800 High Meadow Circle||Auburn Hills
14|FAURECIA USA HOLDINGS INC|2800 High Meadow Circle||Auburn Hills
14|Faurecia Interiors Louisville LLC|2800 High Meadow Circle||Auburn Hills
14|Faurecia Madison Automotive Seating Inc|2800 High Meadow Circle||Auburn Hills
14|Total Network Manufacturing LLC|2800 High Meadow Circle||Auburn Hills
14|Faurecia Emissions Control Systems, NA LLC|2800 High Meadow Circle||Auburn HIlls
14|Magna Services of America Inc|750 Tower Drive|MC 7400|Troy
14|Magna Closures of America Inc|750 Tower Drive|Mail Code 2000|Troy
14|Vehma International of America Inc|750 Tower Drive|Mail Code 4000|Troy
14|Magna Services of America Inc|750 Tower Drive|Mail Code 7400|Troy
14|Magna Exteriors America Holdings Inc Exterior Systems Engineering|750 Tower Drive|Suite 6100|Troy
14|SDVerse LLC|750 Tower Drive||Troy
14|Magna Steyr USA Inc|750 Tower Drive||Troy
14|Magna Exteriors America Holdings Inc Interior Systems Engineering|750 Tower Drive||Troy
14|MAGNA SERVICES OF AMERICA INC|750 Tower Drive||Troy
14|111 Industries Inc|750 Tower Drive||Troy
14|Magna Exteriors America Holdings Inc Exterior Systems Engineering|750 Tower Drive||Troy
14|Magna Services of America Inc|750 Tower Drive||Troy
14|Vehma International of America Inc|750 Tower Drive||Troy
14|Magna Exteriors America Holdings Inc|750 Tower Drive||Troy
12|AlixPartners, LLP|2000 Town Center|2400|Southfield
12|APEX PROCESS CONSULTANTS, L.L.C.|2000 Town Center|SUITE 1900|SOUTHFIELD
12|Angstrom-USA LLC|2000 Town Center|Suite 1100|Southfield
12|Altimetrik Corp.|2000 Town Center|Suite 170|Southfield
12|Astute Inc|2000 Town Center|Suite 1710|Southfield
12|Clayton & McKervey P.C.|2000 Town Center|Suite 1800|Southfield
12|AcuBahn Inc|2000 Town Center|Suite 1900|Southfield
12|AlixPartners LLC|2000 Town Center|Suite 2400|Southfield
12|AlixPartners, LLP|2000 Town Center|Suite 2400|Southfield
12|AlixPartners, LLP|2000 Town Center|Suite 2400|SOUTHFIELD
12|Anvaya Digital Inc|2000 Town Center|Suite 300|Southfield
12|Thundersoft America Corporation|2000 Town Center|Suite 660|Southfield
12|Piezos Technology Solutions Inc|21800 Haggerty Road|210|Northville
12|PIEZOS TECHNOLOGY SOLUTIONS INC|21800 Haggerty Road|Ste 210|Northville
12|ND Innovation North America Inc|21800 Haggerty Road|Suite 202|Northville
12|SoftPath Technologies LLC|21800 Haggerty Road|Suite 204|Northville,
12|SOFTPATH TECHNOLOGIES LLC|21800 Haggerty Road|Suite 204|Northville
12|Softpath Technologies LLC|21800 Haggerty Road|Suite 204|Northville
12|SoftPath Technologies LLC|21800 Haggerty Road|Suite 204|Northville
12|SoftPath Technologies LLC|21800 Haggerty Road|Suite 204,|Northville
12|Piezos Technology Solutions Inc|21800 Haggerty Road|Suite 210|northville
12|Piezos Technology Solutions Inc|21800 Haggerty Road|Suite 210|Northville
12|Lancosoft Inc|21800 Haggerty Road|Suite 210|Northville
12|Cortracker Inc|21800 Haggerty Road|Suite 212|Northville
12|General Motors Company|300 Renaissance Center|MC 482-C32-C66|Detroit
12|Cruise LLC|300 Renaissance Center|MC 482-C36-D48|Detroit
12|General Motors LLC|300 Renaissance Center|MC 482-C36-D48|DETROIT
12|General Motors LLC|300 Renaissance Center|MC 482-C36-D48|Detroit
12|GM Personnel Service Inc|300 Renaissance Center|MC 482-C36-D48|Detroit
12|General Motors|300 Renaissance Center|MC 482-C36-D48|Detroit
12|General Motors Company|300 Renaissance Center|MC 482-C36-D48|Detroit
12|GM Personnel Services Inc|300 Renaissance Center||Detroit
12|General Motors Company|300 Renaissance Center||Detroit
12|Cruise LLC|300 Renaissance Center||Detroit
12|GM Personnel Service Inc|300 Renaissance Center||Detroit
12|General Motors|300 Renaissance Center||Detroit
12|VED Software Services Inc|37811 West 12 Mile Road|201|Farmington Hills
12|VED Software Services Inc|37811 West 12 Mile Road|STE 201|Farmington Hills
12|VED Software SERVICES, inc.|37811 West 12 Mile Road|STE 201|Farmington Hills
12|VED Software Services Inc|37811 West 12 Mile Road|STE 201|FARMINGTON HILLS
12|VED Software Services INC|37811 West 12 Mile Road|STE 201|Farmington Hills
12|VED Software Services Inc|37811 West 12 Mile Road|Ste - 201|Farmington Hills
12|VED Software Services INC|37811 West 12 Mile Road|Ste 201|Farmington Hills
12|VED Software Services Inc|37811 West 12 Mile Road|Ste 201|FARMINGTON HILLS
12|VED Software Services Inc|37811 West 12 Mile Road|Ste 201|48331
12|VED Software Services Inc|37811 West 12 Mile Road|Ste 201|Farmington Hills
12|VED Software Services Inc|37811 West 12 Mile Road|Suite 201|Farmington Hills
12|VED Software Services Inc|37811 West 12 Mile Road|ste 201|Farmington Hills
11|Spectrum Health Primary Care Partners d/b/a Spectrum Health Medical Group|444 Michigan St. NE|MC50|Grand Rapids
11|Corewell Health (formerly Spectrum Health System)|444 Michigan St. NE|MC50|Grand Rapids
11|Priority Health|444 Michigan St. NE||Grand Rapids
11|Spectrum Health Primary Care Partners|444 Michigan St. NE||Grand Rapids
11|Spectrum Health Primary Care Partners d/b/a Spectrum Health Medical Group|444 Michigan St. NE||Grand Rapids
11|Corewell Health (formerly Spectrum Health System)|444 Michigan St. NE||Grand Rapids
11|Visiting Nurse Services of Western Michigan|444 Michigan St. NE||Grand Rapids
11|Lakeland Hospitals at Niles and St. Joseph Inc|444 Michigan St. NE||Grand Rapids
11|Corewell Health (formerly, BHSH System d/b/a Spectrum Health System)|444 Michigan St. NE||Grand Rapids
11|Mecosta County Medical Center|444 Michigan St. NE||Grand Rapids
11|Corewell Health (formerly BHSH System and Spectrum Health System) d/b/a Spectrum Health|444 Michigan St. NE||Grand Rapids
11|Kellogg Sales Co.|One Kellogg Square||Battle Creek
11|The Eggo Company|One Kellogg Square||Battle Creek
11|Kashi Company|One Kellogg Square||Battle Creek
11|WK Kellogg North America LLC|One Kellogg Square||Battle Creek
11|WK Kellogg Business Services LLC|One Kellogg Square||Battle Creek
11|Kellogg USA LLC|One Kellogg Square||Battle Creek
11|Kellogg Business Services Company|One Kellogg Square||Battle Creek
11|Keebler Company|One Kellogg Square||Battle Creek
11|WK Kellogg Sales LLC|One Kellogg Square||Battle Creek
11|Kellogg Sales Company|One Kellogg Square||Battle Creek
11|Kellogg North America Company|One Kellogg Square||Battle Creek
10|Beaumont Medical Group - Specialty Services|100 Corewell Drive NW|MC 6481|Grand Rapids
10|Beaumont Medical Group - Primary Care Services|100 Corewell Drive NW|MC 6481|Grand Rapids
10|Oakwood Healthcare Inc|100 Corewell Drive NW|MC 6481|Grand Rapids
10|Botsford General Hospital|100 Corewell Drive NW|MC 6481|Grand Rapids
10|William Beaumont Hospital|100 Corewell Drive NW|MC 6481|Grand Rapids
10|Priority Health|100 Corewell Drive NW|MC 6481|Grand Rapids
10|Corewell Health|100 Corewell Drive NW|MC 6481|Grand Rapids
10|Spectrum Health Primary Care Partners|100 Corewell Drive NW|MC 6481|Grand Rapids
10|Lakeland Hospitals at Niles and St. Joseph Inc|100 Corewell Drive NW|MC 6481|Grand Rapids
10|Lakeland Hospitals at Niles and St. Joseph Inc|100 Corewell Drive NW||Grand Rapids
9|Spectrum Health Primary Care Partners|100 Michigan St NE||Grand Rapids
9|Spectrum Health System|100 Michigan St NE||Grand Rapids
9|Corewell Health|100 Michigan St NE||Grand Rapids
9|Spectrum Health Hospitals|100 Michigan St NE||Grand Rapids
9|Corewell Health (formerly BHSH System)|100 Michigan St NE||Grand Rapids
9|Corewell Health (formerly, BHSH System)|100 Michigan St NE||Grand Rapids
9|Visiting Nurse Services of Western Michigan|100 Michigan St NE||Grand Rapids
9|Corewell Health (formerly, Spectrum Health System)|100 Michigan St NE||Grand Rapids
9|BHSH System|100 Michigan St NE||Grand Rapids
9|GREENBYTE TECHNOLOGIES LLC|22710 HAGGERTY ROAD|SUITE 100|FARMINGTON HILLS
9|TALENT9 INC|22710 HAGGERTY ROAD|SUITE 130|FARMINGTON HILLS
9|IQ SPECTRA INC|22710 HAGGERTY ROAD|SUITE 131|FARMINGTON HILLS
9|CROSS SENSE ANALYTICS LLC|22710 HAGGERTY ROAD|SUITE 171|FARMINGTON HILLS
9|CROSS SENSE ANALYTICS LLC|22710 HAGGERTY ROAD|SUITE 171|FARMINGTON HIILS
9|CROSS SENSE ANALYTICS LLC|22710 HAGGERTY ROAD|SUITE 174|FARMINGTON HILLS
9|meridian technologies Inc|22710 HAGGERTY ROAD|SUITE 190|farmington hills
9|meridian technologies Inc|22710 HAGGERTY ROAD|SUITE 190|Farmington Hills
9|AMERISOFTPRO SYSTEMS LLC|22710 HAGGERTY ROAD|SUITE 199|FARMINGTON HILLS
9|ektello LLC|3001 W. Big Beaver Road|Suite 300|Troy
9|Teoresi Inc|3001 W. Big Beaver Road|Suite 306|Troy
9|Anderton Industries Inc|3001 W. Big Beaver Road|Suite 310|Troy
9|Systems Technology Group Inc|3001 W. Big Beaver Road|Suite 500|Troy, Michigan, United States
9|SYSTEMS TECHNOLOGY GROUP INC|3001 W. Big Beaver Road|Suite 500|Troy
9|Systems Technology Group Inc|3001 W. Big Beaver Road|Suite 500|48084
9|Systems Technology Group Inc|3001 W. Big Beaver Road|Suite 500|Troy
9|Young Basile Hanlon & MacFarlane P.C.|3001 W. Big Beaver Road|Suite 624|Troy
9|Technology Resource Group LLC|3001 W. Big Beaver Road|Suite 720|Troy
9|Pentangle Tech Services LLC|32985 Hamilton Court|Suite 122|Farmington Hills
9|Global Connect Technologies Inc|32985 Hamilton Court|Suite 122|Farmington Hills
9|Worldwide Distribution Systems USA LLC|32985 Hamilton Court|Suite 200|Farmington Hills
9|Worldwide Distribution Systems USA|32985 Hamilton Court|Suite 200|Farmington Hills
9|WISE GEN INC|32985 Hamilton Court|Suite 210|Farmington Hills
9|Wise Gen Inc|32985 Hamilton Court|Suite 210|Farmington Hills
9|CADCAM-E.COM Inc|32985 Hamilton Court|Suite 225|Farmington Hills
9|Global Connect Technologies Inc|32985 Hamilton Court|suite 122|Farmington hills
9|Pentangle Tech Services LLC|32985 Hamilton Court|suite 122|Farmington hills
9|BorgWarner PDS (USA) Inc|3800 Automation Avenue|N/A|Auburn Hills
9|BorgWarner PDS (USA) Inc|3800 Automation Avenue||Auburn Hills
9|BorgWarner Inc|3800 Automation Avenue||Auburn Hills
9|Rhombus Energy Solutions Inc|3800 Automation Avenue||Auburn Hills
9|BorgWarner Emissions Systems LLC|3800 Automation Avenue||Auburn Hills
9|BorgWarner Transmission Products LLC|3800 Automation Avenue||Auburn Hills
9|BORGWARNER PDS (USA) INC|3800 Automation Avenue||Auburn Hills
9|BorgWarner Ithaca LLC|3800 Automation Avenue||Auburn Hills
9|BorgWarner Emissions Systems of Michigan Inc|3800 Automation Avenue||Auburn Hills
9|VKTEK INC|38345 West 10 Mile Road|Suite 110|Farmington Hills
9|American IT Solutions Inc|38345 West 10 Mile Road|Suite 210|Farmington
9|AMERICAN IT SOLUTIONS INC|38345 West 10 Mile Road|Suite 210|Farmington
9|AMERICAN IT SOLUTIONS INC|38345 West 10 Mile Road|Suite 210|Farmington Hills
9|EMERGTECH BUSINESS SOLUTIONS INC|38345 West 10 Mile Road|Suite 243|Farmington Hills
9|Emergtech Business Solutions Inc|38345 West 10 Mile Road|Suite 243|Farmington Hills
9|Logging-in.com LLC|38345 West 10 Mile Road|Suite 250|Farmington Hills
9|Logging-In.com LLC|38345 West 10 Mile Road|Suite 250|Farmington Hills
9|Kosma Tech Inc|38345 West 10 Mile Road|Suite 345-B|Farmington Hills
9|Decision Resources LLC|789 Eisenhower Parkway||Ann Arbor
9|CPA Global North America LLC|789 Eisenhower Parkway||Ann Arbor
9|ProQuest LLC|789 Eisenhower Parkway||Ann Arbor
9|Clarivate Analytics US LLC|789 Eisenhower Parkway||Ann Arbor
9|MicroPatent LLC|789 Eisenhower Parkway||Ann Arbor
9|Clarivate Analytics (US) LLC|789 Eisenhower Parkway||Ann Arbor
9|1069 CPA Global (Landon IP) Inc|789 Eisenhower Parkway||Ann Arbor
9|Master Data Center d/b/a Clarivate Analytics (US) LLC|789 Eisenhower Parkway||Ann Arbor
9|Decision Resources LLC d/b/a Clarivate Analytics (US) LLC|789 Eisenhower Parkway||Ann Arbor
8|Lakeland Hospitals at Niles and St. Joseph Inc|100 Corewell Dr. NW -- MC6481||Grand Rapids
8|Spectrum Health Primary Care Partners|100 Corewell Dr. NW -- MC6481||Grand Rapids
8|Priority Health Managed Benefits Inc|100 Corewell Dr. NW -- MC6481||Grand Rapids
8|Corewell Health|100 Corewell Dr. NW -- MC6481||Grand Rapids
8|Priority Health|100 Corewell Dr. NW -- MC6481||Grand Rapids
8|William Beaumont Hospital|100 Corewell Dr. NW -- MC6481||Grand Rapids
8|Oakwood Healthcare Inc|100 Corewell Dr. NW -- MC6481||Grand Rapids
8|Spectrum Health Primary Care Partners d/b/a Corewell Health Medical Group West|100 Corewell Dr. NW -- MC6481||Grand Rapids
8|Talent Trust Tech Inc|28175 Haggerty Road|STE 107|Novi
8|DRS IT Solutions Inc|28175 Haggerty Road|Suite 130|Novi
8|Dorle Controls|28175 Haggerty Road|Suite 133/135|Novi
8|Metal Craft Technologies LLC|28175 Haggerty Road|Suite 145|Novi
8|IAV Automotive Engineering|28175 Haggerty Road|Suite 162|Novi
8|cloudEQ|28175 Haggerty Road||Novi
8|Analytics Data Solutions LLC|28175 Haggerty Road||Novi
8|CloudEQ|28175 Haggerty Road||Novi
8|Systems Technology Group Inc|3001 West Big Beaver Road|500|Troy
8|Systems Technology Group Inc|3001 West Big Beaver Road|500 Suite|Troy
8|Systems Technology Group Inc|3001 West Big Beaver Road|Suite|Troy
8|Populus Group LLC|3001 West Big Beaver Road|Suite 400|Troy
8|Systems Technology Group Inc|3001 West Big Beaver Road|Suite 500|TROY
8|Systems Technology Group Inc|3001 West Big Beaver Road|Suite 500|Troy
8|Systems Technology|3001 West Big Beaver Road|Suite 500|Troy
8|Systems Technology Group Inc|3001 West Big Beaver Road||Troy
8|Synergy Computer Solutions Inc|30700 Telegraph Road|2615|Bingham Farms
8|Cogent Integrated Business Solutions Inc|30700 Telegraph Road|STE 1550|Bingham Farms
8|Universal System Technologies Inc|30700 Telegraph Road|SUITE 1651|Bingham Farms
8|UNIVERSAL SYSTEM TECHNOLOGIES INC|30700 Telegraph Road|SUITE 1651|Bingham Farms
8|Congent Integrated Business Solutions Inc|30700 Telegraph Road|Suite 1550|Bingham Farms
8|Cogent Integrated Business Solutions Inc|30700 Telegraph Road|Suite 1550|Bingham Farms
8|Synergy Computer Solutions Inc|30700 Telegraph Road|Suite 2615|Bingham Farms
8|INTELLIGENT SOLUTIONS GROUP CORP|30700 Telegraph Road|Suite 3636|Bingham Farms
8|McCann-Erickson USA Inc|500 Woodward Avenue|Suite 1800|Detroit
8|Clark Hill PLC|500 Woodward Avenue|Suite 3500|Detroit
8|Dickinson Wright PLLC|500 Woodward Avenue|Suite 4000|Detroit
8|Clark Hill PLC|500 Woodward Avenue|Suite 500|Detroit
8|Motors Insurance Corporation|500 Woodward Avenue||Detroit
8|Ally Financial|500 Woodward Avenue||Detroit
8|Ally Financial Inc|500 Woodward Avenue||Detroit
8|Ally Bank|500 Woodward Avenue||Detroit
8|Continental Tire the Americas LLC|One Continental Drive||Auburn Hills
8|Continental Autonomous Mobility US LLC|One Continental Drive||Auburn Hills
8|ContiTech USA Inc|One Continental Drive||Auburn Hills
8|Zonar Systems Inc|One Continental Drive||Auburn Hills
8|Continental Automotive Systems Inc|One Continental Drive||Auburn Hills
8|Continental Intelligent Transportation Systems LLC|One Continental Drive||Auburn Hills
8|ContiTech North America Inc|One Continental Drive||Auburn Hills
8|Continental Advanced Lidar Solutions US LLC|One Continental Drive||Auburn Hills
7|Meritor Heavy Vehicle Systems LLC|2135 W. Maple Road|N/A|Troy
7|Meritor Electric Vehicles LLC|2135 W. Maple Road|N/A|Troy
7|Meritor Heavy Vehicle Systems LLC|2135 W. Maple Road||Troy
7|Meritor Heavy Vehicle Braking Systems (U.S.A.) LLC|2135 W. Maple Road||Troy
7|Meritor INC|2135 W. Maple Road||Troy
7|Meritor Inc|2135 W. Maple Road||Troy
7|Meritor Electric Vehicles LLC|2135 W. Maple Road||Troy
7|Arrow Strategies LLC|27777 Franklin Road|Ste 1200|Southfield
7|Arrow Strategies LLC|27777 Franklin Road|Suite 1200|Southfield
7|International Automotive Components Group North America Inc|27777 Franklin Road|Suite 2000|Southfield
7|Corporate Employment Resources Inc|27777 Franklin Road|Suite 600|Southfield
7|Corestaff Support Services Inc|27777 Franklin Road|Suite 600|Southfield
7|Impellam North America Support Services Inc|27777 Franklin Road|Suite 600|Southfield
7|Federal-Mogul Motorparts LLC|27777 Franklin Road||Southfield
7|Alten Technology USA Inc|3221 W Big Beaver Road|116|Troy
7|Alten Technology USA|3221 W Big Beaver Road|116|Troy
7|Alten Technology|3221 W Big Beaver Road|Ste 116|Troy
7|Engineering Services|3221 W Big Beaver Road|Ste 116|Troy
7|Alten Technology USA Inc|3221 W Big Beaver Road|Ste 116|Troy
7|Opel Systems|3221 W Big Beaver Road|Suite 100|Troy
7|Alten Technology USA Inc|3221 W Big Beaver Road|Suite 116|Troy
7|PREMIUM SOFTWARE LLC|32969 Hamilton Court|STE 202A|Farmington Hills
7|Premium Software LLC|32969 Hamilton Court|Suite 202A|Farmington Hills
7|Pentangle Tech Services LLC|32969 Hamilton Court|Suite 203|Farmington Hills
7|Pentangle Tech Services|32969 Hamilton Court|Suite 203|Farmington Hills
7|iTek People Inc|32969 Hamilton Court|Suite 210|Farmington Hills
7|Pentangle Tech Services LLC|32969 Hamilton Court|suite 203|Farmington Hills
7|Pentangle Tech Services LLC|32969 Hamilton Court|suite 203|Farmington hills
7|Cruise Dyno Inc|37085 Grand River Avenue|Suite 086|Farmington
7|AUO Corporation America|37085 Grand River Avenue|Suite 340|Farmington
7|AUO Mobility Solution Corporation America|37085 Grand River Avenue|Suite 340|Farmington
7|Symplore|37085 Grand River Avenue|Suite O81|Farmington
7|Loop Bell Tech Inc|37085 Grand River Avenue|Suite O82|Farmington
7|Profile DM INC|37085 Grand River Avenue|Suite O85|Farmington
7|Cruise Dyno|37085 Grand River Avenue|Suite O86|Farmington
7|Amway International Inc|7575 Fulton Street East|78-2M|Ada
7|Amway International Inc|7575 Fulton Street East|78-4F|Ada
7|Alticor Inc|7575 Fulton Street East|Suite 78-2M|Ada
7|Amway International Inc|7575 Fulton Street East||Ada
7|Alticor Inc|7575 Fulton Street East||Ada
7|Amway Corp.|7575 Fulton Street East||Ada
7|Access Business Group International LLC|7575 Fulton Street East||Ada
7|CONSUMERS ENERGY COMPANY|One Energy Plaza||Jackson
7|DTE Energy Corporate Services LLC|One Energy Plaza||Detroit
7|DTE Energy Trading Inc|One Energy Plaza||Detroit
7|DTE Energy Resources LLC|One Energy Plaza||Detroit
7|DTE Electric Company|One Energy Plaza||Detroit
7|DTE Biomass Energy Inc|One Energy Plaza||Detroit
7|Consumers Energy Company|One Energy Plaza||Jackson
6|BSC Solutions Inc|1000 John R Road|Suite 203|Troy
6|RDG Technologies Inc|1000 John R Road|Suite 204|Troy
6|Care First Home Health Services Inc|1000 John R Road|Suite 205|Troy
6|The Ingenix Group Inc|1000 John R Road|Suite 220|Troy
6|THE INGENIX GROUP INC|1000 John R Road|Suite 220|Troy
6|The Ingenix group Inc|1000 John R Road|Suite 220|Troy
6|RKT Holdings LLC|1050 Woodward Avenue||Detroit
6|Rocket LLC|1050 Woodward Avenue||Detroit
6|Quicken Loans LLC|1050 Woodward Avenue||Detroit
6|RockLoans Marketplace LLC|1050 Woodward Avenue||Detoit
6|Rocket Mortgage LLC|1050 Woodward Avenue||Detroit
6|Rocket Limited Partnership|1050 Woodward Avenue||Detroit
6|DUS Operating LLC|1780 Pond Run||Auburn Hills
6|DUS Operating Inc|1780 Pond Run||Auburn Hills
6|Shiloh Industries Inc|1780 Pond Run||Auburn Hills
6|Grouper Acquisition Company LLC|1780 Pond Run||Auburn Hills
6|Grouper Wild LLC|1780 Pond Run||Auburn Hills
6|Grouper Wild|1780 Pond Run||Auburn Hills
6|Tata Elxsi Limited|2701 Troy Center Drive|STE 125|Troy
6|Maviya Inc|2701 Troy Center Drive|Ste 435|Troy
6|Tata Elxsi Ltd|2701 Troy Center Drive|Suite 125|Troy
6|Tata Elxsi Limited|2701 Troy Center Drive|Suite 125|Troy
6|Marquee technology Solutions Inc|2701 Troy Center Drive|Suite 250|troy
6|Tata Elxsi Limited|2701 Troy Center Drive||Troy
6|AGM Management LLC|2800 Livernois Road|Suite 115|Troy
6|Orbbec 3D Technology International Inc|2800 Livernois Road|Suite 160|Troy
6|Orbbec 3D Technology International Inc|2800 Livernois Road|Suite 220|Troy
6|LEONI Wiring Systems Inc|2800 Livernois Road|Suite 600A|Troy
6|LEONI WIRING SYSTEMS INC|2800 Livernois Road|Suite 600a|Troy
6|LEONI WIring Systems Inc|2800 Livernois Road||Troy
6|BorgWarner Technologies Services LLC|3000 University Drive|N/A|AUBURN HILLS
6|PHINIA DELPHI USA LLC|3000 University Drive||Auburn Hills
6|BorgWarner Technologies Services LLC|3000 University Drive||Auburn Hills
6|Delphi Technologies Services LLC|3000 University Drive||Auburn Hills
6|PHINIA Inc|3000 University Drive||Auburn Hills
6|PHINIA Delphi USA LLC|3000 University Drive||Auburn Hills
6|DIGITAL TERRAIN INC|37085 GRAND RIVER AVENUE|SUITE 010|farmington
6|POTLURI GROUP LLC|37085 GRAND RIVER AVENUE|SUITE 020|farmington
6|WEBZION LLC|37085 GRAND RIVER AVENUE|SUITE 315|FARMINGTON
6|WEBZION L.L.C|37085 GRAND RIVER AVENUE|SUITE 315|FARMINGTON
6|SARAS AMERICA INC|37085 GRAND RIVER AVENUE|SUITE 333|FARMINGTON HILLS
6|SARAS AMERICA INC|37085 GRAND RIVER AVENUE|SUITE 333|FARMINGTON
6|Loop Bell Tech Inc|37085 Grand River Ave|82|Farmington
6|Digital Terrain Inc|37085 Grand River Ave|Suite 010|Farmington
6|Symplore Inc|37085 Grand River Ave|Suite 081|Farmington
6|Cortracker Inc|37085 Grand River Ave|Suite 083|Farmington
6|Profile Dm Inc|37085 Grand River Ave|Suite 085|Farmington
6|R2C Innovations Inc|37085 Grand River Ave|Suite 300|farmington
6|CIGNEX INC|39111 Six Mile Road|SUITE 503-147|LIVONIA
6|SELECT MINDS LLC|39111 Six Mile Road|Suite 113 & 115|Livonia
6|Select Minds LLC|39111 Six Mile Road|Suite 113 & 115|Livonia
6|Plugins Inc|39111 Six Mile Road|Suite 156|Livonia
6|CIGNEX INC|39111 Six Mile Road||LIVONIA
6|DigitalSoft LLC|39111 Six Mile Road||Livonia
6|YANFENG US AUTOMOTIVE INTERIOR SYSTEMS I LLC|41935 W. 12 Mile Road|N/A|Novi
6|Yanfeng International Automotive Technology US II LLC|41935 W. 12 Mile Road|N/A|Novi
6|Yanfeng International Automotive Technology US I LLC|41935 W. 12 Mile Road|N/A|Novi
6|Yanfeng International Automotive Technology US I LLC|41935 W. 12 Mile Road||Novi
6|Yanfeng US Automotive Interior Systems I LLC|41935 W. 12 Mile Road||Novi
6|Yanfeng International Automotive Technology US III Inc|41935 W. 12 Mile Road||Novi
6|Priority Health|444 Michigan Street NE -- MC50||Grand Rapids
6|Oakwood Healthcare Inc|444 Michigan Street NE -- MC50||Grand Rapids
6|Corewell Health (formerly Spectrum Health System)|444 Michigan Street NE -- MC50||Grand Rapids
6|William Beaumont Hospital|444 Michigan Street NE -- MC50||Grand Rapids
6|Priority Health Managed Benefits Inc|444 Michigan Street NE -- MC50||Grand Rapids
6|Spectrum Health Primary Care Partners d/b/a Corewell Health Medical Group West|444 Michigan Street NE -- MC50||Grand Rapids
6|Geomentric America|50 KIRTS BOULEVAROAD|Suite 101 and 401.|TROY
6|GEOMETRIC AMERICAS INC|50 KIRTS BOULEVAROAD|Suite 101 and 401.|TROY
6|Geomentric America|50 KIRTS BOULEVAROAD||TROY
6|GEOMETRIC AMERICA INC|50 KIRTS BOULEVAROAD||TROY
6|GEOMETRIC AMERICAS INC|50 KIRTS BOULEVAROAD||Troy
6|GEOMETRIC AMERICAS INC|50 KIRTS BOULEVAROAD||TROY
6|Control-Tec LLC|5725 Innovation Drive||Troy
6|Aptiv Corporation|5725 Innovation Drive||Troy
6|Aptiv U.S. Services General Partnership|5725 Innovation Drive||Troy
6|Aptiv PLC|5725 Innovation Drive||Troy
6|Aptiv US Services General Partnership|5725 Innovation Drive||Troy
6|Aptiv|5725 Innovation Drive||Troy
6|Technosoft Corporation|One Towne Square|Floor 6|Southfield
6|TECHNOSOFT CORPORATION|One Towne Square|Floor 6|SOUTHFIELD
6|iKnowvate Technologies Inc|One Towne Square|Suite 610|Southfield
6|Collasys LLC|One Towne Square|Suite 620|SOUTHFIELD
6|INFOSTRETCH CORPORATION|One Towne Square|Suite 650|Southfield
6|Gabriel, Roeder, Smith & Company|One Towne Square|Suite 800|Southfield
5|Ascension Medical Group Michigan|1 Ford Place||Detroit
5|Ascension St. John Hospital|1 Ford Place||Detroit
5|Ascension Macomb-Oakland Hospital, Warren Campus|1 Ford Place||Detroit
5|Ascension Providence Hospital, Southfield Campus|1 Ford Place||Detroit
5|Henry Ford Health System|1 Ford Place||Detroit
5|Spectrum Health Primary Care Partners d/b/a Spectrum Health Medical Group|100 Michigan St. NE||Grand Rapids
5|Spectrum Health Primary Care Partners|100 Michigan St. NE||Grand Rapids
5|Corewell Health (formerly Spectrum Health System)|100 Michigan St. NE||Grand Rapids
5|Corewell Health (formerly BHSH System and Spectrum Health System)|100 Michigan St. NE||Grand Rapids
5|Corewell Health|100 Michigan St. NE||Grand Rapids
5|Centroid Systems Inc|1050 Wilshire Drive|Suite 170|Troy
5|Centroid Systems LLC|1050 Wilshire Drive|Suite 170|Troy
5|Sterling Computer Consultants Inc|1050 Wilshire Drive|Suite 301|Troy
5|VIGILANT TECHNOLOGIES LLC|1050 Wilshire Drive|Suite 307|TROY
5|Vigilant Technologies LLC|1050 Wilshire Drive|Suite 307|Troy
5|SOURCEPRO LLC|1099 Highland Drive|Suite C|Ann Arbor
5|EWIE Group of Companies Inc|1099 Highland Drive|Suite D|Ann Arbor
5|East West Industrial Engineering LLC|1099 Highland Drive|Suite D|Ann Arbor
5|EWIE Group of Companies LLC|1099 Highland Drive|Suite D|Ann Arbor
5|Azoth LLC|1099 Highland Drive|Suite F|Ann Arbor
5|Signata USA LLC|15811 Centennial Drive|Suite 100|Northville
5|ZF North America Inc|15811 Centennial Drive||Northville
5|ZF Active Safety and Electronics US LLC|15811 Centennial Drive||Northville
5|ZF CV Systems North America LLC|15811 Centennial Drive||Northville
5|ZF Active Safety US Inc|15811 Centennial Drive||Northville
5|Anu Software Consultants Inc|1945 Pauline Blvd|Ste 12|Ann Arbor
5|Anu Software Consultants, inc.|1945 Pauline Blvd|Suite 12|Ann Arbor
5|Anu Software Consultants Inc|1945 Pauline Blvd|Suite 12|Ann Arbor
5|Anu Software Consulting Inc|1945 Pauline Blvd|Suite 12|Ann Arbor
5|Nanosoft Technologies Inc|1945 Pauline Blvd|Suite 12|Ann Arbor
5|MAHLE Aftermarket Inc|23030 MAHLE Drive||Farmington Hills
5|MAHLE Manufacturing Management Inc|23030 MAHLE Drive||Farmington Hills
5|MAHLE Engine Components USA Inc|23030 MAHLE Drive||Farmington Hills
5|MAHLE Industries Incorporated|23030 MAHLE Drive||Farmington Hills
5|MAHLE Behr USA Inc|23030 MAHLE Drive||Farmington Hills
5|HIRAIN TECHNOLOGIES USA INC|2601 Cambridge Court|STE 425|Auburn Hills
5|HIRAIN TECHNOLOGIES USA INC|2601 Cambridge Court|Ste 425|Auburn Hills
5|Hirain Technologies USA Inc|2601 Cambridge Court|Ste 425|Auburn Hills
5|Business Solution Consultants LLC|2601 Cambridge Court|Suite 403|Auburn Hills
5|Business Solution Consultants LLC|2601 Cambridge Court|Suite 430|Auburn Hills
5|syncreon Technology (USA) LLC|2851 High Meadow Circle|Suite 250|Auburn Hills
5|DP World Tech US LLC|2851 High Meadow Circle|Suite 250|Auburn Hills
5|SYNCREON.US INC|2851 High Meadow Circle|Suite 250|Auburn Hills
5|syncreon America Inc|2851 High Meadow Circle||Auburn Hills
5|DP World Contract Logistics US Inc|2851 High Meadow Circle||Auburn Hills
5|Harman Becker Automotive Systems|30001 Cabot Drive||Novi
5|Harman Becker Automotive Systems Inc|30001 Cabot Drive||Novi
5|Herman Becker Automotive Systems Inc|30001 Cabot Drive||Novi
5|Harman International Global Mobility|30001 Cabot Drive||Novi
5|HARMAN Becker Automotive Systems Inc|30001 Cabot Drive||Novi
5|Integra Partners LLC|3221 W. Big Beaver Road|SUITE 211|Troy
5|OPEL SYSTEMS INC|3221 W. Big Beaver Road|Suite 100|Troy
5|Opel Systems Inc|3221 W. Big Beaver Road|Suite 100|Troy
5|Alten Technology USA Inc|3221 W. Big Beaver Road|Suite 116|Troy
5|Integra Partners LLC|3221 W. Big Beaver Road|Suite 211|Troy
5|Mercedes-Benz Financial Services USA LLC|35555 W. 12 Mile Road||Farmington Hills
5|Mercedes-Benz Financial Services LLC|35555 W. 12 Mile Road||Farmington Hills
5|Mercedes-Benz Financial Services|35555 W. 12 Mile Road||Farmington Hills
5|Mercedes Benz Financial Services USA LLC|35555 W. 12 Mile Road||Farmington Hills
5|Mercedes-Benz Financial Services USA LLCA|35555 W. 12 Mile Road||Farmington Hills
5|Sachse Construction and Development Company LLC|3663 Woodward Avenue|Suite 500|Detroit
5|Sachse Construction and Development Company, L.L.C.|3663 Woodward Avenue|Suite 500|Detroit
5|VHS Detroit Receiving Hospital|3663 Woodward Avenue||Detroit
5|VHS University Laboratories Inc|3663 Woodward Avenue||Detroit
5|VHS Rehabilitation Institute of Michigan Inc|3663 Woodward Avenue||Detroit
5|Bosch Automotive Service Solutions Inc|38000 Hills Tech Drive||Farmington Hills
5|Robert Bosch Automotive Steering LLC|38000 Hills Tech Drive||Farmington Hills
5|Robert Bosch LLC|38000 Hills Tech Drive||Farmington Hills
5|Bosch Automotive Service Solutions LLC|38000 Hills Tech Drive||Farmington Hills
5|Robert Bosch Tool Corporation|38000 Hills Tech Drive||Farmington Hills
5|SYMPLORE INC|39555 ORCHAROAD HILL PLACE|SUITE 203|NOVI
5|Hinduja Tech Inc|39555 ORCHAROAD HILL PLACE|SUITE 600|Novi
5|TECHNOVISION SOLUTION LLC|39555 ORCHAROAD HILL PLACE|SUITE 600|NOVI
5|JET BRIDGE LLC|39555 ORCHAROAD HILL PLACE|SUITE 600|NOVI
5|CORTRACKER INC|39555 ORCHAROAD HILL PLACE|SUITE 600|NOVI
5|COOPER-STANDARD AUTOMOTIVE INC|40300 Traditions Drive||Northville
5|Cooper-Standard Automotive Inc|40300 Traditions Drive||Northville
5|Cooper Standard Automotive Inc|40300 Traditions Drive||Northville
5|Liveline Technologies Inc|40300 Traditions Drive||Northville
5|COOPER STANDARD AUTOMOTIVE INC|40300 Traditions Drive||Northville
5|URS Midwest Inc|41100 Plymouth Road|4th Floor|Plymouth
5|PALIoT Solutions Inc|41100 Plymouth Road|Ste B1-320|Plymouth
5|Elektrobit Automotive Americas Inc|41100 Plymouth Road|Ste B1-370|Plymouth
5|Link Manufacturing Inc|41100 Plymouth Road|Suite 300|Plymouth
5|Elektrobit Automotive Americas Inc|41100 Plymouth Road|Suite B1-370|Plymouth
5|Corewell Health|444 Michigan Street||Grand Rapids
5|Spectrum Health Primary Care Partners|444 Michigan Street||Grand Rapids
5|Spectrum Health Primary Care Partners d/b/a Spectrum Health Medical Group|444 Michigan Street||Grand Rapids
5|William Beaumont Hospital|444 Michigan Street||Grand Rapids
5|Corewell Health (formerly Spectrum Health System)|444 Michigan Street||Grand Rapids
5|Oakwood Healthcare Inc|444 Michigan Street NE|MC 50|Grand Rapids
5|Spectrum Health Primary Care Partners|444 Michigan Street NE|MC 50|Grand Rapids
5|Corewell Health|444 Michigan Street NE|MC 50|Grand Rapids
5|Spectrum Health System|444 Michigan Street NE|MC050|Grand Rapids
5|Spectrum Health Primary Care Partners|444 Michigan Street NE|MC050|Grand Rapids
5|Nestle Nutrition R&D Centers Inc|445 State Street||Fremont
5|NESTLE NUTRITION R&D CENTERS INC|445 State Street||Fremont
5|Nestle Nutrition R&D Centers Inc|445 State Street||Freemont
5|NestlÃ© Nutrition R&D Centers Inc|445 State Street||Fremont
5|Nestlé Nutrition R&D Centers Inc|445 State Street||Fremont
5|OPTIMAL ELECTRIC VEHICLES LLC|47802 WEST ANCHOR COURT||plymouth
5|Optimal Electric Vehicles Corporation|47802 WEST ANCHOR COURT||plymouth
5|optimal, inc.|47802 WEST ANCHOR COURT||plymouth
5|Optimal Electric Vehicles|47802 WEST ANCHOR COURT||plymouth
5|Optimal, inc.|47802 WEST ANCHOR COURT||plymouth
5|PAC Project Advisors International LLC|755 W. Big Beaver Road|Suite 1875|Troy
5|PAC Project Advisors International, Ltd.|755 W. Big Beaver Road|Suite 1875|Troy
5|Yamasaki Inc|755 W. Big Beaver Road|Suite 2020|Troy
5|EDC Group LLC|755 W. Big Beaver Road|Suite 2020|Troy
5|Multicorpos LLC|755 W. Big Beaver Road|Suite 2020|Troy
5|BROADGATE INC|830 Kirts Blvd|400|Troy
5|Primesoft Technologies Inc|830 Kirts Blvd|Ste 380|Troy
5|Primesoft Technologies Inc|830 Kirts Blvd|Suite 380|Troy
5|BROADGATE INC|830 Kirts Blvd|Suite 400|Troy
5|Broadgate Inc|830 Kirts Blvd|Suite 400|Troy
5|AI Software LLC|850 Stephenson Highway|Suite 102|Troy
5|Glim USA Inc|850 Stephenson Highway|Suite 400|Troy
5|TEC Group Inc|850 Stephenson Highway|Suite 600|Troy
5|KCM Technical Inc|850 Stephenson Highway|Suite 603|Troy
5|ICONMA LLC|850 Stephenson Highway|Suite 612|Troy
4|Hudson Institute of Process Research Incorporated|100 Phoenix Dr.|Ste 311|Ann Arbor
4|HIPR Pacsoft Technologies Inc|100 Phoenix Dr.|Ste 311|Ann Arbor
4|HIPR Pacsoft Technologies Inc|100 Phoenix Dr.|Suite 311|Ann Arbor
4|Hudson Institute of Process Research Incorporated|100 Phoenix Dr.|Suite 311|Ann Arbor
4|Giggso Inc|100 W Big Beaver Road|STE 200|Troy
4|Smart Enovations Inc|100 W Big Beaver Road|Ste 200|Troy
4|Cognisoft Technologies LLC|100 W Big Beaver Road|Suite 200|Troy
4|DATAFY IT LLC|100 W Big Beaver Road|Suite 200|Troy
4|Electronic Research Analysis LLC|100 W. Big Beaver Road|Suite 200|Troy
4|PROSTEP Inc|100 W. Big Beaver Road|Suite 200|Troy
4|Methodica Technologies LLC|100 W. Big Beaver Road|Suite 200|Troy
4|Western Labs LLC|100 W. Big Beaver Road|Suite 200|Troy
4|FCA US PURCHASING LLC|1000 Chrysler Drive||Auburn Hills
4|FCA US Purchasing LLC|1000 Chrysler Drive||Auburn Hills
4|FCA US LLC|1000 Chrysler Drive||Auburn Hills
4|Mobilisights LLC|1000 Chrysler Drive||Auburn Hills
4|Edward W. Sparrow Hospital Association|1200 E. Michigan Avenue|Suite 340|Lansing
4|Edward W. Sparrow Hospital Association|1200 E. Michigan Avenue||Lansing
4|Sparrow Ionia Hospital|1200 E. Michigan Avenue||Lansing
4|Sparrow Carson Hospital|1200 E. Michigan Avenue||Lansing
4|Rivian LLC|13250 N. Haggerty Road||Plymouth
4|RIVIAN LLC|13250 N. Haggerty Road||Plymouth
4|Rivian Automotive LLC|13250 N. Haggerty Road||Plymouth
4|RIVIAN AUTOMOTIVE LLC|13250 N. Haggerty Road||Plymouth
4|Petram Analytics LLC|1420 Washington Blvd|301|Detroit
4|Kode Labs Inc|1420 Washington Blvd|Ste 301|Detroit
4|MeetYourClass Inc|1420 Washington Blvd|Suite 301|Detroit
4|Kode Labs Inc|1420 Washington Blvd|Suite 301|Detroit
4|ALPINE ELECTRONICS OF AMERICA INC|1500 ATLANTIC BLVD.||AUBURN HILLS
4|ALPS ALPINE NORTH AMERICA INC|1500 ATLANTIC BLVD.||AUBURN HILLS
4|ALPINE ELECTRONICS OF SILICON VALLEY INC|1500 ATLANTIC BLVD.||AUBURN HILLS
4|Alps Alpine North America Inc|1500 ATLANTIC BLVD.||AUBURN HILLS
4|Hella Corporate Center USA Inc|15951 Technology Drive||Northville Twp.
4|Clarion Corporation of America|15951 Technology Drive||Northville
4|Hella Electronics Corporation|15951 Technology Drive||Northville Twp
4|FSVAP USA Inc|15951 Technology Drive||Northville
4|MEMRYX INC/|1600 HURON PARKWAY|2ND FLOOR|ANN ARBOR
4|MEMRYX INC|1600 HURON PARKWAY|2ND FLOOR|ANN ARBOR
4|MEMRYX INC|1600 HURON PARKWAY|2nd FLOOR|ANN ARBOR
4|MEMRYX INC|1600 HURON PARKWAY|SECOND FLOOR|ANN ARBOR
4|IYAN INC|1749 Hamilton Road|Suite 102C|Okemos
4|Iyan Inc|1749 Hamilton Road|Suite 102C|Okemos
4|Tekdelite LLC|1749 Hamilton Road|Suite 103|Okemos
4|Edison Info Systems Inc|1749 Hamilton Road|Suite 104|Okemos
4|Whirlpool Corporation|2000 North M-63|MD 2000|Benton Harbor
4|KitchenAid Global LLC|2000 North M-63|MD 4600|Benton Harbor
4|Whirlpool Corporation|2000 North M-63||Benton Harbor
4|KitchenAid Global LLC|2000 North M-63||Benton Harbor
4|Meritor Electric Vehicles LLC|2135 West Maple Road||Troy
4|Meritor Heavy Vehicle Systems LLC|2135 West Maple Road||Troy
4|Meritor Inc|2135 West Maple Road||Troy
4|MERITOR HEAVY VEHICLE BS INC|2135 West Maple Road||Troy
4|SPACEWALK SYSTEMS INC|21600 NOVI ROAD|SUITE 500|48375
4|Spacewalk Systems Inc|21600 NOVI ROAD|SUITE 500|NOVI
4|SPACEWALK SYSTEMS INC|21600 NOVI ROAD|SUITE 500|Novi
4|SPACEWALK SYSTEMS INC|21600 NOVI ROAD|SUITE 500|NOVI
4|THE DOW CHEMICAL COMPANY|2211 H.H. Dow Way|STE 1477|MIDLAND
4|Rohm and Haas Chemicals LLC|2211 H.H. Dow Way||Midland
4|THE DOW CHEMICAL COMPANY|2211 H.H. Dow Way||MIDLAND
4|DOW SILICONES CORPORATION|2211 H.H. Dow Way||MIDLAND
4|DataFactZ LLC|22260 Haggerty Road|Ste 285|Northville
4|MCGI Tec Inc|22260 Haggerty Road|Suite 165|Northville
4|Diwo Inc|22260 Haggerty Road|Suite 250|Northville
4|Diwo Inc,|22260 Haggerty Road|Suite 250|Northville
4|thyssenkrupp Supply Chain Services NA Inc|22355 W. Eleven Mile Road||Southfield
4|thssenkrupp Materials NA Inc|22355 W. Eleven Mile Road||Southfield
4|thyssenkrupp Materials LLC|22355 W. Eleven Mile Road||Southfield
4|thyssenkrupp Materials NA Inc|22355 W. Eleven Mile Road||Southfield
4|LOGIC SOLUTIONS INC|2350 Green Road|Ste 180|Ann Arbor
4|Gold Star Mortgage Financial Group|2350 Green Road|Suite 100B|Ann Arbor
4|Pyramid Consulting International LLC|2350 Green Road|Suite 175C|Ann Arbor
4|Pyrovio LLC|2350 Green Road|Suite 175C|Ann Arbor
4|IHA Health Services Corporation|24 Frank Lloyd Wright Drive|Lobby J, Suite J2000|Ann Arbor
4|IHA Health Services Corporation|24 Frank Lloyd Wright Drive|Suite J2000|Ann Arbor
4|iConnect Inc|24 Frank Lloyd Wright Drive|Suite L3100|ANN ARBOR
4|VeroKnows LLC|24 Frank Lloyd Wright Drive||Ann Arbor
4|Addon Technologies Inc|24110 Meadowbrook Road|100|Novi
4|AddonTechnologies Inc|24110 Meadowbrook Road|Ste 100|Novi
4|Addon Technologies Inc|24110 Meadowbrook Road|Ste 100|Novi
4|Addon Technologies Inc|24110 Meadowbrook Road|Suite 100|Novi
4|Morlogic Inc|2500 Packard Street|Suite 201|AnnArbor
4|MORLOGIC INC|2500 Packard Street|Suite 201|Ann Arbor
4|Morlogic Inc|2500 Packard Street|Suite 201|Ann Arbor
4|Morlogic Inc|2500 Packard Street|suite 201|Ann Arbor
4|Re Car Inc|2600 Bellingham Road|Ste 300|Troy
4|ReCar Inc|2600 Bellingham Road|Suite 300|Troy
4|ReCar LLC|2600 Bellingham Road|Suite 300|Troy
4|Re Car LLC|2600 Bellingham Road|Suite 300|Troy
4|Veoneer US Inc|26360 American Drive||Southfield
4|Magna Electronics LLC|26360 American Drive||Southfield
4|Veoneer US LLC|26360 American Drive||Southfield
4|Veoneer US Safety Systems LLC|26360 American Drive||Southfield
4|MSX International RNS LLC|26555 Evergreen Road|Suite 1300|Southfield
4|Epitec Inc|26555 Evergreen Road|Suite 1700|Southfield
4|Auria Solutions USA Inc|26555 Evergreen Road|Suite 1800|Southfield
4|FM Sylvan Inc|26555 Evergreen Road|Suite 330|Southfield
4|VIKI TECHNOLOGIES LLC|28230 Orchard Lake Road|STE 130|Farmington Hills
4|Kyyba Inc|28230 Orchard Lake Road|Suite 130|Farmington Hills
4|Creatus Inc|28230 Orchard Lake Road|Suite 130|Farmington Hills
4|Kyyba Tech Inc|28230 Orchard Lake Road|Suite 130|Farmington Hills
4|ISGO NA LLC|28525 Beck Road|111|Wixom
4|Isgo-NA LLC|28525 Beck Road|111|Wixom
4|FAIRWAY ENGINEERING LLC|28525 Beck Road|Suite 114|Wixom
4|Fairway Engineering LLC|28525 Beck Road|Unit 124|Wixom
4|Eagle Systems and Technologies Inc|28535 Orchard lake Road|Ste 50|Farmington Hills
4|Eagle Systems and Technologies Inc|28535 Orchard lake Road|Suite 50|Farmington Hills
4|EAGLE SYSTEMS AND TECHNOLOGIES INC|28535 Orchard lake Road|Suite 50|FARMINGTON HILLS
4|Relynk It Inc|28535 Orchard lake Road|Suite 50|Farmington hills
4|Prestolite Electric Incorporated|30120 Hudson Drive||Novi
4|Broad-Ocean Technologies LLC|30120 Hudson Drive||Novi
4|Prestolite Electric Inc|30120 Hudson Drive||Novi
4|Broad-Ocean Technologies LLC|30120 Hudson Drive||novi
4|Osborn Engineering|30200 Telegraph Road|260 Suite|Bingham Farms
4|Patel & Associates, PLC|30200 Telegraph Road|Suite 206|Bingham Farms
4|Vincentric LLC|30200 Telegraph Road|Suite 216|Bingham Farms
4|CPA Global (Landon IP) Inc|30200 Telegraph Road|Suite 300|Bingham Farms
4|Arden Companies LLC|30400 Telegraph Road|Suite 200|Bingham Farms
4|Satyam Venture Engineering Services Pvt. Ltd.|30400 Telegraph Road|Suite 386|Bingham Farms
4|Satyam-Venture Engineering Services Pvt. Ltd.|30400 Telegraph Road|Suite 386|Bingham Farms
4|SATYAM-VENTURE ENGINEERING SERVICES PVT. LTD.|30400 Telegraph Road|Suite 386|Bingham Farms
4|Open Dealer Exchange LLC|31440 Northwestern Highway|Suite 250|Farmington Hills
4|Faurecia Hydrogen Solutions North America Inc|31440 Northwestern Highway||Farmington Hills
4|Clarion Corporation of America|31440 Northwestern Highway||Farmington Hills
4|Faurecia Emissions Control Technologies, USA LLC|31440 Northwestern Highway||Farmington Hills
4|LSPedia Inc|31555 W 14 Mile Road|Ste 310|Farmington Hills
4|LSPedia LLC|31555 W 14 Mile Road|Ste 310|Farmington Hills
4|LSPediA Inc|31555 W 14 Mile Road|Suite 110|Farmington Hills
4|LSPediA Inc|31555 W 14 Mile Road||Farmington Hills
4|DATAMATICS ROBOTICS SOFTWARE INC|31572 INDUSTRIAL ROAD|SUITE 100 & 400|LIVONIA
4|DATAMATICS GLOBAL SERVICES INC|31572 INDUSTRIAL ROAD|SUITE 400|LIVONIA
4|CIGNEX DATAMATICS INC|31572 INDUSTRIAL ROAD|SUITE 400|LIVONIA
4|CIGNEX INC|31572 INDUSTRIAL ROAD|SUITE 400|LIVONIA
4|Hutchinson Fluid Management Systems Inc|3201 Cross Creek Parkway||Auburn Hills
4|Hutchinson Sealing Systems Inc|3201 Cross Creek Parkway||Auburn Hills
4|Hutchinson Antivibration Systems Inc|3201 Cross Creek Parkway||Auburn Hills
4|Hutchinson Precision Sealing Systems Inc|3201 Cross Creek Parkway||Auburn Hills
4|ICOMTAB.COM LLC|32985 HAMILTON CT|SUITE 125|FARMINGTON HILLS
4|ICOMTAB.COM LLC|32985 HAMILTON CT|SUITE 200|FARMINGTON HILLS
4|WISE GEN INC|32985 HAMILTON CT|SUITE 210|FARMINGTON HILLS
4|ELITEFORGE GROUP INC|32985 HAMILTON CT|SUITE 215,|FARMINGTON HILLS
4|Roland Berger LP.|37000 Woodward Avenue|Suite 200|Bloomfield Hills
4|Concept Reply LLC|37000 Woodward Avenue|Suite 200|Bloomfield Hills
4|Roland Berger LP|37000 Woodward Avenue|Suite 200|Bloomfield Hills
4|Concept Reply LLC|37000 Woodward Avenue|Suite 200|Bloomfield
4|Nexteer Automotive|3900 E. HOLLAND ROAD|N/A|SAGINAW
4|Nexteer Automotive Corporation|3900 E. HOLLAND ROAD|N/A|SAGINAW
4|NEXTEER AUTOMOTIVE CORPORATION|3900 E. HOLLAND ROAD||SAGINAW
4|NEXTEER AUTOMOTIVE CORPORATION|3900 E. HOLLAND ROAD||Saginaw
4|ROLLS-ROYCE SOLUTIONS AMERICA INC|39525 Mackenzie Drive|Suite 100|Novi
4|Rolls-Royce Solutions America Inc|39525 Mackenzie Drive|Suite 100|Novi
4|IAV Automotive Engineering Inc|39525 Mackenzie Drive|Suite 1000|Novi
4|Rolls-Royce Solutions America Inc|39525 Mackenzie Drive||Novi
4|Autosystems America Inc|39550 Orchard Hill Place||Novi
4|Cooper-Standard Automotive Inc|39550 Orchard Hill Place||Novi
4|AUTOSYSTEMS AMERICA INC|39550 Orchard Hill Place||Novi
4|Magna Closures of America Inc|39550 Orchard Hill Place||Novi
4|Hare Tech|39555 Orchard Hill Pl|STE 600|Novi
4|Hare Tech Inc|39555 Orchard Hill Pl|STE 600|Novi
4|Marvel Technology Solutions Inc|39555 Orchard Hill Pl|Suite 600|Novi
4|Cognitive Minds Inc|39555 Orchard Hill Pl|Suite 600|Novi
4|Classroom Support Services LLC|400 Renaissance Center|Suite 2600|Detroit
4|Intellibee Inc|400 Renaissance Center|Suite 2600|Detroit
4|Classroom Support Services Ltd|400 Renaissance Center|Suite 2600|Detroit
4|Dykema Gossett PLLC|400 Renaissance Center||Detroit
4|MyMichigan Medical Group|4000 Wellness Drive||Midland
4|MyMichigan Medical Center Midland|4000 Wellness Drive||Midland
4|MyMichigan Physicians Group|4000 Wellness Drive||Midland
4|MyMichigan Health|4000 Wellness Drive||Midland
4|YANFENG INTERNATIONAL AUTOMOTIVE TECHNOLOGY US I LLC|41935 WEST 12 MILE ROAD||NOVI
4|YANFENG INTERNATIONAL AUTOMOTIVE TECHNOLOGY US II LLC|41935 WEST 12 MILE ROAD||NOVI
4|YANFENG US AUTOMOTIVE INTERIOR SYSTEMS I LLC|41935 WEST 12 MILE ROAD||NOVI
4|Yanfeng US Automotive Interior Systems I LLC|41935 WEST 12 MILE ROAD||NOVI
4|Yanfeng International Automotive Technology US I LLC|41935 West 12 Mile Road||Novi
4|Yanfeng US Automotive Interior Systems I LLC|41935 West 12 Mile Road||Novi
4|Yanfeng US Automotive Interior Systems II LLC|41935 West 12 Mile Road||Novi
4|Yanfeng International Automotive Technology US II LLC|41935 West 12 Mile Road||Novi
4|V2 INNOVATIONS INC|42180 Ford Road|STE 302|Canton
4|V2 Innovations Inc|42180 Ford Road|Ste 302|Canton
4|MJM America Inc|42180 Ford Road|Suite 250|Canton
4|V2 Innovations Inc|42180 Ford Road|Suite 302|Canton
4|MCM Quality Systems Inc|42400 Grand River Avenue|Suite 108|Novi
4|Marveltech Consulting Services Inc|42400 Grand River Avenue|Suite 114|Novi
4|Super Auto Forge Inc|42400 Grand River Avenue|Suite 205|Novi
4|Marvel Technologies Inc|42400 Grand River Avenue|Suite 207|Novi
4|MAKCATS INC|4595 BROADMOOR AVE SE|237|GRAND RAPIDS
4|Makcats Inc|4595 BROADMOOR AVE SE|SUITE 237|Grand Rapids
4|Makcats Inc|4595 BROADMOOR AVE SE|SUITE 237|GRAND RAPIDS
4|MAKCATS INC|4595 BROADMOOR AVE SE|SUITE 237|GRAND RAPIDS
4|NGK Spark Plugs (U.S.A.) Inc|46929 Magellan Drive||Wixom
4|NGK Spark Plugs (U.S.A.) Inc|46929 Magellan Drive||WIXOM
4|Niterra North America Inc|46929 Magellan Drive||WIXOM
4|Niterra North America Inc|46929 Magellan Drive||Wixom
4|US Medical Management LLC|500 Kirts Blvd||Troy
4|Phoenix Home Health Care LLC|500 Kirts Blvd||Troy
4|Family Nurse Care LLC|500 Kirts Blvd||Troy
4|RMED LLC|500 Kirts Blvd||Troy
4|Clark Hill LLP|500 Woodward Ave|Suite 3500|Detroit
4|Ally Bank|500 Woodward Ave||Detroit
4|ALLY BANK|500 Woodward Ave||Detroit
4|Ally Financial Inc|500 Woodward Ave||Detroit
4|TG Automotive Group LLC|637 E Big Beaver Road|STE 101|Troy
4|Horizon Softech Inc|637 E Big Beaver Road|Suite 101|Troy
4|Ispace Group USA Inc|637 E Big Beaver Road|suite 111|Troy
4|Ispace Group USA Inc|637 E Big Beaver Road||Troy
4|May Mobility Inc|650 Avis Drive|100|Ann Arbor
4|May Mobility Inc|650 Avis Drive|STE 100|Ann Arbor
4|May Mobility Inc|650 Avis Drive|Suite 100|Ann Arbor
4|May Mobility Inc|650 Avis Drive||Ann Arbor
4|iHROne Inc|7310 Woodward Avenue|Ste 500|Detroit
4|Lakeshore Global Corporation|7310 Woodward Avenue|Suite 500|Detroit
4|LGC GLOBAL INC|7310 Woodward Avenue|Suite 500|Detroit
4|LGC Global Inc|7310 Woodward Avenue|Suite 500|Detroit
4|Walbridge Aldinger LLC|777 Woodward Avenue|Ste 300|Detroit
4|Walbridge Aldinger, L.L.C.|777 Woodward Avenue|Suite 300|Detroit
4|Marketing Associates LLC dba OneMagnify|777 Woodward Avenue|Suite 500|Detroit
4|Marketing Associates LLC|777 Woodward Avenue|Suite 500|Detroit
4|Clarivate Analytics (US) LLC|789 East Eisenhower Pkwy||Ann Arbor
4|Decision Resources LLC|789 East Eisenhower Pkwy||Ann Arbor
4|CPA Global (Landon IP) Inc|789 East Eisenhower Pkwy||Ann Arbor
4|ProQuest|789 East Eisenhower Pkwy||Ann Arbor
4|TEC Group Inc|901 Tower Drive|Suite 200|Troy
4|KCM Technical Inc|901 Tower Drive|Suite 201|Troy
4|I-TECHOPS LLC|901 Tower Drive|Suite 420|Troy
4|I-TECHOPS LLC|901 Tower Drive|suite 420|Troy
4|Visteon Corporation|One Village Center Drive|N/A|Van Buren Twp.
4|Visteon Corporation|One Village Center Drive||Van Buren Twp.
4|Visteon Corporation|One Village Center Drive||Van Buren Township
4|Visteon Corporation|One Village Center Drive||Van Buren Charter Township
3|Continental Tire The Americas LLC|1 Continental Drive||Auburn Hills
3|Continental Automotive Systems Inc|1 Continental Drive||Auburn Hills
3|Continental Autonomous Mobility US LLC|1 Continental Drive||Auburn Hills
3|Electrical Components International Inc|1 Towne Square|Suite 1111|Southfield
3|CST2000 LLC|1 Towne Square|Suite 660|Southfield
3|Gabriel, Roeder, Smith & Company|1 Towne Square|Suite 800|Southfield
3|Tek Pyramids Inc|100 E. Big Beaver Road|Suite 845|Troy
3|TEK PYRAMIDS INC|100 E. Big Beaver Road|Suite 845|Troy
3|NPD Group Certified Public Accountants, PC|100 E. Big Beaver Road|Suite 950|Troy
3|Zomedica Inc|100 Phoenix Drive|Suite 125|Ann Arbor
3|Hudson Legal Group, P.C.|100 Phoenix Drive|Suite 305|Ann Arbor
3|Merative US LP|100 Phoenix Drive||Ann Arbor
3|Visual Collaboration Technologies Inc|100 West Big Beaver Road|Ste 200|Troy
3|Snikfend Inc|100 West Big Beaver Road|Suite 200|Troy
3|Snikfend Inc|100 West Big Beaver Road|Suite 200|TROY
3|Cascade Partners LLC|1000 Town Center|Suite 1100|Southfield
3|Webrunners Inc|1000 Town Center|Suite 1150|Southfield
3|Tessellate, a Delaware Limited Liability Company|1000 Town Center||Southfield
3|Fischer America Inc|1084 Doris Road||Auburn Hills
3|Matikon America Inc|1084 Doris Road||Auburn Hills
3|Fischer Fixings LLC|1084 Doris Road||Auburn Hills
3|Central Michigan University|1200 S. Franklin St.|330 Ronan Hall, Office of Global Engagement|Mount Pleasant
3|CENTRAL MICHIGAN UNIVERSITY|1200 S. Franklin St.||Mount Pleasant
3|Central Michigan University|1200 S. Franklin St.||Mount Pleasant
3|ZF Passive Safety Systems US Inc|12001 Tech Center Drive||Livonia
3|ZF Active Safety US Inc|12001 Tech Center Drive||Livonia
3|ZF Active Safety and Electronics US LLC|12001 Tech Center Drive||Livonia
3|Destination Media Inc|1201 Woodward Ave|7th Floor|Detroit
3|Destination Media Inc d/b/a GSTV|1201 Woodward Ave|Flr. 7|Detroit
3|Destination Media Inc - d.b.a. GSTV|1201 Woodward Ave||Detroit
3|ZF CV Systems North America LLC|1220 Pacific Drive|N/A|Auburn Hills
3|ZF CV Systems North America LLC|1220 Pacific Drive||Auburn Hills
3|WABCO North America LLC|1220 Pacific Drive||Auburn Hills
3|Sattrix USA LLC|12801 Auburn Street|Ste 314|Detroit
3|Sattrix USA LLC|12801 Auburn Street|Ste 701|Detroit
3|Sattrix USA LLC|12801 Auburn Street|Suite 700|Detroit
3|FORI Automation LLC|13231 23 Mile Road||Shelby Township
3|Fori Automation LLC|13231 23 Mile Road||Shelby Township
3|FORI Automation Inc|13231 23 Mile Road||Shelby Township
3|Toyoda Gosei North America Corp.|1400 Stephenson Highway||Troy
3|Toyoda Gosei North America Corp|1400 Stephenson Highway||Troy
3|Toyoda Gosei North America Corporation|1400 Stephenson Highway||Troy
3|Michigan Technological University|1400 Townsend Drive|N/A|Houghton
3|Michigan Technological University|1400 Townsend Drive|n/a|Houghton
3|Michigan Technological University|1400 Townsend Drive||Houghton
3|Valeo Detection Systems Inc|150 Stephenson Highway||Troy
3|Valeo North America Inc|150 Stephenson Highway||Troy
3|Valeo Kapec North America Inc|150 Stephenson Highway||Troy
3|Aisin World Corporation of America|15300 Centennial Dr||Northville
3|Aisin Technical Center of America Inc|15300 Centennial Dr||Northville
3|AISIN World Corporation of America|15300 Centennial Dr||Northville
3|Autobooks Inc|1555 Broadway St.|2nd Floor|Detroit
3|CoverTree Inc|1555 Broadway St.|Fl. 2|Detroit
3|CoverTree Inc|1555 Broadway St.|Floor 2|Detroit
3|DRiV Automotive Inc|15701 Technology Dr.||Northville
3|Tenneco Automotive Operating Company Inc|15701 Technology Dr.||Northville
3|Federal-Mogul Powertrain LLC|15701 Technology Dr.||Northville
3|Federal-Mogul Motorparts LLC|15701 Technology Drive||Northville
3|Federal-Mogul Powertrain LLC|15701 Technology Drive||Northville
3|Tenneco Automotive Operating Company Inc|15701 Technology Drive||Township of Northville
3|Upkara Inc|1600 Huron Parkway|Bldg 520, Rm 2390|Ann Arbor
3|Ambient Biosciences Inc|1600 Huron Parkway|Bldg 520, Rm 2390|Ann Arbor
3|Cubeworks Inc|1600 Huron Parkway|OFC 520-2364|Ann Arbor
3|BRP MARINE US INC|16020 S. Lowell Road||Lansing
3|BRP Marine US Inc|16020 S. Lowell Road||Lansing
3|Triton Industries Inc|16020 S. Lowell Road||Lansing
3|GRUPO ANTOLIN AMERICA INC|1700 Atlantic Blvd||Auburn Hills
3|Grupo Antolin North America Inc|1700 Atlantic Blvd||Auburn Hills
3|GRUPO ANTOLIN NORTH AMERICA INC|1700 Atlantic Blvd||Auburn Hills
3|Mubea Inc|1701 Harmon Road||Auburn Hills
3|Mubea Tailor Rolled Blanks LLC|1701 Harmon Road||Auburn Hills
3|Mubea Precision Springs Inc|1701 Harmon Road||Auburn Hills
3|Flint Group Packaging Inks North America Corporation|17177 N. Laurel Park Drive|Suite 300|Livonia
3|Megan Soft Inc|17177 N. Laurel Park Drive|Suite 337|Livonia
3|nDimensions Technologies Inc|17177 N. Laurel Park Drive|Suite 445|Livonia
3|eShocan LLC|17177 North Laurel Park Drive|Suite 202|Livonia
3|Info Services LLC|17177 North Laurel Park Drive|Suite 236|Livonia
3|Info Services LLC|17177 North Laurel Park Drive|Suite 335|Livonia
3|PEGASYS SYSTEMS & TECHNOLOGIES INC|17197 N. Laurel Park Drive|SUITE 519|Livonia
3|Hexin Machinery USA Inc|17197 N. Laurel Park Drive|Suite 250|Livonia
3|PSP Group LLC|17197 N. Laurel Park Drive|Suite 402|Livonia
3|iLumisys|1820 E. Big Beaver Road||Troy
3|Altair ProductDesign Inc|1820 E. Big Beaver Road||Troy
3|Altair Engineering Inc|1820 E. Big Beaver Road||Troy
3|PPL Pharma Solutions Riverview LLC|18655 Krause Street||Riverview
3|Ash Stevens LLC d/b/a Piramal Pharma Solutions|18655 Krause Street||Riverview
3|Ash Stevens LLC|18655 Krause Street||Riverview
3|Quantam Solutions LLC|18877 W 10 Mile Road|STE 108|Southfield
3|Quantam Solutions LLC|18877 W 10 Mile Road|Ste 108|Southfield
3|Quantam Solutions LLC|18877 W 10 Mile Road|Suite 108|Southfield
3|Rock Connections LLC d/b/a Rocket Connections|1900 St. Antoine Street||Detroit
3|Rocket Auto LLC|1900 St. Antoine Street||Detroit
3|Rock Connections LLC|1900 St. Antoine Street||Detroit
3|Ford Field Management LLC|2000 Brush Street|Suite 200|Detroit
3|Jack Morton Worldwide Inc|2000 Brush Street|Suite 301|Detroit
3|Campbell Ewald Company|2000 Brush Street|Suite 601|Detroit
3|AlixPartners LLP|2000 TOWN CENTER|SUITE 2400|SOUTHFIELD
3|AlixPartners, LLP|2000 TOWN CENTER|SUITE 2400|SOUTHFIELD
3|ALUMINA LLC|2000 TOWN CENTER||SOUTHFIELD
3|Acutex Inc (SII to Hilite International Sales Group Inc)|2001 Peach Street||Whitehall
3|Acutex Inc|2001 Peach Street||Whitehall
3|Hilite International Sales Group|2001 Peach Street||Whitehall
3|A2MAC1 LLC|2050 15th St.|Suite 309|Detroit
3|A2MAC1 LLC|2050 15th St.|Suite 313|Detroit
3|Wheel.me Inc|2050 15th St.||Detroit
3|Global Detroit|2050 15th Street|Suite 312|Detroit
3|Airspace Link Inc|2050 15th Street||Detroit
3|Motmot Inc|2050 15th Street||Detroit
3|WalkerHealthcareIT LLC|21 E Long Lake Road|Ste 115|Bloomfield Hills
3|Walker Healthforce LLC|21 E Long Lake Road|Ste 115|Bloomfield Hills
3|WalkerHealthcareIT LLC|21 E Long Lake Road|Suite 115|Bloomfield Hills
3|Infotree Global Solutions Corp|215 Ann Arbor Road|Suite 304|Plymouth
3|Infotree Service Inc|215 Ann Arbor Road|Suite 304|Plymouth
3|Infotree Global Solutions LLC|215 Ann Arbor Road|Suite 304|Plymouth
3|Infotree Global Solutions Corp|215 Ann Arbor Road, Suite 304||Plymouth
3|Infotree Global Service Inc|215 Ann Arbor Road, Suite 304||Plymouth
3|Infotree Service Inc|215 Ann Arbor Road, Suite 304||Plymouth
3|Spacewalk Systems Inc|21600 Novi Road|STE 500|Novi
3|Spacewalk Systems Inc|21600 Novi Road|Ste 500|Novi
3|Spacewalk Systems Inc|21600 Novi Road|Suite 500|Novi
3|LOGICQUE INC|2200 N CANTON CENTER ROAD|STE 110|CANTON
3|SOFTWARE BOTS INC|2200 N CANTON CENTER ROAD|STE 270|CANTON
3|ARISTA CONSULTING LLC|2200 N CANTON CENTER ROAD|SUITE 100B|CANTON
3|LOGICQUE INC|2200 N CANTON CENTER ROAD,|STE 110|Canton
3|LOGICQUE iNC|2200 N CANTON CENTER ROAD,|STE 110|CANTON
3|LOGICQUE INC|2200 N CANTON CENTER ROAD,|STE 110|CANTON
3|LogicQue Inc|2200 N. Canton Center Road|STE 110|Canton
3|Software BOTS Inc|2200 N. Canton Center Road|STE 270|Canton
3|Software Bots Inc|2200 N. Canton Center Road|Suite 270|Canton
3|CAMPFIRE INTERACTIVE INC|2211 Old Earhart Road|Suite 175|Ann Arbor
3|Home Point Financial Corporation|2211 Old Earhart Road|Suite 250|Ann Arbor
3|Home Point Asset Management LLC|2211 Old Earhart Road|Suite 250|Ann Arbor
3|Guardian Industries LLC|2300 Harmon Road||Auburn Hills
3|Guardian Glass LLC|2300 Harmon Road||Auburn Hills
3|Guardian Central Services LLC|2300 Harmon Road||Auburn Hills
3|ThinkDigits Inc|23000 Commerce Dr|Unit 1|Farmington Hills
3|Digital Twin 4.O Inc|23000 Commerce Dr||Farmington Hills
3|Yochana IT Solutions Inc|23000 Commerce Dr||Farmington Hills
3|Fives DyAG Corporation|23400 Halsted Road||Farmington Hills
3|Fives Cinetic Corporation|23400 Halsted Road||Farmington Hills
3|Fives DyAG Corp.|23400 Halsted Road||Farmington Hills
3|Intellibee Inc|24001 Orchard Lake Road|STE 180B|Farmington
3|Intellibee Inc|24001 Orchard Lake Road|Ste Number 180B|Farmington
3|Intellibee Inc|24001 Orchard Lake Road|Suite 180B|Farmington
3|TEK LABS Inc|24155  Drake Road|STE 204|Farmington Hills
3|Tek Labs Inc|24155  Drake Road|STE 204|Farmington Hills
3|dFarm Inc|24155  Drake Road|Suite 202|Farmington Hills
3|Continental Oceans Technology|2422 Jolly Road|A400|Okemos
3|T.A. Forberg Inc|2422 Jolly Road|Suite 200|Okemos
3|T.A. Forsberg Inc|2422 Jolly Road|Suite 200|Okemos
3|Nova Home Care LLC|24543 Indoplex Circle|100|Farmington Hills
3|American Quality Care|24543 Indoplex Circle|Suite 100|Farmington Hills
3|Cliff Tech Inc|24543 Indoplex Circle|Suite 150|Farmington Hills
3|Valiant International Inc|2469 Executive Hills Drive||AUBURN HILLS
3|Valiant International Inc|2469 Executive Hills Drive||AAUBURN HILLS
3|Valiant International Inc|2469 Executive Hills Drive||Auburn Hills
3|Epitec Inc|24800 Denso Drive|Suite 150|Southfield
3|WBTL USA Inc|24800 Denso Drive|Suite 250|Southfield
3|WBTL USA Inc|24800 Denso Drive|Suite 250|southfield
3|Morlogic Inc|2500 Packard Street,|Suite 201|Ann Arbor,
3|Morlogic Inc|2500 Packard Street,|Suite 201|Ann Arbor
3|Morlogic Inc|2500 Packard Street,|Suite 201,|Ann Arbor
3|Sasken Inc|25925 Telegraph Road|Suite 104|Southfield
3|Lingo Telecom LLC|25925 Telegraph Road|Suite 210|Southfield
3|BullsEye Telecom|25925 Telegraph Road|Suite 210|Southfield
3|ARCH Global Management Holdings Corp|2600 S. Telegraph Road|Suite 180|Bloomfield Hills
3|ARCH Cutting Tools Corp.|2600 S. Telegraph Road|Suite 180|Bloomfield Hills
3|Backbenchers LLC|2600 S. Telegraph Road|Suite 200|Bloomfield Hills
3|Bay Cast Foundry LLC|2611 Center Avenue||Bay City
3|Bay Cast Technologies LLC|2611 Center Avenue||Bay City
3|Bay Cast Technologies Inc|2611 Center Avenue||Bay City
3|Botsford General Hospital|26901 Beaumont Boulevard||Southfield
3|William Beaumont Hospital|26901 Beaumont Boulevard||Southfield
3|Oakwood Healthcare Inc|26901 Beaumont Boulevard||Southfield
3|Veoneer System Software Inc|27000 Meadowbrook Road|Ste 201|Novi
3|Arriver Software LLC|27000 Meadowbrook Road|Suite 201|Novi
3|Arriver Software Inc|27000 Meadowbrook Road|Suite 201|Novi
3|Plastic Omnium Auto Exteriors LLC|2710 Bellingham Road|Suite 400|Troy
3|Plastic Omnium Auto Inergy (USA) LLC|2710 Bellingham Road|Suite 400|Troy
3|Plastic Omnium Auto Inergy (USA) LLC|2710 Bellingham Road||Troy
3|ITC Holdings Corp|27175 Energy Way||Novi
3|International Holdings Corp.|27175 Energy Way||Novi
3|ITC Holdings Corp.|27175 Energy Way||Novi
3|Appsboat Inc|27620 FARMINGTON ROAD|SUITE B-9|FARMINGTON HILLS
3|COPPER DART INC|27620 FARMINGTON ROAD|SUITE B7|FARMINGTON HILLS
3|APPSBOAT INC|27620 FARMINGTON ROAD|SUITE B9|FARMINGTON HILLS
3|MM1 Inc|27655 Middlebelt Road|Suite 170|Farmington Hills
3|Midwest School Services Inc|27655 Middlebelt Road||Farmington Hills
3|MM1 Inc|27655 Middlebelt Road||Farmington Hills
3|Camelot SI LLC|27725 Stansbury Blvd.|Suite 175|Farmington Hills
3|UHY Advisors MI Inc|27725 Stansbury Blvd.|Suite 385|Farmington Hills
3|UHY Advisors Great Lakes Inc|27725 Stansbury Blvd.|Suite 385|Farmington Hills
3|AutoTechmation Inc|27950 Orchard Lake Road|Suite 116|Farmington Hills
3|Radhika Jewelers LLC|27950 Orchard Lake Road|Unit 101|Farmington Hills
3|TECHNOVISION SOLUTION LLC|27950 Orchard Lake Road|suite 116|FarmingtonHills
3|SAS Automotive USA Inc|2800 HIGH MEADOW CIRCLE||AUBURN HILLS
3|Faurecia USA Holdings Inc|2800 HIGH MEADOW CIRCLE||AUBURN HILLS
3|Faurecia USA Holdings Inc|2800 HIGH MEADOW CIRCLE||Auburn Hills
3|Kawasaki Robotics (USA) INc.|28140 Lakeview Drive||Wixom
3|Kawasaki Robotics (USA) Inc|28140 Lakeview Drive||Wixom
3|Kawasaki Robotics (USA), INc.|28140 Lakeview Drive||Wixom
3|Marvel Technologies Inc|28275 Telegraph Road|Suite 206|Southfield
3|Marveltech Consulting Services Inc|28275 Telegraph Road|Suite 208|Southfield
3|Marvel Technologies Inc|28275 Telegraph Road||Southfield
3|Anjani Etech Solutions Inc|2838 E Long Lake Road|Ste 140|Troy
3|Anjani Etech Solutions Inc|2838 E Long Lake Road|Suite 140|Troy
3|Techstride LLC|2838 E Long Lake Road|ste 255|Troy
3|Implant Dentistry Associates of Detroit-Southfield, PC|28411 Northwestern Highway|Suite 115|Southfield
3|VHS Physicians of Michigan|28411 Northwestern Highway|Suite 750|Southfield
3|Implant Dentistry Associates of Detroit-Southfield, PC|28411 Northwestern Highway||Southfield
3|Eagle Systems and Technologies Inc|28535 Orchard Lake Road|Ste 50|Farmington Hills
3|Eagle Systems & Technologies Inc|28535 Orchard Lake Road|Suite 50|Farmington Hills
3|Relynk IT Inc|28535 Orchard Lake Road|Suite 50|Farmington Hills
3|Ability Works Rehab Services LLC|28592 Orchard Lake Road|Suite 300|Farmington Hills
3|Technology Consultants Inc|28592 Orchard Lake Road|Suite 305|Farmington Hills
3|Technology Consultants Inc|28592 Orchard Lake Road|suite 305|Farmington Hills
3|Association of Affiliated Pharmacies and Apothecaries LLC|290 Town Center Drive|Ste 323|Dearborn
3|Association of Affiliated Pharmacies and Apothecaries LLC|290 Town Center Drive|Suite 323|Dearborn
3|Team Mental Health Services|290 Town Center Drive|Suite 400|Dearborn
3|Purem Novi Inc|29101 Haggerty Road||Novi
3|Purem Novi Inc|29101 Haggerty Road||NOVI
3|Eberspaecher North America Inc|29101 Haggerty Road||Novi
3|Aretek Solutions Inc|3 Parklane Blvd|126W|Dearborn
3|OPIO LLC|3 Parklane Blvd|Suite 1200|Dearborn
3|Aretek Solutions Inc|3 Parklane Blvd|Suite 126W|Dearborn
3|F & L Engineering and Consulting Inc|3000 Town Center|Ste 2200|Southfield
3|NTR Magnum Inc|3000 Town Center|Suite 2200|Southfield
3|Plante Moran, PLLC|3000 Town Center||Southfield
3|REDEMPTORE LLC|3004 PARKWAY CIR|STERLING HTS|Detroit
3|REDEMPTORE LLC|3004 PARKWAY CIR||Sterling Heights
3|REDEMPTORE LLC|3004 PARKWAY CIR||STERLING HEIGHTS
3|Professional Rehab Sol|30445 Northwestern Hwy|Suite 106|Farmington Hills
3|PROLIM Global Corporation|30445 Northwestern Hwy|Suite 380|Farmington Hills
3|PROLIM Consulting Inc|30445 Northwestern Hwy|Suite 380|Farmington Hills
3|INTELLIGENT SOLUTIONS GROUP CORP|30600 TELEGRAPH ROAD|Suite 2226|BINGHAM FARMS
3|INTELLIGENT SOLUTIONS GROUPCORP|30600 TELEGRAPH ROAD|Suite 2226|BINGHAM FARMS
3|INTELLIGENT SOLUTIONS GROUP CORP|30600 TELEGRAPH ROAD|Suite 2226|Bingham Farms
3|Yashraj Technologies Inc|31700 W 13 Mile Road|Suite 212|Farmington Hills
3|ShanuDT IT Solutions INC|31700 W 13 Mile Road|Suite 217|Farmington Hills
3|Anya Holdings LLC|31700 W 13 Mile Road|Suite 217|Farmington Hills
3|MAXPRO INC|31731 NORTHWESTERN HIGHWAY|STE 168W|FARMINGTON HILLS
3|MAXPRO INC|31731 NORTHWESTERN HIGHWAY|SUITE 168W|FARMINGTON HILLS
3|OAKLAND MANAGEMENT CORPORATION|31731 NORTHWESTERN HIGHWAY|SUITE 250W|FARMINGTON HILLS
3|Caresoft Technologies Inc|31770 Enterprise Dr||Livonia
3|Caresoft Global Technologies Inc|31770 Enterprise Dr||Livonia
3|Caresoft Technologies Inc|31770 Enterprise Dr||LIVONIA
3|CALVIN UNIVERSITY|3201 BURTON ST SE||GRAND RAPIDS
3|CALVIN UNIVERISTY|3201 BURTON ST SE||GRAND RAPIDS
3|Calvin University|3201 BURTON ST SE||GRAND RAPIDS
3|TEKNEST INC|32985 HAMILTON COURT|STE 111|FARMINGTON HILLS
3|Pentangle Tech Services LLC|32985 HAMILTON COURT|STE 122|Farmington hills
3|TEKNEST INC|32985 HAMILTON COURT|SUITE 111|FARMINGTON HILLS
3|Sniffer Robotics LLC|330 East Liberty Street||Ann Arbor
3|Sniffer Robotics Inc (f/k/a Sniffer Robotics LLC)|330 East Liberty Street||Ann Arbor
3|AngioInsight Inc|330 East Liberty Street||Ann Arbor
3|Ecerasystem LLC|33405 Colony Park Drive||Farmington Hills
3|Ecera System LLC|33405 Colony Park Drive||Farmington Hills
3|Ecera System LLC|33405 Colony Park Drive||Farmington Hilla
3|EKTELLO|340  E. Big Beaver Road|Suite 550|Troy
3|ektello LLC|340  E. Big Beaver Road|Suite 550|Troy
3|EKTELLO LLC|340  E. Big Beaver Road|Suite 550|Troy
3|Pi Square Technologies|34405 west 12 mile road|suite 123|Farmington hills
3|Pi Square Technologies LLC|34405 west 12 mile road|suite 123|Farmington hills
3|Pi Square Technologies LLC|34405 west 12 mile road||Farmington hills
3|Astemo Americas Inc|34500 Grand River Avenue||Farmington Hills
3|Hitachi Astemo Americas Inc|34500 Grand River Avenue||Farmington Hills
3|Clarion Corporation of America|34500 Grand River Avenue||Farmington Hills
3|CTI and Associates Inc|34705 West 12 Mile Road|Suite 230|Farmington Hills
3|CTI and Associates LLC|34705 West 12 Mile Road|Suite 230|Farmington Hills
3|CTI and Associates INC|34705 West 12 Mile Road|Suite 230|Farmington Hills
3|Independent Emergency Physicians|37000 Grand River Avenue|Suite 310|Farmington Hills
3|Dechen Consulting Group Inc|37000 Grand River Avenue|Suite 330|Farmington Hills
3|Zione Solutions LLC|37000 Grand River Avenue|Suite 355|Farmington
3|VED Software Services Inc|37811 WEST 12 MILE ROAD|STE 201|Farmington Hills
3|VED Software Services INC|37811 WEST 12 MILE ROAD|STE 201|Farmington Hills
3|VED SOFTWARE SERVICES INC|37811 WEST 12 MILE ROAD|STE 201|Farmington Hills
3|VED Software Services Inc|37811 West 12 mile Road|STE 201|Farmington Hills
3|VED Software Systems Inc|37811 West 12 mile Road|Ste 201|Farmington Hills
3|VED Software Services Inc|37811 West 12 mile Road|Ste 201|FARMINGTON HILLS
3|BorgWarner Emissions Systems of Michigan|3800 Automation Ave||Auburn Hills
3|BorgWarner Transmission Products LLC|3800 Automation Ave||Auburn Hills
3|BorgWarner PDS (USA) Inc|3800 Automation Ave||Auburn Hills
3|TARUS PRODUCTS INC|38100 COMMERCE DR||STERLING HTS
3|TARUS PRODUCTSINC|38100 COMMERCE DR||STERLIG HTS,
3|TARUS PRODUCTSINC|38100 COMMERCE DR||STERLING HTS,
3|IT RYSOURCES INC|38345 W 10 MILE ROAD, SUITE   111||FARMINGTONHILLS
3|IT RYSOURCES INC|38345 W 10 MILE ROAD, SUITE   111||FARMINGTON HILLS
3|IT RYSOURCES INC|38345 W 10 MILE ROAD, SUITE   111||FARMIGTONHILLS
3|IB Systems Inc|38345 W 10 Mile Road, Suite 366|N/A|Farmington Hills
3|IB SYSTEMS INC|38345 W 10 Mile Road, Suite 366|N/A|Farmington Hills
3|IB Systems Inc|38345 W 10 Mile Road, Suite 366||Farmington Hills
3|RITWIK INFOTECH INC|38345 W. 10 Mile Road|SUITE 253|FARMINGTON HILLS
3|Computek Solutions Inc|38345 W. 10 Mile Road|Suite 145|Farmington Hills
3|LOGGING-IN.COM LLC|38345 W. 10 Mile Road|Suite 250|Farmington Hills
3|Borgwarner Inc|3850 Hamlin Road||Auburn Hills
3|BorgWarner Inc|3850 Hamlin Road||Auburn Hills
3|BORGWARNER INC|3850 Hamlin Road||Auburn Hills
3|USHR INC|38695 W Seven Mile Road|SUITE 110|LIVONIA
3|USHR INC|38695 W Seven Mile Road|SUITE 200|LIVONIA
3|Dynamic Map Platform North America Inc|38695 W Seven Mile Road|SUITE 200|LIVONIA
3|Pediatric Anesthesia Associates|3901 Beaubien||Detroit
3|University Pediatricians|3901 Beaubien||Deteroit
3|University Pediatricians|3901 Beaubien||Detroit
3|Kotobukiya Treves North America|39500 Orchard Hill Place|STE 205|Novi
3|Kotobukiya Treves North America|39500 Orchard Hill Place|Ste 205|Novi
3|Vector North America Inc|39500 Orchard Hill Place|Suite 500|Novi
3|NTT Managed Services Americas LLC|4000 Town Center|200 Suite|Southfield
3|NTT Managed Services Americas LLC|4000 Town Center|Suite 200|Southfield
3|Ciena Healthcare Management Inc|4000 Town Center|Suite 2000|Southfield
3|MyMichigan Medical Group|4000 Wellness Dr.||Midland
3|MyMichigan Health|4000 Wellness Dr.||Midland
3|MyMichigan Medical Center Midland|4000 Wellness Dr.||Midland
3|Roosevelt Innovations LLC|4100 Okemos Road||Okemos
3|Delta Dental of Michigan Inc|4100 Okemos Road||Okemos
3|Roosevelt Innovations LLC|4100 Okemos Road||Okmemos
3|Sellsage LLC|41150 Van Born Road||Canton
3|ViKi Technologies LLC|41150 Van Born Road||Canton
3|Marimba Auto LLC|41150 Van Born Road||Canton
3|The Shyft Group Inc|41280 Bridge St||Novi
3|The Shyft Group|41280 Bridge St||Novi
3|The Shyft Group USA Inc|41280 Bridge St||Novi
3|The Shyft Group DuraMag LLC|41280 Bridge St.||Novi
3|The Shyft Group USA Inc|41280 Bridge St.||Novi
3|The Shyft Group Inc|41280 Bridge St.||Novi
3|Neyer, Tiseo & Hindo, Ltd. dba NTH Consultants, Ltd.|41780 Six Mile Road|Suite 200|Northville
3|Neyer, Tiseo & Hindo, Ltd.|41780 Six Mile Road|Suite 200|Northville
3|Neyer, Tiseo & Hindo, Ltd. dba NTH Consultants, Ltd.|41780 Six Mile Road||Northville
3|DATASOFT INC|41875 W 11 MILE ROAD|204|NOVI
3|DATASOFT NC|41875 W 11 MILE ROAD|204|NOVI
3|BITECH INC|41875 W 11 MILE ROAD|204 A|NOVI
3|DataSoft Inc|41875 W. 11 Mile Road|Suite 204|Novi
3|BiTech Inc|41875 W. 11 Mile Road|Suite 204A|Novi
3|DataSoft Inc|41875 W. 11 Mile Road|Suite 204A|Novi
3|WAYNE STATE UNIVERSITY|42 WEST WARREN AVENUE|SUITE 316|DETROIT
3|WAYNE STATE UNIVERSITY|42 WEST WARREN AVENUE|SUITE 416|DETROIT
3|WAYNE STATE UNIVERSITY|42 WEST WARREN AVENUE|SUITE 416|HARPER WOODS
3|NSK Corporation|4200 Goss Road||Ann Arbor
3|NSK Americas Inc|4200 Goss Road||Ann Arbor
3|NSK Steering Systems America Inc|4200 Goss Road||Ann Arbor
3|Konnech Inc|4211 Okemos Road|Suite 11|Okemos
3|KONNECH INC|4211 Okemos Road|Suite 11|Okemos
3|Konnech Inc|4211 Okemos Road|Suite 3|Okemos
3|BASSAM NAHHAS DENTAL LAB LLC|424 HENLEY CT||BLOOMFIELD
3|BASSAM NAHHAS DENTAL LAB LLC|424 HENLEY CT||BLOOMFIELD HILLS
3|BASSAM NAHHAS DENTAL LAB L.L.C|424 HENLEY CT||BLOOMFIELD HILLS
3|Humans First Detroit, DBA Civilla|440 Burroughs St|Suite 200|Detroit
3|Data Driven Detroit, L3C|440 Burroughs St|Suite 330|Detroit
3|Functional Fluidics|440 Burroughs St||Detroit
3|Lineage Logistics LLC|46500 Humboldt Drive|Suite 200|Novi
3|Lineage Logistics Services|46500 Humboldt Drive||Novi
3|Lineage Logistics LLC|46500 Humboldt Drive||Novi
3|AVL TEST SYSTEMS INC|47519 HALYAROAD DRIVE||PLYMOUTH
3|AVL MOBILITY TECHNOLOGIES INC|47519 HALYAROAD DRIVE||PLYMOUTH
3|AVL POWERTRAIN ENGINEERING INC|47519 HALYAROAD DRIVE||PLYMOUTH
3|HORIZON GLOBAL AMERICAS INC|47912 HALYAROAD DRIVE|Suite 100|Plymouth
3|Horizon Global Americas Inc|47912 HALYAROAD DRIVE|Suite 100|Plymouth
3|HORIZON GLOBAL AMERICAS INC (FORMERLY CEQUENT PERFORMANCE)|47912 HALYAROAD DRIVE|Suite 100|Plymouth
3|H2H Solutions Inc|49197 Wixom Tech Drive|STE B|Wixom
3|Youngsoft Inc|49197 Wixom Tech Drive|Suite B|Wixom
3|H2H Solutions Inc|49197 Wixom Tech Drive||Wixom
3|SERVEONE America Inc|50 W Big Beaver Road|STE 550|Troy
3|Endodontic Associates of Michigan, PLLC|50 W Big Beaver Road|Suite 200|Bloomfield Hills
3|Endodontic Associates of Michigan, PLLC|50 W Big Beaver Road||Bloomfield Hills
3|Dart Container of Michigan LLC|500 Hogsback Road|N/A|Mason
3|Dart Container of Michigan LLC|500 Hogsback Road||Mason
3|Solo Cup Operating Corporation|500 Hogsback Road||Mason
3|MyMichigan Medical Center Sault|500 Osborn Boulevard||Sault St. Marie
3|MyMichigan Medical Center Sault|500 Osborn Boulevard||Sault  Ste. Marie
3|MyMichigan Medical Center Sault|500 Osborn Boulevard||Sault Ste. Marie
3|Minth North America INC|51331 Pontiac Trail||Wixom
3|Minth North America Inc|51331 Pontiac Trail||Wixom
3|MINTH NORTH AMERICA INC|51331 Pontiac Trail||Wixom
3|L Perrigo Company|515 Eastern Avenue||Allegan
3|Perrigo Research and Development Company|515 Eastern Avenue||Allegan
3|PBM Nutritionals LLC|515 Eastern Avenue||Allegan
3|Bell Landscaping Inc|5247 N Westervelt Road||Saginaw
3|Bell Landscaping INC|5247 N Westervelt Road||Saginaw
3|BELL LANDSCAPING INC|5247 N Westervelt Road||Saginaw
3|Ross Recruiting Inc|5355 Northland Dr. NE|STE C 139|Grand Rapids
3|Ross Recruiting Inc|5355 Northland Dr. NE|Suite C 139|Grands Rapid
3|Ross Recruiting Inc|5355 Northland Dr. NE|Suite C 139|Grand Rapids
3|Eissmann Automotive Detroit Development LLC|5700 Crooks Road|Suite 300|Troy
3|Eissmann Automotive North America|5700 Crooks Road|Suite 300|Troy
3|Applus Technical Services USA Inc|5700 Crooks Road||Troy
3|Carhartt Inc|5750 Mercury Drive|N/A|DEARBORN
3|Carhartt Inc|5750 Mercury Drive||Dearborn
3|Carhartt Retail LLC|5750 Mercury Drive||Dearborn
3|BROWSE INFO SOLUTIONS INC|5840 N CANTON CENTER ROAD|SUITE 299|CANTON
3|Browse Info Solutions Inc|5840 N CANTON CENTER ROAD|SUITE 299|CANTON
3|BROWSE INFO SOLUTIONS INC|5840 N CANTON CENTER ROAD|Suite 299|CANTON
3|Ulendo Technologies Inc|600 South Wagner Road|Suite 105|Ann Arbor
3|Ecovia Renewables Inc|600 South Wagner Road|Suite 15|Ann Arbor
3|Stabilux Biosciences Inc|600 South Wagner Road|Suite 171|Ann Arbor
3|Bronson Methodist Hospital|601 John Street|Box 57|Kalamazoo
3|Bronson Health Care Group Inc|601 John Street||Kalamazoo
3|Bronson Methodist Hospital|601 John Street||Kalamazoo
3|AMESITE INC|607 Shelby St|St Ste 700 PMB 214|Detroit
3|AMESITE INC|607 Shelby St|Ste 700 PMB 214|Detroit
3|ARN IT Solutions LLC|607 Shelby St|Suite 700-1043|Detroit
3|Prime Healthcare Services – Garden City LLC|6245 Inkster Road||Garden City
3|Prime Garden City Medical Group Inc|6245 Inkster Road||Garden City
3|Prime Garden City Medical Group|6245 Inkster Road||Garden City
3|Infyshine Inc|625 Kenmoor Ave SE|STE 301|Grand Rapids
3|LaFleur & Godfrey LLC|625 Kenmoor Ave SE|Suite 209|Grand Rapids
3|Infyshine Inc|625 Kenmoor Ave SE|Suite 301|Grand Rapids
3|OMER North America Corporation|6250 15 Mile Road||Sterling Heights
3|Omar North American Corporation|6250 15 Mile Road||Sterling Heights
3|Omer North America Corp|6250 15 Mile Road||Sterling Heights
3|UMI Acquisition Inc|6300 18 1/2 Mile Road||Sterling Heights
3|United Machining Inc|6300 18 1/2 Mile Road||Sterling Height
3|United Machining Inc|6300 18 1/2 Mile Road||Sterling Heights
3|iTech-Go LLC|6751 Dixie Highway|STE 112|Clarkston
3|iTech-Go LLC|6751 Dixie Highway|Ste 112|Clarkston
3|iTech-Go LLC|6751 Dixie Highway|Suite 112|Clarkston
3|Reply Inc|691 N. Squirrel Road|Suite 202|Auburn Hills
3|eProcurement Services LLC|691 N. Squirrel Road|Suite 220|Auburn Hills
3|CENIT North America Inc|691 N. Squirrel Road|Suite 275|Auburn Hills
3|HBPO North America Inc|700 Tower Drive|STE 250|Troy
3|HBPO North America Inc|700 Tower Drive|Suite 250|Troy
3|BeneSys Inc|700 Tower Drive|Suite 30|Troy
3|ATCO INDUSTRIES LLC|7200 15 MILE ROAD||STERLING HEIGHTS
3|VAYAN GROUP LLC|7200 15 MILE ROAD||STERLING HEIGHTS
3|ATCO INDUSTRIES INC|7200 15 MILE ROAD||STERLING HEIGHTS
3|A Plus International Culture Communication Inc|725 Prudden Street||Lansing
3|A PLUS INTERNATIONAL CULTURE COMMUNICATION INC|725 Prudden Street||Lansing
3|Allwyn Consulting Services LLC|725 Prudden Street||Lansing
3|Magna Services of America Inc|750 Tower Dr.|Mail Code 7400|Troy
3|Magna Steyr USA Inc|750 Tower Dr.||Troy
3|Magna Services of America Inc|750 Tower Dr.||Troy
3|Kautex Inc|800 Tower Drive|Suite 200|Troy
3|Automated Benefit Services Inc|800 Tower Drive|Suite 300|Troy
3|Kautex Inc|800 Tower Drive||Troy
3|PERSIS CONSULTING CO|800 W. LONG LAKE ROAD|SUITE 165|BLOOMFIELD HILLS
3|PERSIS CONSULTING COMPANY|800 W. LONG LAKE ROAD|SUITE 220|BLOOMFIELD HILLS
3|PERSIS CONSULTING CO|800 W. LONG LAKE ROAD|SUITE 220|BLOOMFIELD HILLS
3|TechAspect Solutions LLC|888 W Big Beaver Road|2nd Floor|Troy
3|TECH5 USA Inc|888 W Big Beaver Road|Suite 200|Troy
3|TechAspect Solutions LLC|888 W Big Beaver Road||Troy
3|AKKA USA LLC|975 S. OPDYKE ROAD|SUITE 175|AUBURN HILLS
3|AKKA Group North America Inc|975 S. OPDYKE ROAD|SUITE 175|AUBURN HILLS
3|Akkodis Group North America Inc|975 S. OPDYKE ROAD|SUITE 175|AUBURN HILLS
3|Ford Motor Credit Company LLC|One American Road|Office 229 E-4|Dearborn
3|Ford Motor Company|One American Road|Office 229 E-4|Dearborn
3|VIIZR Inc|One American Road||Dearborn
2|Dieomatic Incorporated Inc|10 Clark Road||Battle Creek
2|Dieomatic Incorporated|10 Clark Road||Battle Creek
2|Dieomatic Incorporated|10 Clark Road North||Battle Creek
2|Dieomatic Incorporated Inc|10 Clark Road North||Battle Creek
2|MERCY HOSPITALISTS, PLLC|10 WEST SQUARE LAKE ROAD|SUITE 103|BLOOMFIELD HILLS
2|Mercy Hospitalists, PLLC|10 WEST SQUARE LAKE ROAD|SUITE 103|BLOOMFIELD HILLS
2|Corewell Health|100 Corewell Dr. NW - MC6481||Grand Rapids
2|Spectrum Health Primary Care Ptrs|100 Corewell Dr. NW - MC6481||Grand Rapids
2|TEK PYRAMIDS INC|100 E Big Beaver Road|Suite 845|Troy
2|Pure Talent Consulting Inc|100 E Big Beaver Road|Suite 950|Troy
2|Subhashini Software Solutions Inc|100 East Big Beaver Road|Suite 880|Troy
2|Omnisoft Inc|100 East Big Beaver Road|Suite 880|Troy
2|Western Labs LLC,|100 W,Big Beaver Road|SUITE 200|TROY
2|Western Labs LLC,|100 W,Big Beaver Road|SUITE 400|TROY
2|Computech Corporation|100 W. Kirby Street|Suite 101|Detroit
2|CES Limited LLC|100 W. Kirby Street|Suite 105|Detroit
2|ALTAFLUX CORPORATION|100 WEST BIG BEAVER ROAD|SUITE 200|TROY
2|BLUEBINARIES ENGINEERING AND SOLUTIONS INC|100 WEST BIG BEAVER ROAD|SUITE 200|TROY
2|Southeast Michigan Council of Governments|1001 Woodward Avenue|Suite 1400|Detroit
2|Envorso LLC|1001 Woodward Avenue|Suite 500|Detroit
2|IDEACore LLC|101 W Big Beaver Road|Suite 1464|Troy
2|Plenus Tax & Accounting LLC|101 W Big Beaver Road|Suite 525|Troy
2|D4M International Inc (formerly R3D Consulting Corporation)|101 W. Big Beaver Road|Floor 14|Troy
2|Giggso Inc|101 W. Big Beaver Road|Suite 1400|Troy
2|Comtech International Design Group Inc|101 West Big Beaver Road|14th Floor|Troy
2|TECOSIM INC|101 West Big Beaver Road|Suite 1400|Troy
2|NIOWAVE INC|1012 NORTH WALNUT STREET|N/A|LANSING
2|NIOWAVE INC|1012 NORTH WALNUT STREET||LANSING
2|Wirtz Manufacturing Company Inc|1105 24th St.||Port Huron
2|WIRTZ MANUFACTURING COMPANY INC|1105 24th St.||Port Huron
2|MUNRO AND ASSOCIATES INC|1140 CENTRE ROAD||AUBURN HILLS
2|MUNRO AND ASSOCIATES LLC|1140 CENTRE ROAD||AUBURN HILLS
2|IOSiX LLC|1161 Oak Valley Dr.||Ann Arbor
2|IOSiX Inc|1161 Oak Valley Dr.||Ann Arbor
2|Family Health Center Inc|117 West Paterson Street|N/A|Kalamazoo
2|Family Health Center Inc|117 West Paterson Street||Kalamazoo
2|MYST Used Car LLC|1173 Combermere Dr||Troy
2|Myst Used Car LLC|1173 Combermere Dr||Troy
2|HP Pelzer Automotive Systems Inc|1175 Crooks Road||Troy
2|STS Group North America Inc|1175 Crooks Road||Troy
2|Ascension Macomb Oakland Hospital|11800 12 Mile Road||Warren
2|Ascension Macomb-Oakland Hospital|11800 12 Mile Road||Warren
2|EDWARD W. SPARROW HOSPITAL ASSOCIATION|1200 E. MICHIGAN AVE|SUITE 340|LANSING
2|EDWARD W. SPARROW HOSPITAL ASSOCIATION|1200 E. MICHIGAN AVE||LANSING
2|Lansing Board of Water & Light|1201 S. Washington Avenue||LANSING
2|Lansing Board of Water & Light|1201 S. Washington Avenue||Lansing
2|Destination Media Inc|1201 Woodward Avenue|7th Floor|Detroit
2|Xenith LLC|1201 Woodward Avenue|Floor 5|Detroit
2|DAIMLER TRUCK FINANCIAL SERVICES USA LLC|12120 Telegraph Road||Redford
2|Daimler Truck Financial Services USA LLC|12120 Telegraph Road||Redford
2|Polarixpartner North America Inc|1217 Woodward Ave|Suite 450|Detroit
2|Roland Berger LP|1217 Woodward Ave|Suite 450|Detroit
2|HR-1 LLC|12225 Stephens Road|Ste 100|Warren
2|Conlan Tire Co. LLC|12225 Stephens Road||Warren
2|GUD MARKETING INC|1223 TURNER STREET|SUITE 100|Lansing
2|GUD MARKETING INC|1223 TURNER STREET|SUITE 100|LANSING
2|Priority Health Managed Benefits Inc|1231 E. Beltline Avenue NE||Grand Rapids
2|Priority Health|1231 E. Beltline Avenue NE||Grand Rapids
2|Lakeland Hospitals at Niles and St. Joseph Inc|1234 Napier Avenue||St. Joseph
2|Lakeland Hospitals at Niles and St Joseph INC|1234 Napier Avenue||Saint Joseph
2|Howell Dental Care Center PLLC|1250 Byron Road||Howell
2|Howell Dental Care Center, PLLC|1250 Byron Road||Howell
2|Academy of the Sacred Heart|1250 Kensington Road||Bloomfield Hills
2|ACADEMY OF THE SACRED HEART|1250 Kensington Road||Bloomfield Hills
2|Bryllan LLC|12501 E Grand River Avenue||Brighton
2|BWI Chassis Dynamics (NA) Inc|12501 E Grand River Avenue||Brighton
2|Production Services Management LLC|1255 Beach Court||Saline
2|Production Services Management Inc|1255 Beach Court||Saline
2|Piston Automotive LLC|12723 Telegraph Road||Redford
2|Piston Automotive LLC|12723 Telegraph Road||Redford Charter Township
2|SATTRIX USA LLC|12801 AUBURN STREET|Suite 314|DETROIT
2|SATTRIX USA LLC|12801 AUBURN STREET|Suite 700|DETROIT
2|H.A. Automotive Systems Inc|1300 Coolidge Highway||Troy
2|HA Automotive Systems Inc|1300 Coolidge Highway||Troy
2|FHS Technology NV LLC|1301 W Long Lake Road|Ste 272|Troy
2|Hearst Business Publishing Inc|1301 W Long Lake Road|Suite 300|Troy
2|SA Automotive, Ltd.|1307 Highview Drive|N/A|Webberville
2|SA Automotive, Ltd.|1307 Highview Drive||Webberville
2|Rivian Automotive LLC|13250 N Haggerty Road||Plymouth
2|RIVIAN AUTOMOTIVE LLC|13250 N Haggerty Road||Plymouth
2|Vgage LLC|13250 Northend Ave||Oak Park
2|VGAGE LLC|13250 Northend Ave||Oak Park
2|DETROIT DIESEL CORPORATION|13400 OUTER DRIVE WEST||DETROIT
2|Detroit Diesel Corporation|13400 OUTER DRIVE WEST||Detroit
2|DETROIT DIESEL CORPORATION|13400 Outer Drive West||Detroit
2|Detroit Diesel Corporation|13400 Outer Drive West||Detroit
2|McNaughton McKay Electric Company|1357 E. Lincoln Avenue||Madison Heights
2|McNaughton-McKay Electric Company|1357 E. Lincoln Avenue||Madison Heights
2|Nebula International Corporation|1384 Piedmont Ave||Troy
2|Utila Legend LLC|1384 Piedmont Ave||Troy
2|Block Harbor Cybersecurity INC|1397 Piedmont Dr|Ste 100|Troy
2|Block Harbor Cybersecurity LLC|1397 Piedmont Dr|Ste 100|Troy
2|Akasol Inc|1400 E. 10 Mile Road|Suite 150|Hazel Park
2|AKASOL INC|1400 E. 10 Mile Road|Suite 150|Hazel Park
2|DVS Technosoft Inc|1409 Allen Dr|STE A|Troy
2|DVS Technosoft Inc|1409 Allen Dr|Ste A|Troy
2|Hagerty Management LLC|141 Rivers Edge Drive|SUITE 200|Traverse City
2|Hagerty Insurance Agency LLC|141 Rivers Edge Drive|Suite 200|Traverse City
2|Chapman and Associates PC|1441 W. Long Lake Road|Ste 310|Troy
2|Chapman and Associates P.C.|1441 W. Long Lake Road|Suite 310|Troy
2|COVENANT MEDICAL CENTER INC|1447 North Harrison Street||Saginaw
2|Covenant Medical Center Inc|1447 North Harrison Street||Saginaw
2|OuterFactor Inc|14600 Beadle Lake Road||Battle Creek
2|OuterFactor INC|14600 Beadle Lake Road||Battle Creek
2|INNOVATIVE ENGINEERING SYSTEM SOLUTIONS INC|14625 Telegraph Road|Suite A|Taylor
2|INNOVATIVE ENGINEERING SYSTEMSOLUTIONS INC|14625 Telegraph Road|Suite A|Taylor
2|Dumarey USA LLC|14900 Galleon Court||Plymouth
2|MAHLE Powertrain LLC|14900 Galleon Court||Plymouth
2|NYX Inc|14909 Beck Road||Plymouth
2|NYX LLC|14909 Beck Road||Plymouth
2|Roberts Sinto Corporation|150 Orchard Street||Grand Ledge
2|Sinto America Inc|150 Orchard Street||Grand Ledge
2|Alps Alpine North America Inc|1500 Atlantic Blvd.||Auburn Hills
2|Alps Electric (North America) Inc|1500 Atlantic Blvd.||Auburn Hills
2|Stanley Electric Holding of America Inc|1500 Hill Brady Road||Battle Creek
2|II Stanley Co. Inc|1500 Hill Brady Road||Battle Creek
2|Century Plastics LLC|15030 23 Mile Road||Shelby Twp
2|Century Plastics LLC|15030 23 Mile Road||Shelby Township
2|State Electric Company|15045 Dixie Hwy|Suite A|Holly
2|State Electric Company|15045 Dixie Hwy||Holly
2|Trigtec LLC / D.B.A. ENORISE NA LLC|1515 Atlantic Boulevard||Auburn Hills
2|TrigTec LLC|1515 Atlantic Boulevard||Auburn Hills
2|McLaren Health Management Group|1515 Cal Drive||Davision
2|McLaren Health Management Group|1515 Cal Drive||Davison
2|Aurora Specialty Chemistries|1520 Lake Lansing Road|907 W. Gibbs Street, St. Johns, Michigan 48879|Lansing
2|Aurora Specialty Chemistries|1520 Lake Lansing Road|N/A|Lansing
2|Guardhat Inc|1520 Woodward Avenue|3rd Floor|Detroit
2|Detroit Labs LLC|1520 Woodward Avenue|Suite 600|Detroit
2|CW Manufacturing LLC|15200 Technology Drive||Northville
2|CW Bearing USA Inc|15200 Technology Drive||Northville
2|Ascension Borgess Hospital|1521 Gull Road||Kalamazoo
2|Ascension Medical Group ProMed|1521 Gull Road||Kalamazoo
2|Ascension Medical Group ProMed|1535 Gull Road|Suite 350|Kalamazoo
2|Ascension Medical Group Michigan|1535 Gull Road||Kalamazoo
2|A Choice Home Health Care Inc|15400 19 Mile Road, Suite 145-B||Clinton Twp.
2|Americas Choice Home Care Inc|15400 19 Mile Road, Suite 145-B||Clinton Twp.
2|Sencom Inc|15417 PRESTWICK CIR N||Northville
2|Sencom Inc|15417 PRESTWICK CIR N||northville
2|IAV Automotive Engineering|15620 Technology Drive||Northville
2|IAV Automotive Engineering Inc|15620 Technology Drive||Northville
2|e-Zest Solutions Inc|1570 Woodward Avenue|2nd Floor|Detroit
2|LaborEdge LLC|1570 Woodward Avenue||2nd Floor
2|Thunder Bay Community Health Service Inc|15774 STATE STREET||HILLMAN
2|THUNDER BAY COMMUNITY HEALTH SERVICE INC|15774 STATE STREET||HILLMAN
2|UTAC US Inc|15800 Centennial Drive||NORTHVILLE TOWNSHIP
2|UTAC US Inc|15800 Centennial Drive||Northville
2|Innovative Analytics Inc|161 East Michigan Avenue|Haymarket Five|Kalamazoo
2|Innovative Analytics Inc|161 East Michigan Avenue|Haymarket Five, Suite 500N|Kalamazoo
2|Imetris Corporation|162 S Industrial Drive||SALINE
2|Imetris Corporation|162 S Industrial Drive||Saline
2|Huron Valley Steel Corporation|1650 West Jefferson Avenue|Suite 100|Trenton
2|Huron Valley Steel Corporation|1650 West Jefferson Avenue||Trenton
2|Together Womens Health Medical Group, P.C.|17160 Kercheval Avenue|Suite 200|Grosse Pointe
2|Together Womens Health Medical Group, P.C.|17160 Kercheval Avenue||Grosse Pointe
2|Flint Group Packaging Inks NorthAmerica Corporation|17177 N Laurel Park Drive|Suite 300|Livonia
2|Global Information Systems Inc|17177 N Laurel Park Drive|Suite 446|Livonia
2|Intento Analytics LLC|17199 N Laurel Park Dr.|Suite 45|Livonia
2|SELECT IT RESOURCES LLC|17199 N Laurel Park Dr.|Suite 49|Livonia
2|Kosma Tech Inc|17199 N laurel Park Dr|Suite 207|LIVONIA
2|Kosma Tech Inc|17199 N laurel Park Dr|Suite 207|Livonia
2|ABAB Solutions Inc|17289 Crestbrook Dr|Suite 202|Northville
2|ABAB Solutions Inc|17289 Crestbrook Dr||Northville
2|QUICKSILVER IT SOLUTIONS LLC|1745 Hamilton Road|Suite 340A|Okemos
2|QuickSilver IT Solutions LLC|1745 Hamilton Road|Suite 340A|Okemos
2|GC US 902 Inc|1760 Abbey Road|2nd Floor|East Lansing
2|SCG Solutions LLC|1760 Abbey Road|Suite 200|East Lansing
2|Tower Automotive Operations USA I LLC|17757 Woodland Drive||New Boston
2|L&W Inc|17757 Woodland Drive||New Boston
2|GRACE HEALTH INC|181 WEST EMMETT STREET||BATTLE CREEK
2|GRACE HEALTH|181 WEST EMMETT STREET||BATTLE CREEK
2|PROGRESSIVE AE INC|1811 4 MILE ROAD NE||GRAND RAPIDS
2|Progressive AE Inc|1811 4 MILE ROAD NE||GRAND RAPIDS
2|Magna Electric Vehicle Structures- Michigan Inc|1811 S. Range Road||St. Clair
2|Magna Electric Vehicle Structures - Michigan Inc|1811 S. Range Road||St. Clair
2|ALTAIR ENGINEERING INC|1820 E. BIG BEAVER ROAD||TROY
2|ALTAIR PRODUCTDESIGN INC|1820 E. BIG BEAVER ROAD||TROY
2|Andrea J. Ferrara|18263 East 10 Mile Road|Suite A|Roseville
2|Law Office of Andrea J. Ferrara|18263 East 10 Mile Road|Suite A|Roseville
2|SMR AUTOMOTIVE SYSTEMS USA INC|1855 Busha Highway||Marysville
2|SMR Automotive Systems USA Inc|1855 Busha Highway||Marysville
2|MJM America Inc|1869 Vanderbilt|Suite 201|Canton
2|MJM America Inc|1869 Vanderbilt||Canton
2|Western Michigan University|1903 W. Michigan Avenue|3301 Faunce Student Services|Kalamazoo
2|Western Michigan University|1903 W. Michigan Avenue||Kalamazoo
2|Ascension St. John Hospital|19251 Mack Avenue|Suite 335|Grosse Pointe Woods
2|Ascension St. John Hospital|19251 Mack Avenue|Suite 340|Grosse Pointe Woods
2|Stryker Corporation|1941 Stryker Way|N/A|Portage
2|Stryker Corporation|1941 Stryker Way||Portage
2|ANU SOFTWARE CONSULTANTS INC|1945 PAULINE BLVD|STE 12|ANN ARBOR
2|ANU SOFTWARE CONSULTANTS INC|1945 PAULINE BLVD|Ste 12|Ann Arbor
2|Anu Software Consultants, inc.|1945 Pauline Blvd.|Suite 12|Ann Arbor
2|Anu Software Consultants Inc|1945 Pauline Blvd.|Suite 12|Ann Arbor
2|KAEPA LLC|1950 HAGGERTY ROAD NORTH||Canton
2|KAEPA LLC|1950 HAGGERTY ROAD NORTH||CANTON
2|SAF-HOLLAND Inc|1950 Industrial Blvd.||Muskegon
2|SAF-HOLLAND INC|1950 Industrial Blvd.||Muskegon
2|Novares U.S. LLC|19575 Victor Parkway|STE 400|Livonia
2|Bosal Industries Georgia Inc|19575 Victor Parkway|Suite 150|Livonia
2|Ziyad Anas LLC|1971 E Beltline Ave Ne|Suite 105|grand rapids
2|Ziyad Anas LLC|1971 E Beltline Ave Ne||grand rapids
2|Valassis Communications Inc|19975 Victor Parkway|N/A|Livonia
2|Valassis Digital Corp.|19975 Victor Parkway||Livonia
2|Nemak Commercial Services Inc|2 Towne Square|Suite 300|Southfield
2|Nemak USA Inc|2 Towne Square|Suite 300|Southfield
2|The City of Detroit|2 Woodward Avenue|Suite 1200|Detroit
2|The City of Detroit|2 Woodward Avenue|Suite 314|Detroit
2|STR Group USA Inc|200 East Big Beaver Road|Suite 156|Troy
2|Feamold Inc|200 East Big Beaver Road||Troy
2|ACCIDENT FUND INSURANCE CO. OF AMERICA|200 N GRAND AVE||LANSING
2|COBX Co., a Michigan Corporation|200 N GRAND AVE||LANSING
2|ikaSystems, a Delaware Company|200 N. Grand Ave||Lansing
2|Accident Fund Insurance Company of America|200 N. Grand Ave||Lansing
2|Accident Fund Insurance Company of America|200 N. Grand Avenue||Lansing
2|ikaSystems, a Delaware Company|200 N. Grand Avenue||Lansing
2|ACCIDENT FUND INSURANCE COMPANY OF AMERICA|200 NORTH GRAND AVENUE||LANSING
2|ikaSystems, a Delaware Company|200 NORTH GRAND AVENUE||LANSING
2|L.S. Engineering Inc|200 South Clay Street||Greenville
2|LS Engineering Inc|200 South Clay Street||Greenville
2|GROUNDWORK0 LLC|2000 BRUSH STREET|SUITE 262|DETROIT
2|Campbell Ewald Company|2000 BRUSH STREET|Suite 201|Detroit
2|WHIRLPOOL CORPORATION|2000 NORTH M63|MD 2000|BENTON HARBOR
2|WHIRLPOOL CORPORATION|2000 NORTH M63||BENTON HARBOR
2|Millennium Software Inc|2000 Town Center Drive|Suite 300|Southfield
2|Rare Carat Inc|2000 Town Center Drive|Suite 300|Southfield
2|Union Carbide Corporation, A Dow Chemical Company Subsidiary|2040 DOW CENTER|STE 1477|MIDLAND
2|THE DOW CHEMICAL COMPANY|2040 DOW CENTER|STE 1477|MIDLAND
2|Trinity Health Corporation|20555 Victor Parkway||Livona
2|Trinity Health Corporation|20555 Victor Parkway||Livonia
2|CLINC INC|206 E. HURON STREET|111|ANN ARBOR
2|CLINC INC|206 E. HURON STREET|Ste 111|ANN ARBOR
2|ASCION LLC|2066 FRANKLIN ROAD||BLOOMFIELD HILLS
2|DSC USA LLC|2066 FRANKLIN ROAD||BLOOMFLD HLS
2|Fremont Christian School|208 Hillcrest Avenue||Fremont
2|Fremont Christian School Society|208 Hillcrest Avenue||Fremont
2|PLEV TRAV PLC|211 Windward Court||Detroit
2|EJC Wood LLC|211 Windward Court||Detroit
2|CREATIVE SYNERGIES GROUP LLC|2111 UNIVERSITY PARK DRIVE|Suite 600|OKEMOS
2|CREATIVE SYNERGIES GROUP LLC,|2111 UNIVERSITY PARK DRIVE|Suite 600|OKEMOS
2|X-Cel Industries|21121 Telegraph Road||Southfield
2|X-Cel Industries Inc|21121 Telegraph Road||Southfield
2|Meritor Electric Vehicles LLC|2135  West Maple Road||Troy
2|Meritor Heavy Vehicle Systems LLC|2135  West Maple Road||Troy
2|RICEFW Technologies Inc|2150 Association Dr|STE 270|Okemos
2|RICEFW Technologies Inc|2150 Association Dr|Suite 270|Okemos
2|PIEZOS TECHNOLOGY SOLUTIONS INC|21800 HAGGERTY ROAD|SUITE 210|NORTHVILLE
2|Piezos Technology Solutions Inc|21800 HAGGERTY ROAD|Suite 210|Northville
2|Quinn Evans Architects Inc|219 1/2 North Main Street||Ann Arbor
2|Quinn Evans Architect Inc|219 1/2 North Main Street||Ann Arbor
2|Enterprise Tax Solutions Inc|2193 Northway Drive|Bldg. B|Mount Pleasant
2|Enterprise Tax Solutions|2193 Northway Drive|Bldg. B|Mount Pleasant
2|LogicQue Inc|2200 N. CANTONCENTER ROAD|SUITE 110|CANTON
2|LOGICQUE INC|2200 N. CANTONCENTER ROAD|SUITE 110|CANTON
2|Rohm and Haas Chemicals LLC|2211 H H Dow Way||Midland
2|THE DOW CHEMICAL COMPANY|2211 H H Dow Way||MIDLAND
2|Little Caesar Enterprises Inc|2211 Woodward Avenue||Detroit
2|Blue Line Foodservice Distribution Inc|2211 Woodward Avenue||Detroit
2|The Detroit Lions Inc|222 Republic Drive||Allen Park
2|Detroit Lions Inc|222 Republic Drive||Allen Park
2|Positive Change for Marine Life|2222 W Grand River Ave|Ste A|Okemos
2|Shopicue LLC|2222 W Grand River Ave|Ste A|Okemos
2|thyssenkrupp Materials NA Inc|22355 West 11 Mile Road||Southfield
2|thyssenkrupp Supply Chain Services NA Inc|22355 West 11 Mile Road||Southfield
2|thyssenkrupp Materials NA Inc|22355 West Eleven Mile Road||Southfield
2|thyssenkrupp Materials LLC|22355 West Eleven Mile Road||Southfield
2|Element Building Sciences Co LLC|2250 Butterfield Drive|Ste 125|Troy
2|Asset Health Inc|2250 Butterfield Drive|Suite 100|Troy
2|Pioneer Plastics Inc|2295 Bart Avenue||Warren
2|Pioneer Plastcics Inc|2295 Bart Avenue||Warren
2|Tachi-S Engineering USA Inc|23227 Commerce Drive||Farmington Hills
2|TF-Metal Americas Corporation|23227 Commerce Drive||Farmington Hills
2|Stabilus Inc|23435 Industrial Park Drive||Farmington Hills
2|ACE Controls Inc|23435 Industrial Park Drive||Farmington Hills
2|inFORM Studio, PC|235 E. Main Street|Suite 102B|Northville
2|inFORM studio, PC|235 E. Main Street|Suite 102B|Northville
2|Infomatics Technologies Inc|23629 Liberty Street|203|FARMINGTON
2|Infomatics Technologies Inc|23629 Liberty Street|STE 203|FARMINGTON
2|B2SPRO|23703 BROADMOOR PARK LN||NOVI
2|B2SPRO|23703 BROADMOOR PARK LN||NOVI MI 48374
2|APTA  INC|23985 INDUSTRIAL PARK DR||FARMINGTON HILLS
2|APTA INC|23985 INDUSTRIAL PARK DR||FARMINGTON HILLS
2|INTELLIBEE INC|24001 ORCHAROAD LAKE ROAD|STE 180B|FARMINTON
2|Digital Technology Solutions LLC|24001 ORCHAROAD LAKE ROAD|Suite 180B|Farmington
2|AMEYA GLOBAL INC|24155; DRAKE ROAD|SUITE 202|FARMINGTON HILLS
2|AMEYA GLOBAL INC|24155; DRAKE ROAD|SUITE 206|FARMINGTON HILLS
2|Epromptus Inc|24175 Northwestern Hwy|Suite 130|Southfield
2|Amerisoft Corporation|24175 Northwestern Hwy|Suite 207|Southfield
2|Maner, Costerisan, & Ellis, P.C.|2425 E Grand River Ave|Suite 1|Lansing
2|Maner, Costerisan and Ellis P.C.|2425 E Grand River Ave|Suite 1|Lansing
2|NEW ERA CONSULTING SERVICES INC|24543 INDOPLEX CIRCLE|SUITE 110|FARMINGTON HILLS
2|HCL GLOBAL SYSTEMS INC|24543 INDOPLEX CIRCLE|SUITE 220|FARMINGTON HILLS
2|CSM Manufacturing Corp|24650 N. Industrial Drive||Farmington Hills
2|CSM Manufacturing Corp.|24650 N. Industrial Drive||Farmington Hills
2|Raynet Americas Inc|2474 Devondale Road|Suite 600|Rochester Hills
2|ARaymond North America LLC|2474 Devondale Road||Rochester Hills
2|SCOTTANDLUCKY LLC|24794 CRESTVIEW CT||Farmington Hills
2|NSN TECHNOLOGIES INC|24794 CRESTVIEW CT||Farmington Hills
2|Kidney Disease and Hypertension Consultants|2486 Nerredia Drive|Suite E|Flint
2|Kidney Disease and Hypertension Consultants|2486 Nerredia Drive|Suite E.|Flint
2|tesa tape inc.|25 Ottawa Avenue SW|Suite 500|Grand Rapids
2|tesa tape, inc.|25 Ottawa Avenue SW||Grand Rapids
2|NorthAB LLC|250 Stephenson Highway||Troy
2|North American Bancard LLC|250 Stephenson Highway||Troy
2|Joyson Safety Systems Acquisition LLC|2500 Innovation Drive||Auburn Hills
2|Key Safety Systems Inc|2500 Innovation Drive||Auburn Hills
2|B & D Thread Rolling Inc|25000 Brest Road||Taylor
2|B&D Thread Rolling Inc|25000 Brest Road||Taylor
2|RELIABLE IT GROUP INC|2512 CARPENTER ROAD|STE 1B|ANN ARBOR
2|RELIABLE IT GROUP INC|2512 CARPENTER ROAD|SUITE 1B|ANN ARBOR
2|Retail Capital LLC|25200 Telegraph Road|Suite 350|Southfield
2|Prize Logic Inc|25200 Telegraph Road|Suite 405|Southfield
2|AVENTURE SYSTEMS LLC|2525 EGYPT CREEK CT||ADA
2|JIA GLOBAL LLC|2525 EGYPT CREEK CT||ADA
2|Henglong USA Corporation|2546 Elliott Dr.||Troy
2|HENGLONG USA CORPORATION|2546 Elliott Dr.||Troy
2|MIEN Company|2547 3 Mile Road NW|Ste F|Grand Rapids
2|MIEN Company|2547 3 Mile Road NW|Suite F|Grand Rapids
2|Unique Systems Design Inc|2550 Telegraph Road|Suite 240|Bloomfield Township
2|Unique Systems Design Inc|2550 Telegraph Road|Suite 240|Bloomfield Hills
2|Global Solutions Group Inc|25900 Greenfield Road|Ste 220|Oak Park
2|Global Solutions Group Inc|25900 Greenfield Road|Suite 220|Oak Park
2|ABACUS SERVICE CORPORATION|25925 TELEGRAPH ROAD|ste 110|southfield
2|ABACUS SERVICE CORPORATION|25925 TELEGRAPH ROAD|ste 206|southfield
2|AirBoss Flexible Products LLC|2600 Auburn Court||Auburn Hills
2|AirBoss Flexible Products Co.|2600 Auburn Court||Auburn Hills
2|Logicalis INC|2600 Telegraph Road|Suite 200|Bloomfield Hills
2|Logicalis Inc|2600 Telegraph Road|Suite 200|Bloomfield Hills
2|BTS SOFTWARE LABS Inc|2609 Crooks Road|Suite 241|Troy
2|BTS Software Labs Inc|2609 Crooks Road|Suite 241|Troy
2|Hantz Technology LLC|26200 American Drive|5th Floor|Southfield
2|Hantz Technology LLC|26200 American Drive|Suite 500|Southfield
2|Excel Elite Inc|26211 Central Park Blvd.|Suite 602|Southfield
2|Excel Elite Inc|26211 Central Park Blvd.||Southfield
2|Benteler Automotive Holland Inc|2650 N. Opdyke Road, Bldg B||Auburn Hills
2|Benteler Automotive Corporation|2650 N. Opdyke Road, Bldg B||Auburn Hills
2|Barton Malow Construction Company|26500  American Drive||Southfield
2|Barton Malow Company|26500  American Drive||Southfield
2|Sails Software Inc|26500 Anchorage Court|Suite 101|Novi
2|Sails Software Inc|26500 Anchorage Court||Novi
2|Sails Software Inc|26500 Anchorage Ct|Suite 101|Novi
2|Sails Software Inc|26500 Anchorage Ct||Novi
2|Agile Services Inc|26700 Lahser Road|Suite 350|Southfield
2|Global Information Technology LLC|26700 Lahser Road|Suite 380|Southfield
2|SpendMend LLC|2680 Horizon Dr. SE||Grand Rapids
2|SpendMend|2680 Horizon Dr. SE||Grand Rapids
2|Durr Systems Inc|26801 Northwestern Highway||Southfield
2|Ecoclean Inc|26801 Northwestern Highway||Southfield
2|Auria Solutions USA Inc|26999 Central Park Blvd.|STE 300|Southfield
2|Auria Solutions USA Inc|26999 Central Park Blvd.|Suite 300|Southfield
2|Skypersonic Inc|269A Executive Drive|Suite A|Troy
2|Skypersonic Inc|269A Executive Drive||Troy
2|MAHLE Behr USA Inc|2700 Daley Drive||Troy
2|MAHLE Filter Systems North America Inc|2700 Daley Drive||Troy
2|US Farathane LLC|2700 High Meadow Circle||Auburn Hills
2|US Farathane LLC - Georgetown, TX|2700 High Meadow Circle||Auburn Hills
2|Freudenberg Battery Power Systems LLC|2700 S Saginaw Road||Midland
2|XALT Energy MI LLC|2700 S Saginaw Road||Saginaw
2|A123 Systems|27101 Cabaret Drive||Novi
2|A123 Systems LLC|27101 Cabaret Drive||Novi
2|Standard Profil US LLC|27300 Haggerty Road|Suite F-30|Farmington Hills
2|V I Engineering Inc|27300 Haggerty Road|Suite F10|Farmington Hills
2|DRiV Automotive Inc|27300 W Eleven Mile Road||Southfield
2|Federal-Mogul Motorparts LLC|27300 W Eleven Mile Road||Southfield
2|SHB USA Inc|27600 Northwestern Hwy|Suite 210|Southfield
2|SHB international Inc|27600 Northwestern Hwy|Suite 210|Southfield
2|Yashraj Technologies Inc|27620  Farmington Road|Suite 101|Farmington Hills
2|Applogic Systems LLC|27620  Farmington Road|Suite 202|Farmington Hills
2|Copper Dart Inc|27620 Farmington Road|STE B-7|FARMINGTON HILLS
2|Copper Dart Inc|27620 Farmington Road|Suite B7|Farmington Hills
2|Energy Physical Therapy and Rehabilitation LLC|27789 Mound Road|Suite 300|Warren
2|Addon Services LLC|27789 Mound Road||Warren
2|HP & Associate P.C|27950 Orchard Lake Road, Suite 110||Farmington Hills
2|HP & Associates P.C.|27950 Orchard Lake Road, Suite 110||Farmington Hills
2|Giffels-Webster Engineers Inc|28 W. Adams|Suite 1200|Detroit
2|Resurget Engineering PC|28 W. Adams|Suite 1710|Detroit
2|Faurecia Automotive Seating LLC|2800  High Meadow Circle||Auburn Hills
2|Faurecia USA Holdings Inc|2800  High Meadow Circle||Auburn Hills
2|Eovations LLC|2801 E. Beltline Avenue||Grand Rapids
2|UFP Real Estate LLC|2801 E. Beltline Avenue||Grand Rapids
2|MATHREAD INC|28061 GRAND OAKS CT.|N/A|WIXOM
2|MATHREAD INC|28061 GRAND OAKS CT.||WIXOM
2|Astek Technology Solutions LLC|2820 W Maple Road|Suite 131|TROY
2|Astek Technology Solutions LLC|2820 W Maple Road|Suite 131|Troy
2|AE Group LLC|28275 Northline Road||Romulus
2|Aerostar Manufacturing|28275 Northline Road||Romulus
2|DiaSys Diagnostic Systems USA LLC|28287 Beck Road|Building D-15|Wixom
2|DiaSys Diagnostic Systems USA LLC|28287 Beck Road|Suite D-15|Wixom
2|4-Serv Solutions Inc|28345 beck road|ste. 108|wixom
2|4-serv solutions, inc.|28345 beck road|ste. 108|wixom
2|GENESIS SOFTWARE SOLUTIONS INC|28535 ORCHAROAD LAKE ROAD|SUITE 50|FARMINGTON HILLS
2|Eagle Systems & Technologies Inc|28535 ORCHAROAD LAKE ROAD|SUITE 50|FARMINGTON HILLS
2|Phoenix Data Systems Inc|28588 Northwestern Highway|Suite 280|Southfield
2|Phoenix Data Incorporated|28588 Northwestern Highway|Suite 280|Southfield
2|Technology Consultants Inc|28592 Orchard lake Road|Suite 305|Farmington Hills
2|MiRehab PC|28592 Orchard lake Road|Suite 340|Farmington Hills
2|Woco Tech USA Inc|28970 Cabot Drive|Suite 300|Novi
2|EOS of North America Inc|28970 Cabot Drive|Suite 700|Novi
2|DME Company LLC|29111 Stephenson Hwy||Madison Heights
2|DME COMPANY LLC|29111 Stephenson Hwy||Madison Heights
2|Meijer Great Lakes Limited Partnership|2929 Walker Avenue NW||Grand Rapids
2|Meijer Stores Limited Partnership|2929 Walker Avenue NW||Grand Rapids
2|Wipro Pari Inc|2930 Technology Drive||Rochester Hills
2|PARI Robotics Inc|2930 Technology Drive||Rochester Hills
2|LMI Technologies (USA) Inc|29488 Woodward Ave, STE 331||Royal Oak
2|LMI Technologies USA Inc|29488 Woodward Ave, STE 331||Royal Oak
2|BOS Automotive|2956 Waterview Drive||Rochester Hills
2|BOS Automotive Products Inc|2956 Waterview Drive||Rochester Hills
2|SOFTLAUNCH LLC|2959 LUCERNE DRIVE SE|STE 150B|GRAND RAPIDS
2|AVENTURE SYSTEMS LLC|2959 LUCERNE DRIVE SE|SUITE 150|GRAND RAPIDS
2|Fleis & VandenBrink|2960 Lucerne Dr. SE|Suite 100|Grand Rapids
2|Fleis & VandenBrink Engineering Inc|2960 Lucerne Dr. SE|Suite 100|Grand Rapids
2|Amber Home Health Care Inc|29792 Telegraph Road|Suite 130|Southfield
2|Amber Home Health Care Inc|29792 Telegraph Road|Suite 150|Southfield
2|Aludyne Inc|300 Galleria Officentre|Ste 501|Southfield
2|Aludyne Inc|300 Galleria Officentre|Suite 501|Southfield
2|Legend Valve & Fitting Inc|300 N Opdyke Road||Auburn Hills
2|Legend Valve and Fitting Inc|300 N Opdyke Road||Auburn Hills
2|Bronson Outpatient Rehabilitation|300 North Avenue||Battle Creek
2|Bronson Battle Creek Hospital|300 North Avenue||Battle Creek
2|General Motors Company|300 RENAISSANCE CENTER|MC 482-C32-C66|DETROIT
2|General Motors LLC|300 RENAISSANCE CENTER|MC 482-C32-C66|DETROIT
2|Dewpoint Inc|300 S. Washington Square|Suite 200|Lansing
2|Dewpoint LLC|300 S. Washington Square|Suite 200|Lansing
2|Michigan Healthcare Professionals, PC|30000 Northwestern Hwy.||Farmington Hills
2|Michigan Healthcare Professionals, PLC|30000 Northwestern Hwy.||Farmington Hills
2|Systems Technology Group Inc|3001 W Big Beaver Road|Suite 500|Troy
2|Derderian, Kann, Seyferth & Salucci, P.C|3001 W Big Beaver Road|Suite 700|Troy
2|Systems Technology Group Inc|3001 W Big Beaver Road,|Suite 500|Dearborn
2|Systems Technology Group Inc|3001 W Big Beaver Road,|Suite 500|Troy
2|Systems Technology Group Inc|3001 W Big Beaver Road, Suite 500|Suite 500|Troy
2|Systems Technology Group Inc|3001 W Big Beaver Road, Suite 500||Troy
2|Magna Seating of America Inc|30020 Cabot Drive||Novi
2|Magna Seating of America Inc|30020 Cabot Drive||Troy
2|Knight Watch Inc|3005 Business One Drive|N/A|Kalamzoo
2|Knight Watch Inc|3005 Business One Drive||Kalamazoo
2|eShocan LLC|301 W Michigan Avenue|Suite 408|Ypsilanti
2|ESHOCAN LLC|301 W Michigan Avenue|Suite 408|Ypsilanti
2|Jervis B. Webb Company|30100 Cabot Drive||Novi
2|Daifuku Airport America Corporation|30100 Cabot Drive||Novi
2|E.M.M.A International Consulting Group Inc|30150 Telegraph Road|Suite 120|Bingham Farms
2|E2E Inc|30150 Telegraph Road|Suite 372|Bingham Farms
2|Tome Inc|304 W 4th St|Royal Oak|Royal Oak
2|Tome Inc|304 W 4th St||Royal Oak
2|RITESTEP REHAB SOLUTIONS LLC|3058 METROPOLITAN PARKWAY|SUITE LL 102|STERLING HEIGHTS
2|RITESTEP REHAB SOLUTIONS|3058 METROPOLITAN PARKWAY|SUITE LL 102|STERLING HEIGHTS
2|RCP TCT LLC|30600 Northwestern Highway|Suite 245|Farmington Hills
2|Orleans International Inc|30600 Northwestern Highway|Suite 300|Farmington Hills
2|MELLEN, SMITH & PIVOZ PLC|30800 TELEGRAPH ROAD|SUITE 2800|BINGHAM FARMS
2|Fidelis Holdings LLC|30800 TELEGRAPH ROAD|Ste 2800|Bingham Farms
2|VERTICALSCOPE USA INC|30800 Telegraph Road|Suite 1921|Bingham Farms
2|Mellen, Smith & Pivoz PLC|30800 Telegraph Road|Suite 2800|Bingham Farms
2|UMAPAV CORPORATION|3083 Rapidfall Ct NE||Belmont
2|UmapAV Corporation|3083 Rapidfall Ct NE||Belmont
2|Optonomy Inc|309 S. Main Street||Ann Arbor
2|Optilogic Inc|309 S. Main Street||Ann Arbor
2|State of Michigan|30901 Palmer Road||Westland
2|Michigan Department of Health and Human Services|30901 Palmer Road||Westland
2|SkySpecs Inc|312 S. ASHLEY ST.||ANN ARBOR
2|SKYSPECS INC|312 S. ASHLEY ST.||ANN ARBOR
2|Safe Hands Hospice LLC|31300 Rexwood St.|Ste A|Farmington Hills
2|Safe Hands Home Health Care LLC|31300 Rexwood St.|Ste A1|Farmington Hills
2|RouteOne LLC|31500 Northwestern Hwy|Suite 200|Farmington Hills
2|RouteOne LLC|31500 Northwestern Hwy|Suite 300|Farmington Hills
2|COMPUSOFT INTEGRATED SOLUTIONS INC|31500 W 13 MILE ROAD|SUITE 200|FARMINGTON HILLS
2|TRINITY CONSULTING INC|31500 W 13 MILE ROAD|SUITE 202|FARMINGTON HILLS
2|THINC SYSTEMS INC|31500 W 13 MILE ROAD,|STE 201|FARMINGTON HILLS
2|TRINITY CONSULTING INC|31500 W 13 MILE ROAD,|STE 202|FARMINGTON HILLS
2|DATAMATICS GLOBAL SERVICES INC|31572, INDUSTRIAL ROAD|SUITE 400|LIVONIA
2|DATAMATICS ROBOTICS SOFTWARE INC|31572, INDUSTRIAL ROAD|SUITE 400|LIVONIA
2|Amaeyaa Technologies Inc|31700 West 13 Mile Road|Suite 210|Farmington Hills
2|Shanudt IT Solutions Inc|31700 West 13 Mile Road|Suite 217|Farmington Hills
2|J.D. Power|320 E. Beaver Road|500 Suite|Troy
2|J.D. Power|320 E. Beaver Road|Suite 500|Troy
2|McKinley Companies LLC|320 N. Main Street|Suite 200|Ann Arbor
2|Movellus Circuits Inc|320 N. Main Street|Suite 410|Ann Arbor
2|HUADE USA INC|3200 Greenfield Road|Suite 300|Dearborn
2|Rakhere Technologies LLC|3200 Greenfield Road|Suite 300|Dearborn
2|Alten Technology USA Inc|3221 West Big Beaver Road|Suite 116|Troy
2|SATYAM-VENTURE ENGINEERING SERVICES PVT. LTD.|3221 West Big Beaver Road||Troy
2|Infoglad LLC|32238 SCHOOLCRAFT ROAD|SUITE 104|LIVONIA
2|KREATSOFT LLC|32238 SCHOOLCRAFT ROAD|SUITE 116|Livonia
2|Inductoheat Inc|32251 North Avis Drive||Madison Heights
2|Inductoheat|32251 North Avis Drive||Madison Heights
2|RELIABLE THERAPY SERVICES LLC|3250 W. BIG BEAVER ROAD|SUITE 304|Troy
2|VEST INC|3250 W. BIG BEAVER ROAD|SUITE 440|TROY
2|HTC Global Services INC|3270 WEST BIG BEAVER ROAD||TROY
2|HTC GLOBAL SERVICES INC|3270 WEST BIG BEAVER ROAD||TROY
2|IDYLLIC SOLUTIONS LLC|32969 HAMILTON COURT|SUITE G-100|Farmington Hills
2|PENTANGLE TECH SERVICES LLC|32969 HAMILTON COURT|suite 203|FARMINGTON HILLS
2|DERQ USA INC|330 E Liberty St|Lower Level|Ann Arbor
2|Voxel51 Inc|330 E Liberty St||Ann Arbor
2|Leo Burnett Detroit LLC|3310 W. Big Beaver Road|Suite 107|Troy
2|Leo Burnett Detroit LLC|3310 W. Big Beaver Road||Troy
2|SAAMEERI INC|33200 SCHOOLCRAFT ROAD|SUITE 203|LIVONIA
2|SAAMEERI INC|33200 SCHOOLCRAFT ROAD|SUITE 203|Livonia
2|PEC Project Engineers and Consultants Corp.|33316 Grand River Ave, Floor 3||Farmington
2|PEC project engineers and consultants Corp.|33316 Grand River Ave, Floor 3||Farmington
2|Ecera System LLC|33405 COLONY PARK DR||FARMINGTN HLS
2|Ecera System|33405 COLONY PARK DR||FARMINGTN HLS
2|Silicon Software Technologies Inc|3345 W Auburn Road|Suite 205|Rochester Hills
2|SILICON SOFTWARE TECHNOLOGIES INC|3345 W Auburn Road|Suite 205|Rochester Hills
2|Silicon Software Technologies|3345 W auburn Road|Suite 205|Rochester Hills
2|Silicon Software Technologies Inc|3345 W auburn Road|Suite 205|Rochester Hills
2|ISVISION (NORTH AMERICA) TECHNOLOGIES INC|3355 Bald Mountain Road|Suite 50|Auburn Hills
2|WinterPark Engineering LLC|3355 Bald Mountain Road||Auburn Hills
2|FRC Staffing Inc|33762 Schoolcraft Road||Livonia
2|CND Law Group, PLLC|33762 Schoolcraft Road||Livonia
2|Satnam Medical LLC|3406 Davenport Avenue||Saginaw
2|Satnam Medical, PLLC|3406 Davenport Avenue||Saginaw
2|HAND Enterprise Solutions USA Inc|34405 W 12 Mile Road|Ste 173|Farmington Hills
2|Pi Square Technologies LLC|34405 W 12 Mile Road|Suite 123|Farmington Hills
2|Kyungshin Cable International Corporation|34505 W 12 Mile Road|STE 130|Farmington Hills
2|AGC Flat Glass North America Inc|34505 W 12 Mile Road|Suite 300|Farmington Hills
2|ZF Passive Safety Systems US Inc|34605 W 12 MILE ROAD||FARMINGTON HILLS
2|ZF Passive Safety Systems US Inc|34605 W 12 MILE ROAD||Farmington Hills
2|ELEKTROBIT AUTOMOTIVE AMERICAS INC|34705 W. 12 Mile Road|Ste 100|FARMINGTON HILLS
2|Elektrobit Automotive Americas Inc|34705 W. 12 Mile Road|Ste 100|Farmington Hills
2|Iris Technology Inc|35 Oakes St SW|Suite 500|Grand Rapids
2|webAI Inc|35 Oakes St SW|Suite 500|Grand Rapids
2|UNIFIED BUSINESS TECHNOLOGIES INC|353 INDUSCO COURT|SUITE C|TROY
2|UNIFIED BUSINESS TECHOLOGIES INC|353 INDUSCO COURT|SUITE C|TROY
2|DAIMLER TRUCK FINANCIAL SERVICES USA LLC|35555 W. 12 MILE ROAD||FARMINGTON HILLS
2|MERCEDES -BENZ FINANCIAL SERVICES USA LLC|35555 W. 12 MILE ROAD||FARMINGTON HILLS
2|Deckerville Community Hospital Inc|3559 Pine Street||Deckerville
2|Deckerville Community Hospital|3559 Pine Street||Deckerville
2|PROJECT WORLDWIDE INC|3600 GIDDINGS ROAD||AUBURN HILLS
2|GEORGE P. JOHNSON COMPANY|3600 GIDDINGS ROAD||AUBURN HILLS
2|Corewell Health|3601 W. 13 Mile Road||Royal Oak
2|William Beaumont Hospital|3601 W. 13 Mile Road||Royal Oak
2|NYX LLC|36111 Schoolcraft Road||Livonia
2|NYX Inc|36111 Schoolcraft Road||Livonia
2|North American Lighting|36600 Corporate Drive||Farmington Hills
2|North American Lighting Inc|36600 Corporate Drive||Farmington Hills
2|Millbrook Revolutionary Engineering Inc|36865 Schoolcraft Road||Livonia
2|UTAC US Inc|36865 Schoolcraft Road||Livonia
2|Independent Hospitalist Physicians PLLC|37000 Grand River Ave|Suite 310|Farmington Hills
2|Independent Hospitalist Physicians, PLLC|37000 Grand River Ave|Suite 310|Farmington Hills
2|P&C Group I Inc|37000 Twelve Mile Road|Suite 105|Farmington Hills
2|P & C Group I Inc|37000 Twelve Mile Road|Suite 105|Farmington Hills
2|SANHUA AUTOMOTIVE USA INC|3729 AUBURN ROAD|N/A|AUBURN HILLS
2|SANHUA AUTOMOTIVE USA INC|3729 AUBURN ROAD||AUBURN HILLS
2|American Battery Solutions Inc|3768 S Lapeer Road||Lake Orion
2|Dukosi Inc|3768 S Lapeer Road||Orion Township
2|Hinduja Tech Inc|37777 Interchange Dr.||Farmington Hills
2|TECOSIM Inc|37777 Interchange Dr.||Farmington Hills
2|VED Software Services Inc|37811 W 12 Mile Road|STE 201|Farmington Hills
2|VED Software Services Inc|37811 W 12 Mile Road|Ste 201|Farmington Hills
2|Lilax Technologies Inc|3810 Packard Road|SUITE 210|Ann Arbor
2|Lilax Technologies Inc|3810 Packard Road|Suite 210|Ann Arbor
2|American Gear & Engineering Inc|38200 Abruzzi Drive||Westland
2|American Gear & Engineering Company Inc|38200 Abruzzi Drive||Westland
2|ASCII GROUP LLC|38345  W. 10 Mile Road|Ste 365|Farmington
2|Ascii Group LLC|38345  W. 10 Mile Road|Suite 365|Farmington
2|IT RYSOURCES INC|38345 W 10 MILE ROAD,|SUITE 111|FARMINGTONHILLS
2|FUTURE IT CONSULTING SERVICES INC|38345 W 10 MILE ROAD,|SUITE 111|Farmington Hills
2|IT RYSOURCES INC|38345 W 10 Mile Road,|Suite 111|FARMINGTONHILLS
2|Tech-Apex Solutions Inc|38345 W 10 Mile Road,|suite 150|Farmington Hills
2|Samru Systems LLC|38345 W 10 MileRoad|Suite 147|Farmington Hills
2|Samru Systems LLC|38345 W 10 MileRoad|Suite 147|Farmington hills
2|EMERGTECH BUSINESS SOLUTIONS INC|38345 W 1O MILE ROAD||Farmington Hills
2|EMERGTECH BUSINESS SOLUTIONS INC|38345 W 1O MILE ROAD||FARMINGTON HILLS
2|Samru Systems LLC|38345 W10 Mile Road|Ste 147|Farmington Hills
2|Samru Systems LLC|38345 W10 Mile Road|Ste 234|Farmington Hills
2|EMERGTECH BUSINESS SOLUTIONS INC|38345 WEST 10 MILE ROAD|SUITE 243|FARMINGTON HILLS
2|SARAS AMERICA INC|38345 WEST 10 MILE ROAD|SUITE 300|FARMINGTON HILLS
2|EMERGTECH BUSINESS SOLUTIONS INC|38345 w 10 MILE ROAD|243|Farmington Hills
2|IT RYSOURCES INC|38345 w 10 MILE ROAD|SUITE 111|FARMINGTONHILLS
2|Neapco Holdings LLC|38900 Hills Tech Dr.||Farmington Hills
2|Neapco Drivelines LLC|38900 Hills Tech Dr.||Farmington Hills
2|Contemporary Amperex Technology USA Inc|3900 Automation Avenue||Auburn Hills
2|Marelli Holding USA LLC|3900 Automation Avenue||Auburn Hills
2|Nexteer Automotive Corporation|3900 E. Holland Road||Saginaw
2|Nexteer Automation Corporation|3900 E. Holland Road||Saginaw
2|THE PEDIATRIC NEUROSURGERY GROUP, P.C|3901 Beaubien Blvd|2|Detroit
2|PEDIATRIC ANESTHESIA ASSOCIATES|3901 Beaubien Blvd||Detroit
2|Tenneco Automotive Operating Company LLC|3901 Willis Road||Grass Lake
2|Tenneco Automotive Operating Company Inc|3901 Willis Road||Grass Lake
2|Acro Service Corporation|39209 W. Six Mile Road|Suite 160|Livonia
2|Acro Service Corporation|39209 W. Six Mile Road|Suite 250|Livonia
2|FDI GROUP|39500 High Pointe Blvd|400|Novi
2|FDI GROUP|39500 High Pointe Blvd|STE 400|Novi
2|Cortracker Inc|39555 Orchard Hill Place suite 203,|Suite 600|Novi
2|Symplore Inc|39555 Orchard Hill Place suite 203,||Novi
2|Stoneridge Inc|39675 Mackenzie Dr|Suite 400|Novi
2|Stoneridge Inc|39675 Mackenzie Dr||Novi
2|Stoneridge Inc|39675 Mackenzie Drive|STE 400|Novi
2|Stoneridge Inc|39675 Mackenzie Drive|Suite 400|Novi
2|NMB Technologies Corporation|39830 Grand River Avenue|Suite B-1|Novi
2|NMB Technologies Corporation|39830 Grand River Avenue|Suite B-1A|Novi
2|NMN ENTERPRISES LLC|39850 VAN DYKE AV||STERLIN HTS
2|NMN ENTERPRISES LLC|39850 VAN DYKE AV||STERLING HTS
2|ChannelVantage Inc|400  Renaissance Center|Suite 1900|Detroit
2|Urban Science Applications Inc|400  Renaissance Center|Suite 2900|Detroit
2|VIBRACOUSTIC USA INC|400 Aylworth Ave||South Haven
2|Vibracoustic USA Inc|400 Aylworth Ave||South Haven
2|Vibracoustic USA Inc|400 Aylworth Avenue||South Haven
2|Vibracoustic North America LP|400 Aylworth Avenue||South Haven
2|Doner Partners LLC|400 Galleria Officentre|Suite 410|Southfield
2|Kenneth Neumann Joel Smith & Associates|400 Galleria Officentre|Suite 555|Southfield
2|Wayne Pediatrics Inc|400 Mack Avenue|Suite 1 East|Detroit
2|University Physician Group|400 Mack Avenue||Detroit
2|Riverguide LLC|400 W Maple Road||Troy
2|24G LLC|400 W Maple Road||Troy
2|RICARDO INC|40000 RICAROADO DRIVE||Van Buren Township
2|RICARDO LLC|40000 RICAROADO DRIVE||Van Buren Township
2|HTI Cybernetics Inc|40033 Mitchell Drive||Sterling Heights
2|HTI Cybernetics|40033 Mitchell Drive||Sterling Heights
2|Smartekpro LLC|4086 ROCHESTER ROAD|STE 107|Troy
2|SMARTEKPRO LLC|4086 ROCHESTER ROAD|SUITE 107|TROY
2|Best In Games Ltd|4095 Carpenter Road||Ypsilanti
2|BIG Best In Games Ltd|4095 Carpenter Road||Ypsilanti
2|Giggso Inc|41000 Woodward Ave|STE 350|East Bloomfield Hills
2|Rumba Solutions LLC|41000 Woodward Ave|Ste 350|Bloomfield
2|Weiss Construction Co. LLC|41001 Grand River Avenue||Novi
2|Weiss Construction Company LLC|41001 Grand River Avenue||Novi
2|PALIOT SOLUTIONS LLC|41100 PLYMOUTH ROAD|SUITE B1-320|PLYMOUTH
2|PALIOT SOLUTIONS INC|41100 PLYMOUTH ROAD|SUITE B1-320|PLYMOUTH
2|Casco Products Corporation|41180 Bridge Street||Novi
2|Casco Products Coporation|41180 Bridge Street||Novi
2|SAMSUNG SDI AMERICA|4121 North Atlantic Blvd||Auburn Hills
2|Samsung SDI America Inc|4121 North Atlantic Blvd||Auburn Hills
2|ADVANCED RESEARCH COMPANY|4140 S. LAPEER ROAD||ORION
2|ARC HEALTHCARE TECHNOLOGIES|4140 S. LAPEER ROAD||ORION
2|Expert Technologies Group Inc|4200 N. Atlantic Blvd.||Auburn Hills
2|Arrow Automation & Engineering Inc|4200 N. Atlantic Blvd.||Auburn Hills
2|Detroit Education and Research|4201 St. Antoine Street|Suite 9C UHC|Detroit
2|VHS Detroit Receiving Hospital|4201 St. Antoine Street||Detroit
2|Yanfeng International Automotive Technology US III Inc|42150 Executive Drive||Harrison Township
2|Yanfeng USA Automotive Trim Systems Inc|42150 Executive Drive||Harrison Township
2|Michigan State University|426 Auditorium Road|Room 422|East Lansing
2|MICHIGAN STATE UNIVERSITY|426 Auditorium Road||EAST LANSING
2|MICHIGAN STATE UNIVERSITY|426 Auditorium Road, Room 437|Administration Bldg.|EAST LANSING
2|Michigan State University|426 Auditorium Road, Room 437|Administration Bldg.|East Lansing
2|Michigan State University|426 Auditorium Road, Room 440|Administration Bldg.|East  Lansing
2|MICHIGAN STATE UNIVERSITY|426 Auditorium Road, Room 440|Administration Bldg.|EAST LANSING
2|GREEN IT SOLUTIOS INC|42775 W 9 MILE ROAD||NOVI
2|GREEN IT SOLUTIONS INC|42775 W 9 MILE ROAD||NOVI
2|RICEFW Technologies Inc|4295 Okemos Road|Suite 102|Okemos
2|RiceFW Technologies Inc|4295 Okemos Road|Suite 102|Okemos
2|RICEFW Technologies Inc|4295 Okemos Road,|Ste 102|Okemos
2|RICEFW Technologies Inc|4295 Okemos Road,|Suite 102|Okemos
2|X-Rite Incorporated|4300 44TH STREET|N/A|GRAND RAPIDS
2|X-RITE INCORPORATED|4300 44TH STREET|N/A|GRAND RAPIDS
2|Blue Chip Talent Inc|43252 Woodward Avenue|Suite 240|Bloomfield Hills
2|Computer Consultants of America Inc|43252 Woodward Avenue|Suite 240|Bloomfield Hills
2|CTC Engineering LLC|4343 Concourse Drive|Suite 270|Ann Arbor
2|CTC Engineering LLC|4343 Concourse Drive|Unit 270|Ann Arbor
2|TS GLOBAL SOLUTIONS LLC|43779 Prestwick Cir S||Northville
2|TS Staffing Solutions LLC|43779 Prestwick Cir S||Northville
2|Humans First Detroit|440 Burroughs Street|Suite 200|Detroit
2|Data Driven Detroit, L3C|440 Burroughs Street|Suite 330|Detroit
2|Corewell Health (formerly Spectrum Health System)|444 Michigan St. NE, MC50||Grand Rapids
2|Spectrum Health Primary Care Partners|444 Michigan St. NE, MC50||Grand Rapids
2|Michigan Spine Management Clinic PLC|444 n telegraph rd||Dearborn
2|Mi Spine Chiropractic|444 n telegraph rd||Dearborn
2|Materialise, USA LLC|44650 Helm Court||Plymouth
2|Materialise USA LLC|44650 Helm Court||Plymouth
2|ZF Passive Safety Systems US LLC|4505 West 26 Mile Road||Washington
2|ZF Passive Safety Systems US Inc|4505 West 26 Mile Road||Washington
2|Concinnate Partners LLC|45059 Bartlett Drive||Novi
2|iCode Technologies LLC|45059 Bartlett Drive||Novi
2|Sophus Technology Inc|455 E Eisenhower Pkwy|Suite 300|Ann Arbor
2|Mingwei Yan PLLC|455 E Eisenhower Pkwy|ste. 300|Ann Arbor
2|Nitto Automotive Inc|45880 Dylan Drive||Novi
2|Nitto Inc|45880 Dylan Drive||Novi
2|SME Administrative Services LLC|461 W Huron Street|401 Seminole Building|Pontiac
2|SME Administrative Services LLC|461 W Huron Street||Pontiac
2|MOBIS NORTH AMERICA LLC|46501 Commerce Center Drive||Plymouth
2|Mobis North America LLC|46501 Commerce Center Drive||Plymouth
2|AUTOSYSTEMS AMERICA INC|46600 Port Street||Plymouth
2|Autosystems America Inc|46600 Port Street||Plymouth
2|BIOCREDE INC|46701 Commerce Center Drive||Plymouth
2|Sierra Oncology Inc|46701 Commerce Center Drive||Plymouth
2|Fives DyAG Corporation|46912 Liberty Dr.||Wixom
2|Fives DyAG Corp.|46912 Liberty Dr.||Wixom
2|Kiekert USA INC|46941 Liberty Drive||Wixom
2|Kiekert USA Inc|46941 Liberty Drive||Wixom
2|Federal-Mogul Powertrain LLC|47001 Port St.||Plymouth
2|Federal-Mogul Ignition LLC|47001 Port St.||Plymouth
2|soulbrain MI Inc|47050 Five Mile Road||Northville
2|Soulbrain MI Inc|47050 Five Mile Road||Northville
2|A.J. Boggs & Company|4736 Marsh Road||Okemos
2|A. J. Boggs & Company|4736 Marsh Road||Okemos
2|Kingfa Science & Technology (USA) Inc|47440 Michigan Ave|Suite 100|Canton
2|Grupo Antolin Primera|47440 Michigan Ave|Suite 150|Auburn Hills
2|Lotus Cars|47584 Galleon Drive||Plymouth
2|Lotus Cars USA Inc|47584 Galleon Drive||Plymouth
2|Brembo North America Inc|47765 Halyard Drive||Plymouth
2|BREMBO NORTH AMERICA INC|47765 Halyard Drive||PLYMOUTH
2|Freudenberg North America Limited Partnership|47774 West Anchor Court||Plymouth
2|Freudenberg North America Limited Partnership|47774 West Anchor Court||PLYMOUTH
2|PO Lighting USA Inc|47828 Halyard Dr.||Plymouth
2|Varroc Lighting Systems Inc|47828 Halyard Dr.||Plymouth
2|Pacific Industrial Development Corp|4788 Runway Blvd.||Ann Arbor
2|Pacific Industrial Development Corporation|4788 Runway Blvd.||Ann Arbor
2|Insight Management and Consulting|4800 S. Saginaw Street||Flint
2|Jawad A. Shah, M.D., P.C.|4800 S. Saginaw Street||Flint
2|Downriver Spine Managment Clinic PLLC|4828 Allen Road||Allen Park
2|Downriver Spine Management Clinic PLLC|4828 Allen Road||Allen Park
2|Element Materials Technology|4840 Venture Drive||Ann Arbor
2|Avomeen LLC|4840 Venture Drive||Ann Arbor
2|Dental House Ann Arbor PLLC|4860 Washtenaw Avenue|Ste D|Ann Arbor
2|Dental House Ann Arbor, PLLC|4860 Washtenaw Avenue|Ste D|Ann Arbor
2|SmithGroup Inc, subsidiary of SmithGroup Co. Inc|500 Griswold Street|Suite 1700|DETROIT
2|Wade Trim Inc|500 Griswold Street|Suite 2500|Detroit
2|Clark Hill LLP|500 Woodward Avenue, Suite 3500||Detroit
2|Clark Hill PLC|500 Woodward Avenue, Suite 3500||Detroit
2|LINCOLN SOFTTECH LLC|50088 VENICE CT||NORTHVILLE
2|LINCOLN SOFT TECH LLC|50088 VENICE CT||NORTHVILLE
2|Great Lakes Bay Health Centers|501 Lapeer Avenue||Saginaw
2|Great Lakes Bay Health Centers|501 Lapeer Avenue||SAGINAW
2|University of Michigan|515 E. Jefferson St, 1500 SAB||Ann Arbor
2|University of Michigan - Dearborn|515 E. Jefferson St, 1500 SAB||Ann Arbor
2|University of Michigan|515 E. Jefferson Street|Suite 1500 SAB|Ann Arbor
2|University of Michigan|515 E. Jefferson Street||Ann Arbor
2|University of Michigan|515 E. Jefferson Street, 1500 SAB|Ste.|Ann Arbor
2|University of Michigan|515 E. Jefferson Street, 1500 SAB||Ann Arbor
2|Flagstar Bank, NA|5151 Corporate Drive||Troy
2|Flagstar Bank, FSB|5151 Corporate Drive||Troy
2|Midwestern Software Solutions LLC|5200 South State Road|Suite 100|Ann Arbor
2|Midwestern Software Solutions LLC|5200 South State Road||Ann Arbor
2|Atos IT Solutions and Services Inc|525 EAST BIG BEAVER ROAD|SUITE 300|TROY
2|ATOS SYNTEL INC|525 EAST BIG BEAVER ROAD|SUITE 300|TROY
2|Engineered Plastic Services LLC|53196 North Main Street||Mattawan
2|EPS PCB LLC|53196 North Main Street||Mattawan
2|RealTruck Inc|5400 Data Court||Ann Arbor
2|RealTruck Group Inc|5400 Data Court||Ann Arbor
2|Marada Industries Inc d/b/a Body Assembly Michigan|54275 Grand River Avenue||New Hudson
2|Marada Industries Inc|54275 Grand River Avenue||New Hudson
2|DOCNETWORK INC|5430 Data Court|Suite 250|Ann Arbor
2|Universal Robots USA Inc|5430 Data Court|Suite 300|Ann Arbor
2|Harness, Dickey & Pierce, P.L.C.|5445 Corporate Drive|Suite 200|Troy
2|Engineering Technology Associates Inc|5445 Corporate Drive|Suite 301|Troy
2|Pryde Physical Therapy|5536 Research Drive||Canton
2|Pryde Athletics LLC|5536 Research Drive||Canton
2|Uniloy Inc,|5550 South Occidental Highway||Tecumseh
2|Uniloy Inc|5550 South Occidental Highway||Tecumseh
2|LOWERY CORPORATION|5555 GLENWOOD HILLS PKWY SE||GRAND RAPIDS
2|APPLIED IMAGING|5555 GLENWOOD HILLS PKWY SE||GRAND RAPIDS
2|Kuester North America Inc|5555 New King Drive|Suite 150|Troy
2|Gallagher-Kaiser Corporation|5555 New King Drive||Troy
2|Flex-N-Gate Michigan LLC|5663 East Nine Mile Road||Warren
2|Flex-N-Gate Advanced Product Development LLC|5663 East Nine Mile Road||Warren
2|ACCENZ LLC|575 E. Big Beaver Road|Suite 160|Troy
2|C-Vision Inc|575 E. Big Beaver Road|Suite 190|Troy
2|DRY COOLERS INC|575 South Glaspie Street||Oxford
2|Dry Coolers Inc|575 South Glaspie Street||Oxford
2|BROWSE INFO SOLUTIONS INC|5840 N Canton Center Road|Suite 299|Canton
2|Browse Info Solutions Inc|5840 N Canton Center Road|Suite 299|Canton
2|3R Info LLC|5840 north canton center road|suite 295|canton
2|3r info LLC|5840 north canton center road|suite 295|canton
2|LECTRONIX INC|5858 ENTERPRISE DRIVE|N/A|LANSING
2|LECTRONIX INC|5858 ENTERPRISE DRIVE||LANSING
2|ProvinceSoft Inc|5860 N Canton Center Road|STE 321|Canton
2|YelseSoft Technologies Inc|5860 N Canton Center Road|STE 323|Canton
2|PTI Design and Engineering LLC|6 Parklane Blvd|Suite 630|Dearborn
2|PTI Design And Engineering LLC|6 Parklane Blvd|Suite 630|Dearborn
2|PTI Design and Engineering LLC|6 Parklane Blvd.|Suite 630|Dearborn
2|PDI Design and Engineering LLC|6 Parklane Blvd.|Suite 630|Dearborn
2|BLUE CROSS BLUE SHIELD OF MICHIGAN|600 E. LAFAYETTE BLVD.||DETROIT
2|BLUE CROSS BLUE SHIELD OF MICHIGAN (BCBSM)|600 E. LAFAYETTE BLVD.||DETROIT
2|Blue Cross Blue Shield of Michigan|600 E. Lafayette Blvd.||Detroit
2|Blue Cross Blue Shield of Michigab|600 E. Lafayette Blvd.||Detroit
2|Bronson Methodist Hospital|601 JOHN STREET||KALAMAZOO
2|Bronson Health Care Group Inc|601 JOHN STREET||KALAMAZOO
2|Bronson Healthcare|601 John St||Kalamazoo
2|Bronson Methodist Hospital|601 John St||Kalamazoo
2|Amrize Cement Inc|6211 ANN ARBOR ROAD||DUNDEE
2|HOLCIM (US) INC|6211 ANN ARBOR ROAD||DUNDEE
2|Holcim (US) inc.|6211 Ann Arbor Road||Dundee
2|Holcim (US) Inc|6211 Ann Arbor Road||Dundee
2|Transcend Label Inc|622 Bridgestone Dr.||Rochester Hills
2|Zollpa LLC|622 Bridgestone Dr.||Rochester Hills
2|INFYSHINE INC|625 KENMOOR AVENUE SE|SUITE 301|GRAND RAPIDS
2|INFYSHINE INC|625 KENMOOR AVENUE SE|SUITE 301-18|GRAND RAPIDS
2|INFYSHINE INC|625 KENMOOR AVENUE SE.|SUITE 301|GRAND RAPIDS
2|INFYSHINE INC|625 KENMOOR AVENUE SE.|SUITE 301-18|GRAND RAPIDS
2|Bedrock Management Services LLC|630 Woodward Avenue||Detroit
2|Bedrock Management Services Inc|630 Woodward Avenue||Detroit
2|SUTHERLAND DIGITAL SERVICES INC|631 E BIG BEAVER|SUITE 109|TROY
2|SUNERA TECHNOLOGIES INC|631 E BIG BEAVER|SUITE 109|TROY
2|TekCommands Inc|631 E BIG BEAVER ROAD|SUITE 105|TROY
2|TEKCOMMANDS INC|631 E BIG BEAVER ROAD|SUITE 105|TROY
2|Valknut Inc|6310 Wall St.||Sterling Heights
2|Valknut Inc (formerly named Atmolinx Inc)|6310 Wall St.||Sterling Heights
2|Magna Powertrain of America Inc|6363 E. 14 Mile Road||Sterling Heights
2|MPT Sterling Heights, a division of Magna Powertrain of America Inc|6363 E. 14 Mile Road||Sterling Heights
2|WebmobileZ Inc|637 E. Big Beaver Road|STE 209|Troy
2|TG Automotive Group LLC|637 E. Big Beaver Road|Suite 111|Troy
2|OpenLogix LLC|645 Hulet Drive|Suite 100|Bloomfield Hills
2|OpenLogix Corporation|645 Hulet Drive|Suite 100|Bloomfield Hills
2|Dialysis and Nephrology Consultants, P.C.|648 Progress St.|Ste 101|West Branch
2|Dialysis and Nephrology Consultants, P.C.|648 Progress St.|Suite 101|West Branch
2|Dixon Construction Services Inc|660 Woodward Avenue|Suite 1537|Detroit
2|Honigman LLP|660 Woodward Avenue|Suite 2290|Detroit
2|KUKA Systems North America LLC|6600 Center Drive||Sterling Heights
2|KUKA U.S. Holdings Company LLC|6600 Center Drive||Sterling Heights
2|Rocket Close LLC|662 Woodward Avenue||Detroit
2|Amrock LLC|662 Woodward Avenue||Detroit
2|Amigo Management Company|6693 Dixie Highway||Bridgeport
2|Amigo Mobility International Inc|6693 Dixie Highway||Bridgeport
2|Apps Solutions Inc|671 East Big Beaver|Suite 105|Troy
2|ERP Global Inc|671 East Big Beaver|Suite 201|Troy
2|Apps Solutions Inc|671 East Big Beaver Road|Suite 105|Troy
2|ERP Global Inc|671 East Big Beaver Road|Suite 201|Troy
2|Arborsense Inc|674 S. Wagner Road|MIHQ-2|Ann Arbor
2|Arborsense Inc|674 S. Wagner Road||Ann Arbor
2|ITECH-GO LLC|6751 DIXIE HIGHWAY|STE 112|CLARKSTON
2|ITECH-GO LLC|6751 DIXIE HIGHWAY|SUITE 112|CLARKSTON
2|Detroit Trading Company|691 N. Squirrel|Suite 250|Auburn Hills
2|Technology Associates Inc|691 N. Squirrel|Suite LL-100|Auburn Hills
2|Rocket Homes Real Estate LLC|707 Griswold Street|Suite 21|Detroit
2|Rocket Homes Real Estate LLC|707 Griswold Street||Detroit
2|Serenity Doctors PC|71 E. Long Lake Road||Bloomfield Hills
2|OPM Doctors|71 E. Long Lake Road||Bloomfield Hills
2|Andritz-Schuler Inc|7145 Commerce Blvd.||Canton
2|Schuler Inc|7145 Commerce Blvd.||Canton
2|LGC GLOBAL INC|7310 WOODWAROAD AVENUE|SUITE 500|Detroit
2|ALAN C. YOUNG & ASSOCIATES, P.C.|7310 WOODWAROAD AVENUE|SUITE 740|DETROIT
2|Champion Home Builders Inc|755 W Big Beaver Road|STE 1000|Troy
2|Champion Home Builders|755 W Big Beaver Road|Suite 1000|Troy
2|Alticor Inc|7575 Fulton St. E|Suite 78-2M|Ada
2|Alticor Inc|7575 Fulton St. E||Ada
2|Enterprise Tax Solutions|7670 Five Lakes Drive||Farwell
2|Enterprise Tax Solutions Inc|7670 Five Lakes Drive||Farwell
2|The Wellness Plan Medical Center|7700 SECOND AVENUE||DETROIT
2|The Wellness Plan Medical Centers|7700 SECOND AVENUE||DETROIT
2|Pollard (U.S.) Ltd.|775 James L Hart Pkwy||Ypsilanti
2|Pollard US LTD|775 James L Hart Pkwy||Ypsilanti
2|ProQuest|789 E. Eisenhower Parkway||Ann Arbor
2|ProQuest LLC|789 E. Eisenhower Parkway||Ann Arbor
2|ProQuest LLC|789 East Eisenhower Parkway||Ann Arbor
2|Clarivate Analytics (US) LLC|789 East Eisenhower Parkway||Ann Arbor
2|Data Acquisition & Control Systems Inc|7965 Kensington Court|Suite A2|Brighton
2|Data Acquisition & Control Systems Inc (DACS)|7965 Kensington Court|Suite A2|Brighton
2|Comprehensive Senior Care Corporation|800 E Milham Ave||Portage
2|Senior Care Partners PACE|800 E Milham Ave||Portage
2|Redwood Dental of Illinois PLLC|800 Kirts Blvd|Suite 650|Troy
2|Dental Associates, PC|800 Kirts Blvd|Suite 650|Troy
2|Station Dental Group PC|800 Kirts Blvd.|Suite 650|Troy
2|Station Dental Management LLC|800 Kirts Blvd.|Suite 650|Troy
2|MyMichigan Medical Center Saginaw|800 S. Washington Avenue||Saginaw
2|Ascension St. Marys Hospital|800 S. Washington Avenue||Saginaw
2|Unique Fabricating Inc|800 Standard Parkway||Auburn Hills
2|Unique Fabricating|800 Standard Parkway||Auburn Hills
2|SRG Global LLC|800 Stephenson Highway||Troy
2|SRG Global Trim LLC|800 Stephenson Highway||Troy
2|ARCTUITION LLC|8011 THORNAPPLE CLUB DRIVE||ADA
2|ARCTUITION  INC|8011 THORNAPPLE CLUB DRIVE||ADA
2|Kalitta Air LLC|818 Willow Run Airport||Ypsilanti
2|Kalitta Air LLC|818 Willow Run Airport||YPSILANTI
2|Lane Automotive|8300 Lane Drive||Watervliet
2|Lane Automotive Inc|8300 Lane Drive||Watervliet
2|Module MD LLC|8359 Office Park Drive||Grand Blanc
2|ModuleMD LLC|8359 Office Park Drive||Grand Blanc
2|InDepth Engineering Solutions LLC|850  Stephenson Highway|STE 322|Troy
2|ICONMA LLC|850  Stephenson Highway|Suite 612|Troy
2|ELIX INC,|850 STEPHENSON HWY|SUITE 303|TROY
2|ACS IT Inc|850 STEPHENSON HWY|Suite 303A|TROY
2|DLP Marquette Physician Practices Inc|850 W. Baraga Avenue||Marquette
2|DLP Marquette General Hospital LLC|850 W. Baraga Avenue||Marquette
2|LUMEN IT SERVICES LLC|8501 Main St||Birch Run
2|Samhithmed Pro Inc|8501 Main St||Birch Run
2|Herman Miller Inc|855 East Main Avenue||Zeeland
2|MillerKnoll Inc|855 East Main Avenue||Zeeland
2|Place of Hope PLC|8560 Silvery Ln|Suites 103|Dearborn Heights
2|The Place of Hope PLC|8560 Silvery Ln|Suites 103|Dearborn Heights
2|ArcelorMittal Tailored Blanks Americas Corporation|8650 Mt. Elliott St.||Detroit
2|ArcelorMittal Tailored Blanks Americas|8650 Mt. Elliott St.||Detroit
2|BitConcepts LLC|8673 Clarridge Road|N/A|Clarkston
2|BitConcepts LLC|8673 Clarridge Road||Clarkston
2|Structural Concepts Corporation|888 East Porter Road||Norton Shores
2|Structural Concepts Corporation|888 East Porter Road||Muskegon
2|SEGULA TECHNOLOGIES USA INC|888 West Big Beaver Road|Suite 1200|Troy
2|Signal-Wise LLC|888 West Big Beaver Road|Suite 207|Troy
2|Steelcase Inc|901 44th Street SE||Grand Rapids
2|STEELCASE INC|901 44th Street SE||GRAND RAPIDS
2|Thyssenkrupp System Engineering Inc|901 Doris Road||Auburn Hills
2|thyssenkrupp System Engineering Inc|901 Doris Road||Auburn Hills
2|Bethany Christian Services|901 Eastern Avenue NE||Grand Rapids
2|Bethany Christian Services of Michigan|901 Eastern Avenue NE||Grand Rapids
2|UNIFIED BUSINESS TECHOLOGIES INC|901 TOWER DRIVE|SUITE 401|TROY
2|UNIFIED BUSINESS TECHNOLOGIES INC|901 TOWER DRIVE|SUITE 401|TROY
2|Michigan In-Home Partner-III LLC (383)|901 W. Sharon Avenue|Suite 3|Houghton
2|Michigan In-Home Parnter-III LLC (383)|901 W. Sharon Avenue|Suite 3|Houghton
2|Plastic Trim International Inc|935 Aulerich Road||East Tawas
2|Plastic Trim International - Minth North America Inc|935 Aulerich Road||East Tawas
2|Amcor Rigid Packaging USA LLC|935 Technology Drive|Suite 100|Ann Arbor
2|Amcor Rigid Packaging USA LLC|935 Technology Drive||Ann Arbor
2|Hanson Systems LLC|9850 Red Arrow Highway||Bridgman
2|Convergix West Michigan LLC|9850 Red Arrow Highway||Bridgman
2|Kelly Services Inc|999 West Big Beaver Road||561320
2|Kelly Services Inc|999 West Big Beaver Road||Troy
2|Alten Technology USA|Alten Technology USA|3221 W Big Beaver Road|Troy
2|Alten Technology USA|Alten Technology USA|3221 W Big Beaver Road|TROY
2|Diocese of Grand Rapids|Cathedral Square Center, 360 Division Avenue S||Grand Rapids
2|Roman Catholic Diocese of Grand Rapids|Cathedral Square Center, 360 Division Avenue S||Grand Rapids
2|McLaren Medical Group|G-3235 Beecher Road|Suite C|Flint
2|McLaren Medical Group|G-3235 Beecher Road||Flint
2|University of Michigan|International Center|515 E. Jefferson Street, 1500 SAB|Ann Arbor
2|University of Michigan|International Center|515 E. Jefferson Street. 1500 SAB|Ann Arbor
2|Grand Valley State University|James H. Zumberge Hall|1 Campus Drive|Allendale
2|Grand Valley State University|James H. Zumberge Hall|1 Campus Drive|Grand Rapids
2|FORD MOTOR COMPANY|ONE AMERICAN ROAD|OFFICE 229 E-4|DEARBORN
2|FORD MOTOR CREDIT COMPANY|ONE AMERICAN ROAD|OFFICE 229 E-4|DEARBORN
2|Continental Autonomous Mobility US LLC|One continental Drive||Auburn Hills
2|ContiTech USA Inc|One continental Drive||Auburn Hills
1|deBest Incorporated|06464 Arvesta Drive||South Haven
1|ATS Assembly and Test Inc|1 ATS Drive||Wixom
1|Auto Club Services Inc|1 Auto Club Drive||Dearborn
1|ACCRETIVE CAPITAL LLC|1 CAMPUS MARTIUS|SUITE 200|DETROIT
1|Jackson National Life Insurance Company|1 Corporate Way||Lansing
1|DECOSTAR INDUSTRIES INC|1 DECOMA DRIVE||CARROLLTON
1|Dicastal North America Inc|1 Dicastal Dr.||Greenville
1|Dicastal North America Inc|1 Dicastal Drive||Greenville
1|Haworth Inc|1 Haworth Center||Holland
1|Haworth Inc|1 Haworth Ctr.||Holland
1|LG Energy Solution Michigan Inc|1 LG Way||Holland
1|FRANKENMUTH MUTUAL INSURANCE COMPANY|1 MUTUAL AVENUE||FRANKENMUTH
1|VISTEON CORPORATION|1 VILLAGE CENTER DRIVE||VAN BUREN TOWNSHIP
1|Visteon Corporation|1 Village Center Dr||Van Buren Charter Township
1|Kitch Attorneys & Counselors PC|1 Woodward Ave|Ste 2400|Detroit
1|Dieomatic Incorporated|10 Clark Road N||Battle Creek
1|Highmetric LLC|10 East 22nd St.||Lombard
1|Mercy Hospitalists, PLLC|10 West Square Lake Road|Suite 103|Bloomfield Hills
1|Spectrum Health Primary Care Partners|100 Corewell Dr. NW||Grand Rapids
1|Machani Robotics INC|100 E Big Beaver ROAD|Suite 950|Troy
1|Walter Associates Inc|100 E. Michigan Avenue|Suite 200|Saline
1|Classic Engineering LLC|100 Grandville Avenue, SW||Grand Rapids
1|Illinois Tool Works Inc|100 Kirts Boulevard||Troy
1|COMPETITIVE COMPUTER INFORMATION TECHNOLOGIES INC|100 MAIN CENTER|SUITE 1|NORTHVILLE
1|Spectrum Health Primary Care Partners|100 Michigan Street||Grand Rapids
1|Spectrum Health Primary Care Partners|100 Michigan Street NE||Grand Rapids
1|KEVADIYA INC|100 N SAGINAW ST||PONTIAC
1|Hobbs & Black Associates Inc|100 North State Street||Ann Arbor
1|Acrisure MGA LLC|100 Ottawa Avenue SW||Grand Rapids
1|GOLD STAR MORTGAGE FINANCIAL GROUP, CORPORATION|100 PHOENIX DR. SUITE 300||Ann Arbor
1|Gold Star Mortgage Financial Group|100 Phoenix Drive, Suite 300||Ann Arbor
1|METHODICA TECHNOLOGIES LLC|100 W BIG BEAVER ROAD|SUITE 200|TROY
1|LUX Interactive LLC|100 W Big Beaver|Suite 560|Troy
1|Aspire Business Network LLC|100 W Ferry St|Suite 201|Berrien Springs
1|Artisan Consulting Inc|100 W Long Lake Road, Suite 200||Bloomfield Hills
1|ZKW Lighting Systems USA Inc|100 W. Big Beaver Road, Suite 300||Troy
1|Esys Automation LLC|1000 Brown Road||Auburn Hills
1|FCA US LLC|1000 CHRYSLER DRIVE||AUBURN HILLS
1|Elite Imaging Systems Inc|1000 Chicago Road||Troy
1|FCA US LLC|1000 Chrylser Drive||Auburn Hills
1|FCA US LLC|1000 Chrysler Dirve||Auburn Hills
1|FCA US LLC|1000 Chrysler Dr||Auburn Hills
1|Saginaw Cooperative Hospitals|1000 Houghton Avenue||Saginaw
1|The Ingenix Group Inc|1000 John R|Suite 220|Troy
1|The Ingenix Group Inc|1000 John R rd|Suite 220|TROY
1|CapSquare Systems Inc|1000 John R. Road|Suite 200|Troy
1|Trintel Technologies LLC|1000 Long Blvd|Suite 9|Lansing
1|Merit Automotive US LLC|1000 N. Opdyke Road|Suite K|Auburn Hills
1|William Davidson Institute at the University of Michigan|1000 Oakbrook Drive|Suite 300|Ann Arbor
1|Western Michigan University Homer Stryker M.D. School of Medicine|1000 Oakland Drive||Kalamazoo
1|Michigan Blueprint Strategies LLC d/b/a/ Change Media Group|1000 S. Washington Ave|Suite 101|Lansing
1|Altimetrik Corp.|1000 Town Center, Suite 700||Southfield
1|Cornerstone University|1001 E. Beltline Avenue NE||Grand Rapids
1|Cornerstone University|1001 E. Beltline Road NE||Grand Rapids
1|DATACLOUD TECHNOLOGIES INC|1001 Woodward Ave|Suite 500|Detroit
1|Diocese of Marquette|1004 Harbor Hills Drive||Marquette
1|Rock Central LLC|1005 Woodward Avenue||Detroit
1|RUTHERFORD & ASSOCIATES LLC|1009 PRODUCTIONS COURT||HOLLAND
1|Pennock Hospital|1009 W Green Street||Hastings
1|D4M International Inc|101  W. Big Beaver Road|14th Floor|Troy
1|Comtech International Design Group LLC|101 Big Beaver Road|14th Floor|Troy
1|Pinkerton Consulting and Investigations Inc|101 N. Main Street|Suite 300|Ann Arbor
1|Stafford Gray LLC|101 N. Washington Square|Ste 400|Lansing
1|Pinkerton Consulting and Investigations Inc|101 North Main Street|Suite 300|Ann Arbor
1|Dwelling Place of Grand Rapids|101 Sheldon Ave SE|Suite 2|Grand Rapids
1|Angle Advisors LLC|101 Southfield Road|2nd Floor|Birmingham
1|Havenwyck Hospital Inc|101 W. Townsend Road||St. Johns
1|TECOSIM INC|101 WEST BIG BEAVER ROAD|SUITE 1400|TROY
1|Ladies First Healthcare PC|1010 N. Linden Road||Flint
1|Pent Kor LLC|10101 N Saginaw Road||Clio
1|Boxes R Us Inc|10101 N Saginaw Road,|Suite 1|Clio
1|Michigan Conference of The United Methodist Church|1011 Northcrest Road||Lansing
1|Ascension Medical Group Michigan|1015 S. Washington Avenue||Saginaw
1|Mersino Management Company|10162 East Coldwater Road||Davison
1|TCOFF CLUBSPORT INC|10190 W Grand River Hwy||Grand Ledge
1|Sparrow Carson Hospital|102 S. Third St.|Suite 100|Carson City
1|NBHX Trim USA|1020 7 Mile Road||Comstock Park
1|Eaton Steel Bar Company Inc|10221 Capital Street||Oak Park
1|FTS Technologies Inc|10255 Bergin Road||Howell
1|Miller-Davis Company|1029 Portage Street||Kalamazoo
1|EASTERN MICHIGAN UNIVERSITY|103 BOONE HALL||YPSILANTI
1|Eclipse Marketing Group Inc|1031 Mason Street||Dearborn
1|VALUE ENGINEERING LLC|1031 N. WASHINGTON AVE||LANSING
1|JDM Systems Consultants Inc|10327 Grand River Avenue|STE 402|Brighton
1|Sinnott, Gering, and Schmitt Towers Inc|10327 Grand River Road|Suite 406|Brighton
1|Magna Electronics Technology Inc|10345 N Holly Road||Holly
1|Magna Electronics Technology Inc|10345 North Holly Road||Holly
1|FAMILY MEDICINE OF MICHIGAN|1035 CHARLEVOIX DR|SUITE 100|GRAND LEDGE
1|ALCONA CITIZENS FOR HEALTH|1035 WEST WASHINGTON AVE||ALPENA
1|EGD Glass and Door LLC|10380 Highland Road||White Lake
1|Inngest Inc|1039 Iroquois Blvd.||Royal Oak
1|Tompkins Products Inc|1040 W. Grand Blvd.||Detroit
1|DAEHAN SOLUTION MICHIGAN LLC|10401 Harrison Road|Suite 401|Romulus
1|FlexDex Inc|10421 Citation Drive|Suite 900|Brighton
1|IMRA AMERICA INC|1044 Woodridge Avenue||Ann Arbor
1|NEXTHERMAL CORPORATION|1045 HARTS LAKE ROAD||BATTLE CREEK
1|StockX LLC|1046 Woodward Ave||Detroit
1|StockX LLC|1046 Woodward Avenue||Detroit
1|iVantage Group Inc|10489 Grand River|Suite A|Brighton
1|VIGILANT TECHNOLOGIES LLC|1050 WILSHIRE DRIVE, SUITE 307|SUITE 307|TROY
1|Effyis Inc|1050 Wilshire Dr.|Suite 118|Troy
1|Centroid Systems Inc|1050 Wilshire Drive, Suite 170||Troy
1|Rocket Mortgage LLC|1050 Woodward Ave||Detroit
1|Martinrea Industries Inc|10501 Michigan State Road 52||Manchester
1|Amcor Rigid Packaging USA LLC|10521 S. Highway M-52||Manchester
1|Nexsys Technologies LLC|1054 Woodward Avenue||Detroit
1|D&M Aviation LLC|10540 Joy Road||Plymouth
1|Mid Michigan Home Health & Hospice LLC|1055 Professional Dr.||Flint
1|ATS Applied Tech Systems LLC|1055 South Boulevard  E|Suite 120|Rochester Hills
1|Electric Last Mile Inc|1055 West Square Lake Road||Troy
1|Adventist Frontier Missions Inc|107 E. Ferry Street||Berrien Springs
1|Midas Foods International LLC|10750 Capital Street||Oak Park
1|Triumph Engineering & Design Inc|10775 S Saginaw St.|Suite D|Grand Blanc
1|Architectural Building Components LLC|10777 Northend Ave||Ferndale
1|Hosler Mechanical Inc|1080 North Crooks Road||Clawson
1|Automated Pet Care Products LLC|1080 W. Entrance Drive||Auburn Hills
1|Aamer H. Bhurgri PLLC|1085 N. Macomb St.||Monroe
1|HUMMUS & FALAFEL L.L.C|10897 48th Ave Suit B100||Allendale Charter Township
1|MICHIGANBUSINESSNETWORK.COM|109 East Oakland Ave||Lansing
1|BAMF Health Inc|109 Michigan St.|Suite 100|Grand Rapids
1|Twisthink Inc|109 Michigan St. NW|Suite 600|Grand Rapids
1|Rock Central LLC|1090 Woodward Avenue||Detroit
1|Process Control & Engneering Inc|1091 Centre Road|Suite 290|Auburn Hills
1|New Paradigm for Education|1093 Wilkins||Detroit
1|CAPTAIN MIKES FUN PARK INC|10975 RED ARROW HWY||BRIDGMAN
1|Intento Analytics LLC|1098 Ann Arbor Road|Suite 150|Plymouth
1|Professional Vision Technologies Inc|1098 Ann Arbor Road W|Suite 502|Plymouth
1|Plante Moran, PLLC|1098 Woodward Ave||Detroit
1|Plante Moran, PLLC|1098 Woodward Avenue||Detroit
1|CAMPFIRE INTERACTIVE INC|110 MILLER AVENUE|Garden Level Suite|Ann Arbor
1|Pursuit Markets Inc|110 S Main St., Fl 3||Ann Arbor
1|Adrian College|110 S. Madison Street||Adrian
1|Midland Pharmacy LLC|110 West Wackerly Street||Midland
1|MBA Tech LLC|1100 Piedmont Drive||Troy
1|McLaren Thumb Region|1100 S. Van Dyke||Bad Axe
1|Smokers Outlet Management Inc|1100 W. Maple Road||Troy
1|BorgWarner Thermal Systems Inc|1100 Wright Street||Cadillac
1|Aina Films LLC|11000 W McNichols Road|Suite 323 - 1346|Detroit
1|Grand Haven Christian School|1102 Grant Ave||Grand Haven
1|Grand Haven Christian School|1102 Grant Avenue||Grand Haven
1|WIRTZ MANUFACTURING COMPANY INC|1105 24th St||Port Huron
1|Wirtz Manufacturing Company Inc|1105 24th Street||Port Huron
1|Munson Medical Center|1105 Sixth St||Traverse City
1|Wisen Asset Management Co LLC|111 N Third Street||Grand Haven
1|Lansing Board of Water & Light|1110 S. Pennsylvania||Lansing
1|Lansing Board of Water & Light|1110 S. Pennsylvania Ave||Lansing
1|Lansing Board of Water & Light|1110 S. Pennsylvania Avenue||Lansing
1|Johns Hopkins University Applied Physics Lab|11100 Johns Hopkins Road||Laurel
1|Craig Assembly Inc|1111 Fred Moore Hwy.||St. Clair
1|Puckett, Clement and Schellenberg, P.C.|1111 W. Long Lake Road|Ste 200|Troy
1|Broadview Corp. DBA Broadview Product Development|11150 James Street||Zeeland
1|Cinnaire Corporation|1118 S. Washington Ave||Lansing
1|SWITCHBOX LLC|1120 BAKER ROAD||DEXTER
1|Silver MetalX Inc|1120 E Long Lake Road|Suite 210|Troy
1|Miftaah Institute|11200 E. Eleven Mile Road||Warren
1|XALT Energy MI LLC|1121 Centre Road||Auburn Hills
1|The Hurley Clinics|1125 South Linden Road|Suite 210|Flint
1|Rainbow Hospitality LLC|1127 McIntyre Street||Ann Arbor
1|LuxWall Inc|1130 James L Hart Parkway||Ypsilanti
1|Xfinity Inc|1130 Tienken Court|Ste 102|Rochester Hills
1|Xfinity Inc|1130 Tienken Ct.|Ste 102|Rochester Hills
1|BuilderPort Technologies Inc|1133 E. Maple Road|Suite 102|Troy
1|N-K Manufacturing Technologies LLC|1134 Freeman SW||Grand Rapids
1|Municipal Employees Retirement System of Michigan|1134 Municipal Way||Lansing
1|EASE SEATING SYSTEMS INC|11395 N. SAGINAW ROAD|SUITE 4|CLIO
1|JG Logistics LLC|1140 Monroe Ave NW|Suite 150|Grand Rapids
1|Bekum America Corporation|1140 W Grand River Ave||Williamston
1|Bekum America Corporation|1140 W. Grand River Ave||Williamston
1|RLE International Inc|11400 Metro Airport Center Drive||Romulus
1|Nostrum Energy LLC|1145 Oak Valley Drive|Ste B|Ann Arbor
1|Airspace Experience Technologies Inc|11499 Conner Street|Level 2|Detroit
1|COMPETITIVE COMPUTER INFORMATION TECHNOLOGIES INC|115 N CENTER STE 202||NORTHVILLE
1|CIVIL ENGINEERING SOLUTIONS INC|1150 CORPORATE OFFICE DRIVE, SUITE 210||MILFORD
1|MAKS Incorporated|1150 Rankin Drive||Troy
1|Portage Physicians, P.C.|1151 West Milham Ave|Suite 758|Portage
1|Eclipse Co. LLC|11554 East Washington Street||Chagrin Falls
1|University Home Care Inc|11585 Farmington Road||Livonia
1|Axxess Physical Therapy and Rehab LP|116 W. 8 Mile Road||Hazel Park
1|Metalloid Corporation|1160 White St.||Sturgis
1|IOSix Inc|1161  Oak Valley Dr.||Ann Arbor
1|Timothy G. Michalik LLC|1165 Botsford Road||Petoskey
1|Ann Arbor Art Association|117 W Liberty St||Ann Arbor
1|Family Health Center Inc|117 W Paterson St.||Kalamazoo
1|MYST Used Car LLC|1173 Combermere Drive||Troy
1|Endodontic Excellence, PC|1176.5 S Lapeer Road||Lapeer
1|Concord Tool and Manufacturing Inc|118 N. Groesbeck Highway||Mount Clemens
1|Brothers Pharmacy Inc|118 W Pierson Road||Flint
1|Cayman Chemical Company Incorporated|1180 East Ellsworth Road||Ann Arbor
1|Ascension Macomb Oakland Hospital|11800 E. 12 Mile Road||Warren
1|Ascension Macomb Oakland Hospital|11800 East Twelve Mile Road||Warren
1|Ascension Macomb Oakland Hospital|11800 Twelve Mile Road||Warren
1|Hirschmann Car Communication Inc|1183 Centre Road||Auburn Hills
1|WELK-KO FABRICATORS INC|11885 Mayfield St.||Livonia
1|ROYAL FOOD SERVICE CO|11893 GLOBE ST||LIVONIA
1|McKenzie Memorial Hospital|120 Delaware Street||Sandusky
1|Law Office of Luke Bowman PC|120 Flint Road||BRIGHTON
1|Health Management Associates Inc|120 N. Washington Square|Suite 705|Lansing
1|Yiqi America Inc|120 North Washington Square|Ste 300|Lansing
1|McCurdy, Wotila & Porteous, Professional Corporation|120 W Harris St||Cadillac
1|Incite Informatics LLC|120 West Main Street|Suite 206|Northville
1|Michigan Health Information Network Shared Services|120 West Saginaw Highway||East Lansing
1|Kalamazoo College|1200 Academy Street||Kalamazoo
1|Edward W Sparrow Hospital Association|1200 E Michigan Avenue|Suite 340|Lansing
1|Kar Nut Products Company LLC|1200 E. 14 Mile Road||Madison Heights
1|KIRCHHOFF Automotive Tecumseh Inc|1200 E. Chicago Boulevard||Tecumseh
1|Kar Nut Products Company LLC|1200 East 14 Mile Road||Madison Heights
1|Kirchhoff Automotive Tecumseh Inc|1200 East Chicago Blvd||Tecumseh
1|Edward W. Sparrow Hospital Association|1200 East Michigan Avenue|Suite 340|Lansing
1|Automotive Technical Solutions Division|1200 Kempar Avenue||Madison Heights
1|Central Michigan University|1200 S. Franklin||Mount Pleasant
1|Rapid Global Business Solutions Inc|1200 Stephenson Highway||Troy
1|ABC MANUFACTURING LLC|1200 W. HAMLIN ROAD||ROCHESTER HILLS
1|Quality MetalCraft Inc|12001 Farmington Road||Livonia
1|DTI Acquisition LLC|12001 Globe St||Livonia
1|ZF Active Safety and Electronics US LLC|12001 Tech Center Dr||Livonia
1|SOFTLAUNCH LLC|1201 DOGWOOD MEADOWS DR SE||ADA
1|Arati Patel & Associates, PLC|1202 Walton Blvd|Suite 215|Rochester Hills
1|ZF Active Safety US Inc|12025 Tech Center Drive||Livonia
1|Roush Management LLC|12068  Market Street||Livonia
1|Roush Management LLC|12068 Market Street||Livonia
1|IPS Assembly Corporation|12077 Merriman Road||Livonia
1|Tawfiq Alkilani, DDS, PLLC|1208 Terrace Bluff Court||Traverse City
1|Hagerty Insurance Agency LLC|121 Drivers Edge||Traverse City
1|BHJW Biomedical Research Group|1210 E Pontaluna Road||Norton Shores
1|INFOUNITE INC|1216 S GRATIOT AVE|STE A|MOUNT CLEMENS
1|INFOUNITE INC|1216 SOUTHBOUND GRATIOT AVENUE|SUITE C|MOUNT CLEMENS
1|Roland Berger LP|1217 Woodward Avenue|Suite 450|Detroit
1|PMK Enterprise Inc|1218 Weiss St||Frankenmuth
1|Airflow Sciences Corporation|12190 Hubbard St||Livonia
1|Muskegon Christian School|1220 Eastgate St.||Muskegon
1|Kalamazoo Public Schools|1220 Howard Street||Kalamazoo
1|ZF CV SYSTEMS NORTH AMERICA LLC|1220 PACIFIC DRIVE||AUBURN HILLS
1|CHARVI PHARMA SERVICES LLC|1220 RANKIN DR||TROY
1|IDEACore LLC|1221 Bowers Street|634|Birmingham
1|Matthew D. Andrews, D.P.M., P.C.|1221 South Ortonville Road|Building B|Ortonville
1|Cardiology Associates of Port Huron PC|1222 10th Avenue||Port Huron
1|Major Contracting Group Inc|12222 Greenfield||Detroit
1|Gud Marketing Inc|1223 Turner Street|Suite 100|Lansing
1|Penske Vehicle Services|1225 E. Maple Road||Troy
1|Heller Machine Tools L.P.|1225 EQUITY DRIVE||Troy
1|Heller Machine Tools LP|1225 Equity Drive||Troy
1|umlaut Inc|1225 Spartan St||Madison Heights
1|umlaut Inc|1225 Spartan St.||Madison Heights
1|Techno Solution LLC|12250 W Michigan Ave||Parma
1|DiFACTO Robotics America LLC|1229 Chicago Road||Troy
1|Dakkota Integrated Systems LLC|123 BRIGHTON LAKE ROAD|STE 202|BRIGHTON
1|Dakkota Integrated Systems LLC|123 Brighton Lake Road|Suite 202|Brighton
1|Priority Health|1231 East Beltline Ave NE||Grand Rapids
1|Driesenga & Associates Inc|12330 James Street, Suite H80||Holland
1|MYST Used Car LLC|1234 Rankin Street||Troy
1|Universal Management Services Inc|12345 E. 9 Mile||Warren
1|Mt. Morris Consolidated Schools|12356 Walter Street||Mt. Morris
1|Alfa Financial Software Inc|124 E. Hudson Ave||Royal Oak
1|DOWAGIAC PHARMACY INC|124 S FRONT STREET||DOWAGIAC
1|MS Ultrasonic Technology LLC|1240 Packard Drive||Howell
1|DiFACTO Robotics America LLC|1245 Chicago Road||Troy
1|Engineered Comfort Systems Inc|12480 Allen Road||Taylor
1|Dri-Design Inc|12480 Superior Ct  1||Holland
1|Bd of Educ Livingston Co Brighton|125 S Church Street||Brighton
1|Brighton Area Schools|125 South Church Street||Brighton
1|East Columbia Urgent Care PLLC|1250 Columbia Ave E|Suite B|Battle Creek
1|NeuMoDx Molecular Inc|1250 Eisenhower Place||Ann Arbor
1|Ducker Research NA LLC|1250 Maplelawn||Troy
1|BWI Chassis Dynamics (NA) Inc|12501 E Grand River Road||Brighton
1|Libby Holdings LLC|12501 Westwood Lane||Wayland
1|Padagis US LLC|1251 Lincoln Road||Allegan
1|Mobis North America LLC|12575 Oakland Park Blvd||Highland Park
1|MOBIS North America LLC|12575 Oakland Park Blvd.||Highland Park
1|Tiberina Detroit Inc|12601 Southfield Road|Suite A3|Detroit
1|Vantage LLC|12623 Newburgh Road||Livonia
1|Vantage Corporation|12651 Newburgh Road||Livonia
1|Quality Tool and Gear Inc|12693 Marlin||Redford
1|ETXETAR USA CORPORATION|1270 Rankin Drive, Suite E||Troy
1|ETXETAR USA CORPORATION|1270 Rankin Street, Suite E||Troy
1|NIKON METROLOGY INC|12701 GRAND RIVER AVENUE||BRIGHTON
1|Detroit Manufacturing Systems LLC|12701 Southfield Road|Building A|Detroit
1|Nexteer Automotive Corporation|1272 Doris Road||Auburn Hills
1|Maza Inc|12720 Prospect Street||Dearborn
1|LITTLE RED PEDIATRIC DENTISTRY PLC|12723 N. Bellwood Dr.|Ste 20|Holland
1|Gordon & Prince Family Dentistry|12723 North Bellwood Dr|Suite 30|Holland
1|PISTON Automotive LLC|12723 TELEGRAPH ROAD||REDFORD
1|RockLoans Marketplace LLC|1274 Library Street|Flr. 2|Detoit
1|Monroe Public Schools|1275 N. Macomb St.||Monroe
1|Logistics Insight Corporation|12755 E 9 Mile Road||Warren
1|Westport Axle Company LLC|12755 E. 9 Mile Road||Warren
1|Luke Bagnall Insurance Agency Inc|1277 36th St SW||Wyoming
1|Magna Seating of America Inc|12800 Oakland Park Blvd.||Highland Park
1|Phoenix Environmental Inc|12815 Premier Center Court||Plymouth
1|Peyerk Management Inc|12955 23 Mile Road||Shelby Township
1|BASCO OF MICHIGAN INC|1300 BROADWAY STREET|SUITE 600|DETROIT
1|HVA ELECTRONICS INC|1300 COOLIDGE HWY||TROY
1|H.A Automotive Systems Inc|1300 Coolidge Hwy||Troy
1|H.A. Automotive Systems Inc|1300 Coolidge Hwy.||Troy
1|Advanced Assembly Products Inc|1300 E. Nine Mile Road||Hazel Park
1|Sesame Solar Inc|1300 Falahee Road||Jackson
1|Gordon Food Service Inc|1300 Gezon Parkway SW||Wyoming
1|Gordon Food Service Inc|1300 Gezon Pkwy. SW||Wyoming
1|Notre Dame Preparatory School and Marist Academy|1300 Giddings Road||Pontiac
1|Bonal Technologies Inc|1300 N. Campbell Road||Royal Oak
1|XC Car Cafe LLC|1301 E Kalamazoo St||Lansing
1|Edward W. Sparrow Hospital Association|1301 N. Hagadorn Road|2nd Floor|East Lansing
1|Oakland Automation LLC|13017 Newburgh Road||Livonia
1|JosNoe Medical Inc|1303 S Main St|Suite A|Chelsea
1|Albrecht Engineering LLC|1310 Westboro||Birmingham
1|Metric-X LLC|1311 Grosvenor Court||Rochester Hills
1|SK Siltron CSS LLC|1311 Straits Dr||Bay City
1|SMS Elotherm North America LLC|13129 23 Mile Road||Shelby Township
1|West UA Transport Inc|13195 E 8 Mile Road||Warren
1|Autoliv ASP Inc|1320 Pacific Drive||Auburn Hills
1|Frontier International Academy|13200 Conant St.||Detroit
1|Alta Enterprises LLC|13211 Merriman Road||Livonia
1|Admire Dental of Michigan, PLLC|13219 Eureka Road||Southgate
1|Norgren Automation Solutions LLC|1325 Woodland Drive||Saline
1|RIVIAN AUTOMOTIVE LLC|13250 N. HAGGERTY ROAD||PLYMOUTH
1|GCH Tool Group Inc|13265 E 8 Mile Road||Warren
1|Grinders Clearinghouse Inc|13265 East 8 Mile Road||Warren
1|Avalon Nonprofit Housing Corporation|1327 Jones Dr|Suite 102|Ann Arbor
1|M3Q Consulting Inc|1331 Masood Ct.||Canton
1|Renkim Corporation|13333 Allen Road||Southgate
1|GNS Holland Inc|13341 QUINCY ST||Holland
1|Yili Industrial U.S. Co. Ltd.|1336 Front Avenue, NW, Suite 1340||Grand Rapids
1|Program Planning Professionals Inc|1340 Eisenhower Place||Ann Arbor
1|Detroit Diesel Corporation|13400 West Outer Drive||Detroit
1|SENA INFO TECHNOLOGIES INC|1345 MONROE AVE NW|SUITE 241|GRAND RAPIDS
1|Sena Info Technologies Inc|1345 Monroe Ave NW|Suite 241|Grand Rapids
1|Stafford Gray LLC|13456 North Lake Road||Gregory
1|Southgate Medical Center, PPLC|13460 Fort St||Southgate
1|Upper Great Lakes Family Health Center|135 East M-35||Gwinn
1|IPG Automotive USA Inc|1350 Highland Drive|Suite F|Ann Arbor
1|DMC Consultants Inc|13500 Foley Street||Detroit
1|Childrens Dental Care|13519 Michigan Avenue||Dearborn
1|Agile Systems LLC|1352 Ross Lane||Rochester
1|Ottawa Area Intermediate School District|13565 Port Sheldon St.||Holland
1|J-Star Motion Corporation|13617 Woodlawn Hills Drive NE||Cedar Springs
1|Orchid Orthopedic Solutions LLC|1365 Cedar Street||Mason
1|Orchid Orthopedic Solutions LLC|1365 N Cedar Street||Mason
1|ORCHID ORTHOPEDIC SOLUTIONS LLC|1365 N. CEDAR STREET||MASON
1|Orchid Orthopedic Solutions LLC|1365 N. Cedar Street||Mason
1|Echeneidae Inc|13685 Otterson Court||Livonia
1|Inalfa Roof Systems Inc|1370 Pacific Drive||Auburn Hills
1|BUDCO|13700 Oakland Ave||Highland Park
1|Solo World Partners LLC|13725 Pennsylvania Road||Riverview
1|Ground Effects LLC|13750 Rotunda Drive||Dearborn
1|McGuffey Home Health Care LLC|1380 Coolidge Hwy.|Suite 210|Troy
1|Dickson & Associates, P.C.|1380 E Jefferson Avenue||Detroit
1|Nebula International Corporation|1384 Piedmont Dr||Troy
1|CalmCar Vision Systems LLC|1384 Piedmont Drive||Troy
1|Industrial Magnetics Inc|1385 M-75 S||Boyne City
1|S&S INDUSTRIAL SURPLUS LLC|1385 S. HURON ROAD||KAWKAWLIN
1|Novusscientia LLC|13854 Lakeside Cir|Suite 254|Sterling Heights
1|STR Group USA Inc|13854 Lakeside Circle|Suite 202|Sterling Heights
1|DSA Systems Inc|1389 Wheaton Dr.|Suite 800|Troy
1|Par-Tech Inc|139 Premier Drive||Lake Orion
1|Cognizant Mobility Inc|1391 Wheaton Ave|Suite 700|Troy
1|Cognizant Mobility Inc|1391 Wheaton Avenue, Suite 700||Troy
1|Car Studio North America Inc|1397 Piedmont Drive|500|Troy
1|TECHSMITH CORPORATION|14 CRESCENT ROAD||EAST LANSING
1|Grand River Aseptic Manufacturing|140 Front Ave SW||Grand Rapids
1|Prime Energy Contract Services LLC|1400 Allen Dr.||Troy
1|AKASOL INC|1400 E. 10 MILE ROAD|SUITE 150|HAZEL PARK
1|TOYODA GOSEI NORTH AMERICA CORPORATION|1400 STEPHENSON HIGHWAY||TROY
1|TOYODA GOSEI NORTH AMERICA CORPORATION|1400 STEPHENSON HWY||TROY
1|Shivam Investments LLC|1400 US Highway 31||Beulah
1|Caravan Facilities Management LLC|1400 Weiss St.||Saginaw
1|Inteva Products LLC|1401 Crooks Road|Suite 100|Troy
1|CQV Technologies LLC|1401 Millbrook Trl||Ann Arbor
1|Northern Michigan University|1401 Presque Isle Avenue||Marquette
1|Destination Media Inc|1401 Vermont Street|Suite 215|Detroit
1|PAGE ENGINEERING INC|1402 EAST KIMMEL ROAD||JACKSON
1|Benson Dental, P.C.|1404 Ford Ave||Wyandotte
1|NYX LLC|14090 Beck Road||Plymouth
1|Hope College|141 East 12th Street||Holland
1|ThermaSeal Inc|141 Peyerk Ct., Unit A||Romeo
1|Ross Innovative Employment Services|14117 E Seven Mile Road||Detroit
1|Greenville Public Schools|1414 Chase Street||Greenville
1|Peninsula Pharmacy Inc|1414 W. Fair Avenue|Ste 133|Marquette
1|Living Stones Academy|1415 Lyon Street NE||Grand Rapids
1|P.R.A. Company|1415 W. Cedar Street||Standish
1|Kraemer Design Group LLC|1420 Broadway Street||Detroit
1|Board of Education Midland County|1420 S. Badour Road||Midland
1|Asterisk Green Inc|1420 Washington Blvd Ste 301||Detroit
1|BFP Enterprises LLC|1425  Coit Avenue NE|Ste 100|Grand Rapids
1|BFP Enterprises LLC|1425 Coit Avenue NE|Suite 100|Grand Rapids
1|Magna Modular Systems LLC|14253  Frazho Road||Warren
1|Magna Modular Systems LLC|14253 Frazho Road||Warren
1|Brightly Interactive LLC|1430 Monroe Avenue NW, Suite 180||Grand Rapids
1|Mifi LLC|14318 Auburndale St||Livonia
1|Mifi LLC|14318 Auburndale Street||Livonia
1|Cardinal Senior Management LLC|1435 Coit Ave NE||Grand Rapids
1|Tekshapers Inc|1441 E Maple Road|Ste 301|Troy
1|Tekshapers Inc|1441 E. Maple Road|Suite 301|Troy
1|Ayesha Swarn Saluja, DDS, PLLC|1441 W 14 Mile Road||Madison Heights
1|Feamold Inc|1441 West Long Lake Road, Suite 240||Troy
1|Fair Food Network|1442 Brush Street|Third Floor|Detroit
1|Detroit Sealing Components Inc|14441 Fairway Street||Livonia
1|COVENANT MEDICAL CENTER INC|1447 N HARRISON||SAGINAW
1|COVENANT MEDICAL CENTER INC|1447 N HARRISON STREET||SAGINAW
1|COVENANT MEDICAL CENTER INC|1447 N. Harrison Street||Saginaw
1|Abide Ministries Inc|145 Jefferson Ave||Clawson
1|Youth Vision Solutions|1450 25th St.||Detroit
1|REALIZING OPERATIONAL IMPROVEMENT LLC|1450 N. MILFOROAD ROAD||HIGHLAND
1|SIGNATURE HEALTHCARE SERVICES LLC|1450 W Long Lake Road|Suite 340|Troy
1|Comprehensive Psychiatric Solutions, P.C.|1450 W. Long Lake Road|Suite 340|Troy
1|Rassini International Inc|14500 Beck Road||Plymouth
1|Simolex Rubber Corporation|14505 Keel Street||Plymouth
1|AJ Gross LLC|1451 East Lansing Dr|Ste 222|East Lansing
1|AJ Gross LLC|1451 East Lansing Dr.|Ste 222|East Lansing
1|CEC Controls Company Inc|1455 Barber Avenue||Warren
1|CEC Controls Company Inc|14555 Barber Avenue||Warren
1|oQuad Industries Inc|14570 Barber Ave||Warren
1|Bd of Education Muskegon Public Schools|1458 5th Street||Muskegon
1|Neel Enterprise LLC|1459 North Leroy St|Ste A|Fenton
1|School District of the City of River Rouge|1460 W. Coolidge Highway||River Rouge
1|PAX International Company Inc|1460 Walton Blvd|STE 201A|Rochester Hills
1|Marveltech Consulting Services Inc|1460 Walton Boulevard|Suite 201A|Rochester Hills
1|Downriver Speech Clinic LLC|14600 King Road|Suite C1|Riverview
1|RIVIAN LLC|14600 Myford Road||Irvine
1|Digested Organics LLC|14601 Keel Street||Plymouth
1|Liebherr Gear and Automation Technologies Inc|1465 Woodland Drive||Saline
1|Eaton Rapids Family Chiropractic, PLLC|1467 S. Main Street||Eaton Rapids
1|Sai Pharmacy LLC|147 W SAGINAW STREET||HEMLOCK
1|Sai Pharmacy LLC|147 W Saginaw Street||Hemlock
1|Jogue Inc|14731 Helm Court||Plymouth
1|Bosal Industries Georgia Inc|1476 Seaver Way||Ypsilanti
1|Versatrans Inc|14777 Keel St.||Plymouth
1|Capital Asset Advisory Services Inc|148 East Grand River Road||Williamston
1|Timber Creek Counseling LLC|14800 E. Old US Highway 12||Chelsea
1|Wireless Game Group LLC|14825 Telegraph Road||Redford
1|Berrien Mental Health Authority|1485 M-139||Benton Harbor
1|BGS PHARMACY II LLC|1485 W 14 MILE ROAD||MADISON HEIGHTS
1|BGS Pharmacy II LLC|1485 W. 14 MILE ROAD||Madison Heights
1|Orchid Orthopedic Solutions LLC|1489 Cedar Street||Holt
1|Next Generation Education|149 Corporation Hall||Kalamazoo
1|Sakti3 Inc|1490 Eisenhower Place|Building 4|Ann Arbor
1|Variation Reduction Solutions Inc|14901 Galleon Court||Plymouth
1|Bollinger Motors Inc|14925 W 11 Mile Road||Oak Park
1|Bollinger Motors Inc|14925 W. 11 Mile Road||Oak Park
1|GEE FARMS NURSERY & GREENHOUSE LLC|14928 BUNKERHILL ROAD||STOCKBRIDGE
1|Webasto Convertibles USA Inc|14988 Pilot Drive||Plymouth
1|Garrison Dental Solutions LLC|150 DeWitt Lane||Spring Lake
1|Control In Motion LLC|150 Kirts Boulevard|Suite D|Troy
1|RBO Enterprises Inc|150 N 1ST ST|Suite 300|BRIGHTON
1|Roberts Sinto Corporation|150 Orchard Steet||Grand Ledge
1|Valeo Detection Systems Inc|150 Stephenson Hwy||Troy
1|Brooks Kushman P.C.|150 W 2nd Street|Ste 400N|Royal Oak
1|Butzel Long, a professional corporation|150 W Jefferson|Suite 100|Detroit
1|BUTZEL LONG, A PROFESSIONAL CORPORATION|150 W. Jefferson Ave|Ste 100|Detroit
1|CW PROFESSIONAL SERVICES LLC|150 WEST JEFFERSON AVENUE|SUITE 1425|DETROIT
1|Stout Risius Ross LLC|150 West Second Street|Suite 400|Royal Oak
1|Mercy Health Partners|1500  E. Sherman Blvd.||Muskegon
1|Cadillac Casting Inc|1500 4th Ave||Cadillac
1|Mercy Health Partners|1500 E. Sherman Blvd||Muskegon
1|Mercy Health Partners|1500 E. Sherman Blvd.||Muskegon
1|Macro Magnetics LLC|1500 Marion Avenue||Grand Haven
1|University of Michigan|1500 SAB, 515 E. Jefferson Street||Ann Arbor
1|Automated Industrial Robotics Rochester Hills Inc|1500 W. Hamlin Road||Rochester Hills
1|Grissim Metz Andriese Associates Inc|15000 Edward N. Hines Drive|Ste A|Plymouth
1|BAKKER WELDING & MECHANICS LLC|15031 84TH AVENUE||COOPERSVILLE
1|RELIABLE THERAPY SERVICES LLC|15039 Cadillac Drive||Shelby Township
1|J.S. Vig Construction Company|15040 Cleat Street||Plymouth
1|TEG Engineering LLC|1505 44th Street||Wyoming
1|TEG Engineering LLC|1505 44th Street SW|Suite B|Wyoming
1|Quikly Inc|1505 Woodward Ave||Detroit
1|Clips and Clamps Industries|15050 Keel Street||Plymouth
1|Webasto Thermo & Comfort North America Inc|15083  North Road||Fenton
1|Webasto Thermo & Comfort NA Inc|15083 North Road||Fenton
1|City of Birmingham Mich|151 Martin||Birmingham
1|Livonia Public Schools|15125 Farmington Road||Livonia
1|Fishbeck, Thompson, Carr & Huber Inc|1515 Arboretum Drive SE||Grand Rapids
1|Woodbridge Holdings Inc|1515 Equity Drive|Suite 100|Troy
1|Woodbridge Holdings Inc|1515 Equity Drive, Suite 100||Troy
1|North Central Michigan College|1515 Howard St.||Petoskey
1|Hi-Lex Controls Inc|152 Simpson Drive||Litchfield
1|The Productivity Team LLC|1520 S Lapeer Road|Suite 120|Lake Orion
1|Guardhat Inc|1520 Woodward Ave|3rd Floor|Detroit
1|BLUE WATER PHARMACY LLC|1524 10st ST.||PORT HURON
1|Caro Health Plaza|1525 W Caro Road||Caro
1|Caro Health Plaza|1525 West Caro Road||Caro
1|Randhawa Veterinary Services Inc|15250 Eureka Road||Southgate
1|VCA INC|1527 MICHIGAN ST NE||GRAND RAPIDS
1|Aisin Technical Center of America Inc|15300 Centennial Dr.||Northville
1|Aisin Technical Center of America Inc|15300 Centennial Drive||Northville
1|Bio Script Pharmacy LLC|15348 Fort Street||Southgate
1|INNOVATIVE AUTOMATION INC|15377 OAKWOOD DRIVE||ROMULUS
1|Jai Chamunda Inc|154 River St.||Elk Rapids
1|ScriptGuide Rx. Inc|15400 E. Jefferson Ave||Grosse Pointe Park
1|Nephro-Care MD, PLC|15400 N. Commerce Dr.||Dearborn
1|DIVERSITAK INC|15400 WOODROW WILSON STREET||DETROIT
1|Diversified Chemical Technologies Inc|15477 Woodrow Wilson Street||Detroit
1|JATO Dynamics Inc|155 W. Congress St.|Suite 460|Detroit
1|DETROIT DENTAL CARE P.C.|15510 Livernois Ave||Detroit
1|SIGNAL ADVISORS USA INC|1555 BROADWAY ST||DETROIT
1|SIGNAL ADVISORS USA INC|1555 BROADWAY ST.||DETROIT
1|Waymark I Inc|1555 Broadway||Detroit
1|Monroe County Community College|1555 South Raisinville Road||Monroe
1|Anderson Economic Group LLC|1555 Watertower Place|Suite 100|East Lansing
1|Anderson Economic Group LLC|1555 Watertower Place, Suite 100||Lansing
1|KINESTHETIC REHAB SERVICES LLC|15565 NORTHLAND DRIVE|SUITE 810 EAST|SOUTHFIELD
1|Kinesthetic Rehab Services LLC|15565 Northland  Drive, Suite 810 East||Southfield
1|Intek Group LLC|156 W Michigan Ave|Suite 202|Jackson
1|Mitsubishi Electric Automotive America Inc|15603 Centennial Drive||Northville
1|IAV Automotive Engineering Inc|15620 Technology Dr.||Northville
1|Greenfield Nine Pharmacy LLC|15627 W. 9 Mile Road||Southfield
1|Preferred Medicine Inc|15636 Southfield Road||Allen Park
1|LAFAYETTE PHARMACY LLC|1565 E LAFAYETTE||Detroit
1|Lansing Rehabilitation Services|1568 Lake Lansing Road|Suite B|Lansing
1|TRELLEBORG SEALING SOLUTIONS DETROIT INC|15701 CENTENNIAL DRIVE||NORTHVILLE
1|TEC International, LLP|15721 Leone Dr.||Macomb
1|TEC International, LLP|15721 Leone Drive||Macomb
1|Onur Ulgen Inc|15726 MICHIGAN AVENUE||Dearborn
1|Onur Ulgen Inc|15726 Michigan Ave||Dearborn
1|Advanced Systems and Controls Inc|15773 Leone Dr||Macomb
1|Thunder Bay Community Health Service Inc|15774 State Street||Hillman
1|Meiden America Inc|15800 CENTENNIAL DRIVE||Northville
1|Isha Rehab LLC|15810 Garrison Lane,   1||Southgate
1|Detroit Chinese Alliance Church North|1591 W Auburn Road||Rochester Hills
1|ANITHA SOLUTIONS LLC|1592 DOWNING ST||HASLETT
1|Livonia Family Pharmacy LLC|15983 Middlebelt Road||Livonia
1|L & L PRODUCTS INC|160 MCLEAN|PO BOX 308|ROMEO
1|ROSSETTI INC|160 WEST FORT STREET|SUITE 400|DETROIT
1|Dayco Products LLC|1600 Common Road||Roseville
1|Autotech Engineering R&D USA Inc|1600 Harmon Road||Auburn Hills
1|Zhongding USA Cadillac Inc|1600 Holman St.||Cadillac
1|Zhongding USA Cadillac Inc|1600 Holman Street||Cadillac
1|TWB Company LLC|1600 Nadeau Road||Monroe
1|Davco Technology LLC|1600 Woodland Drive E||Saline
1|Dayco Products LLC|16000 Common Road||Roseville
1|OPM Doctors|16000 Southfield Road||Allen Park
1|Ascension Providence Hospital|16001 West Nine Mile Road||Southfield
1|AMERICAS BACK OFFICE INC-US|16010 19 MILE ROAD||CLINTON TOWNSHIP
1|Spring Lake Public Schools|16140 148th Ave||Spring Lake
1|Spring Lake Public Schools|16140 148th ave||Spring Lake
1|Family Health Care|1615 Michigan Avenue||Baldwin
1|Global Clinical Connections LLC|1615 West Centre Ave|Suite 103|Kalamazoo
1|H.A Eckhart & Associates Inc|16185 National Parkway||Lansing
1|Imetris Corporation|162 S. Industrial Drive||Saline
1|Imetris Corporation|162 South Industrial Drive||Saline
1|Synergy Appliances LLC|1623 Chicago Dr SW||Wyoming
1|Hornruckle Partners LLC|16267 W 14 Mile Road||Beverly Hills
1|Diag Partners LLC|16267 W. 14 Mile Road||Beverly Hills
1|Battlecreek Pharmacy Inc|16311 Grand River Avenue||Detroit
1|Kirchhoff Automotive Lansing Inc|16325 Felton Road||Lansing
1|J. Rettenmaier USA LP|16369 US 131 Highway||Schoolcraft
1|Arval Technologies Inc|16370 North Haggerty Road||Plymouth
1|Anya Holdings LLC|164 N. Main Street||Plymouth
1|Nephrology Hypertension Clinic PC|16407 Southfield Road||Allen Park
1|LOGOS LOGISTIC INC|16490 Wahrman Road|Suite 100|Romulus
1|EDAG Inc|1650 Research Drive|Suite 300|Troy
1|Aquasight LLC|1650 W. Big Beaver Road|Suite 101|Troy
1|eVantage Services Inc|1650 West Big Beaver Road||Troy
1|Lacroix Electronics MI LLC|1655 MICHIGAN ST NE||Grand Rapids
1|Lacroix Electronics MI LLC|1655 Michigan St. NE||Grand Rapids
1|Technica Engineering Inc|1660 Airport Road||Waterford
1|3DN Solutions LLC|1661 Carpenter Drive|Suite A|Troy
1|NKE SAFETY APPAREL LLC|16616 Chandler Road||East Lansing
1|Treetown Tech LLC|1665 Highland Drive|Suite C|Ann Arbor
1|OL Pharma Tech LLC|1666 E Lincoln Ave||Madison Heights
1|Mino Automation USA Inc|1670 Harmon Road||Auburn Hills
1|Gonzalez Contract Services Inc|1670 Highwood East||Pontiac
1|Thermo Fisher Scientific Inc|168 Third Avenue||Waltham
1|Air and Liquid Systems LLC|1680 S. Livernois Road||Rochester Hills
1|MICHIGAN REHAB SERVICES PROVIDER INC|1681 E. AUBURN ROAD|SUITE C|ROCHESTER HILLS
1|Above and Beyond Orthopedics LLC|16815 East Jefferson Ave, Suite 250||Grosse Pointe
1|KORENS USA INC|1685 W. Hamlin Road||Rochester Hills
1|THE REAL GREEN COMPANY INC|1699 CROOKS ROAD||TROY
1|Sekisui Voltek LLC|17 Allen Avenue||Coldwater
1|Grooters Productions LLC|17 W 6th Street||Holland
1|Scheurer Hospital|170 N. Caseville Road||Pigeon
1|Christy Industries Inc|1700 Bellingham Road||Troy
1|Providence Reformed Church|1700 Coit Avenue NE||Grand Rapids
1|Kettering University|1700 University Avenue||Flint
1|Gritter Francona|17001 Lakeview Ave||holland
1|Northwestern Michigan College|1701 E Front Street||Traverse City
1|Oakland Macomb Obstetrics & Gynecology, PC|1701 S. Boulevard East|Suite 200|Rochester Hills
1|CriTech Research Inc|1705 Woodland Drive|Suite 100|Saline
1|CriTech Research Inc|1705 Woodland Drive East|Suite 100|Saline
1|Ghafari Associates LLC|17101 Michigan Ave||Dearborn
1|G-TECH Services Inc|17101 Michigan Avenue||Dearborn
1|Fast Switch-Great Lakes LLC|17177 Laurel Office Park Dr|Suite 265|Livonia
1|Fast Switch-Great Lakes LLC|17177 Laurel Office Park Dr, Suite 265||Livonia
1|eShocan LLC|17177 Laurel Park Dr.|Suite 202|Livonia
1|AXITEM SOFTWARE SOLUTION INC|17177 N LAUREL PARK DRIVE|SUITE 450|LIVONIA
1|eShocan LLC|17177 N Laurel Park Dr|Suite 202|Livonia
1|Flint Group Packaging Inks North America Corporation|17177 N Laurel Park Dr.|Suite 300|Livonia
1|eShocan LLC|17177 N laurel park Dr|Suite 202|Livonia
1|SOLIZE USA CORPORATION|17177 N. LAUREL PARK DRIVE|SUITE 434|LIVONIA
1|Megan Soft Inc|17177 N. Laurel Park Dr.|Suite 337|Livonia
1|eShocan LLC|17177 North Laurel Park Drive, Suite 202||Livonia
1|TEGRIT SOFTWARE VENTURES INC|17187 N LAUREL PARK DR|STE 250|LIVONIA
1|TEGRIT SOFTWARE VENTURES INC|17187 N LAUREL PARK DRIVE|STE 250|LIVONIA
1|INTELIZIGN SOLUTIONS LLC|17197 N LAUREL PARK DRIVE|STE 572|LIVONIA
1|Chuck Schubert & Associates Inc|17197 N Laurel Park Dr|Suite 145|Livonia
1|Pegasys Systems and Technologies Inc|17197 N Laurel Park Drive|Suite 152|Livonia
1|Pegasys Systems & Technologies Inc|17197, N Laurel Park Drive|Suite 519,|LIVONIA
1|Kosma Tech Inc|17199 N LAUREL PARK DR|SUITE 207|LIVONIA
1|E-IT PROFESSIONALS CORP.|17199 N LAUREL PARK DR.|SUITE 402|LIVONIA
1|Marvel Technology Solutions Inc|17199 N. Laurel Park Dr.|Suite 25|Livonia
1|247JOBHUNT INC|17199 N.Laurel Park Dr|Ste 233|Livonia
1|Marvel Technology Solutions Inc|17199 North Laurel Park Dr|Suite 25|Livonia
1|Crossover Solutions USA Inc|17199 North Laurel Park Drive|Suite 304|Livonia
1|Flex-N-Gate Advanced Product Development LLC|17225 Federal Drive|Suite 100|Allen Park
1|Magnify Services Inc|1726 Teel Ave||Lansing
1|ABAB Solutions Inc|17289 Crestbrook D|Suite 202|Northville
1|ENTERPRISE INFORMATION XPERTS LLC DBA EIX|1731 EMERALD PINES DR||CANTON
1|PERCEPTA LLC|17333 Federal Drive|Suite 220|Allen Park
1|CoherentRx Inc|1734 Crooks Road||Troy
1|Aktis Engineering Solutions Inc|17340 W 12 Mile Road||Southfield
1|MhakTech Inc|17368 W 12 Mile Road|STE 205|Southfield
1|PSP Group LLC|17410 College Parkway||Livonia
1|365 Retail Markets LLC|1743 Maplelawn Drive||Troy
1|Escalent Inc|17430 College Parkway||Livonia
1|Masco Corporation|17450 College Parkway||Livonia
1|Ridge View Dairy LLC|17451 N Drive N||Marshall
1|OP CONSULTING GROUP LLC|1749 HAMILTON ROAD|STE 207|OKEMOS
1|Ati Motors Inc|1750 West Hamlin Road||Rochester Hills
1|MITEC Solutions Inc|17500 Federal Drive|Suite 700|Allen Park
1|Kenmar Corporation|17515  West Nine Mile Road|Suite 1200|Southfield
1|Transcare Detroit Inc|17515 W. 9 Mile Road|Suites 450 and 915|Southfield
1|First Financial Collection Group LLC|17515 W. Nine Mile Road|Ste 925|Southfield
1|MINO Automation USA INC|1755 Atlantic Blvd||Auburn Hills
1|Atinfo Technology Inc|1755 Livernois||Troy
1|Cherry Central Cooperative Inc|1771 N. US 31 South||Traverse City
1|Freedom House Detroit|1777 N Rademacher Street||Detroit
1|Asphalt Specialists LLC|1780 E Highwood||Pontiac
1|Asphalt Specialists LLC|1780 E. Highwood||Pontiac
1|PREMIER FOOD SUPPLIES LLC|1783 THUNDERBIROAD STREET||TROY
1|AAA Life Insurance Company|17900 N. Laurel Park Drive||Livonia
1|ARKK TECHNOLOGIES, L.L.C.|1793 GRAND CT NE||GRAND RAPIDS
1|Signal-Wise LLC|1797 New Castle Drive||Troy
1|Nuco Health LLC|18000 W. 9 Mile Road, 10th Floor||Southfield
1|St. Clair Specialty Physicians, P.C|18001 E. 10 Mile Road||Roseville
1|MORGAN OLSON LLC|1801 S. NOTTAWA||STURGIS
1|LION Smart North America Inc|18024 Cascade Drive||Northville
1|Oakwood Healthcare Inc|18101 Oakwood Blvd||Dearborn
1|Oakwood Healthcare Inc|18101 Oakwood Blvd.||Dearborn
1|Progressive AE Inc|1811 4 Mile Road NE||Grand Rapids
1|Altair Engineering Inc|1820  E. Big Beaver Road||Troy
1|Altair ProductDesign Inc|1820  East Big Beaver Road||Troy
1|The Province of St. Joseph of the Capuchin Order|1820 Mount Elliott St.||Detroit
1|Complete Care Rehab LLC|18200 E. Ten Mile Road|Suite 200|Eastpointe
1|Livonia Smiles Dental Center, PLLC|18224 Farmington Road||Livonia
1|Eastpointe Animal Hospital, PLLC|18243 E. Nine Mile Road||Eastpointe
1|Law Office of Andrea J Ferrara|18263 E. 10 Mile Road Ste A||Roseville
1|Zeeland Public Schools|183 W. Roosevelt||Zeeland
1|Cardiovascular Institute of Michigan, P.C.|18303 Ten Mile Road|Suite 100|Roseville
1|RajB Consulting Services LLC|1833 Kirkton Dr||Troy
1|LG MAGNA E-POWERTRAIN USA INC|1835 TECHNOLOGY DRIVE|SUITE 110|TROY
1|Intrepid Control Systems Inc|1850 Research Drive||Troy
1|Sarmed Hanna Dental PLLC|18525 Moross Road||Detroit
1|Eforce Solutions Inc|18525 Steep Hollow Court||Northville
1|SMR AUTOMOTIVE SYSTEMS USA INC|1855 BUSHA HWY||MARYSVILLE
1|SMR AUTOMOTIVE SYSTEMS USA INC|1855 Busha Hwy||Marysville
1|LG Energy Solution Michigan Inc|1857 Technology Drive||Troy
1|Healthmark Industries Co. Inc|18600 Malyn Boulevard||Fraser
1|PTI Quality Containment Solutions LLC|18615  Sherwood Street||Detroit
1|PTI Quality Containment Solutions LLC|18615 Sherwood Street||Detroit
1|G2 Consulting Group LLC|1866 Woodslee||Troy
1|Magna Powertrain of America Inc|1870 Technology Dr.||Troy
1|Magna Powertrain of America Inc|1870 Technology Drive||Troy
1|eAgile Inc|1880 Turner Ave NW|Suite A|Grand Rapids
1|GD MI Southfield PLLC|18800 W 10 MILE ROAD||SOUTHFIELD
1|GD MI, PLLC|18800 West 10 Mile Road||Southfield
1|Russells Technical Products Inc|1883 Russell Ct.||Holland
1|American Hydrostatics Distribution Inc|1885 Thunderbird||Troy
1|IDC Industries Inc|18901 15 Mile Road||Clinton Township
1|Roseville Community Schools|18975 Church Street||Roseville
1|MomentFeed UB Inc|19 Clifford St|8th Floor|Detroit
1|Livegistics Inc|19 Clifford Street|Livegistics|Detroit
1|Giffin Inc|1900 Brown Road||Auburn Hills
1|McLaren Bay Region|1900 Columbus Avenue||Bay City
1|Shape Corp.|1900 Hayes Street||Grand Haven
1|Hendrick Provider Network|1900 Pine Street||Abilene
1|T-Systems North America Inc|1901 Butterfield Road, Suite 700||Downers Grove
1|Stryker Corporation|1901 Romence Road Parkway|N/A|Portage
1|Bodman PLC|1901 St. Antoine|6th Floor at Ford Field|Detroit
1|Western Michigan University|1903  W. Michigan Ave, MS 5246||Kalamazoo
1|Western Michigan University|1903 W. Michigan Ave||Kalamazoo
1|Western Michigan University|1903 West Michigan Avenue||Kalamazoo
1|New Paradigm for Education|1903 Wilkins St||Detroit
1|AccuTEST Systems Inc|1905 Russell Ct||Holland
1|SPAR Marketing Force Inc|1910 Opdyke Court||Auburn Hills
1|Detroit Forming Inc|19100 W. 8 Mile Road||Southfield
1|PROJECT WORLDWIDE INC|1914 TAYLOR POINT||AUBURN HILLS
1|PROJECT WORLDWIDE INC|1914 TAYLOR POINT ROAD||AUBURN HILLS
1|George P. Johnson Company|1914 Taylor Point||Auburn Hills
1|Quick Release Inc|1927 Rosa Parks Blvd, Suite 140||Detroit
1|Fairway Drugs Inc|19332 E. 10 Mile Road||Eastpointe
1|Nanosoft Technologies Inc|1945  Pauline Blvd|Suite 12|Ann Arbor
1|HME Inc|1950 Byron Center Avenue SW||Wyoming
1|ZKW Lighting Systems USA Inc|1950 Crooks Road||Troy
1|Westing Bridge LLC|1950 Stephenson Highway||Troy
1|Kyungshin Cable International Corporation|19500 Victor Parkway|Suite 120|Livonia
1|IMG-NA LLC|1953 Concept Drive||Warren
1|SLW Automotive Inc|1955  West Hamlin Road||Rochester Hills
1|Spectrum Net Designs Inc|1958 Wilson Ave SW||Grand Rapids
1|Medshop Pharmacy LLC|1964 W. 11 Mile Road Suite C||Berkley
1|Synergia Automotive LLC|1965 Research Drive|Suite 150|Troy
1|Oerlikon Metco US Inc|1972 Meijer Drive||Troy
1|ACCURATE ACCREDITATION|1975 E. Leonard Road||Leonard
1|SEE Inc|19800 W. 8 Mile Road||Southfield
1|Wise I.T. Inc|1985 W Big Beaver Road, Suite 222||Troy
1|Think IT Technologies Inc|1985 W. Big Beaver Road, Ste 220||Troy
1|Anesthesia Services Associates, P.C.|1990 Union Lake Road|Suite 350|Commerce Township
1|J. Ranck Electric Inc|1993 Gover Parkway||Mt. Pleasant
1|VALASSIS COMMUNICATIONS INC|19975 VICTOR PARKWAY||LIVONIA
1|Strategic iQ LLC|200 E. Big Beaver Road||Troy
1|Gestamp Mason LLC|200 E. Kipp Road||MASON
1|ArborMetrix Inc|200 E. Liberty|7969|Ann Arbor
1|Gestamp Mason LLC|200 East Kipp Road||Mason
1|The Taubman Company|200 East Long Lake Road|Suite 300|Bloomfield Hills
1|Advantage Health/Saint Marys Medical Group|200 Jefferson Ave SE||Grand Rapids
1|Advantage Health/Saint Marys Medical Group|200 Jefferson Avenue SE||Grand Rapids
1|Bradford White Corporation|200 Lafayette St.||Middleville
1|COBX Co., a Michigan Corporation d/b/a Emergient|200 N Grand Ave||Lansing
1|QUANTUM SIGNAL AI LLC|200 N. ANN ARBOR ST||SALINE
1|IKASYSTEMS, A DELAWARE COMPANY|200 N. GRAND AVE||LANSING
1|Accident Fund Insurance Company of America|200 N. GRAND AVENUE||LANSING
1|West Michigan Cancer Center|200 North Park Street||Kalamazoo
1|Compose LLC|200 Viridian Dr.|Ste 131|Muskegon
1|Lewis College of Business|200 Walker St.||Detroit
1|Williams International Co LLC|2000 Centerpoint Parkway||Pontiac
1|RGIS LLC|2000 E Taylor Road|Suite 200|Auburn Hills
1|Whirlpool Corporation|2000 N M63|MD 2000|Benton Harbor
1|WHIRLPOOL CORPORATION|2000 NORTH M-63|MD 2000|BENTON HARBOR
1|Whirlpool Corporation|2000 North M63|MD 2000|Benton Harbor
1|Cabinetworks Group Inc|20000 Victor Parkway||Livonia
1|Acutex Inc|2001 PEACH STREET||WHITEHALL
1|Attempt IT Solutions Inc|20015 Boardwalk Blvd||Southfield
1|Bonnell Aluminum (Niles) LLC|2005 Mayflower Road||Niles
1|Anesthesia Associates of Ann Arbor PLLC|2006 Hogback Road|Suite 5A|Ann Arbor
1|College for Creative Studies|201 E. Kirby||Detroit
1|TWO SIGMA INSURANCE QUANTIFIED, LP|201 Nickels Arcade|Suite 201|Ann Arbor
1|Infinite Automation Corporation|201 W Washington|Suite 201|Zeeland
1|PeopleIT LLC|201 W. Washington Ave|Ste 135|Zeeland
1|CLOUD IT LLC|202 E WASHINGTON ST|SUITE 202|48104
1|TI Group Automotive Systems LLC|2020 Taylor Road||Auburn Hills
1|McKinley Manor Assisted Living LLC|2023 W. 4th Avenue||Sault Ste. Marie
1|Lazar Spinal Care, P.C.|203 S. Zeeb Road , Ste. 106||Ann Arbor
1|ARBOR GAGE & TOOLING INC|2031 CALVIN AVE SE||GRAND RAPIDS
1|Dearborn Mid-West Company LLC|20334 Superior Road||Taylor
1|East Lansing Advanced Dental, PLLC|2035 Asher Ct||East Lansing
1|SOOTHSAYER ANALYTICS LLC|20361 MIDDLEBELT ROAD||LIVONIA
1|Soothsayer Analytics LLC|20361 Middlebelt Road||Livonia
1|Calcguard Technologies Inc|20381 Cara Avenue||Cassopolis
1|OESL Automotive USA LLC|2044 Austin Avenue||Rochester Hills
1|INGSTRON Corporation|2045 McIntosh Drive||Troy
1|Mission Veterinary NY Operations, P.C.|20450 Civic Center Drive||Southfield
1|inFORM Studio, PC|205 E. Main Street|Suite 102b|Northville
1|RPM Freight Systems LLC dba RPM|205 Hamilton Row|Suite 200|Birmingham
1|Optiflow LLC|205 Koucar Drive||Ann Arbor
1|W.A. Foote Memorial Hospital Inc|205 N. East Avenue|N/A|Jackson
1|Independent Hospitalist Physicians PLLC|205 North East Avenue||Jackson
1|Birdstop Inc|2050 15th St||DETROIT
1|Magna Electronics Inc|2050 Auburn Road||Auburn Hills
1|MedStar Rehabilitation Services Inc|2050 N. Haggerty Road|Suite 280|Canton
1|Assemble Rite, Ltd.|20501 Pennsylvania Road|Suite 150|Brownstown Township
1|SOUL PROPERTY MANAGEMENT LLC|2051 W DAVISON ST||DETROIT
1|Computer and Engineering Services Inc|2055 Crooks Road|Level A|Rochester Hills
1|LAWRENCE M FALLAT DPM PC|20555 ECORSE ROAD||TAYLOR
1|Evenergi LLC|206 E Huron Street|Suite 303|Ann Arbor
1|Movellus Circuits Inc|206 E. Huron Street||Ann Arbor
1|AdAdapted Inc|206 East Huron Street|Suite 101|Ann Arbor
1|Ubiquiti Inc|206 South 5th Avenue|Suite 550|Ann Arbor
1|Ubiquiti Inc|206 South 5th Avenue, Suite 550||Ann Arbor
1|Truck-Lite Co. LLC|20600 Civic Center Drive||Southfield
1|Grosse Pointe Public Schools System|20601 Morningside Drive||Grosse Pointe Woods
1|Active Aero Group Inc|2068 E Street||Belleville
1|PRATT INTERMODAL CHASSIS LLC|2070 S. 3ROAD STREET||NILES
1|WirelessCar North America Inc|20700 Civic Center Drive , Ste. 600||Southfield
1|WirelessCar North America Inc|20700 Civic Center Drive, Ste. 600||Southfield
1|SyBridge Technologies|20700 South Civic Center Drive||Southfield
1|PAINLESS DENTAL CENTER P.C.|20720 Plymouth Road||Detroit
1|Infobiz Systems LLC|2075  W Big Beaver Road|Suite LL20|Troy
1|Grede II LLC|20750 Civic Center Drive|Suite 100|Southfield
1|Seniors Home Health Care Inc|20755 Greenfield Road|Suite 607|Southfield
1|Fremont Christian School Society|208 Hillcrest Ave||Fremont
1|SIGMA FORENSICS AND ENGINEERING LLC|20852 E. Chigwidden||Northville
1|Agency Computer Systems Inc|20874 Moyer Dr||Clinton Twp
1|Premier Thermal Solutions LLC|209 W Mount Hope Avenue||Lansing
1|iSapphire Solutions LLC|20903 Ballantyne Blvd.||Northville
1|Clinc Inc|210 E Huron St||Ann Arbor
1|Breckenridge Capital LLC, DBA MatchRX|210 E. Third Street|Suite 100|Royal Oak
1|Weatherwax Family Pharmacies INC|210 Hinckley Blvd||Jackson
1|Weatherwax Family Pharmacies Inc|210 Hinckley Blvd.||Jackson
1|Martinrea International US Inc|2100 N. Opdyke||Auburn Hills
1|Martinrea International US Inc|2100 N. Opdyke Road||Auburn Hills
1|Martinrea International US Inc|2100 N. Opdyke road||Auburn Hills
1|Comau LLC|21000 Telegraph Road||Southfield
1|Lawrence Technological University|21000 W. 10 Mile Road||Southfield
1|Tiltedge Solutions LLC|21011 Marshview Dr||Northville
1|Modineer Company LLC|2102 South 11th Street||Niles
1|mokSa.ai|2105 E Big Beaver Road|Apt 208|Troy
1|LAVISION INC|211 W. MICHIGAN AVENUE|SUITE 100|YPSILANTI
1|Patti Engineering Inc|2110 E. Walton Blvd.||Auburn Hills
1|PATRICK THOMPSON DESIGN INC|2111 WOODWAROAD AVE|SUITE 1002|DETROIT
1|Nippon Oil Pump North America Corporation|21126 Bridge Street||Southfield
1|Helping Hand for Relief and Development Inc|21199 Hilltop St||Southfield
1|Helping Hand for Relief & Development Inc|21199 Hilltop Street||Southfield
1|Petrous Orthodontics, P.C.|2120 E. 12 MILE ROAD||Royal Oak
1|PJ Wallbank Springs|2121 Beard St||Port Huron
1|P.J. Wallbank Springs Inc|2121 Beard St.||Port Huron
1|P.J. Wallbank Springs Inc|2121 Beard Street||Port Huron
1|Kalamazoo Christian School Association|2121 Stadium Drive||Kalamazoo
1|VASISTA GLOBAL LLC|21217 E GLEN HAVEN CIRCLE||NORTHVILLE
1|Metropolitan Hospital|2122 Health Drive SW|Ste 260|Wyoming
1|SOUTHEAST MICHIGAN SURGICAL HOSPITAL|21230 DEQUINDRE ROAD||WARREN
1|Little Caesar Enterprises Inc|2125 Woodward Avenue||Detroit
1|Frank Bacon Machinery Sales Co.|21251 Ryan Road||Warren
1|Nutshell Inc|213 S Ashley Street|Suite 200|Ann Arbor
1|JAI CHAMUNDA MORENCI INC|213 W MAIN ST.||MORENCI
1|Skyspecs Inc|213 W. Liberty St.|Suite 300|Ann Arbor
1|IDP Inc|21300 West Eight Mile Road||Southfield
1|KPIT Technologies Inc|21333 Haggerty Road|Suite 100|Novi
1|Meritor Industrial Products LLC|2135 W MAPLE ROAD||Troy
1|Meritor Electric Vehicles LLC|2135 W Maple||Troy
1|Meritor Electric Vehicles LLC|2135 W. MAPLE ROAD||TROY
1|Meritor Inc|2135 West Maple||Troy
1|Alliant Enterprises LLC|2140 Oak Industrial Dr NE||Grand Rapids
1|Detroit Radiant Products Company|21400 Hoover Road||Warren
1|Automotive Hall of Fame|21400 Oakwood Blvd.||Dearborn
1|Pro Dental MI 1 PC|21427 Grand River Avenue||Detroit
1|Apex Placement and Consulting LLC|2145 Crooks Road|Apt 210|Troy
1|MIIT SOLUTIONS INC|2145 UNIVERSITY PARK DR|STE 360|OKEMOS
1|MIIT SOLUTIONS INC|2145 UNIVERSITY PARK DR.|SUITE 360|OKEMOS
1|ODL Inc|215 E. Roosevelt Avenue||Zeeland
1|RICEFW Technologies Inc|2150 Association Dr,|Suite 270|Okemos
1|RICEFW Technologies Inc|2150 Association Drive|Suite 270|Okemos
1|OVATION Rehabilitation Services LLC|21500 Haggerty Road|Suite 160|Northville
1|eMatrix Energy Systems Inc|21520 Bridge Street||Southfield
1|Android Industries LLC|2155 Executive Hills Blvd.||Auburn Hills
1|LEAR CORPORATION|21557 TELEGRAPH ROAD||SOUTHFIELD
1|MIIT SOLUTIONS INC|2164 UNIVERSITY PARK DR|STE 260C|OKEMOS
1|Easy Online Solutions, Ltd|21671 Melrose Ave||Southfield
1|Physical Medicine and Rehabilitation Consultant and Pain Management, P.C.|21675 Coolidge Highway|Suite A|Oak Park
1|Gentherm Incorporated|21680 Haggerty Road||Northville
1|GAT MARKETING AGENCY INC|21683 Melrose Avenue||Southfield
1|Nederveld Inc|217 Grandville Avenue SW, Suite 302||Grand Rapids
1|PACE Southeast Michigan|21700 Northwestern Highway|Suite 900|Southfield
1|NS Soft Inc|21745 Green hill Road||Farmington Hills
1|SunSoft Technologies Inc|21772 Manchester Court||Farmington Hills
1|Ajax Metal Processing Inc|21777 Hoover Road||Warren
1|MPC FINANCIAL CORPORATION|2178 Fort Street||Lincoln Park
1|Piezos Technology Solutions Inc|21800 Haggerty Road 210||Northville
1|SSA Soft LLC|21800 Haggerty Road Suite 111||Northville
1|Piezos Technology Solutions Inc|21800 Haggerty Road, Ste 210||Northville
1|Hikigai Inc|21884 Meridian Lane||Novi
1|AMT Services Inc|219 Kay Industrial Dr||Orion
1|CFOx LLC|219 S. Main St.|Suite 203|Royal Oak
1|Modineer Company LLC|2190 Industrial Drive||Niles
1|ADVISO Inc|21917 Michigan Avenue||Dearborn
1|U S 2 INC|21975 Leyte St.||Farmington Hills
1|Promwad LLC|22 W Huron Street|Suite 103|Pontiac
1|Enmark Systems Inc|220 E Huron St, Ste 650||Ann Arbor
1|A2 Media Corporation|220 Felch St||Ann Arbor
1|Integral Software Inc|220 S. Main Street||Royal Oak
1|The Center for Michigan Inc|220 W. Michigan Avenue||Ypsilanti
1|SOFTWARE BOTS INC|2200  N CANTON CENTER ROAD|SUITE 270|CANTON
1|Sphinx Organization Inc|2200 Hunt St.|Suite 461|Detroit
1|F A Consultancy LLC|2200 N Canton Center ROAD  Suite 170||Canton
1|Manutek Inc|2200 N Canton Center Road|Suite 230|Canton
1|LOGICQUE INC|2200 N Canton Center Road,|Ste 110|Canton
1|LogicQue Inc|2200 N. Canton Center rd|STE 110|Canton
1|GKN Driveline North America Inc|2200 N. Opdyke Road||Auburn Hills
1|LOGICQUE INC|2200 NCANTON CENTER ROAD|STE 110|CANTON
1|DOW SILICONES CORPORATION|2200 W SALZBURG ROAD||MIDLAND
1|LakePointe Orthodontics, PLLC|22006 Greater Mack Avenue|NA|St. Clair Shores
1|Greater Midland Community Centers Inc|2205 Jefferson Avenue||Midland
1|MeritOne Engineering and IT Solutions Inc|22081 Chase Drive||Novi
1|Enstrom Helicopter Corporation|2209 22nd St.||Menominee
1|Ascension St. John Hospital|22101 Moross Road||Detroit
1|Tribar Technologies Inc|2211 Grand Commerce Dr.||Howell
1|Tribar Manufacturing|2211 Grand Commerce Road||Howell
1|Blue Line Foodservice Distribution Inc|2211 Woodward Ave||Detroit
1|Hampton Manor of Woodhaven LLC|22125 Van Horn Road||Woodhaven
1|Ascension St. John Hospital|22151 Moross Road||Detroit
1|Forefront Consulting Services|22168 Chelsea Lane||Woodhaven
1|Harvest Energy Solutions|2218 E High Street||Jackson
1|Harvest Energy Solutions|2218 W High Street||Jackson
1|VARIETY DIE & STAMPING CO|2221 BISHOP CIRCLE EAST||DEXTER
1|Shopicue LLC|2222 W Grand River ave|STE A|Okemos
1|E-lan Car Components USA Inc|22228 John R Road||Hazel Park
1|RELIABLE SOFTWARE RESOURCES|22260 HAGGERTY ROAD|SUITE 285|NORTHVILLE
1|Michigan Specialty Care Pharmacy LLC|223 West Silver Lake Road||Fenton
1|Metro Engineering Solutions LLC|22300 Haggerty Road||Northville
1|Detroit Country Day School|22305 West Thirteen Mile Road||Beverly Hills
1|thyssenkrupp Materials NA Inc|22355 W Eleven Mile Road||Southfield
1|RCX Sports LLC|2240 Greer Blvd||Sylvan Lake
1|Onyx Clinical Research|2241 S. Linden Road|Suite D|Flint
1|Best In Games Ltd|22419 Paddington Ct||Novi
1|Medcare Inc|2243 East 12 Mile Road||Warren
1|Emerging IT Solutions LLC|2246 Estelle Dr SE||East Grand Rapids
1|L Soft Corporation|22485 Moorgate Street||Novi
1|Forensic Fluids Laboratories Inc|225 Parsons Street||Kalamazoo
1|JAC Products Inc|225 S. Industrial Drive||Saline
1|ASSET HEALTH INC|2250 BUTTERFIELD DR.|STE 100|TROY
1|Vision Integration Technologies Inc|22503 Grand River Avenue|19738|Detroit
1|Vaazu Inc|22511 Telegraph Road|Suite 204|Southfield
1|Multimatic Sales & Marketing Inc|22540 Seeley Road||Novi
1|Silbert Chiropractic Clinic & Functional Rehabilitation PC|2258 Eureka Road||Wyandotte
1|PMA Consultants LLC|226 W. Liberty Street||Ann Arbor
1|ABM Healthcare Support Services Inc|22622 Harper Avenue||St. Clair Shores
1|Pioneer Automotive Technologies Inc|22630 Haggerty Road||Farmington Hills
1|Atesian Properties Inc|2271 Cole Street||Birmingham
1|CROSS SENSE ANALYTICS LLC|22710  HAGGERTY ROAD|SUITE 171|FARMINGTON HILLS
1|Talent9 Inc|22710 Haggerty Road, Suite 130||Farmington Hills
1|Novi IT Inc|22710 Haggerty Road, Suite 192||Farmington Hills
1|Kumo IT Services Inc|22710 Haggerty Road, Suite 193||Farmington Hills
1|Halo Medical Group PLLC|22720 Michigan Ave|Suite 200|Dearborn
1|Endodontics, P.C.|22731 Newman St|Suite 125|Dearborn
1|Michigan Custom Machines Inc|22750 Heslip Drive||Novi
1|Dsign Code LLC|22755 Heslip Drive|Suite 04|Novi
1|Synergy Additive Manufacturing LLC|22792 Macomb Industrial Dr||Clinton Twp
1|Warren Industries Inc|22805 Interstate Drive||Clinton Township
1|Global Medical Services, P.C.|22819 Michigan Avenue||Dearborn
1|RAINA PROPERTIES LLC|2282 WATER ST||Port Huron
1|MoldTecs US LLC|2285 Franklin Road||Bloomfield Hills
1|Pacific Rim Food Inc|229 W Kilgore Road||Portage
1|Pioneer Plastics Inc|2295 Bart Avenu||Warren
1|LOGICQUE INC|22OO N CANTON CENTER ROAD|STE 1 1O|CANTON
1|Spicer Group Inc|230 S. Washington Avenue||Saginaw
1|Gast Manufacturing Inc|2300 M-139 Highway||Benton Harbor
1|STRATEGIC STAFFING IT INC|23000 Halsted Road|204|FARMINGTON HILLS
1|Artisan Consulting Inc|2301 West Big Beaver Road|Suite 318|Troy
1|Wightman and Associates|2303 Pipestone Road||Benton Harbor
1|Mahle Industries Incorporated|23030 Mahle Drive||Farmington Hills
1|Physical Therapy Southfield, P.C.|23077 Greenfield Road Ste. 250||Southfield
1|Eenhoorn LLC|231 Fulton St W||Grand Rapids
1|CEP Bio Coat LLC|23149 Commerce Drive||Farmington Hills
1|A1 Physical Therapy Inc|2318 Gull Road||Kalamazoo
1|Malhotra Center for Plastic Surgery|2320  Washtenaw Avenue|Suite A|Ann Arbor
1|Iroquois Assembly Systems Inc|23220 Pinewood Street||Warren
1|A1 Physical Therapy Inc|2323 Gull Road|Suite D|Kalamazoo
1|A1 Physical Therapy Inc|2323 Gull Road, Suite D||Kalamazoo
1|Zatkoff Seals and Packings|23230 Industrial Park Drive||Farmington Hills
1|Traverse City N 31 Inn and Suites|2326 N US 31 S||Traverse City
1|Traverse City 31N Inn and Suites LLC|2326 N US-31 S||Traverse City
1|Excyl Inc|2328 Livernois ROAD|Suite 1090|Troy
1|Excyl Inc|2328 Livernois ROAD, Suite 1090||Troy
1|Excyl Inc|2328 Livernois Road|Suite 1090|Troy
1|Excyl Inc|2328 Livernois Road, Suite 1090||Troy
1|MadDog Technology LLC|233 Pierce Street||Birmingham
1|Humanetics Innovative Solutions Inc|23300 Haggerty Road||Farmington Hills
1|ElringKlinger Automotive Manufacturing Inc|23300 Northwestern Highway||Southfield
1|Ecera System LLC|2331 Snowy Egret Dr|Katy, TX 77494|Farmington hills
1|Fata Automation Inc|2333 E. Walton Blvd.||Auburn Hills
1|MMP Molded Magnesium Products LLC|2336 E High St||Jackson
1|MMP MOLDED MAGNESIUM PRODUCTS LLC|2336 E. HIGH STREET||JACKSON
1|WOOSHIN NORTH AMERICA LLC|23399 COMMERCE DR|SUITE B8|FARMINGTON HILLS
1|Wooshin Safety Systems North America LLC|23399 Commerce Drive|Suite B-8|Farmington Hills
1|GTB Agency LLC|234 West Congress Street||Detroit
1|Fives Cinetic Corp.|23400  Halsted Road||Farmington Hills
1|BlueTech Global LLC|2341 Alger Dr||Troy
1|ACE CONTROLS INC|23435 INDUSTRIAL PARK DRIVE||FARMINGTON HILLS
1|McKenna Associates Inc|235 East Main Street|Suite 105|Northville
1|Privoce Inc|235 Linhart Street||Novi
1|State of Michigan - MDHHS - WRPH|235 SOUTH GRAND AVE|SUITE 708|LANSING
1|Rayconnect Inc|2350 Austin Avenue||Rochester Hills
1|LOGIC SOLUTIONS INC|2350 GREEN ROAD|STE 180|ANN ARBOR
1|Array of Engineers LLC|2350 Oak Industrial Drive NE|Suite 1|Grand Rapids
1|Grand Rapids Label Company|2351 Oak Industrial Drive NE||Grand Rapids
1|Cougar Cutting Tools Inc|23529 Reynolds Court||Clinton Township
1|MAXITROL COMPANY|23555 TELEGRAPH ROAD||SOUTHFIELD
1|Virtual Systems Solutions Inc|23570 Haggerty Road||Farmington Hills
1|Choons Design LLC|23660 Research Dr.||Farmington Hills
1|Harbaugh Construction|2369 Franklin Road||Bloomfield Hills
1|V I Engineering Inc|23700 Haggerty Road|Suite F10|Farmington Hills
1|NorthStar Clean Energy|2373 Oak Valley Dr||Ann Arbor
1|Groundspeed Analytics Inc|2373 Oak Valley Dr.|Suite 150|Ann Arbor
1|Baig Dental Group, P.C.|23800 Orchard Lake Road|Suite 106|Farmington Hills
1|Headstream Technologies LLC|239 South Cochran||Charlotte
1|Somnio Global LLC|23933-23973 Research Drive||Farmington Hills
1|NOVI Energy LLC|23955 Novi Road||Novi
1|INTENT-DESIGN, LTD|23973 RESEARCH DR||FARMINGTON HILLS
1|Intent-Design Ltd|23973 Research Drive||Farmington Hills
1|APTA Inc|23985 Industrial Park Drive||Farmington Hills
1|Fountain Street Church|24 Fountain St NE||Grand Rapids
1|Hines Industries Inc|240 Metty Dr||Ann Arbor
1|Vitesco Technologies USA LLC|2400 Executive Hills Blvd||Auburn Hills
1|Vitesco Technologies USA LLC|2400 Executive Hills Blvd.||Auburn Hills
1|Vitesco Technologies USA LLC|2400 Executive Hills Drive||Auburn Hills
1|WAGGONER GROUP INC|2400 LAKE LANSING ROAD|SUITE C|LANSING
1|Grand Rapids Christian School Association|2400 Plymouth Ave SE||Grand Rapids
1|Grand Rapids Christian Schools|2400 Plymouth SE||Grand Rapids
1|Intellibee Inc|24001 Orchard Lake Road,|Ste Number 180B|Farmington
1|Intellibee Inc|24001, Orchard Lake Road,|Ste 180B|Farmington
1|Calvary Chapel Church Inc|2401 West Cypress Creek Road||Fort Lauderdale
1|SLW Warren LLC|24060  Hoover Road||Warren
1|NSI Consulting & Development Inc|24079 Research Drive||Farmington Hills
1|First National Bank of America|241 E. Saginaw Hwy||East Lansing
1|Urban Policy Innovations LLC|241 Madison Street|Suite 15|Detroit
1|LEMATIC INC|2410 WEST MAIN STREET||JACKSON
1|Supercritical Research LLC|2411 Blueberry Lane||Ann Arbor
1|American Technosys Inc|24110 Meadowbrook Road , Suite 107||Novi
1|Addon Technologies Inc|24110 Meadowbrook Road, Ste 100||Novi
1|American Technosys Inc|24110 Meadowbrook Road, Suite 107||Novi
1|CPM Acquisition Corporation|2412 West Aero Park Court||Traverse City
1|TechDive Solutions Inc|24120 Meadowbrook Road|Suite 211|Novi
1|ZEUS SYSTEMS INC|24120 Meadowbrook road|Ste 204|Novi
1|Invest Center|24131 S. Chrysler rD||Hazel Park
1|CORPORATE COMPUTER SERVICES|24155 DRAKE ROAD, SUITE 110|SUITE 110|FARMINGTON HILLS
1|Tek Sys Inc|24155 Drake|Suite 204 B|Farmington Hills
1|Harmansquare LLC|24155 Drake ROAD|Suite 207 C|Farmington Hills
1|CAPSTONE USA LLC|24155 drake rd|100|Farmington HIlls
1|AMEYA GLOBAL INC|24155;  DRAKE ROAD|SUITE 206|FARMINGTON HILLS
1|TEK PYRAMIDS INC|24175 NORTHWESTERN HIGHWAY|SUITE 120|SOUTHFIELD
1|Amerisoft Corporation|24175 NORTHWESTERN HWY|Suite 207|SOUTHFIELD
1|Anya Holdings LLC|24175 Northwestern Highway|Suite 206|Southfield
1|ePromptus Inc|24175 Northwestern Hwy.|Suite 130|Southfield
1|TEK PYRAMIDS INC|24175, Northwestern Hwy|Suite 120|Southfield
1|A W ANIMAL HOSPITAL LLC|24189 CHERNICK ST||TAYLOR
1|Tower Pinkster Titus & Associates|242 East Kalamazoo Avenue|Suite 100|Kalamazoo
1|Maner, Costerisan and Ellis P.C.|2425 E Grand River Ave Suite 1||Lansing
1|A. Sayed, DDS, PC|2425 E Lincoln|Suite 100|Birmingham
1|GTB Agency LLC|243 West Congress Street||Detroit
1|NORMA Michigan Inc|2430 E. Walton Blvd.||Auburn Hills
1|GDI SERVICES INC|24300 Southfield Road|Suite 300|Southfield
1|SRI ENERGY LLC|24301 CATHERINE INDUSTRIAL DR|SUITE 116|NOVI
1|Universal Home Health Care Inc|24315 Northwestern Hwy., Suite 226||Southfield
1|Sodecia Automotive Detroit Corp|24331 Sherwood||Center Line
1|Sodecia Automotive Detroit Corp|24331 Sherwood Ave||Center Line
1|NIF GEN BIOSOFT LTD|24345 HALSTEAD ROAD||FARMINGTON HILLS
1|MICHIGAN PUBLIC HEALTH INSTITUTE|2436 WOODLAKE CIRCLE|SUITE 300|OKEMOS
1|Michigan Public Health Institute|2436 Woodlake Circle|Suite 300|Okemos
1|Softsolv Inc|24366 Dinser Dr||Novi
1|Softsolv Inc|24366 Dinser Dr.||Novi
1|SOFTSOLV INC|24366 Dinser Drive||Novi
1|SRI ENERGY LLC|24371 CATHERINE INDUSTRIAL DR|SUITE 231|NOVI
1|DAIMAY NORTH AMERICA AUTOMOTIVE INC|24400 PLYMOUTH ROAD||redford
1|Daimay North America Automotive Inc|24400 Plymouth Road||Redford
1|Omega Plastics Inc|24401 Capital Blvd.||Clinton Township
1|Fluid Cooling Systems LLC|2441 E. Bristol Road||Burton
1|Sai Systems Inc|24444 Cavendish Avenue E||Novi
1|Oakland Physical Therapy and Rehab Inc|24450 EVERGREEN ROAD STE 209||SOUTHFIELD
1|Hi-Tech Rehabilitation Services Inc|24450 Evergreen Road|Suite 205|Southfield
1|Oakland Physical Therapy and Rehab Inc|24450 Evergreen Road, Ste 209||Southfield
1|Tekdimensionz Inc|24491 Jade Dr||Farmington Hills
1|Tekdimensionz Inc|24491 Jade Dr.||Farmington Hills
1|1032 Logan LLC|245 Foxdown Road||Holland
1|Advantage Health/Saint Marys Medical Group|245 State Street SE||Grand Rapids
1|Commonwealth Associates Inc|245 W. Michigan Ave||Jackson
1|E-NEXUS INC|24520 MEADOWBROOK ROAD|SUITE 250|NOVI
1|E-Nexus Inc|24520 Meadowbrook Road|Suite 250|Novi
1|Contemporary Amperex Technology USA Inc|2455 Featherstone Road||Auburn Hills
1|Global Educational Excellence LLC|2455 S. Industrial Highway|Suite A|Ann Arbor
1|BJ Consultants Inc|24556 Bashian Dr||Novi
1|Pioneer Medical Research Foundation|24584 Thatcher Dr||Novi
1|Central Academy|2459 S. Industrial Hwy||Ann Arbor
1|CSM Manufacturing Corp.|24650 North Industrial||Farmington Hills
1|Sky Bird Travel & Tours Inc|24701 Swanson Road||Southfield
1|Raynet Americas Inc|2474 Devondale||Rochester Hills
1|Welding Technology Corporation|24775 Crestview Court||Farmington Hills
1|DENSO International America Inc|24777 DENSO Drive||Southfield
1|Hybrid Design Services Inc|2479 Elliott Drive||Troy
1|247JOBHUNT INC|247Jobhunt Inc|17199 N.Laurel Park Dr, Ste 233 Michigan|Livonia
1|OAKLAND COMMUNITY COLLEGE|2480 OPDYKE ROAD||BLOOMFIELD HILLS
1|RECARO Automotive North America Inc|24801 Capital Blvd||Clinton Twp
1|RECARO Automotive North America Inc|24801 Capital Blvd.|N/A|Clinton Township
1|AnaVJ|24845 WOODRIDGE DR BLDG 69|FARMINGTON HILLS, MI 48335|Farmington Hills
1|SEG Automotive North America LLC|24875 Novi Road||Novi
1|Therma-Tech Engineering Inc|24900 Capitol||Redford
1|Webmobilez Inc|24906 Ravine ct||Farmington hills
1|EXO-S US LLC|25 Concept Drive||Coldwater
1|Apollo America Inc|25 Corporate Drive||Auburn Hills
1|Outloud Group Inc|250 E Grand River|6th Floor|Detroit
1|Makats Inc|250 Monroe NW|Ste 400|Grand Rapids
1|Webasto Roof Systems Inc|2500  Executive Hills Boulevard||Auburn Hills
1|Metro International Trade Services LLC|2500 Enterprise Dr||Allen Park
1|Webasto Roof Systems Inc|2500 Executive Hills Blvd||Auburn Hills
1|Webasto Roof Systems Inc|2500 Executive Hills Boulevard||Auburn Hills
1|SOCIUS INNOVATIVE GLOBAL BRAINS LLC|2500 PACKAROAD ST.|SUITE 203|ANN ARBOR
1|Energy Developments Inc|2501 Coolidge|Suite 100|East Lansing
1|HEALTH MANAGEMENT ASSOCIATES INC|2501 WOODLAKE CIR|SUITE 100|OKEMOS
1|Health Management Associates Inc|2501 Woodlake Circle|Suite 100|Okemos
1|IROQUOIS INDUSTRIES INC|25101 GROESBECK HIGHWAY||WARREN
1|Iroquois Industries Inc|25101 Groesbeck Highway||Warren
1|Reliable IT Group Inc|2512 Carpenter ROAD|Suite 1B|Ann Arbor
1|Professional Software Associates Inc|2517 Imlay City Road||Lapeer
1|Ann Arbor Ardent PLLC|2517 Jackson Avenue||Ann Arbor
1|Ideal Contracting LLC|2525 Clark Street||Detroit
1|Wenke Greenhouses Inc|2525 N. 30th Street||Kalamazoo
1|SevenPoints Consulting Inc|2525 S Telegraph Road|Suite 304|BLOOMFIELD
1|Mobileye Inc|25301 Dequindre Road||Madison Heights
1|The Paslin Company|25303 Ryan Road||Warren
1|OPAL-RT Corporation|2532 Harte Drive||Brighton
1|Opal-RT Corporation (USA)|2532 Harte-Drive||Brighton
1|Detroit Ringo Kai|25345 Taft Raod||Novi
1|Wolverine Packing Co.|2535 Rivard Street||Detroit
1|Finjoy Inc|255 East Maple Road||Troy
1|MARINER NORTH LLC|255 GRATIOT STREET||COPPER HARBOR
1|Sutinderpal Judge MD, PC|2550 Niles Road|Suite 3|St. Joseph
1|Michigan Health & Rehabilitation Services LLC|25500 Meadowbrook Road|Ste 255|Novi
1|Credit Acceptance Corporation|25505 W 12 Mile Road||Southfield
1|Credit Acceptance Corporation|25505 WEST TWELVE MILE ROAD||Southfield
1|Credit Acceptance Corporation|25505 West 12 Mile Road||Southfield
1|Credit Acceptance Corporation|25505 West Twelve Mile Road||Southfield
1|Multimatic Sales & Marketing Inc|25540 Seeley Road||Novi
1|Penske Automotive Group Inc|2555 Telegraph Road||Bloomfield Hills
1|PA Solutions Inc|25560 Mound Road||Warren
1|Delight Consulting Services LLC|2565  S. Rochester Road|STE 107A|Rochester
1|Innovation Dynamics Inc|25680 Pontiac Trl|Suite 140|South Lyon
1|ViKi Technologies LLC|25800 NorthWestern Hwy|Suite 590|Southfield
1|SumiRiko Technical Center America Inc|25825 Meadowbrook Road||Novi
1|COTMAC ELECTRONICS INC|25831 COMMERCE DRIVE||MADISON HEIGHTS
1|WAYNE STATE UNIVERSITY|259 MACK AVENUE|PHARMACEUTICAL SCIENCES|DETROIT
1|Prime Rehab Services Inc|2590 Elizabeth Lake Road||Waterford
1|Global Solutions Group Inc|25900 Greenfield|Ste 220|Oak Park
1|Hotronix LLC, a GroupeSTAHL Company|25901 Jefferson Avenue||St. Clair Shores
1|Zongmu Technology Co., Ltd|25917 Meadowbrook Road||Novi
1|Greene Group Industries|2600 20th Street||Port Huron
1|Class Valuation LLC|2600 Bellingham Dr.|Ste 100|Troy
1|Kirchhoff Automotive USA Inc|2600 Bellingham Drive|Suite 400|Troy
1|Logicalis INC|2600 Big Beaver Road|Suite 150|Troy
1|Logicalis INC|2600 W. Big Beaver Road|Suite 150|Troy
1|Logicalis INC|2600 WEST BIG BEAVER ROAD|Suite 150|Troy
1|Get Well Medical Center Management PLLC|26000 Hoover Road||Warren
1|Stellite Works LLC|2601 Cambridge Ct|Suite 432|Auburn Hills
1|Port Huron Physicians Medical Group, PC|2601 Electric Ave||Port Huron
1|BAE Industries Inc|26020 Sherwood Ave||Warren
1|BAE Industries Inc|26020 Sherwood Avenue||Warren
1|Core Rehab Services Inc|2603 LYNWOOD DR||TROY
1|BRIGHT LORITOS LLC|2605 Crooks Road||Troy
1|Lakeland Immediate Care Center|261 M-62||Cassopolis
1|VHS Rehabilitation Institute of Michigan Inc|261 Mack Avenue||Detroit
1|Python Extraction Systems LLC|2610 Bond Street||Rochester Hills
1|iCode Technologies LLC|26105 Orchard Lake Road|Suite 300|Farmington Hills
1|iCode Technologies LLC|26105, Orchard Lake Road|Suite 300|FARMINGTON HILLS
1|Michigan Diagnostics LLC|2611 Parmenter Blvd.||Royal Oak
1|Trilogy Marketing Incorporated|2611 Superior Ct.||Auburn Hills
1|Community Healing Centers|2615 Stadium Drive||Kalamazoo
1|Stenger & Stenger PC|2618 East Paris Avenue SE||Grand Rapids
1|Schupan & Sons Inc|2619 Miller Road||Kalamazoo
1|Predica Inc|26211  Central Park Blvd, Ste 502||Southfield
1|Redsun Solutions LLC|26211 Central Park Blvd|Suite 503|Southfield
1|Med-Share Inc|26222 Telegraph Road|Suite 100|Southfield
1|Dimplex Thermal Solutions|2625 Emerald Drive||Kalamazoo
1|KSR Industrial Corporation|26261 Evergreen Road|Suite 415|Southfield
1|ARKK TECHNOLOGIES LLC|2627 E BELT LINE AVENUE SE.|SUITE 230A|GRAND RAPIDS
1|ARKK TECHNOLOGIES LLC|2627 E BELTLINE AVENUE SE.|SUITE 230A|GRAND RAPIDS
1|Homeward Health Inc|2627 E. Beltline Avenue SE|Suite 220|Grand Rapids
1|Tekdelite LLC|2628 Morning Glory Dr.||Okemos
1|Auto Konnect LLC|2631 Superior Court||Auburn Hills
1|Tesca USA Inc|2638 Bond St||Rochester Hills
1|Tesca USA Inc|2638 Bond St.||Rochester Hills
1|Ann Arbor Algorithms Inc|264 Barton Shore Dr.||Ann Arbor
1|VERNUS TECHNOLOGIES INC|2650 HORIZON DRIVE SE|SUITE 221|GRAND RAPIDS
1|VERNUS TECHNOLOGIES INC|2650 HORIZON DRIVE SE.|SUITE 221|GRAND RAPIDS
1|SAILS SOFTWARE INC|26500 Anchorage CT||Novi
1|Sails Software Inc|26500 Anchorage Ct.||Novi
1|Z Technologies Corporation|26500 Capitol Ave||Redford
1|Macauto USA Inc|2654 Elliot Drive||Troy
1|Macauto USA Inc|2654 Elliott Avenue||Troy
1|Ismail B. Sendi, M.D., P.C.|26545  American Drive||Southfield
1|Ismail B. Sendi, M.D., P.C.|26545 American Drive||Southfield
1|GEOMETRIC RESULTS INC|26555 EVERGREEN ROAD STE 710||SOUTHFIELD
1|Marelli North America Inc|26555 Northwestern Highway||Southfield
1|Marelli North America Inc|26555 Northwestern Hwy||Southfield
1|Marelli North America Inc|26555 Northwestern Hwy.||Southfield
1|Alteris Group LLC|26600 Telegraph Road|Suite 101|Southfield
1|Bar Processing Corporation|26601 W Huron River Dr|P.O. Box 1050|Flat Rock
1|Wisdom Home Health Care Inc|26645 W 12 Mile Road|Suite 211|Southfield
1|Infinity Home Health Services, P.C.|26645 W. 12 Mile Road, Suite 206||Southfield
1|Academic Internal Medcicine Specialists PLLC|26677 West Twelve Mile Road|Box 6|SOUTHFIELD
1|Employee Health Insurance Management Inc|26711 Northwestern Highway|Suite 400|Southfield
1|SAVIC Inc|2675 Bellingham Road||Troy
1|Food Entrepreneur Accelerator & Startup Terminal LLC|26762 Michigan Avenue||Inkster
1|Amerisure Mutual Insurance Company|26777 Halsted Road||Farmington Hills
1|Axis Company LLC|2680 Elmridge Dr NW||Walker
1|Durr Systems Inc|26801 Northwestern Hwy||Southfield
1|Regal Holdings of America LLC|2687 44th Street SE||Kentwood
1|Zanini USA Inc|26877 Northwestern Highway|Suite 106|Southfield
1|Gedia USA Holding Inc|269 Kay Industrial Drive||Orion Township
1|William Beaumont Hospital|26901 Beaumont Blvd||Southfield
1|William Beaumont Hospital|26901 Beaumont Blvd.||Southfield
1|Highlight Industries Inc|2694 Prairie St. SW||Wyoming
1|MAPLE SOLUTIONS LLC|2695 Ezekiel Drive||Muskegon
1|J R Thompson Company|26970 Haggerty Road||Farmington Hills
1|Angstrom-USA LLC|26980 Trolley Industrial Dr||Taylor
1|Auria Solutions USA Inc|26999 Central Park Blvd|Suite 300|Southfield
1|Maroa Farms Inc|270 N Fillmore Road||Coldwater
1|XALT Energy MI LLC|2700  S Saginaw Road||Midland
1|Hackley Community Care|2700 Baker Street||Muskegon Heights
1|Freudenberg Battery Power Systems LLC|2700 S. Saginaw Road||Midland
1|Commonwealth Associates Inc|2700 West Argyle||Jackson
1|Michigan Spring and Stamping of Muskegon LLC|2700 Wickham Drive||Muskegon
1|Marelli North America Inc|27000 Hills Tech Court||Farmington Hills
1|Sacred Heart Major Seminary|2701 Chicago Blvd.||Detroit
1|Gestamp North America Inc|2701 Troy Center Drive, Suite 150||Troy
1|Dexter Community Schools|2704 Baker Road||Dexter
1|PLASTIC OMNIUM AUTO EXTERIOR LLC|2710 BELLINGHAM DR||TROY
1|Plastic Omnium Auto Exterior LLC|2710 Bellingham Dr., Ste. 400||Troy
1|Plastic Omnium New Energies USA Inc|2710 Bellingham Drive|Suite 400|Troy
1|Stefanini Inc|27100 W. 11 Mile Road||Southfield
1|Stefanini Inc|27100 West 11 Mile Road|Floor 7|Southfield
1|Brazeway LLC|2711 E. Maumee St.||Adrian
1|Community Rx Pharmacy|27124 Dequindre Road||Warren
1|Re Car Inc|2716 Daley Dr.||Troy
1|Universal Robots USA Inc|27175 Haggerty Road|Suite 160|Novi
1|Select Specialists LLC|27207 Lahser Road|Suite 108|Southfield
1|Virtual Emotion Resource Network LLC - Tucknologies Holdings Inc|2722  E. Michigan Avenue|Suite 221|Lansing
1|A2-AI LLC|2723 S. State St.|Suite 310|Ann Arbor
1|Groundspeed Analytics Inc|2723 S. State Street|Suite 150|Ann Arbor
1|Kraig Biocraft Laboratories Inc|2723 South State Street|Suite 150|Ann Arbor
1|ThermoLift Inc|27275 Haggerty Road, Ste 420||Novi
1|ThermoLift Inc|27275 Haggery Road|Ste 420|Novi
1|Intelligent Commute LLC|27280 Haggerty Road|Suite C-16|Farmington Hills
1|Acumen Health Research Institute|2730 E. Stadium Blvd|335|Ann Arbor
1|Federal-Mogul Motorparts LLC|27300 W. 11 Mile Road||Southfield
1|Tenneco Automotive Operating Company Inc|27300 W. Eleven Mile Road||Southfield
1|GLOBAL THERAPY SOLUTIONS LLC|27301 DEQUINDRE ROAD|SUITE 205|MADISON HEIGHTS
1|GLOBAL THERAPY SOLUTIONS LLC|27301 DEQUINDRE ROAD, SUITE 205||MADISON HEIGHTS
1|Oliver/Hatcher Construction & Development Inc|27333 Meadowbrook Road|Suite 100|Novi
1|Melexis Inc|27333 Meadowbrook Road, Suite 200||Novi
1|Sumitomo Electric Wiring Systems Inc|27360 Drake Road||Farmington Hills
1|COZY N BATH MIDUCHA PHONIS INC|27360 JOHN R ROAD||MADISON HEIGHTS
1|Community Health Center of Branch County|274 E. Chicago Street||Coldwater
1|Community Health Center of Branch County d/b/a ProMedica Coldwater Regional Hospital|274 East Chicago Street||Coldwater
1|Pulmonary and Medicine Associates, PLLC|27472 Schoenherr Road|Suite 100|Warren
1|J&B Construction Inc|27475 Schoolcraft Road||Livonia
1|American Federation of Ramallah Palestine|27484 Ann Arbor Trail||Westland
1|Mahindra Integrated Business Solutions Private Limited|275 Rex Blvd||Auburn Hills
1|Mahindra Integrated Business Solutions Private Limited|275 Rex Blvd.||Auburn Hills
1|Mahindra Integrated Business Solutions Private Limited|275 Rex Boulevard||Auburn Hills
1|Henniges Automotive North America Inc|2750  High Meadow Circle||Auburn Hills
1|Henniges Automotive North America Inc|2750 High Meadow Circle||Auburn Hills
1|ZYNP International Corp|27501 Hildebrandt Road|Suite 300|Romulus
1|ZYNP International Corp|27501 Hildebrandt Street|Suite 300|Romulus
1|Associates in Neurology PC|27555 Middlebelt Road||Farmington Hills
1|USP IT Solutions LLC|27600 Farmington Road Suite 200||Farmington Hills
1|ShanuDT IT Solutions INC|27600 Farmington Road,|STE 200|Farmington Hills
1|BANYAN INVESTMENTS LLC|2761 E. JEFFERSON AVENUE||DETROIT
1|GHM DENTAL, PLLC|27676 CHERRY HILL ROAD||GARDEN CITY
1|Bluewater Healthcare Network|2770 Main Street||Marlette
1|EDUCATION MANAGEMENT AND NETWORK (EMAN INC)|27704 FRANKLIN ROAD||SOUTHFIELD
1|Evergreen Oriental Inc|2771 Plymouth Road||Ann Arbor
1|Moldex3D Northern America Inc|27725 Stansbury Boulevard|Ste 190|Farmington Hills
1|Baxter Manufacturing LLC|2775 Commerce Dr.||Rochester Hills
1|Avancez LLC|27767 George Merrelli Dr.||Warren
1|Sudha P.C.|27780 Novi Road|Suite 104|Novi
1|ISABELLA CITIZENS FOR HEALTH INC|2790 HEALTH PARKWAY||MOUNT PLEASANT
1|Fortil Inc|2791 Research Dr||Rochester Hills
1|Giffels-Webster Engineers Inc|28 W. Adams, Suite 1200||Detroit
1|IGNITE SOCIAL MEDIA LLC|280 DAINES ST|SUITE 200|BIRMINGHAM
1|New Oriental Mart LLC|2800 E Grand River Ave||East Lansing
1|E7 Solutions LLC|2800 LIVERNOIS|STE 135|Troy
1|One10 LLC|2800 Livernois|Suite 450|Troy
1|Ascension Medical Group Michigan|2800 Livernois Road, Building E, Suite 275||Troy
1|Edscha Automotive Michigan Inc|2800 Superior Court||Auburn Hills
1|Ascension Medical Group Michigan|28000 Dequindre Road||Warren
1|KPIT Technologies Inc|28001 Cabot Drive|Suite 110|Novi
1|Innov8 Fund LLC|2801 E. Beltline Ave NE||Grand Rapids
1|SuperAbrasives Inc|28047 Grand Oaks Ct||Wixom
1|SECO Tools LLC|2805 Bellingham Drive||Troy
1|Dimensional Control Systems Inc|2805 Bellingham Road||Troy
1|Golden Triangle Rehab Inc|28051 Dequindre Road, Suite D||Madison Heights
1|ILJIN USA Corporation|28055 Haggerty Road||Novi
1|Abretec Group LLC|2807 Samoset Road||Royal Oak
1|SciTech Development Inc|281 Kercheval Avenue||Grosse Pointe Farms
1|Pace Industries LLC|28100 Cabot Drive Ste. 200||Novi
1|Quality Metalcraft Inc|28101 Schoolcraft Road||Livonia
1|Softech Inc|28104 Orchard Lake Road, Suite 100||Farmington Hills
1|Smartcare LLC|28116 Orchard Lake Road|Suite 600|Farmington Hills
1|Jewish Wisdom Foundation|28123 Orchard Lake Road|Farmington Hills|Farmington Hills
1|MANISH THERAPY SERVICES INC|28157 DEQUINDRE ROAD||MADISON HEIGHTS
1|Manish Therapy Services Inc|28157 Dequindre Road, Suite A||Madison Heights
1|ANALYTICS DATA SOLUTIONS LLC|28175 HAGGERTY ROAD||NOVI
1|ALL STAR RECRUITING LLC|2820 W. MAPLE ROAD|SUITE 101E|TROY
1|Astek Technology Solutions LLC|2820 West Maple Road|Suite - 131|Troy
1|Astek Technology Solutions LLC|2820 west Maple Road|Suite 131|troy
1|ULB LLC|28200 Lakeview Drive||Wixom
1|Kyyba Inc|28230 Orchard Lake Road,|Ste 130|Farmington Hills,
1|Stryker Corporation|2825 Airview Boulevard|N/A|Kalamazoo
1|Revive Research Institute Inc|28270  Franklin Road|Suite E|Southfield
1|Revival Research Institute LLC|28270 Franklin Road|Suite F|Southfield
1|Assured Health Inc|28275 Orchard Lake Road|Ste 123|Farmington Hills
1|ASTRA CONTROLS LLC|28277 DEQUINDRE ROAD||MADISON HEIGHTS
1|Healthy Smiles Dental Care|2829 E Grand River Road||Lansing
1|Premier Care Home Health Solutions Inc|28301 Five Mile road||Livonia
1|Testek Solutions Inc|28320 Lakeview Dr.||Wixom
1|Testek Solutions Inc|28320 Lakeview Drive||Wixom
1|STRATEGIC STAFFING IT INC|28345 BECK ROAD STE 105||WIXOM
1|PRIMASOLV LLC|28345 BECK ROAD; STE 306||WIXOM
1|GEONINE INC|28345 BECK ROAD; SUITE 306A||WIXOM
1|PRIMASOLV LLC|28345 BECK ROAD;STE 306||WIXOM
1|Data Solutions Inc|28345 Beck Road Suite 406||Wixom
1|Data Solutions Inc|28345 Beck Road, Suite 406||Wixom
1|Techstride LLC|2838  E Long Lake Road|Ste 255|Troy
1|SOFTCORP INTERNATIONAL INC|2838 E. LONG LAKE ROAD|SUITE 236|TROY
1|SoftCorp International Inc|2838 E. Long Lake Road|Suite 236|Troy
1|JEELANI LAW FIRM, PLC|28411 NORTHWESTERN HWY|SUITE 875|SOUTHFIELD
1|FORMEL D USA INC|284111 NORTHWESTERN HIGHWAY|SUITE 690|SOUTHFIELD
1|Wright and Filippis/Otto Bock|2845 Crooks Road||Rochester Hills
1|Saturn Electronics Corporation|28450 Northline Road||Romulus
1|InvestNext Inc|28475 Greenfield Road|Suite 113 - Number 7405|Southfield
1|Intelligent Commute LLC|28490 Witherspoon Dr||Novi
1|Lumen North America Inc|2850 Commerce Dr.||Rochester Hills
1|HOLY FAMILY LLC|2850 PARENT AVE||WARREN
1|Eagle Systems and Technologies Inc|28535 Orchard Lake Road  Ste  50||Farmington Hills
1|Eagle Systems and Technologies Inc|28535 Orchard lake Road Ste   50||Farmington Hills
1|Micro-Tech Endoscopy USA Inc|2855 Boardwalk Drive||Ann Arbor
1|MULTICARE HEALTH CENTER LLC|28585 SCHOENHERR ROAD||Warren
1|Multicare Health Center LLC|28585 Schoenherr Road||Warren
1|TECHNOLOGY CONSULTANTS INC|28592 ORCHAROAD LAKE ROAD|STE 305|FARMINGTON HILLS
1|Ability Works Rehab Services LLC|28592 Orchard Lake Road, Suite 300|N/A|Farmington Hills
1|Industrial Control Repair Inc|28601 Lorna Avenue||Warren
1|Square M LLC|28635 Mound Road||Warren
1|Mastronardi Produce - USA Inc|28700 Plymouth Road||Livonia
1|Shiftmate Corp.|28800 Orchard Lake Road|Suite 110|Farmington Hills
1|Hygieia Inc|28803 West Eight Mile Road|Suite 101|Livonia
1|Preh Inc|28850 Cabot Drive|Suite 1300|Novi
1|Gentherm Incorporated|28875 Cabot Drive||Novi
1|Alsda Group LLC|2889 Bond Street||Rochester Hills
1|OpenBox Solutions Inc|2890 Carpenter Road|Suite 2000|Ann Arbor
1|Confiance Inc|2897 Churchhill Ln||Saginaw
1|EOS of North America Inc|28970 Cabot Dr.|Suite 700|Novi
1|Pranam GlobalTech Inc|28980 Joy Road||Livonia
1|Toebe Construction LLC|28990 S Wixom Road||Wixom
1|ZF AXLE DRIVES MARYSVILLE LLC|2900 BUSHA HIGHWAY||MARYSVILLE
1|ZF Axle Drives Marysville LLC|2900 Busha Highway||Marysville
1|McLaren Greater Lansing|2900 Collins Road||Lansing
1|Amer Alame, M.D., P.C.|29000 Little Mack Avenue|Suite A|Saint Clair Shores
1|Adapt Technology LLC|2901 Auburn Road|Suite 100|Auburn Hills
1|Our Next Energy Inc|29050 Cabot Drive||Novi
1|Enginuity LLC|291 Collier Road||Auburn Hills
1|Real World Technologies Inc|29105 Lorie Ln Ste A||Wixom
1|Inspectron Inc|29108 Lorie Ln||Wixom
1|Civic Software Solutions LLC|29115 Appleblossom Ln||Farmington Hills
1|North Saginaw Pharmacy LLC|2918 Saginaw St||Flint
1|Shively Brothers Inc|2919  South Grand Traverse Street||Flint
1|Shively Brothers Inc|2919 South Grand Traverse Street||Flint
1|Continental Aluminum|29201 Milford Road||New Hudson
1|Gerotech Inc|29220 Commerce Dr.||Flat Rock
1|FoamPartner Americas Inc|2923 Technology Drive||Rochester Hills
1|Intelidrive.ai LLC|29230 Silverthorn Bend||Farmington Hills
1|Yem Foods LLC|29236 Lion Oaks Dr||Wixom
1|Softsolv Inc|29269  Autumn Ridge||Farmington Hills
1|Hirschmann Automotive North America LLC|2927 Waterview Drive||Rochester Hills
1|Meijer Great Lakes Limited Partnership|2929 Walker Ave NW||Grand Rapids
1|Autoneum North America Inc|29293 Haggerty Road||Novi
1|Computer Data Inc|29299 Franklin Road||Southfield
1|Hoover Internal Medicine PLLC|2930 Halbrook Street||Hamtramck
1|Hoover Pharmacy LLC|2930 Holbrook Street||Hamtramck
1|Phoenix Professional Contracting Inc|29300 W 9 Mile Road||Farmington Hills
1|PF3 Paint Supply Inc|29318 Lorie Lane|Suite B|Wixom
1|Great American Associates LLC|29355 Northwestern Hwy., Suite 220||Southfield
1|Precision Control Systems LLC|29355 W 9 Miles Road||Farmington Hills
1|PRECISION CONTROL SYSTEMS LLC|29355 W. 9 MILE ROAD||FARMINGTON HILLS
1|Avondale School District|2940 Waukegan Street||Auburn Hills
1|LING-ZHONG USA LLC|2943 Brentwood Road||West Bloomfield
1|American Mitsuba Corporation|2945 Three Leaves Drive||Mt. Pleasant
1|Park West Galleries Inc|29469 Northwestern Highway||Southfield
1|LMI Technologies (USA) Inc|29488 Woodward Ave, Suite 331||Royal Oak
1|ARWANO INC|2950 W SQUARE LAKE ROAD|STE 204|TROY
1|Komori Chambon USA|2960 Technology Dr||Rochester Hills
1|Pratt and Miller Engineering|29600 W.K. Smith Drive||New Hudson
1|National Nail Corp.|2964 Clydon SW||Grand Rapids
1|Dako Resources LLC|2966 Industrial Row||Troy
1|Class A Surfacing LLC|29660 Walker Drive||Warren
1|Dorle Controls|29680 WHITE HALL DRIVE||FARMINGTON HILLS
1|GFM LLC|29685 Calahan||Roseville
1|Together Womens Health Medical Group, P.C.|29751 Little Mack Avenue|Suite B|Roseville
1|Ecera System LLC|29777 Telegraph Road Suite 4200||SouthField
1|BETA CAE Systems USA Inc|29800 Middlebelt Road|Suite 100|Farmington Hills
1|Lifetime Financial Growth of Michigan LLC|29800 Telegraph Road||Southfield
1|Echeneidae Inc|29834 Beck Road||Wixom
1|Imaging Associates Inc|29865 Six Mile Road||Livonia
1|Synergy Rehab Inc|29877 Telegraph Road, Suite 303||Southfield
1|MARQUARDT SWITCHES INC|2990 WATERVIEW DRIVE||ROCHESTER HILLS
1|Marquardt Switches Inc|2990 Waterview Dr||Rochester Hills
1|Marquardt Switches Inc|2990 Waterview Dr.||Rochester Hills
1|Marquardt Switches Inc|2990 Waterview Drive||Rochester Hills
1|STRATTEC Power Access LLC|2998 Dutton Road|N/A|Auburn Hills
1|PRECIPITATION INC|2999 N Territorial Road W||Ann Arbor
1|Aretek Solutions Inc|3 PARKLANE BLVD|126W|Dearborn
1|Aretek Solutions Inc|3 Parklane Blvd.|Suite 126W|Dearborn
1|Dominos Pizza Inc|30  Frank Lloyd Wright Dr||Ann Arbor
1|Dominos Pizza Inc|30 Frank Lloyd Wright Dr||Ann Arbor
1|Dominos Pizza Inc|30 Frank Lloyd Wright Drive||Ann Arbor
1|Aludyne Inc|300  Galleria Officentre|Ste 501|Southfield
1|PINE REST CHRISTIAN HEALTH MENTAL SERVICES|300 68TH STREET SE||Grand Rapids
1|V2Soft Inc|300 Enterprise Ct.|Suite 100|Bloomfield Hills
1|Quavo Inc|300 M.A.C. Avenue|Suite 210|East Lansing
1|WHITE PINE SOFTWARE TECHNOLOGIES LLC|300 N HURON STREET||YPSILANTI
1|Reed City Hospital Corporation|300 N Patterson Road||Grand Rapids
1|Bronson Battle Creek Hospital|300 North Ave||Battle Creek
1|Michigan Economic Development Corporation|300 North Washington Square||Lansing
1|Applied Science Inc|300 River Place Drive|Suite 5400|Detroit
1|QQ Max Services LLC|300 S Ford Blvd||Ypsilanti
1|W.E. Upjohn Institute for Employment Research|300 S Westnedge Avenue||Kalamazoo
1|L.D. Docsa Associates Inc|300 S. 8th St.||Kalamazoo
1|Fernco Inc|300 S. Dayton Street||Davison
1|Hirotec America Inc|3000 High Meadow Circle||Auburn Hills
1|LECO CORPORATION|3000 LAKEVIEW AVENUE||St. Joseph
1|BWD TECHNOLOGIES LLC|3000 MILLER ROAD||DEARBORN
1|FKA Distributing Co. LLC|3000 N Pontiac Trail||Commerce Township
1|West Shore Community College|3000 N. Stiles Road||Scottville
1|BORGWARNER TECHNOLOGIES SERVICES LLC|3000 UNIVERSITY Drive||AUBURN HILLS
1|BorgWarner Technologies Services LLC|3000 University Dr||Auburn Hills
1|Starfish Family Services Inc|30000 Hiveley Street||Inkster
1|Starfish Family Services Inc|30000 Hively St||Inkster
1|MICHIGAN HEALTHCARE PROFESSIONALS, P.C.|30000 NORTHWESTERN HIGHWAY||FARMINGTON HILLS
1|American Oncologic Associates of Michigan P C|30000 Northwestern Highway||Farmington Hills
1|Fluid Routing Solutions LLC|30000 Stephenson Highway|Unit B|Madison Heights
1|Harman Becker Automotive Systems Inc|30001 Cabot Dr||Novi
1|Teoresi Inc|3001  West Big Beaver Road|Suite 306|Troy
1|TGW Systems Inc|3001 Orchard Vista Dr. SE|Suite 200|Grand Rapids
1|Arbor Psychology Group North Campus, PLLC|3001 Plymouth Road|Suite 105|Ann Arbor
1|Systems Technology Group Inc|3001 W. BIG BEAVER ROAD, Suite 500||Troy
1|Young Basile Hanlon & MacFarlane, P.C.|3001 W. Big Beaver|Suite 624|Troy
1|Systems Technology Group Inc|3001 West Beaver Road||Troy
1|Systems Technology Group Inc|3001 West Big Beaver Road 500||Troy
1|Systems Technology Group Inc|3001 West Big Beaver Road,|Suite 500|Troy
1|Systems Technology Group Inc|3001 West Big Beaver Road, Suite 500||Troy
1|Magna Seating of America Inc|30020  Cabot Drive||Novi
1|Magna Seating of America Inc|30020 Cabot Dr.||Novi
1|Outbound Technologies Incorporated|30026 Research Drive||New Hudson
1|Redemptore LLC|3004 Parkway Cir||Sterling Heights
1|Redemptore LLC|3004 Parkway Circle||Sterling Heights
1|Fluid Chillers Inc|3005 Alpha Access St||Lansing
1|GeoNexus Technologies LLC|3005 Boardwalk St.|Suite 107|Ann Arbor
1|Michigan Ear Institute PLLC|30055 Northwestern Highway|Suite 101|Farmington Hills
1|Sheridan Community Hospital Foundation|301 N. Main St.||Sheridan
1|Community Mental Health for Central Michigan|301 S Crapo St||Mount Pleasant
1|ESHOCAN LLC|301 W MICHIGAN AVE|SUITE 408|YPSILANTI
1|INTELIZIGN SOLUTIONS LLC|301 W MICHIGAN AVENUE|SUITE A80|YPSILANTI
1|RPM Freight Systems LLC dba RPM|301 W. 4th St.|Suite 200|Royal Oak
1|INTELIZIGN SOLUTIONS LLC|301 W. MICHIGAN AVE|SUITE A80|YPSILANTI
1|Berylls Stretegy Advisors Corp|301 West 4th Street||Royal Oak
1|Paragon Metals LLC|3010 Mechanic Street||Hillsdale
1|United Way for Southeastern Michigan|3011 W Grand Blvd|Suite 500|Detroit
1|Strategic Staffing Solutions, L.C.|3011 W. Grand Blvd.|Suite 2100|Detroit
1|Strategic Staffing Solutions, L.C.|3011 W. Grand River|Suite 2100|Detroit
1|Hexin Machinery USA Inc|30110 S Wixom Road||Wixom
1|Li Hai LLC|30120 John R Road||Madison Heights
1|DENSO TEN AMERICA Limited|30155 Hudson Dr||Novi
1|MidMichigan Obstetrics and Gynecology, P.C.|3016 West Wackerly Street||Midland
1|SW North America Inc|30160 Lyon Industrial Court||New Hudson
1|CDL Marketing Group LLC|302 E. Parent Avenue||Royal Oak
1|Burton Pharmacy LLC|3020 E Atherton Road||Burton
1|Burton Pharmacy LLC|3020 East Atherton Road||Burton
1|MEJENTA SYSTEMS INC|30233 SOUTHFIELD ROAD|SUITE 113|SOUTHFIELD
1|Mejenta Systems Inc|30233 Southfield Road|Suite 113|Southfield
1|INVIA LLC|3025 Boardwalk Street|Suite 200|Ann Arbor
1|National Therapy Services LLC|30250 John R Road||Madison Heights
1|Modern Machinery of Beaverton Inc|3031 Guernsey Road||Beaverton
1|Somat Engineering Inc|3031 W. Grand Blvd.|Suite 228|Detroit
1|Somat Engineering Inc|3031 West Grand Blvd.|Suite 228|Detroit
1|Somat Engineering Inc|3031 West Grand Boulevard|Suite 228|Detroit
1|The LaSalle Group Incorporated|30375 Northwestern Highway||Farmington Hills
1|Benlee Inc|30383 Ecorse Road||Romulus
1|Granite Planet Inc|30411 Schoolcraft Road||Livonia
1|NEWGEN IT SOLUTIONS LLC|30450 Orchard Lake ROAD||Famington Hills
1|NEWGEN IT SOLUTIONS LLC|30450 Orchard Lake Road||Farmington Hills
1|DM Talent Holdings LLC|305  W. Big Beaver Road|STE 200|Troy
1|Fenton Pharmacy LLC|305 N Leroy St.|Suite A|Fenton
1|Doeren Mayhew & Co., P.C.|305 West Big Beaver Road|Suite 200|Troy
1|Davis & Davis Interior Design Co. LLC|30500 NORTHWESTERN HWY|SUITE 311|FARMINGTON HILLS
1|People Tech Group Inc|30500 Van Dyke|Suite M7|Warren
1|People Tech Group Inc|30500 Van Dyke AVE|Suite M7|Warren
1|People Tech Group Inc|30500 Van Dyke Ave|Suite M7|Warren
1|CCSI LLC|30555 Southfield Road|Suite 520|Southfield
1|LETS MOVE THERAPY LLC|3058 METROPOLITAN PARKWAY SUITE LL 103||STERLING HEIGHTS
1|Ritestep Rehab Solutions LLC|3058 Metropolitan Parkway|Suite LL 102|Sterling Heights
1|THREE PILLARS ANEW|306 E. 4TH STREET||ROYAL OAK
1|Linkage Design LLC|306 S Washington Avenue|Suite 221|Royal Oak
1|Linkage Design LLC|306 S Washington Street|Suite 221|Royal Oak
1|4flow Inc|306 South Washington Avenue|Suite 500|Royal Oak
1|Speedrack Products Group, Ltd.|3060 S. Industrial Dr. NW||Walker
1|Speedrack Products Group, LTD|3060 South Industrial Drive NW||Walker
1|INTELLIGENT SOLUTIONS GROUP CORP|30600 Telegraph Road|Suite 2226|Bingham Farms
1|Clinical Connect Laboratories LLC|30675 Stephenson Hwy||Madison Heights
1|General Broach Company|307 Salisbury Street||Morenci
1|Miller Industries LLC|3070 W. Thompson Road||Fenton
1|UNIVERSAL SYSTEM TECHNOLOGIES INC|30700 TELEGRAPH ROAD|SUITE 1651|BINGHAM FARMS
1|Universal System Technologies Inc|30700 Telegraph Road,  1651||Bingham Farms
1|Universal System Technologies Inc|30700 Telegraph Road, Suite 1651||Bingham Farms
1|Serdar Caglayan Consulting LLC|30741 Barlow Street||Farmington Hills
1|CAMPUS STARTUPS LLC|308 1/2 S STATE ST|STE 20|Ann Arbor
1|Kinetyc LLC|30811 Century Drive||Wixom
1|H. W. Kaufman Group Inc|30833 Northwestern Hwy||Farmington Hills
1|Ficosa North America Corporation|30870 Stephenson Highway||Madison Heights
1|Ficosa North America Corporation|30890 Stephenson Highway||Madison Heights
1|Advantage Health/Saint Marys Medical Group|309 Jefferson SE||Grand Rapids
1|ARaymond North America LLC|3091 Research Dr||Rochester Hills
1|North Oakland Internists, PC|3100 Cross Creek Parkway|Suite 220|Auburn Hills
1|Imperial Clinical Research Services LLC|3100 Walkent Dr. NW||Grand Rapids
1|Syncon Inc|31001 Schoolcraft Road||Livonia
1|Labor Aiding Systems Inc|3101 Hart Road||Jackson
1|NorthPointe Christian Schools|3101 Leonard St. NE||Grand Rapids
1|Namou Hotel Group Inc|31100 Stephenson Hwy.||Madison Heights
1|ENRX Corporation|31151 Dequindre Road||Madison Heights
1|Community Choice Credit Union|31155 Northwestern Hwy.||Farmington Hills
1|Kindlinger & Company, PC|3118 Logan Valley Road||Traverse City
1|SkySpecs Inc|312 S. Ashley Street||Ann Arbor
1|Skyspecs Inc|312 South Ashley Street||Ann Arbor
1|RHP Staffing Company|31200 Northwestern Highway||Farmington Hills
1|Coventry Industries LLC|313 E Sherman St||Holly
1|IONETIX CORPORATION|3130 SOVEREIGN DRIVE||LANSING
1|Ionetix Corporation|3130 Sovereign Drive||Lansing
1|Safe Hands Home Health Care LLC|31300 Rexwood St., Suite A1||Farmington Hills
1|INFOMATICS INC|31313 NORTHWESTERN HIGHWAY, STE. 219|N/A|FARMINGTON HILLS
1|VA Enterprises LLC|3133 Orchard Vista Drive SE||Grand Rapids
1|BCC INTERNATIONAL EDUCATION GROUP INC|3135 S. STATE STREET|Suite 103|Ann Arbor
1|Integrated Management Systems Inc|3135 S. State Street|Suite 104|Ann Arbor
1|INTEGRATED MANAGEMENT SYSTEMS INC|3135 SOUTH STATE STREET|SUITE 104|ANN ARBOR
1|Integrated Management Systems Inc|3135 South State Street|Suite 104|Ann Arbor
1|OPEN DEALER EXCHANGE LLC|31440 NORTHWESTERN HIGHWAY|SUITE 250|FARMINGTON HILLS
1|Faurecia Emissions Control Technologies, USA LLC|31440 Northwestern Hwy||Farmington Hills
1|GALA AND ASSOCIATES INC|31455 SOUTHFIELD ROAD|31455 SOUTHFIELD ROAD|BEVERLY HILLS
1|Tri-Tec LLC|31455 Southfield Road|Suite A|Beverly Hills
1|Achieve Rehab Inc|31471 Northwestern Hwy|Suite 1 A|FARMINGTON HILLS
1|Eastern Upper Peninsula Intermediate School District|315 Armory Pl||Sault Ste. Marie
1|Omnex Engineering & Management Inc|315 E. Eisenhower Pkwy|Suite 214|Ann Arbor
1|UNIFIED BUSINESS TECHNOLOGIES INC|315 INDUSCO COURT||TROY
1|Kalamazoo Public Library|315 S. Rose Street||Kalamazoo
1|C-VISION INC|3150 LIVERNOIS|SUITE 140|Troy
1|C-Vision Inc|3150 Livernois Road|Suite 140|Troy
1|Neuro Team One PLLC|31500 Telegraph Road|Suite 115|Bingham Farms
1|Simna Solutions LLC|31500 W 13 Mile Road|Suite 102|Farmington Hills
1|Touchworld Inc|31500 West 13 Mile Road|Suite 101|Farmington Hills
1|Family First Home Care LLC|3155 W Big Beaver Road|Ste 108|Troy
1|TTi Global Inc|3155 W. Big Beaver Road|Suite 300|Troy
1|N. Peter Antone, P.C.|31555 W. Fourteen Mile Road|Suite 100|Farmington Hills
1|Amaeyaa Technologies Inc|31555 West Fourteen Mile Road|Suite 216|Farmington Hills
1|Datamatics Robotics Software Inc|31572, Industrial Road|Suite 100 & 400|Livonia
1|OHM SPECIALTY PHARMACY LLC|316 S 4TH AVE||SAIGNAW
1|OHM Specialty Pharmacy LLC|316 S 4th Avenue||Saginaw
1|All American Embroidery Inc|31600 Plymouth Road||Livonia
1|DANBOISE MECHANICAL INC|31625 GRAND RIVER AVE||FARMINGTON
1|Global Solutions Group Inc|31681 Dequindre Road||Madison Heights
1|Intertape Polymer Group Inc|317 Kendall Street||Marysville
1|MM1 Inc|3170 OLD FARM LANE||COMMERCE TOWNSHIP
1|Midwest School Services Inc|3170 Old Farm Lane||Commerce Township
1|Nuco Health LLC|31700 Middlebelt Road|Suite 175|Farmington Hills
1|Bezel Smoke LLC|31700 W. 12 Mile Road|Suite 250|Farmington Hills
1|Amerisoft Corporation|31700 W. 13 Mile Road|Suite 207|Farmington Hills
1|CADCAM-E.COM Inc|31700 W. Thirteen Mile Road|Suite 115|Farmington Hills
1|MAXPRO INC|31731 NORTHWESTERN HWY|STE 168W|FARMINGTON HILLS
1|Caresoft Global Technologies Inc|31770 Enterprise Drive||Livonia
1|Zatkoff Seals and Packings|31773 Denton Drive||Warren
1|ABC Acquisition Company LLC|31778 Enterprise Drive||Livonia
1|Trilogiq USA Corporation|31805 GLENDALE STREET|N/A|LIVONIA
1|Mays Chinese Preschool LLC|3181 Packard St||Ann Arbor
1|ABAB Solutions Inc|31811 Middlebelt Road|Suite 202|Farmington Hills
1|SRS PHARMACY SYSTEMS INC|319 N STATE ST||CARO
1|STEC USA Inc|31900 Sherman Avenue||Madison Heights
1|Auro Rehab Services LLC|31904 Ryan Road||Warren
1|Dsign Code LLC|3197 Chambers W||Wixom
1|Byrne Electrical Specialists Inc|320 Byrne Industrial Drive||Rockford
1|J.D. Power|320 E. Big Beaver Road|Suite 500|Troy
1|Betz Contracting & Machining Inc|320 N Main Street||Climax
1|City of Mt. Pleasant|320 W. Broadway||Mt. Pleasant
1|HealthBridge Financial Inc|3200 Broadmoor SE||Grand Rapids
1|Challenge Manufacturing Holdings Inc|3200 Fruit Ridge Ave NW||Walker
1|Challenge Manufacturing Holdings Inc|3200 Fruit Ridge Avenue NW||Walker
1|Challenge Manufacturing Holdings Inc|3200 Fruit Ridge NW||Walker
1|Marutee Engineering Services LLC|32000 Woodward Avenue|Suite D|Royal Oak
1|CALVIN UNIVERSITY|3201 BURTON STREET SE||GRAND RAPIDS
1|Calvin University|3201 Burton St SE||Grand Rapids
1|Calvin University|3201 Burton St. SE||Grand Rapids
1|Hutchinson Sealing Systems Inc|3201 Cross Creek Pkwy||Auburn Hills
1|Northern Star Industries Inc|3201 E. Industrial Dr.|P.O. Box 788|Iron Mountain
1|STEM XPERT LLC|321 S. MAIN STREET|SUITE 203|ANN ARBOR
1|West Michigan Cardiology, PC|3210 Eagle Run Dr NE||Grand Rapids
1|Gateway Pediatric Therapy LLC|32100 Telegraph Road|Suite 205|Bingham Farms
1|Warrior Sports|32125 Hollingsworth Avenue||Warren
1|Success Today Staffing LLC|32159 23 Mile Road||New Baltimore
1|Reliable Analysis Inc|32201 N. Avis Drive||Madison Heights
1|Alten Technology USA Inc|3221 W BIG BEAVER ROAD|SUITE 116|TROY
1|Alten Technology|3221 W Big Beaver|STE 116|Troy
1|SATYAM-VENTURE ENGINEERING SERVICES PVT. LTD.|3221 WEST BIG BEAVER ROAD||Troy
1|McLaren Performance Technologies|32233 W. Eight Mile Road||Livonia
1|McLaren Performance Technologies Inc|32233 West 8 Mile Road||Livonia
1|INFOGLAD LLC|32238 SCHOOLCRAFT ROAD SUITE 104||LIVONIA
1|KREATSOFT LLC|32238 SCHOOLCRAFT ROAD SUITE 116||LIVONIA
1|Kreatsoft LLC|32238 SCHOOLCRAFT ROAD,|SUITE 116|LIVONIA
1|INFOGLAD LLC|32238 Schoolcraft Road,|Suite 104|LIVONIA
1|INFOGLAD LLC|32238 Schoolcraft Road, Suite 104||LIVONIA
1|Michigan Reproductive and IVF, PC|3230 EAGLE PARK DRIVE|SUITE 100|GRAND RAPIDS
1|Formula Auto Sales LLC|32301 Dequindre Road||Madison Heights
1|Calvin Theological Seminary|3233 Burton Street SE||Grand Rapids
1|Tuopu North America USA Limited Inc|32387 Edward Avenue||Madison Heights
1|Christman Constructors Inc|324 E. South Street||Lansing
1|Brand Indicators LLC|324 W Main Street||Brighton
1|Maximum Drive LLC|32401 West Eight Mile Road||Livonia
1|ADASTEC Corp.|325 E GRAND RIVER AVE|STE 320|EAST LANSING
1|RedoxBlox Inc|325 E Grand River Avenue|Suite 300|East Lansing
1|GreenMark Biomedical Inc|325 East Grand River Avenue, Suite 314||East Lansing
1|HASTINGS MANUFACTURING COMPANY|325 N. HANOVER ST.||HASTINGS
1|Chain-Sys Corporation|325 S. Clinton Street|Ste 205|Grand Ledge
1|Chain-Sys Corporation|325 S. Clinton Street, Ste 205||Grand Ledge
1|KRISHIV HOSPITALITY LLC|325 SAM HILL DRIVE||MARSHALL
1|Mid-Michigan Oral Surgery, PC|325 West Lake Lansing Road||East Lansing
1|Advaita Corporation|3250 Plymouth Road|Suite 303|Ann Arbor
1|J&R Engineering, P.E. Inc|3250 W Big Beaver Road , Ste. 233||Troy
1|Global Enterprise Tech Resources Inc|3250 W. Big Beaver Road|Suite 139|Troy
1|WOOSHIN NORTH AMERICA LLC|32500 Van Born Road|STE 500|Wayne
1|Horizon Global Americas Inc|3255 W Hamlin Road||Rochester Hills
1|TRICO Products Corporation and Subsidiaries|3255 West Hamlin Road||Rochester Hills
1|Level Up Automation Inc|32566 23 Mile Road||CHESTERFIELD
1|Association of Chinese Americans Inc|32585 Concord Drive||Madison Heights
1|Association of Chinese Americans Inc|32585 Concord Drive.||Madison Heights
1|Groundspeed Analytics Inc|326  S. State St., Nickels Arcade|Suite 201|Ann Arbor
1|WOMEN FIRST OB/GYN CENTER, PLLC|326 N. MAIN STREET||ROYAL OAK
1|ESI North America|32605 W. 12 MILE ROAD|Suite 350|Farmington Hills
1|ESI US R&D Inc|32605 W. 12 Mile Road|Suite 350|Farmington Hills
1|Interpro Inc|3265 Orchard Lake Road||Keego Harbor
1|DigiTek Corporation|32675 Schoolcraft||Livonia
1|Ciber Global LLC|3270 WEST BIG BEAVER ROAD , SUITE 150||TROY
1|Ciber Global LLC|3270 WEST BIG BEAVER ROAD,  SUITE 150||TROY
1|CIBER GLOBAL LLC|3270 WEST BIG BEAVER ROAD, SUITE  150||TROY
1|Ciber Global LLC|3270 WEST BIG BEAVER ROAD, SUITE 150||TROY
1|HTC Global Services Inc|3270 West Big Beaver Road||Troy
1|Leapers Inc|32700 Capitol Street||Livonia
1|leapers inc.|32700 capitol street||livonia
1|Myst Auto LLC|32703 John R Road||Madison Heights
1|TQM North America|32715 Folsom Road||Farmington Hills
1|REVA ENTERPRISES LLC|32721 GRANDRIVER AVE|SUITE 203|FARMINGTON
1|Reva Consulting Inc|32721 Grandriver Ave, Suite 202||Farmington
1|CUC America Inc|32743 23 Mile Road,|STE 110|New Baltimore
1|GE AVIATION SYSTEMS LLC|3290 PATTERSON AVENUE SE||GRAND RAPIDS
1|Greenwich Commodities LLC|3290 W Big Beaver Road|SUITE 260|Troy
1|Virtual Advantage LLC|3290 W. Big Beaver|Suite 310|Troy
1|PROSTEP Inc|3290 W. Big Beaver Road|Suite 220|Troy
1|VerticalScope USA Inc|3290 West Big Beaver Road|Suite 500|Troy
1|APEX Law, PLC|32900 Five Mile Road||Livonia
1|Vision Link International LLC|32969 Clendale St||Livonia
1|Vision Link International LLC|32969 Glendale St||Livonia
1|Pentangle Tech Services LLC|32969 HAMILTON CT|Suite 203|Farmington Hills
1|Pentangle Tech Services LLC|32969 Hamilton Court suite 203||Farmington hills
1|KK IT Experts Inc|32969 Hamilton Ct|Suite 138G|Farmington Hills
1|iTek People Inc|32969 Hamilton Ct.|Suite 210|Farmington Hills
1|Pentangle Tech Services LLC|32969 Hamilton court|suite 203|Farmington hills
1|Delta Research LLC|32971 Capitol Street||Livonia
1|CADCAM-E.COM Inc|32985  Hamilton Court|Suite 225|Farmington Hills
1|7 Sky Home Health Care Inc|32985 HAMILTON CT STE 219||FARMINGTNON Hills
1|Pentangle Tech Services LLC|32985 Hamilton Court suite 122||Farmington hills
1|Illumety LLC|33 Bloomfield Hills Parkway|Suite 125|Bloomfield Hills
1|HILLSDALE COLLEGE|33 EAST COLLEGE STREET||HILLSDALE
1|Hillsdale College|33 East College Street||Hillsdale
1|Renal Associates of West Michigan, P.C.|330 E Beltline Avenue|Suite 100|Grand Rapids
1|MeetYourClass Inc|330 E Liberty St.||Ann Arbor
1|PathwaysGI Inc|330 E. Liberty|Lower Level|Ann Arbor
1|Shoptelligence Inc|330 E. Liberty Street||Ann Arbor
1|Webrunners Inc|330 Hamilton Row|Suite 200|Birmingham
1|CENTRAL MICHIGAN UNIVERSITY|330 RONAN HALL|OFFICE OF GLOBAL ENGAGEMENT|MOUNT PLEASANT
1|Central Michigan University|330 Ronan Hall|Office of Global Engagement|Mount Pleasant
1|Global Automation Technologies LLC|3300 Auburn Road|Suite 206|Auburn Hills
1|Marposs Corporation|3300 Cross Creek Parkway||Auburn Hills
1|Orion Engineering Company Inc|3300 Yukon Drive||Jackson
1|Atlas Copco Tools & Assembly Systems LLC|3301 Cross Creek Pkwy||Auburn Hills
1|Alpena Public Schools|3303 S. 3rd Avenue||Alpena
1|Ecera System LLC|33045 Colony Park Drive||Farmington Hills
1|RTI Laboratories Inc|33080 Industrial Road||Livonia
1|Drug & Laboratory Disposal Inc|331 Broad Street||Plainwell
1|RESOURCE POINT LLC|3310 W. BIG BEAVER ROAD|SUITE 144|Troy
1|JDM Systems Consultants Inc|33117 HAMILTON CT|STE 200|Farmington Hills
1|SAAMEERI INC|33200 Schoolcraft Road|Suite 203|Livonia
1|VIRTUAL EMOTION RESOURCE NETWORK|333 Albert Avenue|Suite 627|East Lansing
1|Willingham & CotÃ©, P.C.|333 Albert St.|Suite 500|East Lansing
1|VAN ANDEL RESEARCH INSTITUTE|333 BOSTWICK AVE NE||Grand Rapids
1|Van Andel Research Institute|333 Bostwick Ave NE||Grand Rapids
1|Varnum LLP|333 Bridge Street NW||Grand Rapids
1|IMPC USA LLC|333 Fort Street||Port Huron
1|Ulendo Technologies Inc|333 Jackson Plaza|Suite 608/609/610|Ann Arbor
1|FISHER & COMPANY INCORPORATED|33300 FISHER DRIVE||ST. CLAIR SHORES
1|Fisher & Company Inc|33300 Fisher Drive||St. Clair Shores
1|PEC Project Engineers & Consultants Corp.|33316 Grand River Ave|Floor 3|Farmington
1|Northpointe Bank|3333 Deposit Dr. NE||Grand Rapids
1|DAWN FOOD PRODUCTS INC|3333 SARGENT ROAD||JACKSON
1|Dawn Food Products Inc|3333 Sargent Road||Jackson
1|Wal Fuel Systems USA Inc|33355 Glendale St||Livonia
1|WAL Fuel Systems USA Inc|33355 Glendale Street||Livonia
1|The Society for Christian Instruction of Zeeland, Michigan|334 W Central Avenue||Zeeland
1|The Society for Christian Instruction of Zeeland, Michigan|334 W. Central Avenue||Zeeland
1|The Society for Christian Instruction of Zeeland, Michigan|334 West Central Avenue||Zeeland
1|EventNext Inc|3340 S. Lapeer Road||Lake Orion
1|Ecera System LLC|33405|Colony Park Drive|farmington hills
1|IRISO USA INC|33405 WEST 12 MILE ROAD|SUITE 237|FARMINGTON HILLS
1|Ecera System LLC|33405 colony Park Drive||Farmington Hills
1|Ecera System LLC|33405 colony park drive||Farmington Hills
1|MFGx LLC|3341 Parkways Blvd.|N/A|Auburn Hills
1|Automated Production Systems Inc|33424 Dequindre Road||Sterling Heights
1|Rapid Industries LLC|33460 Lipke Street||Clinton Twp
1|French School of Detroit|33481 W. Fourteen Mile Road|Suite 100|Farmington Hills
1|CIPA USA Inc|3350 Griswold Road||Port Huron
1|Wayne County Regional Educational Service Agency|33500 Van Born Road||Wayne
1|Encore Rehabilitation Services LLC|33533 West 12 Mile Road|Suite 290|Farmington Hills
1|Encore Rehabilitation Services LLC|33533 West 12 Mile Road, Suite 290|N/A|Farmington Hills
1|ISVision North America Technologies Inc|3355 Bald Mountain Road, STE50|STE 50|Auburn Hills
1|Dearborn Group Inc|33604  West Eight Mile Road||Farmington Hills
1|Dearborn Group Inc|33604 W. Eight Mile Road||Farmington Hills
1|Merritt Cieslak Design, PLC|33610 Grand River Ave||Farmington
1|SNTNL LLC|33717 Woodward Avenue|Suite 167|Birmingham
1|BCS Automotive Interface Solutions US LLC|33737  W. 12 Mile Road||Farmington Hills
1|BCS Automotive Interface Solutions US LLC|33737  W. Twelve Mile Road||Farmington Hills
1|BCS Automotive Interface Solutions US LLC|33737 W. 12 Mile Road||Farmington Hills
1|BCS Automotive Interface Solutions US LLC|33737 W. Twelve Mile Road||Farmington Hills
1|BCS Automotive Interface Solutions US LLC|33737 West 12 Mile Road||Farmington Hills
1|T.O.N.E. Home Health Services Inc|33742 W. 12 MILE ROAD|SUITE A|Farmington Hills
1|Team Rehabilitation Services LLC|33900 Harper Avenue|Suite 104|Clinton Township
1|Metro Engineering Solutions LLC|33900 Schoolcraft Road||Livonia
1|Westpointe Dental, P.C.|3392 East West Maple Road||Commerce Twp.
1|COMFORT DENTAL GROUP PLLC|33966 W 8 MILE ROAD|STE 104|Farmington Hills
1|Hurwitz Law PLLC|340 Beakes St.|Suite 125|Ann Arbor
1|EKTELLO LLC|340 E. BIG BEAVER ROAD|SUITE 550|TROY
1|ektello LLC|340 E. Big Beaver Road|Suite 550|Troy
1|Norm Fasteners Co.|340 E. Edgewood Blvd.||Lansing
1|STR Group USA Inc|340 East Big Beaver Road|Suite 130|Troy
1|Fieldstone Architecture & Engineering LLC|3400 Auburn Road|Suite 200|Auburn Hills
1|Two Men and a Truck International|3400 Belle Chase Way||Lansing
1|Orchard, Hiltz & McCliment Inc|34000 Plymouth Road||Livonia
1|Kay Manufacturing Company|3401 Lakeshore Drive||Saint Joseph
1|Tourney Consulting Group LLC|3401 Midlink Drive||Kalamazoo
1|Michigan Neurology Associates, PC|34025 Harper Avenue||Clinton Township
1|Sorensen Gross Company|3407 Torrey Road||Flint
1|LoopBell Tech Inc|34345 W 10 Mile Road, Suite 300||Farmington Hills
1|Akebono Brake Corporation|34385 West Twelve Mile Road||Farmington Hills
1|Scherdel Sales & Technology Inc|3440  E. Laketon Avenue||Muskegon
1|Scherdel Sales and Technology Inc|3440 E. Laketon Avenue||Muskegon
1|GLOBAL TECHNOLOGY INC|34400 MOUND ROAD||STERLING HEIGHTS
1|Global Engineering Resources LLC|34400 Mound Road||Sterling Heights
1|Pi Square Technologies LLC|34405 W 12 MILE ROAD|Suite 123|Farmington Hills
1|Zume IT Inc|34405 W. 12 Mile Road|Suite 137|Farmington Hills
1|IRISO U.S.A. INC|34405 WEST 12 MILE ROAD|SUITE 237|FARMINGTON HILLS
1|Pi Square Technologies LLC|34405 West 12 mile road|suite 123|Farmington hills
1|Pi Square Technologies LLC|34405 West 12 mile road suite 123||Farmington hills
1|Pi Square Technologies LLC|34405 west 12 mile|suite 123|Farmington hills
1|Pi Square Technologies LLC|34405 west 12 mile  road|suite 123|Farmington hills
1|Pi Square Technologies LLC|34405 west 12 mile road suite 123||Farmington hills
1|Pi Square Technologies LLC|34405 west 12 mile road,suite 123||Farmington hills
1|Amanda Manufacturing LLC|34450 Industrial Road||Livonia
1|South Lyon Community Schools|345 S. Warren St||South Lyon
1|Hitachi Astemo Americas Inc|34500 Grand River Ave||Farmington Hills
1|AGC Flat Glass North America Inc|34505 Twelve Mile Road|Suite 300|Farmington Hills
1|AGC Flat Glass North America Inc|34505 W Twelve Mile Road|Suite 300|Farmington Hills
1|AGC Flat Glass North America Inc|34505 W. 12 Mile Road|Suite 300|Farmington Hills
1|Human Resources Unlimited Inc|3451 Dunckel Road||Lansing
1|Human Resources Unlimited Inc|3451 Dunkel Road||Lansing
1|mokSa.ai|34531 Oceanview Drive||Sterling Heights
1|ZF Passive Safety Systems US Inc|34605 W 12 Mile||Farmington Hills
1|ZF Passive Safety Systems US Inc|34605 W 12 Mile Road||Farmington Hills
1|ZF Passive Safety Systems US Inc|34605 W TWELVE MILE ROAD||FARMINGTON HILLS
1|ZF Passive Safety Systems US Inc|34605 W Twelve Mile Road||Farmington Hills
1|ZF Passive Safety Systems US Inc|34605 W. 12 Mile Road||Farmington Hills
1|ZF Passive Safety Systems US Inc|34605 West 12 Mile Road||Farmington Hills
1|ZF Passive Safety Systems US Inc|34605 West Twelve Mile Road||Farmington Hills
1|Jing-Jin Electric North America LLC|34700 Grand River Ave||Farmington Hills
1|Jing-Jin Electric North America LLC|34700 Grand River Avenue||Farmington Hills
1|Elektrobit Automotive Americas Inc|34705  W. 12 Mile Road|Ste 100|Farmington Hills
1|Autoneum North America Inc|34705 W 12 Mile Road|Suite 100|Farmington Hills
1|Country Dairy Inc|3476 80th Ave||New Era
1|Country Dairy Inc|3476 S. 80th Ave||New Era
1|Sanctus LLC|348 E Maple Road||Birmingham
1|Sanctus LLC|348 Maple Road||Birmingham
1|Flint Clinical Pathologists, PC|3490 Calkins Road||Flint
1|Coretek Inc|34900 Grand River Avenue||Farmington Hills
1|IGS AMERICAS INC|34935 SCHOOLCRAFT ROAD|SUITE 208|LIVONIA
1|Privilege IT LLC|34935 Schoolcraft|Suite 207-E|Livonia
1|Privilege IT LLC|34935 Schoolcraft Road,|Ste 207-E|Livonia
1|Engineering Services Inc|34935 Schoolcraft Road, Suite 103||Livonia
1|Privilege IT LLC|34935 Schoolcraft,|Suite 207-E|Livonia
1|PrivilegeIT LLC|34935 Schoolcraft, Suite 207 E||Livonia
1|IRDETO USA INC|35 WEST HURON STREET|SUITE 501|PONTIAC
1|KOSTAL OF AMERICA INC|350 STEPHENSON HIGHWAY||TROY
1|Energy Sciences Resources Partners LLC|3500  W. 11 Mile Road|Suite B|Berkley
1|SNIKFEND INC|3500 CROOKS ROAD||TROY
1|SNIKFEND INC|3500 CROOKS ROAD,||TROY
1|SNIKFEND INC|3500 CROOKS, ROAD||TROY
1|Snikfend Inc|3500 Crooks Road||Troy
1|SxanPro LLC|3500 Kraft Avenue SE||Grand Rapids
1|Emergent BioDefense Operations Lansing LLC|3500 N. Martin Luther King Jr. Blvd||Lansing
1|Emergent BioDefense Operations Lansing LLC|3500 N. Martin Luther King Jr. Blvd.||Lansing
1|Nalara Quality System LLC|35000 Industrial Road||Livonia
1|Engineered Glass, a division of Magna Mirrors of America Inc|3501 John F. Donnelly Dr.||Holland
1|Engineered Glass, a division of Magna Mirrors of America Inc|3501 John F. Donnelly Drive||Holland
1|Dockers Fish House|3505 Marina View Point||Muskegon
1|X BY 2 LLC|35055 West 12 Mile Road|Suite 220|Farmington Hills
1|Driven-4|3515 Lakeshore Dr.||Saint Joseph
1|GreenStone Farm Credit Services|3515 West Road||East Lansing
1|University Corporation for Advanced Internet Development|3520 Green Court|Suite 200|Ann Arbor
1|Altron Automation Group Inc|3523 Highland Drive||Hudsonville
1|Lotus Cars USA Inc|35255 Glendale Street||Livonia
1|V-TECH GLOBAL SOLUTIONS INC|35290 PENNINGTON DRIVE||FARMINGTON HILLS
1|YWCA KALAMAZOO|353 E. MICHIGAN||KALAMAZOO
1|Clark Construction Company Inc|3535 Moores River Dr.||Lansing
1|Combine International Inc|354 Indusco Ct.||Troy
1|Nuko Precision LLC|35455 Schoolcraft Road||Livonia
1|Specialty RX MI LLC|35608 Warren Road||Westland
1|ABC Tax Service LLC|35612 W Michigan Ave||Wayne
1|Sparrow Ionia Hospital|3565 S State Road||Ionia
1|Sparrow Ionia Hospital|3565 S. State Road||Ionia
1|Inter-Power Corporation|3578 Van Dyke Road||Almont
1|TC CENTRAL INC|359 SUMMIT DRIVE||WATERFORD
1|Jarson Corporation|35900 Mound Road||Sterling Heights
1|Keebo Inc|3599 Century Trl||Ypsilanti
1|Wolverine Metal Stamping Inc|3600  Tennis Court||St. Joseph
1|George P. Johnson Company|3600 Giddings Road||Auburn Hills
1|Flint Pharmacy Inc|3605 Corunna Road||Flint
1|Procare Partners Health PLLC|3611 Carpenter St.|Suite 5|Hamtramck
1|YAPP USA Automotive Systems Inc|36320 Eureka Road||Romulus
1|SS Software Solutions LLC|36355 Grand River Ave|Apt 203|Farmington
1|JOBANDTALENT HIRINGS LLC|36400 WOODWAROAD AVE  250||BLOOMFIELD HILLS
1|St. Mary Mercy Hospital|36475 Five Mile Road||Livonia
1|Anchor Lamina America Inc|3650 South Derenzy Road||Bellaire
1|GreenPath Inc|36500 Corporate Drive||Farmington Hills
1|North American Lighting Inc|36600 Corporate Dr||Farmington Hills
1|Alliance Surgery Center|3663 N Country Drive||Traverse City
1|Shree Rudraya Inc|36655 Plymouth Road||Livonia
1|State Cleaners|3680 S State St||Ann Arbor
1|SIGMA INTERNATIONAL INC|36800 PLYMOUTH ROAD||LIVONIA
1|BLUEBINARIES ENGINEERING AND SOLUTIONS INC|36865 SCHOOLCRAFT ROAD||LIVONIA
1|UTAC US Inc|36865 Schoolcraft Avenue|Suite 1|Livonia
1|Queen Max Services Inc|3691 Fashion Square BIvd|Ste 3|Saginaw
1|J Mark Systems LLC|3696 Northridge Dr. NW|Suite 10|Walker
1|Arbor Research Collaborative for Health|3700 Earhart Road||Ann Arbor
1|Tawfiq Alkilani, DDS, PLLC|3700 Lone Lookout Road||Traverse City
1|Harley-Davidson Motor Company Group LLC|3700 W Juneau Ave||Milwaukee
1|P&C Group I Inc|37000 West 12 Mile Road|Suite 105|Farmington Hills
1|Roland Berger LP|37000 Woodward Ave|Suite 200|Bloomfield Hills
1|Sygnetics Inc|37054 Cochise||Clinton Township
1|Viki Technologies|37085 GRAND RIVER AVE|SUITE 300|FARMINGTON
1|SEEBEYOND USA LLC|37085 Grand River|Ste 070|Farmington
1|Symplore INC|37085 Grand river Avenue|Suite-o81|Farmington  Hills
1|Profile DM Inc|37085, Grand River Avenue|Suite O85|Farmington
1|Endress and Hauser Optical Analysis Inc|371 Parkland Plaza||Ann Arbor
1|Oakland University|371 Wilson Blvd|Suite 3000|Rochester
1|Oakland University|371 Wilson Blvd - Wilson Hall|Ste 3000|Rochester
1|Detroit Symphony Orchestra|3711 Woodward Ave||Detroit
1|Kalsec Inc|3713 West Main Street||Kalamazoo
1|Means Industries Inc|3715 E Washington Road||Saginaw
1|Means Industries Inc|3715 East Washington Road||Saginaw
1|Fidelis Engineering Associates LLC|37283 Huron River Drive||New Boston
1|V Net Insights LLC|374 Hilton Road||Ferndale
1|DEFOX LLC|3743 Sleepy Fox Dr.||Rochester Hills
1|MillerKnoll Inc|375 W 48th Street||Holland
1|Cleary University|3750 Cleary Drive||Howell
1|Grandville Calvin Christian Schools|3750 Ivanrest Ave||Grandville
1|Injoya Inc|37503 Schoolcraft Road||Livonia
1|Wal Fuel Systems USA Inc|37541 Schoolcraft Road||Livonia
1|Sixarp LLC|3755 36th St. SE||Grand Rapids
1|Aces engineering LLC|3757 Oxley Dr||Troy
1|Precision Endodontics PLC|37641 Pembroke Avenue||Livonia
1|Drive System Design Inc|37655 Interchange Drive||Farmington Hills
1|AEW Automotive Inc|37680 Enterprise Ct.||Farmington Hills
1|Michigan District of the Lutheran Church - Missouri Synon|3773 Geddes Road||Ann Arbor
1|FINANCIAL EDUCATION SERVICES|37735 ENTERPRISE COURT|SUITE 600|FARMINGTON HILLS
1|AF&G LLC|37735 Enterprise Court|Suite 400|Farmington Hills
1|United Wealth Services Inc|37735 Enterprise Ct|STE 600|Farmington Hills
1|FINANCIAL EDUCATION SERVICES|377535 ENTERPRISE COURT|SUITE 600|FARMINGTON HILLS
1|Victora USA Inc|3776 Van Dyke Road||Almont
1|Hinduja Tech Inc|37777 Interchange Dr||Farmington Hills
1|Drive System Design Inc|37777 Interchange Drive||Farmington Hills
1|Kids First Pediatric Dentistry PC|3778 Dix Highway||Lincoln Park
1|VED Software Services Inc|37811  West 12 Mile Road|Ste 201|FARMINGTON HILLS
1|VED Software Services Inc|37811 W. 12 Mile Road|STE 201|Farmington Hills
1|VED Software Services Inc|37811 WEST 12 Mile Road|STE 201|Farmington Hills
1|VED Software Services Inc|37811 West 12 Mile Road, Ste 201||Farmington Hills
1|VED Software Services inc.|37811 West 12 mile Road,|Ste 201|Farmington Hills
1|VED Software Services Inc|37811 west 12 mile road|ste 201|Farmington Hills
1|Bimcon Inc|37814 Ellerly Lane||Northville
1|RoboVent Solutions Group Inc|37900 Mound Road||Sterling Heights
1|Wolf Line Construction Company|38 Old State Road||Boyne City
1|BorgWarner PDS (USA) Inc|3800 AUTOMATION AVE|N/A|AUBURN HILLS
1|BorgWarner Ithaca LLC|3800 AUTOMATION AVENUE||AUBURN HILLS
1|BorgWarner Transmission Products LLC|3800 Automation Drive||Auburn Hills
1|Robert Bosch LLC|3800 Hills Tech Dr.||Farmington Hills
1|Lake Michigan Nephrology|3800 Hollywood Road|Suite 104|St. Joseph
1|Magna Seating of America Inc|3800 Lapeer Road||Auburn Hills
1|Robert Bosch LLC|38000 Hills Tech Dr||Farmington Hills
1|Robert Bosch LLC|38000 Hills Tech Dr.||Farmington Hills
1|Healing Hands Rehab Services LLC|38044 Cobble Creek Ct||Sterling Heights
1|Synergy Rehabilitation Inc|38099 Schoolcraft Road|Suite 129|Livonia
1|Protocoding LLC|3815 Pine Harbor Dr||West Bloomfield
1|Reliance Rubber Industries Inc|38230 N. Executive Drive||Westland
1|TRANSPARENTAL SOLUTIONS LLC|38251 Remington Park||Farmington Hills
1|Q-Photonics LLC|3830 Packard Road|Suite 170|Ann Arbor
1|Monstr Sense Technologies|3830 Packard Street|Suite 150|Ann Arbor
1|IT RYSOURCES INC|38345  W 10 MILE ROAD, SUITE   111||FARMINGTONHILLS
1|IT RYSOURCES INC|38345 W  10 MILE ROAD|SUITE 111|FARMINGTONHILLS
1|IT RYSOURCES INC|38345 W 10 ILE ROAD, SUITE   111||FARMINGTON HILLS
1|IT RYSOURCES INC|38345 W 10 MIE ROAD|SUITE 111|FARMINGTONHILLS
1|S3STAFFINGUSA INC|38345 W 10 MILE ROAD  SUITE 350 B||FARMINGTON  HILLS
1|IT RYSOURCES INC|38345 W 10 MILE ROAD STE   345||FARMINGTON HILLS
1|GREEN IT SOLUTIONS INC|38345 W 10 MILE ROAD STE 340||FARMINGTON HILLS
1|IT RYSOURCES INC|38345 W 10 MILE ROAD STE 345||FARMINGTON HILLS
1|S3STAFFINGUSA INC|38345 W 10 MILE ROAD SUITE 350||FARMINGTON HILLS
1|S3STAFFINGUSA INC|38345 W 10 MILE ROAD SUITE 350 B||FARMINGTON HILLS
1|TechSwitch LLC|38345 W 10 MILE ROAD, STE 350||FARMINGTON HILLS
1|COMPUTEK SOLUTION INC|38345 W 10 MILE ROAD, SUITE 145||FARMINGTON HILLS
1|IT RYSOURCES INC|38345 W 10 Mile ROAD|Suite 345|Farmington hills
1|BrightSharks Engineering Services LLC|38345 W 10 Mile Road Ste 200||Farmington Hills
1|TechSwitch LLC|38345 W 10 Mile Road, Ste 350||Farmington Hills
1|Computek Solutions Inc|38345 W 10 Mile Road, Suite 145|Suite 145|Farmington Hills
1|Bhrigus Inc|38345 W 10 Mile Road.|Suite 125|Farmington Hills
1|ARKS IT Inc|38345 W 10 Mile rd|Ste 270|Farmington Hills
1|EMERGTECH BUSINESS SOLUTIONS INC|38345 W 10MILE ROAD|SUITE 243|FARMINGTON HILLS
1|IT RYSOURCES INC|38345 W 10MILE ROAD,|SUITE 111|FARMINGTONHILLS
1|IT RYSOURCES INC|38345 W 1O MILE ROAD,|SUITE 111|FARMINGTONHILLS
1|SUNBERRY LIMITED MANUFACTURING LLC|38345 W TEN MILE ROAD|SUITE 220|FARMINGTON HILLS
1|IT RYSOURCES INC|38345 W10 MILE ROAD|SUITE 111|FARMINGTONHILLS
1|American IT Solutions Inc|38345 West 10 Mile Road, Suite 210||Farmington
1|RITWIK Infotech Inc|38345 West 10 Mile Road, Suite 253||Farmington
1|Logging-In.com LLC|38345 West 10 mile road|suite-250,|Farmington Hills
1|NC Servo Technology|38422 Webb Dr.||Westland
1|Z3 Holdings LLC|3844 Orchard View Ave||Rochester Hills
1|BorgWarner Inc|3850 HAMLIN ROAD||AUBURN HILLS
1|Burroughs Inc|38505 Country Club Dr|Suite 210|Farmington Hills
1|TriMas Company LLC|38505 Woodward Avenue|Suite 200|Bloomfield Hills
1|LandX Motors Inc|38555 Hills Tech Dr.||Farmington Hills
1|Ingham County Medical Care|3860 Dobie Road||Okemos
1|Organ Procurement Agency of Michigan|3861 Research Park Drive||Ann Arbor
1|Superior Information Technologies LLC|38701 Seven Mile Road|Suite 285|Livonia
1|WorkForce Software LLC|38705 Seven Mile Road|Suite 300|Livonia
1|SEGULA TECHNOLOGIES USA INC|38777 Six Mile Road|Suite 102|Livonia
1|Design Systems Inc|38799 West 12 Mile Road|Suite 100|Farmington Hills
1|Design Systems Inc|38799 West Twelve Mile Road|Suite 100|Farmington Hills
1|SoundTech Inc|3880 SoundTech Ct||Grand Rapids
1|American Concrete Institute|38800 Country Club Drive||Farmington Hills
1|EMAG LLC|38800 Grand River Avenue||Farmington Hills
1|Hercules Drawn Steel Corporation|38901 Amrhein||Livonia
1|Hercules Drawn Steel Corporation|38901 Amrhein Road||Livonia
1|VIBHA SYSTEMS INC|3892 FINCH DR.||TROY
1|ERVIN INDUSTRIES INC|3893 RESEARCH PARK DRIVE||ANN ARBOR
1|ERVIN INDUSTRIES INC|3893 Research Park Drive||Ann Arbor
1|Shareholder Services LLC|3900 Centennial Drive|Suite C|Midland
1|Big Dutchman Inc|3900 John F. Donnelly Drive||Holland
1|ZOLLER Inc|3900 Research Park Dr.||Ann Arbor
1|FANUC America Corporation|3900 W. Hamlin Road||Rochester Hills
1|FANUC America Corporation|3900 West Hamlin Road||Rochester Hills
1|THE PEDIATRIC NEUROSURGERY GROUP, P.C|3901 Beaubien Blvd  2||Detroit
1|Pediatric Neurosurgery Group, P.C.|3901 Beaubien Blvd.  2||Detroit
1|Therapy Consultants PC|3901 Highland Road|Suite B|Waterford
1|Therapy Consultants PC|3901 Highland Road, Suite  B||Waterford
1|NorthStar Vision LLC|39040  Seven Mile Road||Livonia
1|NorthStar Vision LLC|39040 Seven Mile Road||Livonia
1|SAHASRA TECHNOLOGIES LLC|39111 6 MILE ROAD STE 165||LIVONIA
1|SAHASRA TECHNOLOGIES LLC|39111 6 MILE ROAD STE 503||LIVONIA
1|DIGITALSOFT, L.L.C.|39111 SIX MILE ROAD||LIVONIA
1|TALENTIT GROUP LLC|39111 Six Mile Road – suite 156||livonia
1|TXYZ Solution LLC|3914 Bestech Dr|Suite C|Ypsilanti Charter Twp
1|Quality Design Services Inc|3914 Highwood Place||Okemos
1|Timothy G. Michalik LLC|3915 Highcrest Drive||Brighton
1|DELTA ELECTRONICS AUTOMOTIVE AMERICAS INC|39209 SIX MILE ROAD, SUITE 150||LIVONIA
1|DELTA ELECTRONICS AUTOMOTIVE AMERICAS INC|39209 Six Mile Road, Suite 150||Livonia
1|Michigan Health Clinics|3925 Fortune Boulevard||Saginaw
1|Dorle Controls LLC|39255  Country Club Drive|Suite B12|Farmington Hills
1|DORLE CONTROLS|39255 Country Club Dr.|Suite B12|FARMINGTON HILLS
1|Zomedica Pharmaceuticals Inc|3928 Varsity Drive|Ann Arbor|Ann Arbor
1|RIDE CONTROL LLC|39300 COUNTRY CLUB DRIVE||FARMINGTON HILLS
1|Ride Control LLC|39300 Country Club Drive||Farmington Hills
1|Brose North America Inc|3933 Automation Avenue||Auburn Hills
1|JAC Products Inc|3937 Campus Drive||Pontiac
1|Midwest Center for Sleep Disorders|3937 Patient Care Drive, Suite 102||Lansing
1|RAVA Global Solutions LLC|3938 Somerset Circle||Rochester Hills
1|Visiting Wound Specialists & Primary Care PLLC|39393 Van Dyke Avenue|Suite 101|Sterling Heights
1|Sogefi Air & Cooling USA Inc|3949 W. Hamlin Road||Rochester Hills
1|IVF Michigan Rochester Hills and Flint PC|3950 S. Rochester Road|Suite 2300|Rochester Hills
1|TQM North America|39500 High Pointe Blvd.|Suite 450|Novi
1|Kotobukiya Treves North America Inc|39500 Orchard Hill Pl|STE 205|Novi
1|Kotobukiya Treves North America Inc d/b/a KTNA|39500 Orchard Hill Pl.|STE 205|Novi
1|Asahi Kasei America|39525 MACKENZIE DRIVE|SUITE 500|NOVI
1|McDonald Hopkins LLC|39533 Woodward Avenue|Suite 318|Bloomfield Hills
1|Autosystems America Inc|39550  Orchard Hill Place||Novi
1|Autosystems America Inc|39550 Orchard Hill Pl.||Novi
1|TECHNOVISION SOLUTION LLC|39555 ORCHAROAD HILL PLACE CRYSTAL GLEN|SUITE 600|NOVI
1|Cognitive Minds Inc|39555 Orchard Hill Place Ste 600||Novi
1|Symplore Inc|39555 Orchard Hill Place suite 203, Novi, MI 48375||Novi
1|Cognitive Minds Inc|39555 Orchard Hill Place, Ste 600||Novi
1|Marvel Technology Solutions Inc|39555 Orchard Hills Pl|Suite 600|Novi
1|Hanon Systems USA LLC|39600 Lewis Drive||Novi
1|BrassCraft Manufacturing Company|39600 Orchard Hill Pl||Novi
1|NGK Automotive Ceramics USA Inc|39625 Lewis Drive|Suite 500|Novi
1|Stiles Machinery Inc|3965 44th Street SE||Grand Rapids
1|Stoneridge Inc|39675 MacKenzie Drive|Suite 400|Novi
1|Stoneridge Inc|39675 MacKenzie Drive, Novi, MI 48377|Suite Suite 400|Novi
1|S4 TECHNOLOGIES INC|39772 Squire Road||Novi
1|Coherix Inc|3980 Ranchero Dr.||Ann Arbor
1|Coherix Inc|3980 Ranchero Drive||Ann Arbor
1|DELFINGEN US INC|3985 W HAMLIN ROAD||ROCHESTER HILLS
1|Delfingen US New York Inc|3985 W Hamlin Road||Rochester Hills
1|United Rehab Solutions LLC|39880 Van Dyke Ave|Suite 201|Sterling Heights
1|Visiting Wound Specialists & Primary Care PLLC|39880 Van Dyke Ave,|Suite 202|Sterling Heights
1|United Rehab Solutions LLC|39880 Van Dyke Avenue|Suite 201|Sterling Heights
1|Arbor Research Collaborative for Health|3989 Research Park Drive||Ann Arbor
1|VHS of Michigan dba Detroit Medical Center|3990 John R Street||Detroit
1|DealerDirect LLC|4 Parklane Boulevard|Suite 140|Dearborn
1|Bravo Learning Technologies LLC|40 Monroe Center NW|Suite 11|Grand Rapids
1|Bravo Learning Technologies LLC DBA Bravo LT|40 Monroe Center, Suite 200||Grand Rapids
1|VIBRACOUSTIC USA INC|400 AYLWORTH AVENUE||SOUTH HAVEN
1|Zhongding USA Inc|400 Detroit Ave||Monroe
1|Zhongding USA Inc|400 Detroit Avenue||Monroe
1|LHCG CXLIX LLC d/b/a VNA of Maryland|400 Red Brook Blvd|Suite 220|Owings Mills
1|Wanhe Filtration Inc|400 S Broadway|Suite 111|Lake Orion
1|24G LLC|400 W. Maple Road||Troy
1|Palltronics Inc|400 Water Street|Suite 203|Rochester
1|Dassault Systemes 3DExcite Corporation|400 West 4th|4th Floor|Royal Oak
1|Riverguide LLC|400 West Maple Road|N/A|Troy
1|Information Data Systems Inc|4000 Livernois Road|Suite 103|Troy
1|Golde Auburn Hills LLC|4000 Pinnacle Court||Auburn Hills
1|Golde Auburn Hills LLC|4000 Pinnacle Ct.||Auburn Hills
1|Ciena HealthCare Management Inc|4000 TOWN CTR|STE 2000|SOUTHFIELD
1|Strategic Energy Solutions Inc|4000 W Eleven Mile Road||Berkley
1|Strategic Energy Solutions Inc|4000 West Eleven Mile||Berkley
1|Northwood University|4000 Whiting Drive||Midland
1|Newston Automated Solution USA Corp.|40000 Grand River Ave|Suite 300|Novi
1|MidMichigan Physicians Group|40000 Wellness Drive||Midland
1|University of Detroit Mercy|4001 W. McNichols||Detroit
1|University of Detroit Mercy|4001 W. McNichols Road||Detroit
1|University of Detroit Mercy|4001 West McNichols||Detroit
1|University of Detroit Mercy|4001 West McNichols Road||Detroit
1|HTI Cybernetics|40033 Mitchell||Sterling Heights
1|Magic Toys LLC|4008 Miller Road||Flint
1|D&M SITE Inc|401 Balsam Street||Carrollton Township
1|MCLAREN FLINT|401 SOUTH BALLENGER HIGHWAY||FLINT
1|Coldwater Community Schools|401 Sauk River Dr.||Coldwater
1|Coldwater Community Schools|401 Sauk River Drive||Coldwater
1|SME Administrative Services LLC|401 Seminole Building, 461 Huron Street||Pontiac
1|Kalamazoo Community Foundation|402 E. Michigan Avenue||Kalamazoo
1|Red Level Group LLC|40200 Grand River Ave|Suite 200|Novi
1|Camelot SI LLC|40230 Grand River Avenue|Suite 200|Novi
1|Cooper Standard Automotive Inc|40300 Traditions Dr||Northville
1|Hash Technologies LLC|40315 Michigan Ave|1055|Canton
1|Unite Digital LLC|4036 Telegraph Road|Suite 205|Bloomfield Twp
1|Hastings Insurance Company|404 East Woodlawn Avenue||Hastings
1|Creative Merchandising Systems Inc|4044 Brockton Drive SE||Kentwood
1|ZiTechnologies Inc|405 Cooper Avenue||Hancock
1|Infokey Technologies Inc|405 W Greenlawn Ave|G11 400|Lansing
1|Sardonyx LLC|405 W. Greenlawn Avenue  G11|Suite 2992|Lansing
1|OnTrac Automation Solutions LLC|4050 W Maple Road|Suite 250|Bloomfield Hills
1|Professional Vision Technologies Inc|40500 Ann Arbor Road|Suite 101LL|Plymouth
1|Coe Press Equipment Corporation|40549 Brentwood Dr.||Sterling Heights
1|Endodontic Associates of Michigan, PLLC|40600 Ann Arbor Road East|Suite 201|Plymouth
1|Wireless Vision LLC|40700 Woodward|Suite 250|BLOOMFIELD HILLS
1|Wireless Vision Holdings LLC|40700 Woodward Avenue|Suite 250|Bloomfield Hills
1|BRONSON LAKEVIEW HOSPITAL|408 Hazen Street||Paw Paw
1|NITS SOLUTIONS INC|40850 GRAND RIVER AVENUE|SUITE 100|NOVI
1|NITS SOLUTIONS INC|40850 Grand River Ave|Suite 100|Novi
1|Inland Waters Pollution Control Inc|4086 Michigan Avenue||Detroit
1|SMARTEKPRO LLC|40876 ROCHESTER ROAD|SUITE 107|TROY
1|28 Technologies LLC|4095 Embassy Dr. SE|Suite D|Grand Rapids
1|Lifeworks Advisors LLC|4095 Park East Court SE|Suite C|Grand Rapids
1|Barbara Ann Karmanos Cancer Institute|4100 John R||Detroit
1|SIGNAL.X TECHNOLOGIES LLC|4100 PLYMOUTH ROAD|BUILDING 1 SUITE 390|PLYMOUTH
1|Ascension River District Hospital|4100 River Road||East China
1|Premier Engineering Solutions LLC|41000 Woodward Avenue|Suite 350|Bloomfield Hills
1|Automation Movers International|4110 Market Place||Flint
1|IPG Automotive USA Inc|4110 Varsity Drive||Ann Arbor
1|SIGNAL.X TECHNOLOGIES LLC|41100 PLYMOUTH ROAD BUILDING 1|SUITE 390|PLYMOUTH
1|TAC Manufacturing Inc|4111 County Farm Road||Jackson
1|Danlaw Inc|41131 VINCENTI CT||NOVI
1|ROEPER CITY & COUNTRY SCHOOL INC|41190 WOODWAROAD AVE||BLOOMFIELD HILLS
1|Roeper City & Country School Inc|41190 Woodward Avenue||Bloomfield Hills
1|XLM Solutions LLC|4120 Winterset Lane||West Bloomfield
1|Samsung SDI America Inc|4121 North Atlantic Boulevard||Auburn Hills
1|The Shyft Group EV Solutions LLC|41280 Bridge Street||Novi
1|VnB LLC|413 N. Main Street||Plymouth
1|4D Systems LLC|4130 Market Place||Flint Township
1|Michigan Milk Producers Association|41310 Bridge Street||Novi
1|Danlaw Inc|41369 Vincenti Court||Novi
1|Contract Professionals Inc|4141 W. Walton Blvd.||Walton
1|Sumitomo Riko America Inc|41441 W. 11 Mile Road||Novi
1|DESIKA FOODS LLC|41460 Grand River Ave||Novi
1|KBTS Technologies Inc|41461 West Eleven Mile Road||Novi
1|Renal Associates of Mid-Michigan PC|415 W. Wackerly Street||Midland
1|MCM Staffing  LLC|415 West 11 Mile Road||Madison Heights
1|Andrews University|4150 Administration Drive||Berrien Springs
1|Innova-Tech Solutions Corp|4150 US Highway 23 North||Alpena
1|Ric-Man Construction Inc|41500 Mound Road||Sterling Heights
1|Cardus Inc|4155 Drake Road|Suite 200|Farmington Hills
1|M. K. Painting Inc|4157 7th Street||Wyandotte
1|Wm. P. Young Co.|41575 Ann Arbor Road||Plymouth
1|McLaren Northern Michigan|416 Connable Avenue||Petoskey
1|AGP eGlass Co.|41600 Haggerty Cir S||Canton
1|AGP E-Glass Co.|41600 S. Haggerty Circle||Canton
1|Plastipak Packaging Inc|41605 Ann Arbor Road||Plymouth
1|Zealous Solutions|41700 Gardenbrook|Suite 133|Novi
1|Rassini Brakes LLC|4175  Pier North Blvd.||Flint
1|Tekdimensionz Inc|41770 Webster Court||Novi
1|AEL-Span LLC|41775 Ecorse Road|Suite 100|Belleville
1|Pulse Wire & Cable LLC|418 N Main St|Suite 200|Royal Oak
1|Autocam Corporation|4180 40th St SE||Kentwood
1|NN Inc|4180 40th St. SE||Kentwood
1|ACCU USA Inc|41800 W 11 Mile|Suite 215|Novi
1|Theoria Medical|41800 W 11 Mile Road|Suite 109|Novi
1|Accu USA Inc|41850 W 11 Mile Road|Suite 108|Novi
1|Nestotus LLC|41850 W. 11 Mile Road|Suite 105|Novi
1|BITECH INC|41875 W 11 MILE ROAD, SUITE   204 A||NOVI
1|Custom Business Solutions Inc|41895  W. 11 Mile Road|Suite 103|Novi
1|JR Automation Technologies LLC|4190  Sunnyside Drive||Holland
1|J.R. Automation Technologies LLC|4190 Sunnyside Drive||Holland
1|WAYNE STATE UNIVERSITY|42 W WARREN AVENUE|SUITE 416|DETROIT
1|Wayne State University|42 W Warren|416 Welcome Center|Detroit
1|Wayne State University|42 W. Warren|Suite 416|Detroi
1|Wayne State University|42 W. Warren Avenue|Suite 416|Detroit
1|WAYNE STATE UNIVERSITY|42 WEST WAREN AVENUE|SUITE 416|DETROIT
1|WAYNE STATE UNIVERSITY|42 WEST WARREN|SUITE 416|DETROIT
1|WAYNE STATE UNIVERSITY|42 WEST WARREN AVENUEW|SUITE 416|DETROIT
1|WAYNE STATE UNIVERSITY|42 WEST WARREN AVENUR|SUITE 416|DETROIT
1|Wayne State University|42 West Warren Avenue|Suite 416|Detroit
1|Trinity Holding Inc|420 Ingham Street||Jackson
1|Ferris State University|420 Oak St.|PRK 150|Big Rapids
1|Ferris State University|420 Oak Street|PRK 150|Big Rapids
1|Ascension Borgess Lee Hospital|420 W. High Street||Dowagiac
1|Arrow Automation & Engineering Inc|4200 N. Atlantic Blvd||Auburn Hills
1|Medical Center Emergency Services|4201 Saint Antoine|Suite 3R|Detroit
1|VHS University Laboratories Inc|4201 St. Antoine|Suite 3E-1|Detroit
1|VHS University Laboratories Inc|4201 St. Antoine Dr.||Detroit
1|Well Care Physical Therapy LLC|42137 Trent Dr.||Canton
1|YANFENG USA AUTOMOTIVE TRIM SYSTEMS INC|42150 EXECUTIVE DRIVE||HARRISON TOWNSHIP
1|Unified Engineering LLC|4217 Portage Street||Kalamazoo
1|ForceMedic Design LLC|4218 Charlar Dr||Holt
1|MiG East LLC|422 West Congress|Suite 400|Detroit
1|Porter Corp.|4240 136th Avenue||Holland
1|Mayco International LLC|42400 Merrill Road||Sterling Heights
1|JRD SYSTEMS INC|42450 HAYES ROAD|SUITE 3|Clinton Township
1|JRD Systems Inc|42450 Hayes Road||Clinton Township
1|ABC Technologies Michigan Inc|4247 Eastern Avenue SE||Wyoming
1|BD OF EDU EATON CO BENTON|425 E. Main Street||Potterville
1|Vada Technologies LLC|42500 Hayes Road|Suite 100|Clinton Township
1|Great Lakes Dental Group|4251 Coolidge Hwy||Royal Oak
1|Michigan State University|426 Auditorium Road, Admin. Building|Room 422|East Lansing
1|Michigan State University|426 Auditorium Road, Administration Bldg.|Room 422|East Lansing
1|Michigan State University|426 Auditorium Road, Administration Building|Room 422|East Lansing
1|Michigan State University|426 Auditorium Road, Room 422|Administration Bldg.|East Lansing
1|Commercial Contracting Corporation|4260 North Atlantic Blvd||Auburn Hills
1|Commercial Contracting Corporation|4260 North Atlantic Blvd.||Auburn Hills
1|Ash Gear & Supply Corp|42650 Nine Mile Road||Novi
1|MICHIGAN STATE UNIVERSITY|427 N SHAW LANE, RM 105|INTERNATIONAL CTR., OISS|EAST LANSING
1|MICHIGAN STATE UNIVERSITY|427 N. SHAW LANE, RM 105|INTERNATIONAL CTR., OISS|EAST LANSING
1|Ability Works Rehab Services LLC|42717 Woodward Avenue|Suite C-2|Bloomfield Hills
1|Novi Woods Montessori Center Inc|42800 WEST THIRTEEN MILE ROAD||NOVI
1|Guardhat Inc|42807 Ford Road|STE 372|Canton
1|Enterprise Information Xperts LLC|42807 Ford Road  200||Canton
1|Motor City Wash Works|42825 Frank St.||Wixom
1|A&W Products Inc|4289 Bennett Park Circle||Troy
1|RICEFW Technologies Inc|4295 OKEMOS ROAD|STE 102|OKEMOS
1|Twisthink LLC|43 E 8th Street Suite 250||Holland
1|ROUNDVIEW TECHNOLOGIES LLC|43000 WEST 9 MILE ROAD|SUITE 107|NOVI
1|Sea Rex LLC|4301 Orchard Lake Road|Ste 180-183|West Bloomfield
1|Resource Technology Corporation|431 Stephenson Highway||Troy
1|Resource Technology Corporation|431 Stephenson Hwy||Troy
1|ACER DATA LABS INC|43155 MAIN ST|SUITE 2212C-2|NOVI
1|AMERICAN TECHNOLOGY CONNEXIONS INC|43155 MAIN STREET|SUITE 2300S|Novi
1|LINCOLN SOFT TECH LLC|43155 Main St, Suite 2300Y||Novi
1|Tecnovators LLC|43155 Main St.|Suite 2300L|Novi
1|Fortis Payment Systems LLC|43155 Main Street|Suite 2310-C|Novi
1|Shcalo Group Corporation|43155 W 9 Mile Road||Novi
1|Birdi Inc|43159 W Nine Mile Road||Novi
1|Asterisk Green Inc|432 S Washington Ave Unit 1501||Royal Oak
1|1000 Plus LLC|43260 Garfield Road|Ste 280|Clinton Township
1|Wightman and Associates Inc|433 E Ransom St||Kalamazoo
1|Oakley Industries Sub Assembly Division Inc|4333 Matthew Drive||Flint
1|Renaissance Global Logistics LLC|4335 W. Fort Street||Detroit
1|Flex-N-Gate Royal Oak LLC|4336 Coolidge Highway||Royal Oak
1|Dental Service Advisors LLC|43380 Woodward Ave|Suite 105|Bloomfield Hills
1|CANTON ANIMAL HOSPIATL, P.L.L.C.|43439 MICHIGAN AVENUE|N A|CANTON
1|Danyal Dental Management Company LLC|435 N Main St|Suite 200|Milford
1|Camel Energy Inc|4355 Varsity Drive||Ann Arbor
1|Isha Rehab LLC|43563 Argonne Ct||Canton
1|Sundberg Ferar Inc|4359 Pineview Drive||Walled Lake
1|Medical Practice Management Consulting PLLC|43700 Woodward Ave|Suite 106|Bloomfield Hills
1|INVENSITY Inc|438 Macomb Street||Detroit
1|Link Manufacturing Inc|43855 Plymouth Oaks Blvd.||Plymouth
1|Michigan Downriver Recruitment Agency|439 Sibley Road||Trenton
1|Cornerstone Medical Holdings, PLC|43900 Garfield|Suite 220|Clinton Township
1|International Medical Clinic, PLLC|43902 Woodward|Ste 100|Bloomfield Hills
1|Atra Plastics Inc|43938 Plymouth Oaks Blvd||Plymouth
1|Infinite It Consulting LLC|4396 Rockdale Ct||Troy
1|Sure Cure LLC|43973 Nowland Dr.||Canton
1|E.A. Bonelli & Associates Inc|44 E 8th Street|STE 310|Holland
1|Detroit Future City|440 Burroughs|Suite 229|Detroit
1|Detroit Excursion Futbol Club|440 Burroughs Street Suite  603||Detroit
1|BHP St. Johns LLC|44045 Five Mile Road||Plymouth
1|Innotec Corporation|441 E. Roosevelt Ave, Suite 200||Zeeland
1|SENSORY REHABILITATION LLC|4413 REILLY COURT||TROY
1|Sensory Rehabilitation LLC|4413 Reilly Court||Troy
1|Sensory Rehabilitation LLC|4413 Reilly Ct||Troy
1|Sensory Rehabilitation LLC|4413 Reilly Ct.||Troy
1|Bauer Associates Inc|44190 PLYMOUTH OAKS BLVD.||PLYMOUTH
1|Bauer Associates Inc|44190 Plymouth Oaks Blvd||Plymouth
1|Bauer Associates Inc|44190 Plymouth Oaks Blvd.||Plymouth
1|Traxen Inc|44191 Plymouth Oaks Blvd.|Suite 1250|Plymouth
1|Resurgent Innovations Inc|44193 US 41||Chassell
1|Weldwork LLC|4426 Fernlee Ave||Royal Oak
1|Wayne MI OPCO LLC|4427 Venoy Road||Wayne
1|Excel Industrial Electronics Inc|44360 Reynolds Dr.||Clinton Township
1|Corewell Health (formerly, BHSH System)|444 Michigan St NE||Grand Rapids
1|Lakeland Hospitals at Niles and St. Joseph Inc|444 Michigan St. NE -- MC 50||Grand Rapids
1|William Beaumont Hospital|444 Michigan St. NE -- MC50||Grand Rapids
1|Spectrum Health Primary Care Partners|444 Michigan Street -- MC50||Grand Rapids
1|Corewell Health (formerly Spectrum Health System)|444 Michigan Street NE, MC50||Grand Rapids
1|Spectrum Health Primary Care Partners|444 Michigan Street, MC50||Grand Rapids
1|Dana Driveshaft Manufacturing LLC|4440 N Atlantic Blvd||Auburn Hills
1|LaunchGood Inc|4444 Second Avenue||Detroit
1|Strategic IQ|445 S Livernoise Road|Suite 321|Rochester Hills
1|NESTLE NUTRITION R&D CENTERS INC|445 STATE STREET||FREMONT
1|Oliver Healthcare Packaging Company|445 Sixth Street NW||Grand Rapids
1|Thumbs Up Dental PLLC|4450 W. Walton Blvd||Waterford
1|MGA Research Corporation|446 Executive Drive||Troy
1|GRW Technologies Inc|4460 44th Street SE, Suite B||Grand Rapids
1|Hart & Cooley LLC|4460 44th Street St SE|Suite F|Grand Rapids
1|Materialise USA LLC|44650  Helm Court||Plymouth
1|Surveying Solutions Inc|4471 M 61||Standish
1|Mission Veterinary NY Operations, P.C.|44725 Grand River Avenue|Suite 104|Novi
1|USUI International Corporation|44780 Helm Street||Plymouth
1|Fraunhofer USA Inc|44792 Helm St.||Plymouth
1|Fraunhofer USA Inc|44792 Helm Street||Plymouth
1|Richard-Allan Scientific|4481 Campus Drive||Kalamazoo
1|Advanced Specialty RX LLC|4488 Bristol Road, Ste 350||Flint
1|Advanced Specialty RX Pharmacy LLC|4488 W. Bristol Road|Suite 350|Flint
1|Zhongli North America Inc|449 Executive Drive||Troy
1|First Home Health Care Inc|44968 Ford Road|Suite H|Canton
1|Eagle Systems & Technologies Inc|44998 Paine Dr.||Novi
1|Miller Johnson Snell & Cummiskey|45 Ottawa Ave SW|Suite 1100|Grand Rapids
1|TCM Medical Solutions LLC|4500 London Ct||Waterford
1|Die Services International LLC|45000 Van Born Road||Belleville
1|Techno Rehab Inc|4501 Orchard Trail Ct||Orchard Lake
1|ZF Passive Safety Systems US LLC|4504 W 26 Mile Road||Washington
1|ZF Passive Safety Systems US Inc|4505 26 Mile Road||Washington
1|ZF Passive Safety Systems US Inc|4505 W 26 MILE ROAD||WASHINGTON
1|ZF Passive Safety Systems US Inc|4505 W 26 Mile Road||Washington
1|ZF Passive Safety Systems US Inc|4505 W. 26 Mile Road||Washington
1|Concinnate Partners LLC|45059 Bartlett Dr.||Novi
1|Bronson Lakeview Outpatient Center|451 Health Pkwy||Paw Paw
1|Our Next Energy Inc|45145 W 12 Mile Road||Novi
1|Our Next Energy Inc|45145 W. Twelve Mile Road||Novi
1|Upkara Inc|45145 West 12 Mile Road||Novi
1|IGITG LLC|452 Langston St.||Troy
1|Comprehensive Clinical Analytics Inc|45207 Helm Street||Plymouth
1|Comprehensive Care Services Inc|45211 Helm Street||Plymouth
1|ADVICS NORTH AMERICA INC|45300 POLARIS COURT||PLYMOUTH
1|ADVICS NORTH AMERICA INC|45300 POLARIS CT.||PLYMOUTH
1|CONSTELLIUM AUTOMOTIVE USA LLC|45330 Commerce Center||Plymouth
1|Constellium Automotive USA LLC|45330 Commerce Center Dr.||Plymouth
1|Metro Consulting Associates LLC|45345 Five Mile Road||Plymouth
1|Michindoh Conference Center|4545 E Bacon Road||Hillsdale
1|GDI INFOTECH INC|455 E. Eisenhower Pkwy|Suite 300|Ann Arbor
1|Western Michigan Christian High School|455 E. Ellis Road||Norton Shores
1|DeMaria Building Company Inc|4550 Grand River Avenue||Novi
1|DeMaria Building Company Inc|45500 Grand River Avenue||Novi
1|Hino Motors Manufacturing U.S.A. Inc|45501 W 12 Mile Road||Novi
1|Delphinus Medical Technologies Inc|45525 Grand River Avenue||Novi
1|FEV North America Inc|4554 Glenmeade Lane||Auburn Hills
1|FEV North America Inc|4554 Glenmeade Ln||Auburn Hills
1|Brugola OEB Industriale USA Inc|45555 Port Street||Plymouth
1|Corium Innovations Inc|4558 50th Street SE||Grand Rapids
1|MIRACLE SOFTWARE SYSTEMS INC|45625 GRAND RIVER AVENUE||NOVI
1|GD MI, PLLC|45650 Ford Road||Canton
1|Power Process Piping Inc|45780 Port Street||Plymouth
1|C&U Americas LLC|45901 Five Mile Road||Plymouth
1|Makcats Inc|4595 Broadmoor Ave SE|Suite 237|Grand Rapids
1|Wayne State University|46 W. Warren Avenue|Suite 416|Detroit
1|Hutchinson Antivibration Systems Inc|460 Fuller Ave, NE||Grand Rapids
1|Cabinetworks Group Michigan LLC|4600 Arrowhead Drive||Ann Arbor
1|All About Orthodontics Warren, PC|4600 East 14 Mile Road|Suite 3|Warren
1|Shekinah Church and Ministries Incorporated|4600 Scio Church Road||Ann Arbor
1|MCME INVESTMENT INC|4605 JOHN R ROAD||TROY
1|Lake Trust Credit Union|4605 South Old US Highway 23||Brighton
1|RoboSense Inc|46057 Five Mile Road||Plymouth
1|Imaguru Foundation|461 GLENMOOR ROAD|APT 9|East Lansing
1|Imaguru Foundation|461 Glenmoor Road|9 Apt|East Lansing
1|Oakland Integrated Healthcare Network|461 W. Huron St., Ste. 107||Pontiac
1|Oakland Physicians Medical Center LLC|461 West Huron Street||Pontiac
1|iTech-Go LLC|4614 Coastal Parkway||White Lake charter Township
1|Aria Energy Services LLC|46280 Dylan Drive|Suite 200|Novi
1|IQ Designs Inc|462N Klagstad Road||Manistique
1|Empirical Bioscience Inc|4635 40th St SE||Grand Rapids
1|FORTIS LIFE SCIENCES|4635 40th Street SE||Grand Rapids
1|Isuzu Technical Center of America Inc|46401 Commerce Center Drive||Plymouth
1|Veterans Affairs John D. Dingell VA Medical Center|4646 John R. St||Detroit
1|Department of Veterans Affairs|4646 John R. St.||Detroit
1|TREK INC|46470 Desoto Court||Novi
1|Davalor Mold Company LLC|46480 Continental Drive||Chesterfield
1|Hengshuai Automotive Inc|46495 Humboldt Drive||Novi
1|Lineage Logistics LLC|46500  Humboldt Drive||Novi
1|LINEAGE LOGISTICS LLC|46500 HUMBOLDT DRIVE||NOVI
1|MOBIS NORTH AMERICA LLC|46501 COMMERCE CENTER DRIVE||PLYMOUTH
1|ZHUZHOU CEMENTED CARBIDE WORKS USA INC|4651 PLATT LANE||ANN ARBOR
1|Innovative Engineering System Solutions Inc|46556 W Main St||Northville
1|M.W. Watermark LLC|4660 136th Avenue||Holland
1|MITECS INC|4660 S HAGADORN ROAD|SUITE 200L|EAST LANSING
1|MITECS INC|4660 S Hagadorn Road|Suite 200L|East Lansing
1|MITECS INC|4660 S. HAGADORN ROAD|SUITE 200L|EAST LANSING
1|Autosystems America Inc|46600 Port St.||Plymouth
1|TREMEC Corporation|46643 Ryan Court||Novi
1|Chemical Dynamics LLC|46701 COMMERCE CENTER DR||PLYMOUTH
1|BIOCREDE INC|46701 Commerce Center Dr.||Plymouth
1|Nowak & Fraus Engineers|46777 Woodward Ave||Pontiac
1|Uchiyama Marketing & Development America LLC|46805 Magellan Dr.||Novi
1|Uchiyama Marketing & Development America LLC|46805 Magellan Drive||Novi
1|Durez Corporation|46820 Magellan Drive|Suite C|Novi
1|Plastic Omnium Auto Exteriors LLC|4685 Investment Dr.||Troy
1|Plastic Omnium Auto Exteriors LLC|4685 Investment Drive||Troy
1|NHK International Corporation|46855 Magellan Dr|46855 Magellan Dr|Novi
1|SK International Corporation|46918 Liberty Drive||Wixom
1|QOMO LLC|46950 Magellan Dr||Wixom
1|QOMO LLC|46950 Magellan Drive||Wixom
1|Elopak Inc|46962 Liberty Drive||Wixom
1|Lambert Global LLC|47 Commerce Avenue SW||Grand Rapids
1|Avfuel Corporation|47 West Ellsworth Road||Ann Arbor
1|ROBERT BOSCH FUEL SYSTEMS LLC|4700 Broadmoor Ave SE|Suite 100|Kentwood
1|Sound A Sleep PLC|4701 Towne Centre Road, Ste. 203||Saginaw
1|soulbrain MI Inc|47050 5 Mile Road||Northville
1|Verita Telecommunications Corporation|47059 Five Mile Road||PLYMOUTH
1|Auma Engineered Products Inc|47140 Cartier Drive||Wixom
1|Revision Autonomy Inc|4717 Campus Drive|Ste 700|Kalamazoo
1|Tenneco Automotive Operating Company Inc|4722 N Grand River Ave||Lansing
1|Metro Womens Health|4727 St Antoine Street||Detroit
1|KINGFA SCIENCE & TECHNOLOGY (USA) INC|47440 MICHIGAN AVE|SUITE 100|canton
1|Grupo Antolin Primera Automotive Systems LLC|47440 Michigan Avenue|Suites 150-170|Canton
1|MIIT SOLUTIONS INC|4750 OKEMOS ROAD|STE 101|OKEMOS
1|Dare Auto Inc|47548 HALYAROAD DRIVE|SUITE B|PLYMOUTH
1|Dare Auto Inc|47548 Halyard Drive|Suite B|Plymouth
1|Alliance Franchise Brands LLC|47585 Galleon Dr.||Plymouth
1|AVL TEST SYSTEMS INC|47603 HALYAROAD DRIVE||PLYMOUTH
1|PROFILE DM INC|47610 GRAND RIVER|1126|NOVI
1|DELTA ELECTRONICS AUTOMOTIVE AMERICAS INC|47659 HALYAROAD DRIVE||PLYMOUTH
1|Johnson Electric North America Inc|47660 Halyard Dr.||Plymouth
1|Johnson Medtech LLC|47660 Halyard Drive||Plymouth
1|FREUDENBERG-NOK GENERAL PARTNERSHIP|47690 EAST ANCHOR COURT||PLYMOUTH
1|Junction Clinic, PLLC|4771 Michigan Avenue||Detroit
1|Ariya Capital LLC|47751 N. Territorial Road||Plymouth
1|BREMBO NORTH AMERICA INC|47765 HALYAROAD DRIVE||PLYMOUTH
1|JTEKT Bearings North America LLC|47771 Halyard Dr.||Plymouth
1|JTEKT Automotive North America Inc|47771 Halyard Drive||Plymouth
1|Logic Solutions Inc|47785 W ANCHOR CT.,||PLYMOUTH
1|LOGIC SOLUTIONS INC|47785 W Anchor Court||Plymouth
1|Logic Quantum LLC|47785 West Anchor Court||Plymouth
1|Changan US Research and Development Center Inc|47799 Halyard Drive||Plymouth
1|Miller Technical Services Inc|47801 W Anchor Ct.||Plymouth
1|Perceptron Inc|47827 Halyard Drive||Plymouth
1|PO Lighting USA Inc|47828 Halyard Drive||Plymouth
1|CYBERFORCEQ|47911 HALYAROAD|SUITE 110|PLYMOUTH
1|CyberForceQ|47911 Halyard|Suite 110|Plymouth
1|Helm43 LLC|47911 Halyard Dr.|Suite 200|Plymouth
1|Horizon Global Americas Inc|47912 Halyard Dr.|Suite 100|Plymouth
1|Horizon Global Americas Inc|47912 Halyard Drive|Suite 100|Plymouth
1|Allied Home Health Care & Nursing LLC|4800 Cadieux Road||Detroit
1|Atlas Meds Pharmacy|4801 S Martin Luther King Jr Blvd||Lansing
1|THE WANDERING OWL|4804 HANOVER ROAD||HORTON
1|Edgewater Automation LLC|481 Renaissance Drive||St. Joseph
1|Ecera System LLC|4813 Woodland Ave|210|Royal Oak
1|Prince Technology Solutions|48153 Van Dyke Avenue||Shelby Township
1|Glass & Mirror Craft LLC|48230 West Road||Wixom
1|Motor City Wash Works|48285 Frank St.||Wixom
1|AB Dynamics Inc|48325 Alpha Drive|Suite 120|Wixom
1|Stellite Works LLC|4841 W Stonegate Circle||Lake Orion
1|Xcelsius Inc|4843 Nassau St.||Okemos
1|LightGuide Inc|48443 Alpha Dr.|Suite 175|Wixom
1|Bedrock Manufacturing Company LLC|485 Milwaukee Avenue|5th Floor|Detroit
1|PureFlex LLC|4855 Broadmoor Avenue SE||Kentwood
1|GVN Group Corp.|486 S. Opdyke Road||Pontiac
1|Doeting Education Company|48600 Grand River Ave||Novi
1|Altran Engineering Solutions Inc|48602 Downing St.||Wixom
1|Tribar Manufacturing LLC|48668 Alpha Dr||Wixom
1|Adept Plastic Finishing Inc|48668 Alpha Dr.||Wixom
1|Brigid Healthcare PLLC|4870 W. Clark Road|Suite 107|Ypsilanti
1|Navitas Systems LLC|4880 Venture Drive||Ann Arbor
1|Gudel Inc|4881 Runway Blvd||Ann Arbor
1|viastore Systems Inc|4890 Kendrick St. SE||Grand Rapids
1|viastore Systems Inc|4890 Kendrick Street SE||Grand Rapids
1|Magna Services of America Inc|49 W 3rd St.||Holland
1|Edwards Garment Co.|4900 S 9th Street||Kalamazoo
1|RAMPF Group Inc|49037 Wixom Tech Drive||Wixom
1|United Rehab Solutions LLC|49063 Gaviota Lane||Macomb
1|United Rehab Solutions LLC|49063 Gaviota Ln||Macomb
1|MERRAKY ENGINEERING SOLUTIONS INC|49129 WOODSON WAY||CANTON
1|WIXOM DENTAL PLLC|49175 PONTIAC TRAIL||WIXOM
1|Youngsoft Inc|49197  Wixom Tech Drive, Suite  B||Wixom
1|YOUNGSOFT INC|49197 WIXOM TECH DR|SUITE B|WIXOM
1|Youngsoft Inc|49197 Wixom Tech Drive, Suite B||Wixom
1|ADIENT US LLC|49200 HALYAROAD DRIVE||PLYMOUTH
1|Adient US LLC|49200 Halyard Driv||Plymouth
1|ADIENT US LLC|49200 Halyard Drive||Plymouth
1|Vcare Rehab LLC|49236 Brooklyn||Shelby Township
1|KSR Industrial Corporation|49250 West Road||Wixom
1|Great Lakes Crystal Technologies Inc|4942 Dawn Ave||East Lansing
1|IASO Therapeutics Inc|4942 Dawn Avenue|Suite 150|East Lansing
1|Wacker Chemical Corporation|4950 S State Road||Ann Arbor
1|Wacker Chemical Corporation|4950 S State St.||Ann Arbor
1|Wacker Chemical Corporation|4950 S. State St.||Ann Arbor
1|INTEGRITY THERAPY SERVICES LLC|49578 E CENTRAL PARK||SHELBY TWP
1|ITS Partners LLC|496 Ada Drive SE||Ada
1|BD OF EDUC HILLSDALE CO DIST 12 CAMDEN FRONTIER AGR SCHOOL|4971 W MONTGOMERY ROAD||CAMDEN
1|Encore Automation LLC|50 Corporate Drive||Auburn Hills
1|Pridgeon & Clay Inc|50 Cottage Grove SW||Grand Rapids
1|InterCare Community Health Network|50 Industrial Park Drive|n/a|Bangor
1|GEOMETRIC AMERICAS INC|50 KIRTS BOULEVAR||Troy
1|W&W INTERNATIONAL CONSULTING LLC|50 W BIG BEAVER ROAD|STE 120|TROY
1|Prelude Software Solutions Inc|50 W Big Beaver Road,|Suite 230|Troy
1|Portage Hospital LLC|500 Campus Drive||Hancock
1|WADE TRIM NY, PC|500 GRISWOLD STREET|SUITE 2500|DETROIT
1|Wade Trim Associates Inc|500 Griswold|Suite 2500|Detroit
1|Detroit Economic Growth Corporation|500 Griswold St.|Suite 2200|Detroit
1|Illinois Tool Works Inc|500 N Fairview Road||Zeeland
1|MicroDental Laboratories Inc|500 STEPHENSON HWY|SUITE 100|TROY
1|MicroDental Laboratories Inc|500 Stephenson Hwy|Suite 100|Troy
1|J-Star Motion Corporation|500 West Street||Cedar Springs
1|Ally Bank|500 Woodward||Detroit
1|The Korex Corporation|50000 Pontiac Trail||Wixom
1|Dearborn Family Smiles, PLLC|5005 Schaefer Road||Dearborn
1|GREAT LAKES BAY HEALTH CENTERS|501 LAPEER AVENUE||SAGINAW
1|Rochester Community Schools|501 W. University Drive||Rochester
1|dSPACE Inc|50131 Pontiac Trail||Wixom
1|PLYMOUTH PLUMBING INC|50164 PONTIAC TRL||WIXOM
1|Catalyst Partners LLC|502 Second Street NW|Suite 200|Grand Rapids
1|MCME INVESTMENT INC|5020 John R Road||TROY
1|Subaru Research and Development Inc|50255 Michigan Avenue||Van Buren Township
1|DAZZLERS AND TOPPERS PTL INC|5028 VILLAGE PLACE DRIVE||WEST BLOOMFIELD
1|Lansing Counseling, PLLC|5030 Northwind Dr|Suite 101|East Lansing
1|Eclipse Mold Inc|50300 Patricia||Chesterfield
1|E.S.P. Enterprises LLC|50327 Hayes Road||Shelby Twp.
1|RASSEY INDUSTRIES INC|50375 CENTRAL INDUSTRIAL DR.||SHELBY TOWNSHIP
1|CTRE, P.C.|504 S. CREYTS ROAD|SUITE B|LANSING
1|Prince Technology Solutions|50480 Van Dyke Avenue||Shelby Township
1|J&B Medical Supply Co. Inc|50496 Pontiac Trail||Wixom
1|Center for Family Health|505 N. Jackson St.||Jackson
1|Center for Family Health|505 N. Jackson Street||Jackson
1|Ave Maria University|5050 Ave Maria Blvd||Ave Maria
1|Great Lakes Medicine, PLC|50505 Schoenherr|Suite 340|Shelby Township
1|Pulmonary & Critical Care Associates, PC|50505 Schoenherr Road|Suite 290|Shelby Township
1|MERGE CLUB L3C|5051 Nottingham Road||Detroit
1|ADCCRC LLC|5055 Plainfield NE||Grand Rapids
1|Inovision Software Solutions Inc|50561 Chesterfield Road||Chesterfield
1|AKTV8 LLC|50660 Century Ct||Wixom
1|QBrainX Inc|5067 Tyler Dr||Troy
1|Dematic Corp.|507 Plymouth Ave NE||Grand Rapids
1|Dematic Corp.|507 Plymouth Avenue NE||Grand Rapids
1|INITECH GLOBAL LLC|5075 CASCADE ROAD SE|SUITE J|GRAND RAPIDS
1|Initech Global LLC|5075 Cascade Road|Suite J|Grand Rapids
1|Initech Global LLC|5075 Cascade Road SE|Suite J|Grand Rapids
1|Hallite Seals Americas LLC|50777 Varsity Court||Wixom
1|Rattunde Corporation|5080 Beltway Dr SE||Caledonia
1|Magna Mirrors of America Inc - Kentwood|5085 Kraft Avenue SE||Kentwood
1|DATAVERSE AI LLC|5092 PRENTIS DR||TROY
1|Bleichert Inc|50955 Wing Drive||Shelby Township
1|Prevail Solar Inc|511 N Mead St||Saint Johns
1|WebSideMan LLC|5110 28th St SE|1014|Grand Rapids
1|Saeyon LLC|51105 Gulfstream Park LN||Canton
1|Affable Home Healthcare Network Inc|51145 Nicolette Dr.||Chesterfield
1|Signs365.com LLC|51245 Filomena Dr.||Shelby Township
1|Protek Management LLC|51249 Times Square Drive||Shelby Township
1|Anderson, Eckstein & Westrick Inc|51301 Schoenherr Road||Shelby Twp
1|NEOFINITE LLC|5131 ROCHESTER ROAD||TROY
1|Tenacity Horsemanship LLC|5142 Automobile Road||Muskegon
1|Peter Basso Associates Inc|5145 Livernois||Troy
1|DRV Joint Sealant Contractors LLC|51483 Quadrate Drive|Suite A|Macomb
1|Port Huron Pharmacy LLC|515 10th Street||Port Huron
1|University of Michigan|515 E Jefferson St.|Suite 1500 SAB|Ann Arbor
1|University of Michigan|515 E Jefferson St., 1500 SAB||Ann Arbor
1|University of Michigan|515 E. Jefferson  St, 1500 SAB||Ann Arbor
1|University of Michigan|515 E. Jefferson  Street||Ann Arbor
1|University of Michigan|515 E. Jefferson  Street, 1500 SAB||Ann Arbor
1|University of Michigan|515 E. Jefferson 1500 SAB||Ann Arbor
1|University of Michigan|515 E. Jefferson St,  1500 SAB||Ann Arbor
1|University of Michigan|515 E. Jefferson St,1500 SAB||Ann Arbor
1|University of Michigan|515 E. Jefferson St.|Suite 1500 SAB|Ann Arbor
1|University of Michigan|515 E. Jefferson St.  1500 SAB||Ann Arbor
1|University of Michigan|515 E. Jefferson St. 1500 SAB||Ann Arbor
1|University of Michigan|515 E. Jefferson St., 1500 SAB||Ann Arbor
1|University of Michigan|515 E. Jefferson St.,1500 SAB||Ann Arbor
1|University of Michigan|515 E. Jefferson Str., 1500 SAB||Ann Arbor
1|University of Michigan|515 E. Jefferson, 1500 SAB||Ann Arbor
1|Ebbco Inc|51536 Industrial Drive||New Baltimore
1|ECM SOLUTIONS LLC|5175 PLAINFIELD AVENUE NE||GRAND RAPIDS
1|Sensory Rehabilitation LLC|518 South Main St.||Clawson
1|SENSORY REHABILITATION LLC|518 South Main Street||Clawson
1|KUKA Robotics Corporation|51870 Shelby Parkway||Shelby Township
1|iSAM Securities (USA) Inc|519 Ada Drive Southeast|Suite 201|Ada
1|BOLDT, MCLEOD AND JOHNSON INC|519 Huron Avenue||Port Huron
1|Lansing School District|519 W. Kalamazoo Street||Lansing
1|Neuronexus Technologies Inc|5200 S. State Road|Suite 200|Ann Arbor
1|Packard Health Inc|5200 Venture Dr.||Ann Arbor
1|M.J. Foley Company|52026 Sierra Drive||New Baltimore
1|JVIS USA LLC|52048 Shelby Parkway||Shelby Township
1|Xoran Technologies LLC|5210 S State Road||Ann Arbor
1|Xoran Technologies LLC|5210 S. State Road||Ann Arbor
1|ULB LLC|52119 Grand River Avenue||Wixom
1|MJM America Inc|52180 Ford Road|Suite 250|Canton
1|Elite Pipeline Services Inc|5220 Edgewater Dr||Allendale
1|New Eagle Consulting LLC|5220 S State Road||Ann Arbor
1|Michigan Health Information Network Shared Services|5222 - 33rd St. SE||Grand Rapids
1|Lynx Dx Inc|5230 S. State Road||Ann Arbor
1|Epic Equipment & Engineering Inc|52301 Shelby Pkwy.||Shelby Township
1|Transform Automotive LLC|52400 Shelby Parkway||Shelby Township
1|Gene Codes Corporation|525 Avis Drive|Ste 4|Ann Arbort
1|Sterling Software Inc|525 E. Big Beaver|Suite 204|Troy
1|Information Data Systems Inc|525 E. Big Beaver Road|Suite 250|Troy
1|Information Data Systems Inc|525 East Big Beaver Road|Suite 250|Troy
1|Arrow Strategies LLC|525 South Washington||Royal Oak
1|Choice Schools Associates LLC|5251 Clyde Park Ave SW||Wyoming
1|JVIS USA LLC|52685 Shelby Parkway||Shelby Township
1|Sensory Rehabilitation LLC|528 South Main St.||Clawson
1|Grupo Antolin North America Inc|52888 Shelby Pkwy||Shelby Township
1|BDO Capital Advisors LLC|5300 PATTERSON AVE SE|Suite 100|Grand Rapids
1|Anesthesia Associates of Ann Arbor PLLC|5301 E. Huron River Dr.||Ann Arbor
1|Ingham County Health Department|5303 South Cedar Street|Suite 2102|Lansing
1|ENKO BUILDERS INC|5309 MARLWOOD CT||WEST BLOOMFIELD
1|KPMCSH LLC|53260 Dequindre Road||Shelby Township
1|Penn Automotive Inc|5331 Dixie Highway||Waterford
1|Nephrology Associates of Michigan, P.C.|5333 McAuley Drive|Suite 4003|Ypsilanti
1|Administrative Controls Management Inc|535 Avis Drive|Suite 2|Ann Arbor
1|Futahoe Inc|535 E Liberty St.||Ann Arbor
1|METCO SERVICES INC|535 GRISWOLD|SUITE 450|DETROIT
1|REPUBLIC PHARMACEUTICALS LLC|535 S MANSFIELD ST||YPSILANTI
1|Beckett & Raeder Inc|535 W. William St.|Suite 101|Ann Arbor
1|RecogNation LLC|5352 52nd Street SE||Grand Rapids
1|Ross Recruiting Inc d/b/a JBL Resources|5355  Northland Dr. NE|STE C 139|Grand Rapids
1|Myticas Consulting ULC|5361 Gateway Centre|Suite A|Flint
1|Baudville Inc|5380 52nd Street SE||Grand Rapids
1|Heritage Reformed Congregation of Grand Rapids|540 Crescent St NE||Grand Rapids
1|Rowe Professional Services Company|540 S. Saginaw St.|Suite 200|Flint
1|Universal Robots USA Inc|5430 DATA CT|STE 300|ANN ARBOR
1|Billhighway LLC|5435 Corporate Drive|Suite 300|Troy
1|OpTech LLC|5440 Corporate Drive|Suite 260|Troy
1|POCO LABS LLC|545 North Main Street|Suite 202|Milford
1|Bleistahl North America, LP|5450 West Dickman Road||Battle Creek
1|Carcoustics Tech Center North America Inc|5455 Corporate Drive|Suite 300|Troy
1|Rainbow Hospitality LLC|54682 Birchfield Dr E||Shelby Township
1|Marada Industries Inc|54725 Grand River Avenue||New Hudson
1|Kvadrat Inc|549 Ottawa Avenue NW||Grand Rapids
1|Tooth Plymouth PLLC|55 S Main St||Clarkston
1|Allegan Public Schools|550 5th Street||Allegan
1|Lorient Capital Management LLC|550 W. MERILL|SUITE 210|BIRMINGHAM
1|Sana Health Inc|5500 Fort Street||Trenton
1|Christian School Association of Ann Arbor|5500 Whitmore Lake Road||Ann Arbor
1|H-A INDUSTRIES INC|5510 GATEWOOD DR||STERLING HEIGHTS
1|H-A Industries Inc|5510 Gatewood DR||Sterling Heights
1|Trenton Forging Company|5523 Hoover Street||Trenton
1|The New Wall Street LLC|5531 Windy Hill Lane||Jackson
1|Martin Motor Sports LLC|55390 Lyon Industrial Drive||New Hudson
1|Applied Textiles Inc|555 76th Street SW||Byron Center
1|Downriver Community Services Inc|555 St. Clair River Drive||Algonac
1|Gallagher-Kaiser Corporation|5555 New King Dr.||Troy
1|Washtenaw Literacy|5577 Whittaker Road||Ypsilanti
1|Gerdau Macsteel Inc|5591 Morrill Road||Jackson
1|California SoftTech Inc|5600 W Maple Road|STE C307|West Bloomfield Township
1|Avisoft LLC|5600 West Maple Road|Suite B-207|West Bloomfield
1|Community Health and Social Services Center Inc|5635 W. Fort St.|N/A|Detroit
1|ValTec LLC|565  S. Cedar St.||Imlay City
1|Xenith LLC|565 Griswold Street|Suite 111-131|Detroit
1|KUKA Assembly and Test Corp.|5675 Dixie Highway||Saginaw
1|Detroit Cristo Rey High School Inc|5679 W Vernor Hwy||Detroit
1|Tecumseh Products Company LLC|5683 Hines Drive||Ann Arbor
1|ADAC Plastics Inc|5690 Eagle Dr SE||Grand Rapids
1|RIIS LLC|570 Kirts Blvd.|Suite 211|Troy
1|PITSS America LLC|570 Kirts Blvd., Ste. 214||Troy
1|LSA NA LLC|5700 CROOKS ROAD|SUITE 101|TROY
1|Axitem Software Solution Inc|5700 W Plano Pkwy, Suite 1000||Plano
1|Clemens Food Group|572 Newton Road||Coldwater
1|Aptiv Corporation|5725 Innovation Dr.||Troy
1|East Village Medical Center, P.C.|5728 Schaefer Road||Dearborn
1|Delta Staffing LLC|5730 Bella Rosa Blvd.|Suite 300|Clarkston
1|Atom Design Services LLC|5735 Bella Rosa Blvd.||Clarkston
1|C-Vision Inc|575 E Big Beaver Road|Suite 190|Troy
1|Novem Car-Interior-Design Inc|5750 New King Drive|Suite 360|Troy
1|Dimensional Control Systems Inc|5750 New King Street|Suite 330|Troy
1|Paragon Home Healthcare Inc|576 Romence Road|Suite 221|Portage
1|Abras Technologies LLC|576 Romence Road, Suite 223||Portage
1|Techno Rehab Inc|5767 W Maple Road|Suite 400|West Bloomfield
1|Cyrix Data Systems LLC|5777 West Maple Road|Suite 180|West Bloomfield
1|Imaging Associates of Michigan, PLLC|580 W. College Ave||Marquette
1|Cancer & Hematology Centers of Western Michigan, PC|5800 Foremost Dr. SE||Grand Rapids
1|Cancer & Hematology Centers of Western Michigan PC|5800 Foremost Drive SE|Suite 300|Grand Rapids
1|Carhartt Inc|5800 Mercury Drive||Dearborn
1|Sumida America Inc|5800 Moody Drive||Clarkston
1|Gestamp Washtenaw LLC|5800 Sibley Road||Chelsea
1|Michigan Conference of Seventh-day Adventists|5801 W. Michigan Avenue||Lansing
1|Physicians Management Employee Leasing Co.|5802 S. 9th Street||Kalamazoo
1|TEKWISSEN LLC|581 STATE CIRCLE|SUITE A|ANN ARBOR
1|Kentwood Public Schools|5820 Eastern Ave SE||Kentwood
1|Galaxy Software Solutions Inc|5820 N. Lilley Road|Suite 8|Canton
1|Apollo Hospitalist Group, P.C.|5823 Middlebelt Road||Garden City
1|Tooth Plymouth PLLC|584 S Main St||Plymouth
1|Biodiscovery LLC|5840 Interface Drive|Suite 101|Ann Arbor
1|BROWSE INFO SOLUTIONS INC|5840 North Canton Center Road|Suite 299|Canton
1|United Wholesale Mortgage LLC|585 South Blvd East||Pontiac
1|United Wholesale Mortgage LLC|585 South Boulevard East||Pontiac
1|GT Technologies Inc|5859 E. Executive Drive||Westland
1|Aldevra LLC|5865 Venture Park Dr||Kalamazoo
1|Micro-LAM Inc|5870 S. Sprinkle Road|Suite 3|Portage
1|Metropolitan Hospital|5900 Byron Center Ave SW||Wyoming
1|Metropolitan Hospital|5900 Byron Center Avenue SW||Wyoming
1|Carhartt Inc|5900 Mercury Drive||Dearborn
1|Antler Bar Amusements LLC|5900 Water Road||Rothbury
1|Transition Home Health Partners LLC|5901 Chase Road|Suite 210|Dearborn
1|Debron Industrial Electronics LLC|591 Executive Drive||Troy
1|Cherry Republic Inc|5917 S Ray St.||Glen Arbor
1|iSapphire Solutions LLC|59245 Bavernhaus Ct||South Lyon
1|Zhang Financial LLC|5931 Oakland Drive||Portage
1|Lone Wolff Technologies LLC|5935 Lucas Ln||Muskegon
1|Micro-LAM Inc|5960 S Sprinkle Road||Portage
1|Micro-LAM Inc|5960 S. Sprinkle Road||Portage
1|MARVIK CONSULTING LLC|5960 TAHOE DR. SE|SUITE 104|GRAND RAPIDS
1|Technology Solutions Anywhere LLC|5966 Lovewood Ct||CANTON
1|Getman Corporation|59750 34th Avenue||Bangor
1|Endodontic Associates of Michigan, PLLC|600 Ann Arbor Road East|Suite 201|Plymouth
1|BLUE CROSS BLUE SHIELD OF MICHIGAN|600 E LAFAYETTE BLVD||DETROIT
1|Midland Public Schools|600 E. Carpenter Street||Midland
1|Blue Cross Blue Shield of Michigan|600 E. Lafayette Blvd||Detroit
1|BOYNE USA INC|600 Highland Drive||Harbor Springs
1|Gentex Corporation|600 N. Centennial St.||Zeeland
1|Gentex Corporation|600 N. Centennial Street||Zeeland
1|Enpower Greentech Inc|600 S Wagner Road||Ann Arbor
1|Cantilever Business Partners LLC|600 S. Wagner Road||Ann Arbor
1|Elmhaven Manor|600 W. Walton Blvd.||Pontiac
1|N.S. International, Ltd.|600 Wilshire Drive||Troy
1|Revela Inc|6001 Cass Ave|Flr 5|Detroit
1|Tata Technologies Inc|6001 Cass Avenue|Suite 600|Detroit
1|Unified Tech Group Inc|6001 N. ADAMS ROAD|Suite 155|Bloomfield Hills
1|Unified Tech Group Inc|6001 N. Adams Road|Suite 155|Bloomfield Hills
1|TTi Global Inc|6001 North Adams Road|Suite 185|Bloomfield Hills
1|Tecra Systems Inc|6005 East Executive Drive||Westland
1|MITEC Solutions Inc|6005 Executive Dr. East||Westland
1|Paragon Home Healthcare Inc|601 E Centre Ave||Portage
1|Rockford Construction Co.|601 First Street NW||Grand Rapids
1|Realism Is Loyalty|601 Martin Luther King Jr. St. SE||Grand Rapids
1|MAG Automotive LLC|6015 Center Drive||Sterling Heights
1|Akwel Cadillac USA, Ltd|603 7th Street||Cadillac
1|Reed City Group LLC|603 E. Church Street||Reed City
1|Nimble Therapeutics Inc|603 Science Drive||Madison
1|Akwel Cadillac USA Inc|603 W 7th Street||Cadillac
1|PROMAX ENGINEERING LLC|6035 E. EXECUTIVE DR||WESTLAND
1|KM Industrial Machinery Co.|6035 West D Avenue||Kalamazoo
1|Mecosta County Medical Center|605 Oak St||Big Rapids
1|Open Systems Technologies DE LLC|605 Seward Avenue NW||Grand Rapids
1|ARK CARDIOVASCULAR & ARRHYTHMIA CENTER, PLC|6050 GREENFIELD ROAD|Suite 101|Dearborn
1|Integral Tech Group LLC|6050 Greenfield Road|Suite 200|Dearborn
1|ARN IT Solutions LLC|607  Shelby|STE 700-1043|Detroit
1|BASCO OF MICHIGAN INC|607 SHELBY STREET||DETROIT
1|The Roy Company LLC|607 Shelby|Suite 710|Detroit
1|Michigan Blueprint Strategies LLC|607 Shelby St.|Ste 700, PMB 222|Detroit
1|Pioneer Medical Group PLLC|6071 W Outer Drive||Detroit
1|313 Hopsitality Group LLC|610 Nightingale St||Dearborn
1|Kalamazoo County Community Mental Health Authority|610 S Burdick St||Kalamazoo
1|Hacienda Mexican Foods LLC|6100 Buchanan||Detroit
1|Albion College|611 E. Porter Street||Albion
1|Vintech Industries Inc|611 Industrial Parkway||Imlay City
1|VINTECH Industries Inc|611 Industrial Pkwy||Imlay City
1|Vintech Industries Inc|611 Industrial Pkwy.||Imlay City
1|AIRTECS & PARTS SERVICES LLC|6111 Stewart Ct||Oscoda
1|Fontana Fasteners Inc|6125 18 Mile Road||Sterling Heights
1|Indicon Corporation|6125 Center Drive||Sterling Heights
1|Alma College|614 W. Superior St.||Alma
1|Alma College|614 W. Superior Street||Alma
1|RECRUITERS PLACE LLC|6140 28th st se|Ste 225|Grand Rapids
1|RX EXPRESS PHARMACY LLC|6149 N WAYNE ROAD||WESTLAND
1|Erfan Software Development Inc|615 S. Saginaw St.||Flint
1|Dieomatic Incorporated|6151 Bancroft Avenue SE||Alto
1|Human Element Inc|617 Detroit Street|Suite A|Ann Arbor
1|High-Star Corporation Inc|6171 Commerce Drive||Westland
1|MGA Roofing LLC|61800 Van Dyke||Washington
1|Davenport University|6191 Kraft Avenue||Grand Rapids
1|Neogen Corporation|620 Lesher Place||Lansing
1|Terumo Cardiovascular Systems Corporation|6200 Jackson Road||Ann Arbor
1|The Detroit Pistons Basketball Company|6201  2nd Avenue||Detroit
1|HOLCIM (US) INC|6211 N ANN ARBOR ROAD||DUNDEE
1|Holcim US Inc|6211 N Ann Arbor Road||Dundee
1|TD Industrial Coverings Incd/b/a TDIC|6220 18 1/2 Mile Road||Sterling Heights
1|LSPediA Inc|6230 Orchard Lake Road|Suite 280|West Bloomfield
1|Blue Pharmacy LLC|6240 Michigan Ave||Detroit
1|Alliance Physical Therapy Group LLC|625 Kenmoor Ave SE, Suite 100||Grand Rapids
1|CareEvolution LLC|625 N. Main Street||Ann Arbor
1|OMER NORTH AMERICA CORP|6250 15 MILE ROAD||STERLING HEIGHTS
1|Baig Dental Group, PC|6250 S. Cedar St.|Suite 5|Lansing
1|DuroByte Inc|627 Lansing Road||Potterville
1|SchoolsOPEN LLC|6276 Jackson Road|Suite B|Ann Arbor
1|PIYAJI HOTEL MOTEL & RESTAURANT MANAGEMENT CO.|6285 WESTSIDE SAGINAW ROAD||BAY CITY
1|The Bridger Group|630 Kemoor Ave SE|Suite 204|Grand Rapids
1|RX Care Specialty Pharmacy LLC|6300 Commerce Dr.||Westland
1|Biowell Pharmacy LLC|6300 Commerce Drive||Westland
1|Streamline HR Services LLC|6300 Sashabaw Road|Suite B|Clarkston
1|SUNERA TECHNOLOGIES INC|631  E BIG BEAVER|SUITE 109|TROY
1|Lee Contracting Inc|631 Cesar E. Chavez Avenue||Pontiac
1|Sutherland Digital Services Inc|631 E BUG BEAVER|Suite 109|TROY
1|SUTHERLAND DIGITAL SERVICES INC|631 E Big Beaver|Suite 109|Troy
1|TeKCommands Inc|631 E. Big Beaver Road|Suite 105|Troy
1|TEKCOMMANDS INC|631 EAST BIG BEAVER ROAD|SUITE 105|TROY
1|Valknut Inc|6310 Wall Street||Sterling Heights
1|Oetiker Inc|6317 Euclid Street||Marlette
1|Medplex Pharmacy LLC|6318 Dixie Hwy||Bridgeport
1|Nihi Franchising Inc|6321 Commerce Dr.||Westland
1|CONSTELLIUM AUTOMOTIVE USA LLC|6331 SCHOONER DR||VAN BUREN TOWNSHIP
1|CONSTELLIUM AUTOMOTIVE USA LLC|6331 SCHOONER ST.||VAN BUREN TOWNSHIP
1|CONSTELLIUM AUTOMOTIVE USA LLC|6331 Schooner St.||Van Buren Township
1|Constellium Automotive USA LLC|6331 Schooner Street||Van Buren Township
1|ERS ENGINEERING CORP.|6346 ORCHAROAD LAKE ROAD|SUITE 103|WEST BLOOMFIELD
1|Cyber Experts Group LLC|6347 Wildwood Ln||West Bloomfield
1|Hatch Stamping Company LLC|635 E. Industrial Drive||Chelsea
1|MPT Sterling Heights, a division of Magna Powertrain of America Inc|6363 E 14 Mile Road||Sterling Heights
1|MPT Sterling Heights, a division of Magna Powertrain of America Inc|6363 East 14 Mile Road||Sterling Heights
1|HORIZON SOFTECH INC|637 E BIG BEAVER ROAD|SUITE 101|TROY
1|Webmobilez Inc|637 E Big Beaver Road  209||Troy
1|TG Automotive Group LLC|637 East Big Beaver Road|Suite 111|Troy
1|Bonita Pharmaceuticals LLC|6380 Commerce Drive||Westland
1|School District of the City of Wyandotte|639 Oak Street||Wyandotte
1|HexArmor, Limited Partnership|640 Leffingwell Avenue NE||Grand Rapids
1|Neogen Corporation|640 Lesher Place||Lansing
1|Kwang Jin America Inc|6400 E. Eleven Mile Road||Warren
1|MANN HUMMEL USA INC|6400 S. Sprinkle Road||Portage
1|Advia Credit Union|6400 W Main St||Kalamazoo
1|Caring Pediatrics LLC|6401 Miller Road||Dearborn
1|LM Manufacturing LLC|6401 W Fort St||Detroit
1|LM Manufacturing LLC|6401 W. Fort Street||Detroit
1|Riverside Academy|6409 Schaefer Road||Dearborn
1|Conti LLC|6417 Center Drive||Sterling Heights
1|California SoftTech Inc|6441 Inkster Road|STE 130 and 140|Bloomfield Hills
1|Strategic Staffing Solutions, L.C.|645 Griswold|Suite 2900|Detroit
1|Cimpress Detroit Incorporated (subsidiary of Cimpress USA Incorporated)|645 Griswold Street|Suite 1846, 18th Floor|Detroit
1|OPENLOGIX CORPORATION|645 HULET DRIVE|SUITE 100|BLOOMFIELD HILLS
1|SILICONE CONCEPT INC|6471 COMMERCE DR||WESTLAND
1|Soils and Structures Inc|6480 Grand Haven Road||Muskegon
1|May Mobility Inc|650 Avis Dr., Ste. 100||Ann Arbor
1|Detroit Trading Company|650 S. Old Woodward Avenue||Birmingham
1|Walker Consultants Inc|650 Trade Centre Way|Suite 325|Portage
1|Lake Superior State University|650 West Easterday Avenue||Sault Ste Marie
1|Display Pack Inc|650 West Street||Cedar Springs
1|EGSOLUTION INC|6500 Centurion Drive|Suite 230|Lansing
1|Detroit Chassis LLC|6501 Lynch Road||Detroit
1|Detroit Thermal Systems LLC|6505 Cogswell St|Ste 100|Romulus
1|Detroit Thermal Systems LLC|6505 Cogswell Street|Suite 100|Romulus
1|Racquet Up Detroit|6530 W. Outer Drive||Detroit
1|Erbsloeh Aluminum Solutions Inc|6565 S Sprinkle Road||Portage
1|Forest Hills Public Schools|6590 CASCADE ROAD SE||Grand Rapids
1|Honigman LLP|660 Woodward Ave|Ste 2290|Detroit
1|Woodside Bible Church of Troy|6600 Rochester Road||Troy
1|Miba Hydramechanica Corp.|6625 Cobb||Sterling Heights
1|Miba HydraMechanica|6625 Cobb Drive||Sterling Heights
1|Vitech Engineering LLC|6660 Cobb Drive||Sterling Heights
1|Protek Management LLC|66956 Dorothy Trail||Washington
1|BuhlerPrince Inc|670 Windcrest Drive||Holland
1|A.G. Simpson (USA) Inc|6700 18 1/2 Mile Road||Sterling Heights
1|United Home Health Services Inc|6701 Harrison Street||Garden City
1|Archway Marketing Services|6703 Haggerty Road||Belleville
1|RS ENGINEERING LLC|6709 CENTURION DRIVE|SUITE 300|LANSING
1|River of Life School|671 McAlister Ave||Benton Harbor
1|Rydberg Technologies Inc|674 South Wagner Road||Ann Arbor
1|Bandit Industries Inc|6750 Millbrook Road||Remus
1|ITECH-GO LLC|6751 DIXIE HWY|STE 112|CLARKSTON
1|ILANS Inc|6763 Heatheridge Dr||Saline
1|Conexess Group LLC|680 Deer Street||Plymouth
1|Hyundai America Technical Center Inc|6800 Geddes Road||Superior Township
1|Yazaki North America Inc|6801 Haggerty Road||Canton
1|Magna Powertrain of America Inc|6806 23 Mile Road||Shelby Township
1|Sensors Inc|6812 State Road||Saline
1|Link Publishing Services|6812 West Ridge Dr||Brighton
1|Quality Behavioral Health Inc|6821 Medbury St||Detroit
1|Futrix Group Inc|684 Glenlivet St||Howell
1|Allied Technology Inc|6855 Metroplex Dr||Romulus
1|MMS HOLDINGS INC|6880 COMMERCE BLVD||CANTON
1|HEART CARE, P.C.|6889 HIGHLAND ROAD||WATERFORD
1|Friendship Circle|6892 W. Maple Road||West Bloomfield
1|AZD ASSOCIATES INC|6905 TELEGRAPH ROAD|SUITE 230|BLOOMFIELD HILLS
1|Plenus Tax & Accounting LLC|6905 Telegraph Road|Suite 360|Bloomfield Hills
1|Detroit Trading Company|691  N. Squirrel Road|Suite 250|Auburn Hills
1|SEOUL SEMICONDUCTOR INC|691 N SQUIRREL ROAD  215||AUBURN HILLS
1|Industrie Reply LLC|691 N Squirell Road, Suite 202||Auburn Hills
1|Industrie Reply LLC|691 N Squirrel Road|suite 202|Auburn Hills
1|Concept Reply LLC|691 N Squirrel Road, Suite 202||Auburn Hills
1|Materials Testing Consultants|693 Plymouth Ave NE||Grand Rapids
1|Aspen Surgical Products Inc|6945 Southbelt Drive SE||Caledonia
1|Dawn Technologies Corporation|696 North Mill Street|Ste 111|Plymouth
1|Angstrom Electric LLC|70 E Silverdome Industrial Park||Pontiac
1|JSJ Corporation|700 Robbins Road||Grand Haven
1|Paraclete Energy Inc|700 West Industrial Drive||Chelsea
1|Blueflite Inc|7000 Kensington Road||Brighton
1|Norlite Nursing Centers of Marquette Inc|701 Homestead St||Marquette
1|GHSP Inc|701 S. Waverly Road|Suite 100|Holland
1|Integrated Health Systems, In c.|701 South Health Parkway|N/A|Three Rivers
1|Universal Transport II LLC|7010 Middlebelt Road||Romulus
1|DiaMedical USA Equipment LLC|7013 Orchard Lake Road|Suite 110|West Bloomfield
1|TransForm Automotive LLC|7026 Sterling Ponds Court||Sterling Heights
1|Balance Technology Inc|7035 Jomar Drive||Whitmore Lake
1|Episdata Inc|704 Huron Ave||Port Huron
1|R&E Automated Systems LLC|70701 Powell Road||Bruce Township
1|Pinnacle Technology Group Inc|7076 Schnipke Dr.||Ottawa Lake
1|Aperam Stainless Services & Solutions USA LLC|7077 18 1/2 Mile Road||Sterling Heights
1|Warrior Sports|7080 23 Mile Road||Shelby Township
1|THE REALLY USEFUL INFORMATION COMPANY LLC|709 ELLSWORTH ROAD|SUITE 200|ANN ARBOR
1|InterClean Equipment LLC|709 James L Hart Parkway||Ypsilanti
1|United Way of the Battle Creek and Kalamazoo Region|709 South Wedtnedge||Kalamazoo
1|Serenity Doctors PC|71 E. Long Lake Road A||Bloomfield Hills
1|Ben Washington and Sons Plumbing & Heating Inc|7116 Tireman Street||Detroit
1|W. Soule & Company|7125 S Sprinkle Road||Portage
1|SMS Staffing Solutions Inc|7140 W. Fort St.||Detroit
1|SMS Staffing Solutions Inc|7140 W. Fort Street||Detroit
1|SMS Staffing Solutions Inc|7140 W. Forth Street||Detroit
1|MFGx LLC|715 E South Blvd.|Suite 201|Rochester Hills
1|ECM SOLUTIONS LLC|7150 CAMINO DEL REY DRIVE, NE||ROCKFORD
1|Demand Chain AI Inc|7151 Trappers Ridge||Battle Creek
1|Optiflow LLC|7167 Jackson Road||Ann Arbor
1|Fusion Learning INC|72 Monroe Center Avenue NW|Suite B|Grand Rapids
1|Fusion Learning INC|72 Monroe Center Street NW|Suite B|Grand Rapids
1|Hydrosimulatics INC|721 N CAPITOL AVE|STE 2|Lansing
1|Michigan In-Home Partner-I LLC|722 W. Washington Street|Suite A|Marquette
1|Enhanced Compliance Inc|7230 Holden Road||Stevensville
1|William Davidson Institute at the University of Michigan|724 E. University Avenue|Wyly Hall, 1st Floor|Ann Arbor
1|Jomar Group Ltd|7243 Miller Dr||Warren
1|Osirius Group LLC|725 S Adams Road|Suite 205|Birmingham
1|SeaView Systems Inc|7275 Joy Road|Suite A|Dexter
1|SeaView Systems Inc|7275 W Joy Road|Suite A|Dexter
1|Moonstar Express LLC|7277 Rawsonville Road||Belleville
1|Hexin Machinery USA Inc|7290 Kensington Road||Brighton
1|Orb Aerospace Inc|730 Lincoln Lake Ave||Lowell
1|Orb Aerospace Inc|730 Lincoln Lake Ave SE|Building 3|Lowell
1|Burke E. Porter Machinery Company|730 Plymouth Ave NE||Grand Rapids
1|EZM LLC|730 Welch Road||Commerce Township
1|VAYAN GROUP LLC|7300 15 MILE ROAD||STERLING HEIGHTS
1|Artiflex Manufacturing Inc|731  Broadway Ave||Grand Rapids
1|Green Ridge Country Club|7333 Knapp St NE||Ada
1|Farm Bureau Life Insurance Company of Michigan|7373 W Saginaw Hwy||Lansing
1|Farm Bureau Life Insurance Company of Michigan|7373 W Saginaw Hwy.||Lansing
1|Farm Bureau Mutual Insurance Company of Michigan|7373 W. Saginaw Hwy.||Lansing
1|Great Lakes Environmental Center Inc|739 Hastings Street||Traverse
1|SAGINAW VALLEY STATE UNIVERSITY|7400 BAY ROAD||UNIVERSITY CENTER
1|Saginaw Valley State University|7400 Bay Road||University Center
1|West Michigan Cardiology, PC|743 East Beltline Avenue NE||Grand Rapids
1|AVPM MI PC 7 LLC|7430 Allen Road||Allen Park
1|Cascade Die Casting Group Inc|7441 S. Division Ave||Grand Rapids
1|ShoreWise Consulting LLC|745 Barclay Circle|Unit 310|Rochester Hills
1|Ascion LLC|750 Denison Court||Bloomfield Hills
1|Air International (US) Inc|750 Standard Parkway||Auburn Hills
1|MAGNA CLOSURES OF AMERICA INC|750 TOWER DRIVE|MAIL CODE 2000|Troy
1|Magna Services of America Inc|750 Tower  Drive||Troy
1|Bridgewater Interiors LLC|7500 Tank Avenue||Warren
1|Quality Behavioral Health Inc|751 East Grand Blvd.,||Detroit
1|Access Plus Rehab LLC|7520 Greenfield Road||Dearborn
1|Archway Marketing Services|7525 Cogswell Road||Romulus
1|A-Line Staffing Solutions LLC|7529 Auburn Road||Utica
1|Redsnap Solutions LLC|753 Groveland Cr||Ann Arbor
1|Alticor Inc|7575 FULTON STREET EAST||ADA
1|Amway International Inc|7575 Fulton St|Suite 78-2M|Ada
1|Alticor Inc|7575 Fulton Street E||Ada
1|Mitsubishi Chemical America Inc|760 Welch Road||Commerce Township
1|FORTECH PRODUCTS INC|7600 KENSINGTON CT.||BRIGHTON
1|PHA Michigan LLC|765 Standard Parkway||Auburn Hills
1|Sixarp LLC|7650 Caterpillar Court SW||Grand Rapids
1|Sixarp LLC|7650 Caterpillar Ct SW|Suite D|Grand Rapids
1|Vianet Management LLC|77 Monroe Center St. NW|Suite 600|Grand Rapids
1|CONTROL SYSTEMS INTEGRATORS INC|7701 NORTHPORT DRIVE||LANSING
1|Control System Integrators|7701 Northport Dr.||Lansing
1|State and Liberty Clothing Company LLC|772 Airport Blvd|Suite 1|Ann Arbor
1|The PAC Group|775 W Big Beever Road|Suite 1875|Troy
1|Gallagher-Kaiser Corporation|777 Chicago Road||Troy
1|cPaperless LLC|777 E Eisenhower Parkway|Suite 950|Ann Arbor
1|HAND ENTERPRISE SOLUTIONS USA INC|777 E Eisenhower Pkwy|Ste 765|Ann Arbor
1|Trenton Corporation|7770 Jackson Road||Ann Arbor
1|Chachapoya Films LLC|7786 Inama Road||Sauk City
1|Landscape Forms Inc|7800 E. Michigan Ave||Kalamazoo
1|Landscape Forms Inc|7800 East Michigan Avenue||Kalamazoo
1|Singh Automation LLC|7804 S. Sprinkle Road||Portage
1|Alten Technology USA Inc|7830 Thorndike Road||GREENSBORO
1|Walker Legal Group PLLC|7837 South Sprinkle Road||Portage
1|Jeffs Bronco Graveyard|7843 Lochlin Dr||Brighton
1|MeltTools LLC|7849 S Sprinkle Road||Portage
1|Itapsys Software Solution Inc|7851 Spring Arbor Road|Suite 10|Spring Arbor
1|The Romine Group|7877 Stead St.||Utica
1|The Romine Group, Inx.|7877 Stead, Ste. 100||Utica
1|ProQuest LLC|789 E Eisenhower Parkway||Ann Arbor
1|Clarivate Analytics (US) LLC|789 Eisenhower Pkwy||Ann Arbor
1|NSF International|789 N. Dixboro Road||Ann Arbor
1|Kent County CMH Authority|790 Fuller Ave NE||Grand Rapids
1|Norm Fasteners Co.|7977 Centerline Dr.|Suite 1|Dimondale
1|South Christian High School Association|7979 Kalamazoo Avenue SE||Byron Center
1|LUMEN IT SERVICES LLC|80 Ottawa Ave NW|Suite 408|Grand Rapids
1|CEI Composite Materials LLC|800 E. Duncan St.||Manchester
1|Ascension St. Marys Hospital|800 South Washington Avenue||Saginaw
1|Convergix East Michigan LLC|800 Standard Pkwy||Auburn Hills
1|International Union UAW|8000 East Jefferson Avenue||Detroit
1|Spine Care Partners LLC|8008 Anchor Bay Dr.||Algonac
1|LWH Enterprises Inc|801 Joe Mann Blvd.|Suite P-14|Midland
1|Giggso Inc|801 W Big Beaver Road|STE 314|Troy
1|Automatic Spring Products Corporation|803 Taylor Avenue||Grand Haven
1|CENTERLINE CITY PHARMACY LLC|8033 E 10 MILE ROAD|Ste 103|Centerline
1|Walker-Miller Energy Services LLC|8045 2nd Avenue||Detroit
1|MP Management Group FL LLC|805 Oakwood Drive|Suite 250|Rochester
1|CHT USA Inc|805 Wolfe Avenue||Cassopolis
1|The Potters House|810 VanRaalte Drive SW||Grand Rapids
1|MONROE ENVIRONMENTAL CORPORATION|810 W FRONT ST.||MONROE
1|Ped P.C.|814 North Macomb Street||Monroe
1|FM Sylvan Inc|815 Auburn Avenue||Pontiac
1|Trilogy Marketing Incorporated|815 N. Opdyke Road|Building 200|Auburn Hills
1|Armstrong International Inc|816 Maple Street||Three Rivers
1|WL Molding of Michigan LLC|8212 Shaver Road||Portage
1|Otava|825 Victors Way||Ann Arbor
1|MEMORIAL HOSPITAL|826 W KING ST||OWOSSO
1|The Memorial Hospital|826 West King Street||Owosso
1|Broadgate Inc|830  Kirts Blvd|STE 400|Troy
1|COTMAC ELECTRONICS INC|830 KIRTS BOULEVAROAD|SUITE 350|TROY
1|Primesoft Technologies Inc|830 Kirts Blvd, Ste  380||Troy
1|Broadgate Inc|830 Kirts Blvd.|Suite 400|Troy
1|Donarski Center for Mental Health Counseling LLC|830 Pleasant St|Suite 201|SAINT JOSEPH
1|Pace Physical Therapy PC|8338 Allen Road|Suite 102B|Allen Park
1|QUANTEK TECHNOLOGIES LLC|835 MASON|STE A330|DEARBORN
1|Evonomy Inc|8385 Jordan Road||Melvin
1|A2Mac1 LLC|8393 Rawsonville Road||Belleville
1|Process Control & Instrumentation LLC|840 W. Milwaukee Street||Detroit
1|U.P. Rehab Services LLC|841 W. Washington Street|Suite 500|Marquette
1|Business Solution Consultants LLC|8431 Misty Meadows||Grand Blanc
1|Control Gaging Inc|847 Avis Drive||Ann Arbor
1|TECHJORDAN LLC|847 SUMPTER ROAD||BELLEVILLE
1|Adventist Information Ministry|8490 E Campus Circle Drive|Suite 214|Berrien Springs
1|Adventist Information Ministry|8490 E. Campus Circle Dr. Suite 215||Berrien Springs
1|ENQBATOR LLC|850  Stephenson Hwy|STE 202A|Troy
1|SpartanNash Associates LLC|850 76th St SW||Byron Center
1|Detroit Engineered Products Inc|850 E. Long Lake Road||Troy
1|TEKSOFT SYSTEMS INC|850 STEPHEN HWY|STE 202|TROY
1|ICONMA LLC|850 STEPHENSON HIGHWAY|SUITE 612|Troy
1|TEKSOFT SYSTEMS INC|850 STEPHENSON HWY, STE 202||TROY
1|ICONMA LLC|850 Stephenson Hwy|STE 612|Troy
1|Teksoft Systems Inc|850 Stephenson Hwy, Ste 202||Troy
1|Tekshapers Inc|850 Stephenson Hwy.|Suite 205|Troy
1|Samhithmed Pro Inc|8501 Main St.||Birch Run
1|Therapy Management Inc|851 Penniman Avenue||Plymouth
1|MG Software Consultants Inc|8550 N. Canton Center Road|Canton Professional Park|Canton
1|SILVER LININGS CARE PLLC|8560 N. Silvery Lane|Suite 101|Dearborn Heights
1|Performance Rehab Inc|8565 N Silvery Lane, Suite 401||Dearborn Heights
1|Kalamazoo Outdoor Gourmet LLC|8566 Krum Avenue||Galesburg
1|WATERVLIET COMMUNITY PHARMACY LLC|8593 RED ARROW HWY||WATERVLIET
1|Burble Software Company LLC|8607 Cady Road|suite A|Jackson
1|Pro-Vision, Solutions LLC|8625-B Byron Commerce Dr. SW||Byron Center
1|SPA Associates|8639 Hall Road||Utica
1|CRANE COST & CARE INC|865 South Fort||Detroit
1|Cerebral Body L.L.C.|867 Grand Oaks Dr||Howell
1|Prohealth Clinic PLLC|8713 Joseph Campau Ave||Hamtramck
1|Numed Technologies LLC|8729 Bonaventure Dr.||Brighton
1|Jlan USA Technologies Inc|8731 Quincy Dr||Westland
1|JLAN USA Technologies|8731 Quincy Dr.||Westland
1|Eastern Michigan University|878 W. Cross Street|103 Boone Hall|Ypsilanti
1|Chowdhury, MD, PLLC|8795 Pine Ridge Drive||Cadillac
1|Motus LLC|88  E. 48th Street||Holland
1|Motus LLC|88 E. 48th Street||Holland
1|I-TECHOPS LLC|880 W Long Lake Road|Ste 225|Troy
1|PLMITPRO LLC|880 WEST LONG LAKE ROAD|SUITE 225|TROY
1|Electronic Warning Technologies LLC|8804 Lamplighter Lane||Cadillac
1|Conexess Group LLC|885 Penniman Avenue|Suite 6038|Plymouth
1|webAI Inc|89 Ionia Ave NW|Suite 600|Grand Rapids
1|Prism Controls Inc|890 O.E. Bieri Industrial Drive||Lowell
1|Orca Developments LLC|8939 Gilbert Trail||Traverse City
1|Yard Management Solutions LLC|899 Stony Lake Court.||Oxford
1|WIT INC|900  Tower Drive|STE 325|Troy
1|WIT INC|900  Tower Drive, STE  325||Troy
1|Anu Sushi LLC|900 52nd Street SE||Grand Rapids
1|Asahi Kasei Plastics North America Inc|900 E. Van Riper Road||Fowlerville
1|Comstar Automotive USA LLC|900 East Industrial Drive||Tecumseh
1|ANN ARBOR PHARMACOMETRICS GROUP|900 VICTORS WAY|SUITE 328|Ann Arbor
1|Dako Resources LLC|900 Wilshire Drive|Suite 280|Troy
1|Grouper Acquisition Company LLC|9000 E. Michigan Avenue||Galesburg
1|Steelcase Inc|901 44th Street||Grand Rapids
1|Steelcase Inc|901 44th Street Se||Grand Rapids
1|Bethany Christian Services|901 Eastern Ave NE||Grand Rapids
1|Michigan In-Home Partner-III LLC (383)|901 W. Sharon Ave|Suite 3|Houghton
1|Catensys US Inc|901 Wilshire Dr.|Suite 560|Tory
1|THK Rhythm Automotive|902 Lyons Road||Portland
1|Rehabilitation Specialists of Monroe, P.C.|905 North Macomb Street, Suite 3||Monroe
1|Spalding DeDecker Associates Inc|905 South Boulevard East||Rochester Hills
1|Treetops Collective|906 Division Avenue S||Grand Rapids
1|Hospital Consultants, P.C.|9062 Highgrove Court||Grand Blanc
1|Addis Enterprises LLC|908 EAST MOUNT HOPE AVE||LANSING
1|Fuyao Automotive North America Inc|909  N. Sheldon Road||Plymouth
1|Fuyao Automotive North America Inc|909 N. Sheldon Road||Plymouth
1|LPC YPSI, PLLC|9090 Dwight Street||Detroit
1|Pretty Lake Vacation Camp|9123 W Q Ave||Mattawan
1|Erfan Software Development Inc|9146 Fenton Road||Grand Blanc
1|Our Lady of the Lake Catholic School|915 Pleasant Street||St. Joseph
1|DXRacer USA LLC|9177 E M36||Whitmore Lake
1|DXRACER USA LLC|9177 E. MICHIGAN 36||WHITMORE LAKE
1|Laansa Drugs Llc|920 North Johnson St||Bay City
1|Flex-N-Gate Detroit LLC|9201 Saint Cyril Street||Detroit
1|Flex-N-Gate Detroit LLC|9201 St. Cyril Street||Detroit
1|AIRMASTER FAN COMPANY|9229 S. MERIDIAN ROAD||CLARKLAKE
1|Airmaster Fan Company|9229 S. Meridian||Clarklake
1|Rec Boat Holdings LLC|925 Frisbie Street||Cadillac
1|BMK Solutions LLC|925 N. Lapeer Road|Suite 189-B|Oxford
1|Trinitarian Bible Society USA|927 ALPINE COMMERCE PARK NW|Ste 100|Grand Rapids
1|Tenneco Automotive Operating Company Inc|929 Anderson Road||Litchfield
1|The John E. Fetzer Institute Inc|9292 W KL Avenue||Kalamazoo
1|ALL STAR BEAUTY SUPPLY REDFORD LLC|9317 TELEGRAPH ROAD||REDFORD
1|Fremont Insurance Company|933 East Main Street||Fremont
1|St. Marys Cement US LLC|9333 Dearborn St||Detroit
1|St. Marys Cement US LLC|9333 Dearborn St.||Detroit
1|St. Marys Cement U.S. LLC|9333 Dearborn Street||Detroit
1|Wolverine World Wide Inc|9341 Courtland Drive NE||Rockford
1|Wolverine World Wide Inc|9431 Courtland Drive NE||Rockford
1|Motor City Electric Co.|9440 Grinnell Street||Detroit
1|New Center Stamping Inc|950 E Milwaukee||Detroit
1|SANYO MACHINE AMERICA CORPORATION|950 SOUTH ROCHESTER ROAD||ROCHESTER HILLS
1|Silkroute Global Inc|950 Stephenson Hwy.||Troy
1|BRONSON SOUTH HAVEN HOSPITAL|955 S. BAILEY AVENUE||SOUTH HAVEN
1|INNOMINDS SYSTEMS INC|955 Scott Lake Road|Suite 105|Waterford
1|Brass Aluminum Forging Enterprises LLC|965 Wanda Street||Ferndale
1|Sodecia Automotive North America Inc|969 Chicago Road||Troy
1|Mission Design & Automation LLC|9696 Black River Court||Holland
1|Becky and Jessicas Place|970 Savage Road||VAN BUREN TWP
1|Family Health Center & Rehab|9743 Conant||Hamtramck
1|AKKA Group North America Inc|975 S Opdyke Road|STE 175|Auburn Hills
1|Kolbenschmidt Pistons USA LLC|975 S. Opdyke Road|Suite 100|Auburn Hills
1|WinterPark Engineering LLC|975 Spaulding Ave||Ada
1|The Oakwood Group|9755 Inkster Road||Taylor
1|The Acton Institute|98 E Fulton Street||Grand Rapids
1|The Acton Institute for the Study of Religion and Liberty|98 Fulton St. E||Grand Rapids
1|Koops Inc|987 Productions Court||Holland
1|Stonewall Road Auto Group|99 Monroe Ave NE|Ste 200|Grand Rapids
1|The Mothership Consulting and Events LLC|9935 Greenfield Road||Detroit
1|Drive Staffing Solutions LLC|995 N PONTIAC TRL UNIT 1322||WALLED LAKE
1|Control-Tec LLC|999 Republic Drive|Suite 100|Allen Park
1|Netlink Software Group America Inc|999 Tech Row|Suite 100|Madison Heights
1|Kelly Services Inc|999 W. Big Beaver Road||Troy
1|Kelly Services Inc|999 WEST BIG BEAVER ROAD||Troy
1|MICHIGAN STATE UNIVERSITY|ADMINISTRATION BUILDING|426 AUDITORIUM RD ROOM 422|EAST LANSING
1|Michigan State University|Administration Building|426 Auditorium Rd., Room 422|East Lansing
1|Michigan State University|Administration Building, 426 Auditorium Road|Room 422|East Lansing
1|Bhrigus Inc|Bhrigus Inc.|38345 W 10 Mile Road|Farmington Hills
1|Roman Catholic Diocese of Grand Rapids|Cathedral Square Center|360 Division Ave S|Grand Rapids
1|AJM Packaging Corporation|E-4111 Andover Road||Bloomfield Hills
1|Flint Pharmacy MI LLC|G-3333 Beecher Road||Flint
1|Pulmonary Associates PC|G3252 Beecher Road||Flint
1|Security Packaging Inc|G3367 Corunna Road||Flint
1|MIRACLE SOFTWARE SYSTEMS INC|GRAND RIVER AVENUE||NOVI
1|Behr-Hella Thermocontrol Inc|Halsted Point, 37000 W. Twelve Mile Road|Suite 112|Farmington Hills
1|Steven E Alder|I0325 HIGHLAND ROAD, SUITE B||WHITE LAKE
1|University of Michigan|International Cener|515 E. Jefferson Street, 1500 SAB|Ann Arbor
1|Ming Chuan University|MCU-MI REGIONAL EDUCATION CENTER|7400 BAY ROAD|UNIVERSITY CENTER
1|Moonstar Express LLC|Moonstar Express LLC||Belleville
1|CONTINENTAL AUTOMOTIVE SYSTEMS INC|ONE CONTINENTAL DRIVE||Auburn Hills
1|HAWORTH INC|ONE HAWORTH CENTER||HOLLAND
1|VISTEON CORPORATION|ONE VILLAGE CENTER DRIVE||VAN BUREN TOWNSHIP
1|TECHNOSOFT CORPORATION|ONE, TOWNE SQUARE|6TH FLOOR|SOUTHFIELD
1|Continental Automotive Systems Inc|One  Continental Drive||Auburn Hills
1|DENSO Manufacturing Michigan Inc|One DENSO Road||Battle Creek
1|American Axle & Manufacturing Inc|One Dauch Drive||Detroit
1|Haworth Inc|One Haworth Center||Holland
1|Hurley Medical Center|One Hurley Plaza||Flint
1|DRiV Automotive Inc|One International Drive||Monroe
1|Marketing Associates LLC dba OneMagnify|One Kennedy Square, 777  Woodward Avenue|Suite 500|Detroit
1|Marketing Associates LLC dba OneMagnify|One Kennedy Square, 777 Woodward Avenue|Suite 500|Detroit
1|La-Z-Boy Incorporated|One La-Z-Boy Drive||Monroe
1|McLaren Health Care|One McLaren Parkway||Grand Blanc
1|W.K. Kellogg Foundation|One Michigan Avenue East||Battle Creek
1|Trilogy International Inc|One Towne Square, Suite 1835||Southfield
1|Visteon Corporation|One Village Center Dr||Van Buren Township
1|WOLVERINE MUTUAL INSURANCE CO|One Wolverine Way||Dowagiac
1|Fontinalis Partners LLC|One Woodward Avenue|Suite 1600|Detroit
1|X-Ray Associates of Port Huron, P.C.|P.O. Box 610458||Port Huron
1|Fadi Salloum, M.D., P.C.|P.O. Box 869||Bloomfield Hills
1|MID Michigan Ambulatory Physicians PLC|PO Box 2280||Brighton
1|Larky Inc|PO Box 4177||Ann Arbor
1|Larky|Po Box 4177||Ann Arbor
1|Berrien Mental Health Authority|Riverwood Center|1485 M-139|Benton Harbor
1|ZF Active Safety US Inc|Tech Center Drive||Livonia
1|Atwell LLC|Two Towne Square|Suite 700|Southfield
1|University of Michigan|University of Michigan|515 E. Jefferson Street, 1500 SAB|Ann Arbor
1|Hamar Quandt Co|W7400 Hwy US 2||Quinnesec
1|Oakland University|Wilson Hall Room 203|371 Wilson Blvd|Rochester
(5370 rows)
