count|employer_name|employer_address1|employer_address2|employer_city
67|3EDGEUSA GROUP LLC|15 CORPORATE PLACE SOUTH|444|PISCATAWAY
67|SOFTWARE PROGRAMMING GROUP LLC|15 CORPORATE PLACE SOUTH|FLR. 421|PISCATAWAY
67|TEJASE TECHNOLOGIES INC|15 CORPORATE PLACE SOUTH|STE 216A|Piscataway
67|STARK ASSOCIATES LLC|15 CORPORATE PLACE SOUTH|STE 350|PISCATAWAY
67|Stark Associates LLC|15 CORPORATE PLACE SOUTH|STE 350|PISCATAWAY
67|SAMP ENGINEERING INC|15 CORPORATE PLACE SOUTH|STE 352|PISCATAWAY
67|OMSUM ENGINEERING LLC|15 CORPORATE PLACE SOUTH|SUITE 102|PISCATAWAY
67|CRAVE INFOTECH LLC|15 CORPORATE PLACE SOUTH|SUITE 104|PISCATAWAY
67|RENOTEK SOLUTIONS LLC|15 CORPORATE PLACE SOUTH|SUITE 124|PISCATAWAY
67|RENOTEK GROUP LLC|15 CORPORATE PLACE SOUTH|SUITE 124|PISCATAWAY
67|PROWISE SOLUTIONS INC|15 CORPORATE PLACE SOUTH|SUITE 135|PISCATAWAY
67|AMERITEK GLOBAL INC|15 CORPORATE PLACE SOUTH|SUITE 136|PISCATAWAY
67|SUNFIX TECHNOLOGIES INC|15 CORPORATE PLACE SOUTH|SUITE 140|PISCATAWAY
67|WIZARD TECH SOLUTIONS INC|15 CORPORATE PLACE SOUTH|SUITE 148|PISCATAWAY
67|FUTURE PROMISE EDUCATIONAL SERVICES INC|15 CORPORATE PLACE SOUTH|SUITE 150|PISCATAWAY
67|HELISHORES INC|15 CORPORATE PLACE SOUTH|SUITE 207|PISCATAWAY
67|ELEMENT TECHNOLOGIES INC|15 CORPORATE PLACE SOUTH|SUITE 209|PISCATWAY
67|ELEMENT TECHNOLOGIES INC|15 CORPORATE PLACE SOUTH|SUITE 209|PISCATAWAY
67|TECHNOLOGY SQUARE INC|15 CORPORATE PLACE SOUTH|SUITE 210|PISCATAWAY
67|GLOBAL DATA TEK INC|15 CORPORATE PLACE SOUTH|SUITE 210|PISCATAWAY
67|6COM INC|15 CORPORATE PLACE SOUTH|SUITE 210|PISCATAWAY
67|HSK TECHNOLOGIES INC|15 CORPORATE PLACE SOUTH|SUITE 213 B|PISCATAWAY
67|BRIDGETOWN CONSULTING GROUP INC|15 CORPORATE PLACE SOUTH|SUITE 216|PISCATAWAY
67|TEJASE TECHNOLOGIES INC|15 CORPORATE PLACE SOUTH|SUITE 216 A|PISCATAWAY
67|TEJASE TECHNOLOGIES INC|15 CORPORATE PLACE SOUTH|SUITE 216A|PISCATAWAY
67|WIZARD TECH SOLUTIONS INC|15 CORPORATE PLACE SOUTH|SUITE 217|PISCATAWAY
67|SOFTOVA INC|15 CORPORATE PLACE SOUTH|SUITE 315|PISCATAWAY
67|SOFTOVAINC|15 CORPORATE PLACE SOUTH|SUITE 315|PISCATAWAY
67|3A SOFT INC|15 CORPORATE PLACE SOUTH|SUITE 319|PISCATAWAY
67|EXA DATA SOLUTIONS INC|15 CORPORATE PLACE SOUTH|SUITE 320|PISCATAWAY
67|PY DATA SOLUTIONS INC|15 CORPORATE PLACE SOUTH|SUITE 320|PISCATAWAY
67|SHAYAAN CORPORATION INC|15 CORPORATE PLACE SOUTH|SUITE 333|PISCATAWAY
67|SHAYAAN CORPORATION INC|15 CORPORATE PLACE SOUTH|SUITE 333F|PISCATAWAY
67|LEARNBEYOND CONSULTING LLC|15 CORPORATE PLACE SOUTH|SUITE 345|PISCATAWAY
67|STARK ASSOCIATES LLC|15 CORPORATE PLACE SOUTH|SUITE 350|PISCATAWAY
67|Stark Associates LLC|15 CORPORATE PLACE SOUTH|SUITE 350|PISCATAWAY
67|DATAMETRICS SOFTWARE SYSTEMS INC|15 CORPORATE PLACE SOUTH|SUITE 351|PISCATAWAY
67|SAMP ENGINEERING INC|15 CORPORATE PLACE SOUTH|SUITE 352|PISCATAWAY
67|M2M COMPUTING SOLUTIONS INC|15 CORPORATE PLACE SOUTH|SUITE 352 A|PISCATAWAY
67|M2M COMPUTING SOLUTIONS INC|15 CORPORATE PLACE SOUTH|SUITE 352A|PISCATAWAY
67|VIZPLUM CORPORATION|15 CORPORATE PLACE SOUTH|SUITE 354|PISCATAWAY
67|RANG TECHNOLOGIES INC|15 CORPORATE PLACE SOUTH|SUITE 356|PISCATAWAY
67|KVRA TECH INC|15 CORPORATE PLACE SOUTH|SUITE 369|PISCATAWAY
67|LORHAN IT SERVICES INC|15 CORPORATE PLACE SOUTH|SUITE 400|PISCATAWAY
67|FUTURE PROMISE EDUCATIONAL SERVICES INC|15 CORPORATE PLACE SOUTH|SUITE 404|PISCATAWAY
67|PRIMESOFT INC|15 CORPORATE PLACE SOUTH|SUITE 416|PISCATAWAY
67|Salesforce Developer|15 CORPORATE PLACE SOUTH|SUITE 419 D|PISCATAWAY
67|PROWISE SOLUTIONS INC|15 CORPORATE PLACE SOUTH|SUITE 419 D|PISCATAWAY
67|PROWISE SOLUTIONS INC|15 CORPORATE PLACE SOUTH|SUITE 419 D|SUITE  419 D
67|DISCOVER TECHNOLOGIES INC|15 CORPORATE PLACE SOUTH|SUITE 419B|PISCATAWAY
67|ITGEEKS INC|15 CORPORATE PLACE SOUTH|SUITE 419B|PISCATAWAY
67|AGA FINCORP INC|15 CORPORATE PLACE SOUTH|SUITE 419C|PISCATAWAY
67|PROWISE SOLUTIONS INC|15 CORPORATE PLACE SOUTH|SUITE 419D|PISCATAWAY
67|ALPHA CLINICAL SYSTEMS INC|15 CORPORATE PLACE SOUTH|SUITE 420|PISCATAWAY
67|GLOBAL IT INVESTORS INC|15 CORPORATE PLACE SOUTH|SUITE 421|PISCATAWAY
67|SOFTWARE PROGRAMMING GROUP LLC|15 CORPORATE PLACE SOUTH|SUITE 421|PISCATAWAY
67|PRIMESOFT CONSULTING SERVICES INC|15 CORPORATE PLACE SOUTH|SUITE 424|PISCATAWAY
67|DATAWIN SYSTEMS INC|15 CORPORATE PLACE SOUTH|SUITE 425|PISCATAWAY
67|Sunmerge Systems Inc|15 CORPORATE PLACE SOUTH|SUITE 430|PISCATAWAY
67|3EDGEUSA GROUP LLC|15 CORPORATE PLACE SOUTH|SUITE 444|PISCATAWAY
67|INTELLYK INC|15 CORPORATE PLACE SOUTH|SUITE 450|PISCATAWAY
67|Stark Associates LLC|15 CORPORATE PLACE SOUTH|Ste 350|Piscataway
67|GLOBAL DATA TEK INC|15 CORPORATE PLACE SOUTH|Suite 120|Piscataway
67|GLOBAL DATA TEK INC|15 CORPORATE PLACE SOUTH|Suite 210|Piscataway
67|Alpha Clinical Systems Inc|15 CORPORATE PLACE SOUTH|Suite 420|Piscataway
67|3EDGEUSA GROUP LLC|15 CORPORATE PLACE SOUTH|Suite 444|PISCATAWAY
67|TEJASE TECHNOLOGIES INC|15 CORPORATE PLACE SOUTH||Piscataway
61|Ethicon Endo- Surgery Inc|One Johnson & Johnson Plaza||New Brunswick
61|C-SATS Inc|One Johnson & Johnson Plaza||New Brunswick
61|Medical Devices & Diagnostics Global Services LLC|One Johnson & Johnson Plaza||New Brunswick
61|MEDICAL DEVICE BUSINESS SERVICES INC|One Johnson & Johnson Plaza||New Brunswick
61|NeuWave Medical Inc|One Johnson & Johnson Plaza||New Brunswick
61|AMO Sales and Services Inc|One Johnson & Johnson Plaza||New Brunswick
61|AMO Sales & Service Inc|One Johnson & Johnson Plaza||New Brunswick
61|AMO Manufacturing USA LLC|One Johnson & Johnson Plaza||New Brunswick
61|ETHICON ENDO - SURGERY INC|One Johnson & Johnson Plaza||New Brunswick
61|Shockwave Medical Inc|One Johnson & Johnson Plaza||New Brunswick
61|Ethicon US LLC|One Johnson & Johnson Plaza||New Brunswick
61|Auris Heath Inc|One Johnson & Johnson Plaza||New Brunswick
61|Verb Surgical Inc|One Johnson & Johnson Plaza||New Brunswick
61|Coherex Medical Inc|One Johnson & Johnson Plaza||New Brunswick
61|Auris Health Inc|One Johnson & Johnson Plaza||New Brunswick
61|Auirs Health Inc|One Johnson & Johnson Plaza||New Brunswick
61|BIOSENSE WEBSTER INC|One Johnson & Johnson Plaza||New Brunswick
61|Ethicon Inc|One Johnson & Johnson Plaza||New Brunswick
61|Johnson & Johnson Vision Care Inc|One Johnson & Johnson Plaza||New Brunswick
61|Johnson & Johnson Vision Care|One Johnson & Johnson Plaza||New Brunswick
61|Johnson & Johnson Surgical Vision Inc|One Johnson & Johnson Plaza||New Brunswick
61|Ethicon Endo-Surgery Inc|One Johnson & Johnson Plaza||New Brunswick
61|ABIOMED Inc|One Johnson & Johnson Plaza||New Brunswick
61|Janssen Research & Development LLC|One Johnson & Johnson Plaza||New Brunswick
61|Janssen Research & Development  LLC|One Johnson & Johnson Plaza||New Brunswick
61|DEPUY SYNTHES SALES INC|One Johnson & Johnson Plaza||New Brunswick
61|Janssen R&D LLC|One Johnson & Johnson Plaza||New Brunswick
61|Medical Device Business Services Inc|One Johnson & Johnson Plaza||New Brunswick
61|DePuy Synthes Products Inc|One Johnson & Johnson Plaza||New Brunswick
61|Janssen Pharmaceuticals Inc|One Johnson & Johnson Plaza||New Brunswick
61|Abiomed Inc|One Johnson & Johnson Plaza||New Brunswick
61|SterilMed Inc|One Johnson & Johnson Plaza||New Brunswick
61|Janssen Global Services LLC|One Johnson & Johnson Plaza||New Brunswick
61|Mentor Texas LP|One Johnson & Johnson Plaza||New Brunswick
61|Mentor Worldwide Inc|One Johnson & Johnson Plaza||New Brunswick
61|Mentor Worldwide LLC|One Johnson & Johnson Plaza||New Brunswick
61|NEOSTRATA Company Inc|One Johnson & Johnson Plaza||New Brunswick
61|Depuy Synthes Sales Inc|One Johnson & Johnson Plaza||New Brunswick
61|Janssen Biotech Inc|One Johnson & Johnson Plaza||New Brunswick
61|Janssen Biopharma Inc|One Johnson & Johnson Plaza||New Brunswick
61|AURIS HEALTH INC|One Johnson & Johnson Plaza||New Brunswick
61|CSATS Inc|One Johnson & Johnson Plaza||New Brunswick
61|Janssen BioPharma Inc|One Johnson & Johnson Plaza||New Brunswick
61|DePuy Synthes Sales Inc|One Johnson & Johnson Plaza||New Brunswick
61|SYNTHES USA PRODUCTS LLC|One Johnson & Johnson Plaza||New Brunswick
61|Biosense Webster Inc|One Johnson & Johnson Plaza||New Brunswick
61|Johnson & Johnson Services Inc|One Johnson & Johnson Plaza||New Brunswick
61|Johnson & Johnson International|One Johnson & Johnson Plaza||New Brunswick
61|Johnson & Johnson Health Care Systems Inc|One Johnson & Johnson Plaza||New Brunswick
61|Johnson & Johnson Consumer Inc|One Johnson & Johnson Plaza||New Brunswick
61|Johnson & Johnson|One Johnson & Johnson Plaza||New Brunswick
61|Janssen pharmaceuticals Inc|One Johnson & Johnson Plaza||New Brunswick
61|Janssen Supply Group LLC|One Johnson & Johnson Plaza||New Brunswick
61|Janssen Scientific Affairs LLC|One Johnson & Johnson Plaza||New Brunswick
61|Janssen Scientific Affairs  LLC|One Johnson & Johnson Plaza||New Brunswick
61|Janssen Research and Development LLC|One Johnson & Johnson Plaza||New Brunswick
61|Janssen Research Development LLC|One Johnson & Johnson Plaza||New Brunswick
61|ABIOMED INC|One Johnson & Johnson Plaza||New Brunswick
61|Acclarent Inc|One Johnson & Johnson Plaza||New Brunswick
61|Ethicon Endo - Surgery Inc|One Johnson & Johnson Plaza||New Brunswick
61|JANSSEN PHARAMCEUTICALS INC|One Johnson & Johnson Plaza||New Brunswick
60|BlackRock Institutional Services Inc|1 University Square Drive|3rd Floor|Princeton
60|BlackRock Institutional Trust Company, N.A.|1 University Square Drive|3rd Floor|Princeton
60|eFront Financial Solutions Inc (BlackRock)|1 University Square Drive|3rd Floor|Princeton
60|BlackRock Corporation US Inc|1 University Square Drive|3rd Floor|Princeton
60|BlackRock Financial Management Inc|1 University Square Drive|3rd Floor|Princeton
60|BlackRock Investment Management LLC|1 University Square Drive|3rd Floor|Princeton
60|BlackRock Investment Management LLC|1 University Square Drive|3rd Flr.|Princeton
60|BlackRock Corporation US Inc|1 University Square Drive|3rd Flr.|Princeton
60|BlackRock Investment Management LLC|1 University Square Drive|3rdFloor|Princeton
60|BlackRock Financial Management Inc|1 University Square Drive|5|Princeton
60|BlackRock Financial Management Inc|1 University Square Drive|5 Flr.|Princeton
60|BlackRock Financial Management Inc|1 University Square Drive|5th|Princeton
60|BlackRock Financial Management Inc|1 University Square Drive|5th Floor|Princeton
60|BLACKROCK FINANCIAL MANAGEMENT INC|1 University Square Drive|5th Floor|Princeton
60|BlackRock Index Services LLC|1 University Square Drive|5th Floor|Princeton
60|eFront Financial Solutions Inc (BlackRock)|1 University Square Drive|5th Floor|Princeton
60|BlackRock Institutional Services Inc|1 University Square Drive|5th Floor|Princeton
60|BlackRock Corporation US Inc|1 University Square Drive|5th Floor|Princeton
60|BlackRock Institutional Trust Company, N.A.|1 University Square Drive|5th Floor|Princeton
60|BlackRock Institutional Trust Company, N.A|1 University Square Drive|5th Floor|Princeton
60|BlackRock Investment Management LLC|1 University Square Drive|5th Floor|Princeton
60|BlackRock Financial Management Inc|1 University Square Drive|5th Flr.|Princeton
60|BlackRock Institutional Trust Company, N.A.|1 University Square Drive|5th Flr.|Princeton
60|BlackRock Investment Management LLC|1 University Square Drive|5th Flr.|Princeton
60|BlackRock Institutional Services Inc|1 University Square Drive|5th Flr.|Princeton
60|BlackRock Corporation US Inc|1 University Square Drive|5th Flr.|Princeton
60|BlackRock Investment Management LLC|1 University Square Drive|5tn Floor|Princeton
60|BlackRock Financial Management Inc|1 University Square Drive|FLR. 5|Princeton
60|BlackRock Institutional Trust Company, N.A.|1 University Square Drive|Floor 3|Princeton
60|BlackRock Investment Management LLC|1 University Square Drive|Floor 3|Princeton
60|BlackRock Institutional Services Inc|1 University Square Drive|Floor 3|Princeton
60|BlackRock Corporation US Inc|1 University Square Drive|Floor 3|Princeton
60|BlackRock Financial Management Inc|1 University Square Drive|Floor 3|Princeton
60|BlackRock Institutional Services|1 University Square Drive|Floor 5|Princeton
60|BlackRock Institutional Trust Company, N.A.|1 University Square Drive|Floor 5|Princeton
60|Global Infrastructure Management LLC|1 University Square Drive|Floor 5|Princeton
60|GLOBAL INFRASTRUCTURE MANAGEMENT LLC|1 University Square Drive|Floor 5|Princeton
60|BlackRock Investment Management LLC|1 University Square Drive|Floor 5|Princeton
60|eFront Financial Solutions Inc|1 University Square Drive|Floor 5|Princeton
60|BlackRock Index Services LLC|1 University Square Drive|Floor 5|Princeton
60|BlackRock Institutional Trust Company, N.A|1 University Square Drive|Floor 5|Princeton
60|BlackRock Institutional Services Inc|1 University Square Drive|Floor 5|Princeton
60|BlackRock Financial Management Inc|1 University Square Drive|Floor 5|Princeton
60|BlackRock Corporation US Inc|1 University Square Drive|Floor 5|Princeton
60|BlackRock Financial Management Inc|1 University Square Drive|Flr 3|Princeton
60|BlackRock Financial Management Inc|1 University Square Drive|Flr 5|Princeton
60|BlackRock Corporation US Inc|1 University Square Drive|Flr 5|Princeton
60|BlackRock Index Services LLC|1 University Square Drive|Flr 5|Princeton
60|BlackRock Financial Management Inc|1 University Square Drive|Flr. 3|Princeton
60|eFront Financial Solutions Inc (BlackRock)|1 University Square Drive|Flr. 5|Princeton
60|BlackRock Index Services LLC|1 University Square Drive|Flr. 5|Princeton
60|BlackRock Investment Management LLC|1 University Square Drive|Flr. 5|Princeton
60|BlackRock Corporation US Inc|1 University Square Drive|Flr. 5|Princeton
60|BlackRock Institutional Trust Company, N.A.|1 University Square Drive|Flr. 5|Princeton
60|BlackRock Financial Management Inc|1 University Square Drive|Flr. 5|Princeton
60|BlackRock Financial Management Inc|1 University Square Drive||Princeton
60|BlackRock Index Services LLC|1 University Square Drive||Princeton
60|BlackRock Institutional Services Inc|1 University Square Drive||Princeton
60|BlackRock Investment Management LLC|1 University Square Drive||Princeton
60|Preqin Inc|1 University Square Drive||Princeton
60|LatentView Analytics Corporation|5 Independence Way|300|Princeton
60|VIBRANT INC|5 Independence Way|4th Floor, Suite 402|Princeton
60|Navikenz INC|5 Independence Way|Fl 4|Princeton
60|StackIntel Inc|5 Independence Way|STE 320|Princeton
60|CLYROX INC|5 Independence Way|STE 320|Princeton
60|Analytiq Techno Soft LLC|5 Independence Way|STE 320|Princeton
60|Mercury Systems Inc|5 Independence Way|Ste 140|Princeton
60|Synergent Tech Solutions Inc|5 Independence Way|Ste 300|Princeton
60|ASKINDOSYS INC|5 Independence Way|Ste 300|Princeton
60|DELTACUBES TECHNOLOGY LLC|5 Independence Way|Ste 300|Princeton
60|Kelith Group Inc|5 Independence Way|Suite 120|Princeton
60|KELITH GROUP INC|5 Independence Way|Suite 120|Princeton
60|AiFa Labs LLC|5 Independence Way|Suite 120|Princeton
60|ProcessQ Inc|5 Independence Way|Suite 125|Princeton
60|SOFTLAND SOLUTIONS LLC|5 Independence Way|Suite 135|Princeton
60|Softland Solutions LLC|5 Independence Way|Suite 135|Princeton
60|Tekskills Inc|5 Independence Way|Suite 135|Princeton
60|Mercury Systems Inc|5 Independence Way|Suite 140|Princeton
60|Synovasoft Inc|5 Independence Way|Suite 145|Princeton
60|ALGOBRAINZ LLC|5 Independence Way|Suite 147|Princeton
60|AidenAI Inc|5 Independence Way|Suite 205|Princeton
60|Acunor Infotech LLC|5 Independence Way|Suite 206|Princeton
60|EDDA Technology Inc|5 Independence Way|Suite 210|Princeton
60|Arnex Solutions LLC|5 Independence Way|Suite 223|Princeton
60|Innovative Information Technologies Inc|5 Independence Way|Suite 230|Princeton
60|KELITH GROUP INC|5 Independence Way|Suite 300|Princeton
60|LatentView Analytics Corporation|5 Independence Way|Suite 300|Princeton
60|Latentview Analytics Corporation|5 Independence Way|Suite 300|Princeton
60|Maveric NXT INC|5 Independence Way|Suite 300|Princeton
60|Softland Solutions LLC|5 Independence Way|Suite 300|Princeton
60|Maveric NXT Inc|5 Independence Way|Suite 300|Princeton
60|Changepond Inc|5 Independence Way|Suite 300|Princeton
60|DELTACUBES TECHNOLOGY LLC|5 Independence Way|Suite 300|Princeton
60|ASKINDOSYS INC|5 Independence Way|Suite 300|Princeton
60|XL Impex Inc|5 Independence Way|Suite 300|Princeton
60|VIBRANT INC|5 Independence Way|Suite 300|Princeton
60|National Consulting Group Inc|5 Independence Way|Suite 300|Princeton
60|NATIONAL CONSULTING GROUP INC|5 Independence Way|Suite 300|Princeton
60|Proworqs Inc|5 Independence Way|Suite 300|Princeton
60|Vibrant Inc|5 Independence Way|Suite 300|Princeton
60|SOFTLAND SOLUTIONS LLC|5 Independence Way|Suite 300|Princeton
60|CDRP Technologies LLC|5 Independence Way|Suite 300|Princeton
60|Kelith Group Inc|5 Independence Way|Suite 300|Princeton
60|Exultancy Inc|5 Independence Way|Suite 300|Princeton
60|MODERN LEGACY SERVICES INC|5 Independence Way|Suite 300|Princeton
60|Princeton Blue Inc|5 Independence Way|Suite 300|Princeton
60|Convextree Inc|5 Independence Way|Suite 300|Princeton
60|Latentview Analytics Corporation|5 Independence Way|Suite 300 - 3rd Floor|Princeton
60|Latentview Analytics Corporation|5 Independence Way|Suite 300 3rd Floor|Princeton
60|Axcend Technologies Inc|5 Independence Way|Suite 300, 3rd Floor|Princeton
60|EZEN Computer Services Inc|5 Independence Way|Suite 305|Princeton
60|E-Zen Computer Services Inc|5 Independence Way|Suite 305|Princeton
60|DoubleBridge Technologies Inc|5 Independence Way|Suite 310|Princeton
60|SOFTLAND SOLUTIONS LLC|5 Independence Way|Suite 320|Princeton
60|CREST Software Services Inc|5 Independence Way|Suite 320|Princeton
60|Latentview Analytics Corporation|5 Independence Way|Suite 418|Princeton
60|LatentView Analytics Corporation|5 Independence Way|Suite 418, Floor 4|Princeton
60|NATIONAL CONSULTING GROUP INC|5 Independence Way|Suite 434|Princeton
60|Super Soft Solutions Inc|5 Independence Way|Suite 435|Princeton
60|EDDA Technology Inc|5 Independence Way||Princeton
56|WAVE ERA INC|5 INDEPENDENCE WAY|3RD FLOOR|PRINCETON
56|GURU CONSULTING SERVICES LLC|5 INDEPENDENCE WAY|3RD FLOOR|PRINCETON
56|GURUSCHOOLS LLC|5 INDEPENDENCE WAY|3RD FLOOR|PRINCETON
56|WAVE ERA INC|5 INDEPENDENCE WAY|3RF FLOOR|PRINCETON
56|CREST SOFTWARE SERVICES INC|5 INDEPENDENCE WAY|STE 125|PRINCETON
56|MERCURY SYSTEMS INC|5 INDEPENDENCE WAY|STE 140|PRINCETON
56|SARANSH INC|5 INDEPENDENCE WAY|STE 225|PRINCETON
56|TECHNOLOGIA CORPORATION|5 INDEPENDENCE WAY|STE 300|PRINCETON
56|DIGITAL GLOBAL SOLUTIONS INC|5 INDEPENDENCE WAY|STE 300|PRINCETON
56|HORIZON CONSULTING INC|5 INDEPENDENCE WAY|STE 320|PRINCETON
56|ARISTON TEK INC|5 INDEPENDENCE WAY|STE 320|PRINCEOTN
56|ARISTON TEK INC|5 INDEPENDENCE WAY|STE 320|PRINCETON
56|RESPONSE INFORMATICS INC|5 INDEPENDENCE WAY|STE 320|PRINCETON
56|DIGITAL DATUM INC|5 INDEPENDENCE WAY|SUIT 220|PRINCETON
56|KAVAYAH SOLUTIONS INC|5 INDEPENDENCE WAY|SUITE 105|PRINCETON
56|CREST SOFTWARE SERVICES INC|5 INDEPENDENCE WAY|SUITE 125|PRINCETON
56|CREST SOFWARE SERVICES INC|5 INDEPENDENCE WAY|SUITE 125|PRINCETON
56|TECHSPACE SOLUTIONS INC|5 INDEPENDENCE WAY|SUITE 135|PRINCETON
56|TEKSKILLS INC|5 INDEPENDENCE WAY|SUITE 135|PRINCETON
56|SYNOVASOFT INC|5 INDEPENDENCE WAY|SUITE 145|PRINCETON
56|PRINCETON IT AMERICA INC|5 INDEPENDENCE WAY|SUITE 215|PRINCETON
56|DATANORMUS LLC|5 INDEPENDENCE WAY|SUITE 220|PRINCETON
56|DIGITAL DATUM INC|5 INDEPENDENCE WAY|SUITE 220|PRINCETON
56|ARNEX SOLUTIONS LLC|5 INDEPENDENCE WAY|SUITE 223|PRINCETON
56|SARANSH INC|5 INDEPENDENCE WAY|SUITE 225|PRINCETON
56|INNOVATIVE INFORMATION TECHNOLOGIES INC|5 INDEPENDENCE WAY|SUITE 230|PRINCETON
56|SKY TECH SERVICES INC|5 INDEPENDENCE WAY|SUITE 300|PRINCETON
56|ADEPT AI SOLUTIONS LLC|5 INDEPENDENCE WAY|SUITE 300|PRINCETON
56|CDRP TECHNOLOGIES LLC|5 INDEPENDENCE WAY|SUITE 300|PRINCETON
56|SOFTNET CONSULTING INC|5 INDEPENDENCE WAY|SUITE 300|PRINCETON
56|ADYA TECHNOLOGIES INC|5 INDEPENDENCE WAY|SUITE 300|PRINCETON
56|PRINCETON BLUE INC|5 INDEPENDENCE WAY|SUITE 300|PRINCETON
56|ASKINDOSYS INC|5 INDEPENDENCE WAY|SUITE 300|PRINCETON
56|XL IMPEX INC|5 INDEPENDENCE WAY|SUITE 300|PRINCETON
56|INFO DINAMICA CORPORATION|5 INDEPENDENCE WAY|SUITE 300|PRINCETON
56|TECHNOLOGIA CORPORATION|5 INDEPENDENCE WAY|SUITE 300|PRINCETON
56|VIBRANT INC|5 INDEPENDENCE WAY|SUITE 300|PRINCETON
56|KELITH GROUP INC|5 INDEPENDENCE WAY|SUITE 300|PRINCETON
56|TEKPLANT INC|5 INDEPENDENCE WAY|SUITE 300|PRINCETON
56|PROCESS Q INC|5 INDEPENDENCE WAY|SUITE 300|PRINCETON
56|PROWORQS INC|5 INDEPENDENCE WAY|SUITE 300|PRINCETON
56|EZEN COMPUTER SERVICES INC|5 INDEPENDENCE WAY|SUITE 305|PRINCETON
56|BEYOND DEV CORPORATION|5 INDEPENDENCE WAY|SUITE 306|PRINCETON
56|BEYONDDEV CORP|5 INDEPENDENCE WAY|SUITE 306|PRINCETON
56|ARISTON TEK INC|5 INDEPENDENCE WAY|SUITE 320|PRINCETON
56|RESPONSE INFORMATICS INC|5 INDEPENDENCE WAY|SUITE 320|PRINCETON
56|NUWAY SOLUTIONS LLC|5 INDEPENDENCE WAY|SUITE 401|PRINCETON
56|THE PRINCIPAL CONSULTING INC|5 INDEPENDENCE WAY|SUITE 414|PRINCETON
56|LOGICPRO SYSTEMS INC|5 INDEPENDENCE WAY|SUITE 415|PRINCETON
56|QSTRIDE INC|5 INDEPENDENCE WAY|SUITE 417|PRINCETON
56|LATENTVIEW ANALYTICS CORPORATION|5 INDEPENDENCE WAY|SUITE 418, 4TH FLOOR|PRINCETON
56|LATENTVIEW ANALYTICS CORPORATION|5 INDEPENDENCE WAY|SUITE 418, FLOOR 4|PRINCETON
56|ECHELON IT INC|5 INDEPENDENCE WAY|SUITE 424|PRINCETON
56|Super Soft Solutions Inc|5 INDEPENDENCE WAY|SUITE 435|PRINCETON
56|Super Soft Solutions Inc|5 INDEPENDENCE WAY|SUITE-435|PRINCETON
56|EDDA Technology Inc|5 INDEPENDENCE WAY||PRINCETON
52|COREBRIDGE INSTITUTIONAL INVESTMENTS HOLDINGS CORP.|30 Hudson Street|16th Floor|Jersey City
52|The United States Life Insurance Company in the City of New York|30 Hudson Street|16th Floor|Jersey City
52|American General Life Insurance Company|30 Hudson Street|16th Floor|Jersey City
52|AIG Technologies Inc|30 Hudson Street|16th Floor|Jersey City
52|COREBRIDGE INSTITUTIONAL INVESTMENTS (U.S.) LLC|30 Hudson Street|16th Floor|Jersey City
52|AIG PC Global Services Inc|30 Hudson Street|Floor 17|Jersey City
52|Western World Insurance Company|30 Hudson Street|Floor 17|Jersey City
52|AIG Employee Services Inc|30 Hudson Street|Floor 17|Jersey City
52|AIG Technologies Inc|30 Hudson Street|Floor 17|Jersey City
52|AIG Claims Inc|30 Hudson Street|Floor 17|Jersey City
52|AIG Travel Assist Inc|30 Hudson Street|Floor 17|Jersey City
52|AIG Asset Management (U.S.) LLC|30 Hudson Street|Floor 17|Jersey City
52|Validus America Inc|30 Hudson Street|Floor 17|Jersey City
52|National Union Fire Insurance Company of Pittsburgh, Pa.|30 Hudson Street|Floor 17|Jersey City
52|AIG Insurance Management Services Inc|30 Hudson Street|Floor 17|Jersey City
52|Risk Specialists Companies Insurance Agency Inc|30 Hudson Street|Floor 17|Jersey City
52|American General Life Insurance Company|30 Hudson Street|Floor 17|Jersey City
52|The Variable Annuity Life Insurance Company|30 Hudson Street|Floor 17|Jersey City
52|Arthur J. Glatfelter Agency Inc|30 Hudson Street|Floor 17|Jersey City
52|Travel Guard Assist Inc|30 Hudson Street|Floor 17|Jersey City
52|AIG Global Asset Management Holdings Corp.|30 Hudson Street|Floor 17|Jersey City
52|AIG Global Operations Inc|30 Hudson Street|Floor 17|Jersey City
52|COREBRIDGE FINANCIAL INC|30 Hudson Street|Floor 19|Jersey City
52|Arthur J. Glatfelter Agency Inc|30 Hudson Street|Floor 19|Jersey City
52|Risk Specialists Companies Insurance Agency Inc|30 Hudson Street|Floor 19|Jersey City
52|National Union Fire Insurance Company of Pittsburgh, Pa.|30 Hudson Street|Floor 19|Jersey City
52|American General Life Insurance Company|30 Hudson Street|Floor 19|Jersey City
52|Validus America Inc|30 Hudson Street|Floor 19|Jersey City
52|Morefar Marketing Inc|30 Hudson Street|Floor 19|Jersey City
52|Western World Insurance Company|30 Hudson Street|Floor 19|Jersey City
52|AIG Travel Assist Inc|30 Hudson Street|Floor 19|Jersey City
52|AIG Technologies Inc|30 Hudson Street|Floor 19|Jersey City
52|AIG PC Global Services Inc|30 Hudson Street|Floor 19|Jersey City
52|AIG Insurance Management Services Inc|30 Hudson Street|Floor 19|Jersey City
52|AIG Global Operations Inc|30 Hudson Street|Floor 19|Jersey City
52|Service Net Warranty LLC|30 Hudson Street|Floor 19|Jersey City
52|AIG Global Asset Management Holdings Corp.|30 Hudson Street|Floor 19|Jersey City
52|AIG Employee Services Inc|30 Hudson Street|Floor 19|Jersey City
52|AIG Claims Inc|30 Hudson Street|Floor 19|Jersey City
52|AIG Asset Management (U.S.) LLC|30 Hudson Street|Floor 19|Jersey City
52|The Variable Annuity Life Insurance Company|30 Hudson Street|Floor 19|Jersey City
52|COREBRIDGE INSTITUTIONAL INVESTMENTS HOLDINGS CORP.|30 Hudson Street|Floor 19|Jersey City
52|COREBRIDGE INSTITUTIONAL INVESTMENTS (U.S.) LLC|30 Hudson Street|Floor 19|Jersey City
52|Organon LLC|30 Hudson Street|Floor 33|Jersey City
52|Lord, Abbett & Co. LLC|30 Hudson Street|Floor 39|Jersey City
52|Goldman Sachs Bank USA|30 Hudson Street|N/A|Jersey City
52|Lord Abbett & Co.|30 Hudson Street||Jersey City
52|GreenSky Administrative Services LLC|30 Hudson Street||Jersey City
52|Goldman Sachs & Co. LLC|30 Hudson Street||Jersey City
52|Goldman Sachs Services LLC|30 Hudson Street||Jersey City
52|Lord, Abbett & Co. LLC|30 Hudson Street||Jersey City
52|AIG PC Global Services Inc|30 Hudson Street||Jersey City
45|VIACORE TECHNOLOGIES INC|666 PLAINSBORO ROAD|STE 1018|PLAINSBORO
45|VIACORE TECHNOLOGIES INC|666 PLAINSBORO ROAD|STE 1018|PLAINSBORO TOWNSHIP
45|IM SOLUTIONS INC|666 PLAINSBORO ROAD|SUITE 1000|PLAINSBORO
45|BI LABS INC|666 PLAINSBORO ROAD|SUITE 1000|PLAINSBORO
45|DVG TECH SOLUTIONS LLC|666 PLAINSBORO ROAD|SUITE 1010|PLAINSBORO
45|BI LABS INC|666 PLAINSBORO ROAD|SUITE 1016|PLAINSBORO
45|VIACORE TECHNOLOGIES INC|666 PLAINSBORO ROAD|SUITE 1018|PLAINSBORO
45|ADVANCED TECHNOLOGY GROUP USA INC|666 PLAINSBORO ROAD|SUITE 1030|PLAINSBORO
45|TECHSMART GLOBAL INC|666 PLAINSBORO ROAD|SUITE 1116|PLAINSBORO
45|SUPERLOGIX INC|666 PLAINSBORO ROAD|SUITE 1126|PLAINSBORO
45|CARE IT SERVICES INC|666 PLAINSBORO ROAD|SUITE 1161|PLAINSBORO
45|TECHPRO SOLUTIONS INC|666 PLAINSBORO ROAD|SUITE 1175|PLAINSBORO
45|CARE IT SERVICES INC|666 PLAINSBORO ROAD|SUITE 1238 A|PLAINSBORO
45|NITYO INFOTECH CORP|666 PLAINSBORO ROAD|SUITE 1285|PLAINSBORO
45|NITYO INFOTECH CORPORATION|666 PLAINSBORO ROAD|SUITE 1285|PLAINSBORO
45|SARANSH INC|666 PLAINSBORO ROAD|SUITE 1335|PLAINSBORO
45|PRONIX INC|666 PLAINSBORO ROAD|SUITE 1361|PLAINSBORO
45|PRONIX INC|666 PLAINSBORO ROAD|SUITE 1361|PLAINSBORO TOWNSHIP
45|SALIGRAM SYSTEMS INC|666 PLAINSBORO ROAD|SUITE 1365|PLAINSBORO
45|ELITE IT PROFESSIONALS INC|666 PLAINSBORO ROAD|SUITE 1385|PLAINSBORO
45|AUROPRO SYSTEMS INC|666 PLAINSBORO ROAD|SUITE 220|PLAINSBORO
45|TEKNATIO INC|666 PLAINSBORO ROAD|SUITE 230|PLAINSBORO
45|SUMAS CORPORATION|666 PLAINSBORO ROAD|SUITE 435|PLAINSBORO
45|SWIZTECH INC|666 PLAINSBORO ROAD|SUITE 435|PLAINSBORO
45|ECHELON IT INC|666 PLAINSBORO ROAD|SUITE 435|PLAINSBORO
45|DATAFORMIX TECHNOLOGIES INC|666 PLAINSBORO ROAD|SUITE 445|PLAINSBORO
45|SUPERLOGIX INC|666 PLAINSBORO ROAD|SUITE 455|PLAINSBORO
45|COREMATIQ INC|666 PLAINSBORO ROAD|SUITE 545|PLAINSBORO
45|SUMAS CORPORATION|666 PLAINSBORO ROAD|SUITE 545|Plainsboro
45|Sumas Corporation|666 PLAINSBORO ROAD|SUITE 545|PLAINSBORO
45|SUMAS CORPORATION|666 PLAINSBORO ROAD|SUITE 545|PLAINSBORO
45|ECHELON IT INC|666 PLAINSBORO ROAD|SUITE 555|PLAINSBORO
45|QvalFocus Inc|666 PLAINSBORO ROAD|SUITE 615|PLAINSBORO
45|QVALFOCUS INC|666 PLAINSBORO ROAD|SUITE 615|PLAINSBORO
45|ENIN SYSTEMS INC|666 PLAINSBORO ROAD|SUITE 624|PLAINSBORO
45|QvalFocus Inc|666 PLAINSBORO ROAD|SUITE 632|PLAINSBORO
45|Corematiq Inc|666 PLAINSBORO ROAD|SUITE 632|PLAINSBORO
45|COREMATIQ INC|666 PLAINSBORO ROAD|SUITE 632|PLAINSBORO
45|QVALFOCUS INC|666 PLAINSBORO ROAD|SUITE 632|PLAINSBORO
45|SWIZTECH INC|666 PLAINSBORO ROAD|SUITE 640|PLAINSBORO
45|TECHMATRIX INC|666 PLAINSBORO ROAD|SUITE 648|PLAINSBORO
45|AK Systems Inc|666 PLAINSBORO ROAD|Suite 1171|PLAINSBORO
45|TEKNATIO INC|666 PLAINSBORO ROAD|Suite 230|PLAINSBORO
45|SAI IT CORP|666 PLAINSBORO ROAD|UNIT 1237|PLAINSBORO
45|CORE SOFTWARE TECHNOLOGIES INC|666 PLAINSBORO ROAD||PLAINSBORO
38|Primesoft Inc|15 Corporate Place South|416|Piscataway
38|PRIMESOFT INC|15 Corporate Place South|416|PISCATAWAY
38|Alpha Clinical Systems Inc|15 Corporate Place South|420|PISCATAWAY
38|IT Geeks Inc|15 Corporate Place South|STE 419B|Piscataway
38|HSK Technologies Inc|15 Corporate Place South|Ste 213B|Piscataway
38|Datawin Systems Inc|15 Corporate Place South|Ste 425|Piscataway
38|Sunmerge Systems INC|15 Corporate Place South|Ste 430|Piscataway
38|PRIMESOFT INC|15 Corporate Place South|Suite -416|PISCATAWAY
38|Crave InfoTech LLC|15 Corporate Place South|Suite 104|Piscataway
38|4C Pharma Solutions LLC|15 Corporate Place South|Suite 110|Piscataway
38|VEN SOFT LLC|15 Corporate Place South|Suite 135|Piscataway
38|MINDSPACE INC|15 Corporate Place South|Suite 138|Piscataway
38|SHARMA YASKHI & ASSOCIATES, LLP|15 Corporate Place South|Suite 150|Piscataway
38|Helishores Inc|15 Corporate Place South|Suite 207|Piscataway
38|Element Technologies Inc|15 Corporate Place South|Suite 209|Piscataway
38|GLOBAL DATA TEK INC|15 Corporate Place South|Suite 210|Piscataway
38|MINDSPACE INC|15 Corporate Place South|Suite 212|Piscataway
38|HSK Technologies Inc|15 Corporate Place South|Suite 213B|Piscataway
38|NOVELTEK SYSTEMS INC|15 Corporate Place South|Suite 234|Piscataway
38|Noveltek Systems Inc|15 Corporate Place South|Suite 234|Piscataway
38|NovelTek Systems Inc|15 Corporate Place South|Suite 234|Piscataway
38|NovelTek Syatems Inc|15 Corporate Place South|Suite 234|Piscataway
38|Alba Life Sciences Corp.|15 Corporate Place South|Suite 341A|Piscataway
38|Vistados Corp|15 Corporate Place South|Suite 343|Piscataway
38|Stark Associates LLC|15 Corporate Place South|Suite 350|Piscataway
38|Samp Engineering Inc|15 Corporate Place South|Suite 352|Piscataway
38|Cognitive Technology Solutions Inc|15 Corporate Place South|Suite 400A|Piscataway
38|IT GATEWAY LLC|15 Corporate Place South|Suite 406|Piscataway
38|Primesoft Inc|15 Corporate Place South|Suite 416|piscataway
38|Primesoft Inc|15 Corporate Place South|Suite 416|Piscataway
38|PRIMESOFT INC|15 Corporate Place South|Suite 416|PISCATAWAY
38|Alpha Clinical Systems Inc|15 Corporate Place South|Suite 420|PISCATAWAY
38|Algorics Inc|15 Corporate Place South|Suite 420|Piscataway
38|Alpha Clinical Systems Inc|15 Corporate Place South|Suite 420|Piscataway
38|Datawin Systems Inc|15 Corporate Place South|Suite 425|Piscataway
38|Sunmerge Systems Inc|15 Corporate Place South|Suite 430|Piscataway
38|3EDGEUSA GROUP LLC|15 Corporate Place South|Suite 444|Piscataway
38|IT Gateway LLC|15 Corporate Place South||Piscataway
35|Financial Sciences Corporation|111 Town Square Place|11th Floor|Jersey City
35|Financial Sciences Corporation|111 Town Square Place|12th Floor|Jersey City
35|Global Association of Risk Professionals Inc|111 Town Square Place|14th Floor|Jersey City
35|Effectual Inc|111 Town Square Place|415 Suite|Jersey City
35|N2G Worldwide Insurance Services LLC|111 Town Square Place|STE 340|Jersey City
35|iQuanti Inc|111 Town Square Place|Suite 1201|Jersey City
35|SSOFT INC|111 Town Square Place|Suite 1201|Jersey City
35|XCHO LLC|111 Town Square Place|Suite 1201|Jersey City
35|XCHO LLC|111 Town Square Place|Suite 1201|JERSEY CITY
35|DaiTRIX LLC|111 Town Square Place|Suite 1203|Jersey City
35|Cygnus Compliance Consulting Inc|111 Town Square Place|Suite 1203|Jersey City
35|ElectrifAI OPCO LLC|111 Town Square Place|Suite 1203|Jersey City
35|Electrifai LLC|111 Town Square Place|Suite 1203|Jersey City
35|EZTaxReturn LLC|111 Town Square Place|Suite 1203|Jersey City
35|Sport Global USA Inc|111 Town Square Place|Suite 1203|Jersey City
35|Clarity Solutions Group LLC|111 Town Square Place|Suite 1203|Jersey City
35|Tom & Ollie Food Corp.|111 Town Square Place|Suite 1203|Jersey City
35|SiriusAI Inc|111 Town Square Place|Suite 1203|Jersey City
35|ezTaxReturn.com LLC|111 Town Square Place|Suite 1203|Jersey City
35|LogiNext Solutions Inc|111 Town Square Place|Suite 1203|Jersey City
35|Streamvector Inc|111 Town Square Place|Suite 1203|Jersey City
35|Leap Insurance Agency LLC|111 Town Square Place|Suite 1210|Jersey City
35|AEBackoffice LLC|111 Town Square Place|Suite 1212|Jersey City
35|Fulcrum Digital  Inc|111 Town Square Place|Suite 1215|Jersey City
35|Financial Sciences Corporation|111 Town Square Place|Suite 1224|Jersey City
35|Premium Technology Inc|111 Town Square Place|Suite 1510|Jersey City
35|AXQ Capital, LP|111 Town Square Place|Suite 313|Jersey City
35|SumRidge Partners LLC|111 Town Square Place|Suite 320|Jersey City
35|N2G Worldwide Insurance Services LLC|111 Town Square Place|Suite 340|Jersey City
35|Effectual Inc|111 Town Square Place|Suite 415|Jersey City
35|iQuanti Inc|111 Town Square Place|Suite 510|Jersey City
35|MEMX LLC|111 Town Square Place|Suite 520|Jersey City
35|Premium Technology Inc|111 Town Square Place|Suite 850|Jersey City
35|APCER Life Sciences Inc|111 Town Square Place|Suite 860|Jersey City
35|Effectual Inc|111 Town Square Place||Jersey City
34|CloudFrame Inc|100 Overlook Center|2nd Floor|Princeton
34|Pursuit Software Inc|100 Overlook Center|2nd Floor|Princeton
34|BEST HIGH TECHNOLOGIES LLC|100 Overlook Center|2nd Floor|Princeton
34|Best High Technologies LLC|100 Overlook Center|2nd Floor|Princeton
34|KSP Consulting LLC|100 Overlook Center|2nd Floor|Princeton
34|COMPUTOMIC SOFTWARE AND CONSULTING LLC|100 Overlook Center|2nd Floor|Princeton
34|Bowman Chauffeur Solutions LLC|100 Overlook Center|2nd Floor|Princeton
34|Parachute Health LLC|100 Overlook Center|2nd Floor|Princeton
34|Digital Alpha Technologies Inc|100 Overlook Center|2nd Floor|Princeton
34|Promag Systems Inc|100 Overlook Center|2nd Floor|Princeton
34|beejAUM Technology Group Inc|100 Overlook Center|2nd Floor|Princeton
34|Frontier Works LLC|100 Overlook Center|2nd Floor|Princeton
34|Technomax LLC|100 Overlook Center|2nd Floor, Suite 2059|Princeton
34|COMPUTOMIC SOFTWARE AND CONSULTING LLC|100 Overlook Center|2nd Floor, Suite 2146|Princeton
34|Risk And information Security Group LLC|100 Overlook Center|2nd Floor, Suite 2166|Princeton
34|PURSUIT SOFTWARE INC|100 Overlook Center|2nd floor|Princeton
34|Support Enigma LLC|100 Overlook Center|FL 2|Princeton
34|KSS USA LLC|100 Overlook Center|Floor 02|Princeton
34|Best High Technologies LLC|100 Overlook Center|Floor 2|Princeton
34|Symbol Software Services Inc|100 Overlook Center|Floor 2|Princeton
34|Technomax LLC|100 Overlook Center|Floor 2, Suite 2059|Princeton
34|PURSUIT SOFTWARE INC|100 Overlook Center|Floor 2nd|Princeton
34|Bowman Chauffeur Solutions LLC|100 Overlook Center|Ste 2020, 2nd Floor|Princeton
34|Certara USA Inc|100 Overlook Center|Suite 101|Princeton
34|Software Technology Inc|100 Overlook Center|Suite 200|Princeton
34|Ramco Systems Corporation|100 Overlook Center|Suite 2008, 2nd Floor|Princeton
34|Adroitent Inc|100 Overlook Center|Suite 2025|Princeton
34|Technomax LLC|100 Overlook Center|Suite 2059|Princeton
34|TECHNOMAX LLC|100 Overlook Center|Suite 2059|Princeton
34|TECHNOMAX LLC|100 Overlook Center|Suite 2059 (2nd Floor)|Princeton
34|Technomax LLC|100 Overlook Center|Suite 2059 (2nd Floor)|Princeton
34|SeedPod Cyber LLC|100 Overlook Center|Suite 2061|Princeton
34|Aveva Drug Delivery Systems Inc|100 Overlook Center|Suite 2099|Princeton
34|TBI-New Oasis Education Corporation|100 Overlook Center|Suite 2150|Princeton
32|PANDYA KAPADIA BHATT & ASSOCIATES CPAs LLC|50 CRAGWOOD ROAD|STE 205|SOUTH PLAINFIELD
32|ASTIR IT SOLUTIONS INC|50 CRAGWOOD ROAD|STE 219|SOUTH PLAINFIELD
32|PALVAI GLOBAL SERVICES INC|50 CRAGWOOD ROAD|SUITE 102|SOUTH PLAINFIELD
32|RELIANCE GLOBAL SERVICES INC|50 CRAGWOOD ROAD|SUITE 102|SOUTH PLAINFIELD
32|CARNEGIE HEALTH & LIFE SCIENCES INC|50 CRAGWOOD ROAD|SUITE 115|SOUTH PLAINFIELD
32|MUTEX SYSTEMS INC|50 CRAGWOOD ROAD|SUITE 124|SOUTH PLAINFIELD
32|IOMEGA TECHNOLOGIES INC|50 CRAGWOOD ROAD|SUITE 126|SOUTH PLAINFIELD
32|STARK PHARMA TECHNOLOGY INC|50 CRAGWOOD ROAD|SUITE 132|SOUTH PLAINFIELD
32|SAVEN TECHNOLOGIES INC|50 CRAGWOOD ROAD|SUITE 132|SOUTH PLAINFIELD
32|ASTIR TECHNOLOGIES LLC|50 CRAGWOOD ROAD|SUITE 203|SOUTH PLAINFIELD
32|PANDYA KAPADIA BHATT & ASSOCIATES CPAS LLC|50 CRAGWOOD ROAD|SUITE 205|SOUTH PLAINFIELD
32|SYSTECHCORP INC|50 CRAGWOOD ROAD|SUITE 216|SOUTH PLAINFIELD
32|ITSPURS INC|50 CRAGWOOD ROAD|SUITE 216|SOUTH PLAINFIELD
32|SYSCONSULT LLC|50 CRAGWOOD ROAD|SUITE 216|SOUTH PLAINFIELD
32|CODE ACE SOLUTIONS INC|50 CRAGWOOD ROAD|SUITE 217|SOUTH PLAINFIELD
32|DIGITAL SCRIPTS INC|50 CRAGWOOD ROAD|SUITE 218|SOUTH PLAINFIELD
32|ASTIR SERVICES LLC|50 CRAGWOOD ROAD|SUITE 219|SOUTH PLAINFIELD
32|TEKRIDERS INC|50 CRAGWOOD ROAD|SUITE 222|SOUTH PLAINFIELD
32|P3 GEEKS INC|50 CRAGWOOD ROAD|SUITE 227|SOUTH PLAINFIELD
32|COGNITIVE ARTIFICIAL INTELLIGENCE INC|50 CRAGWOOD ROAD|SUITE 248|SOUTH PLAINFIELD
32|SUMMITWORKS TECHNOLOGIES INC|50 CRAGWOOD ROAD|SUITE 301|SOUTH PLAINFIELD
32|CALIBER BUSINESS SYSTEMS INC|50 CRAGWOOD ROAD|SUITE 303|SOUTH PLAINFIELD
32|SRI INFOTECH INC|50 CRAGWOOD ROAD|SUITE 305|SOUTH PLAINFIELD
32|GOLDENGATE IT SOLUTIONS LLC|50 CRAGWOOD ROAD|SUITE 305|SOUTH PLAINFIELD
32|CLOUDPROTEK LLC|50 CRAGWOOD ROAD|SUITE 311|SOUTH PLAINFIELD
32|CARNEGIE INFOTECH INC|50 CRAGWOOD ROAD|SUITE 311|SOUTH PLAINFIELD
32|CARNEGIE INFOTECH INC|50 CRAGWOOD ROAD|SUITE 311|South Plainfield
32|CARNEGIE HEALTH AND LIFE SCIENCES INC|50 CRAGWOOD ROAD|SUITE 311|SOUTH PLAINFIELD
32|CARNEGIE HEALTH & LIFE SCIENCES INC|50 CRAGWOOD ROAD|SUITE 311|SOUTH PLAINFIELD
32|LOGISOFT TECHNOLOGIES INC|50 CRAGWOOD ROAD|SUITE 315|SOUTH PLAINFIELD
32|AVTECH TECHNOLOGY INC|50 CRAGWOOD ROAD|SUITE 350|SOUTH PLAINFIELD
32|LOGISOFT TECHNOLOGIES INC|50 CRAGWOOD ROAD|Suite 315|SOUTH PLAINFIELD
31|Aita Consulting Service Inc|825 Georges Road|2nd Floor|North Brunswick
31|Aita Consulting Services inc|825 Georges Road|2nd Floor|North Brunswick
31|Aita Consulting Services Inc|825 Georges Road|2nd Floor|North Brunswick
31|Informatic Technologies Inc|825 Georges Road|2nd Floor, Suite No. 4|North Brunswick
31|Aita Consulting Services Inc|825 Georges Road|2nd Floore|North Brunswick
31|AITA CONSULTING SERVICES INC|825 Georges Road|3 Rd Floor|North Brunswick
31|Aita Consulting Services Inc|825 Georges Road|3 Rd Floor|North Brunswick
31|Aita Consulting Services Inc|825 Georges Road|3 rd Floor|North Brunswick
31|Aita Consulting Services Inc|825 Georges Road|3RD Floor|North Brunswick
31|Aita Consulting Services Inc|825 Georges Road|3Rd Floor|North Brunswick
31|Aita Consulting Services Inc|825 Georges Road|3rd FLoor|North Brunswick
31|Aita Consulting Services Inc|825 Georges Road|3rd Floor|North Bruinswick
31|Aita Consulting Services|825 Georges Road|3rd Floor|North Brunswick
31|Aita Consulting Service Inc|825 Georges Road|3rd Floor|North Brunswick
31|Aita Consulting Services Inc|825 Georges Road|3rd Floor|North Brunswik
31|Aita Consulting Services Inc|825 Georges Road|3rd Floor|North Brunswick
31|Informatic Technologies Inc|825 Georges Road|3rd Floor, Suite No. 6|North Brunswick
31|Aita Consulting Services Inc|825 Georges Road|3rd floor|North Brunswick
31|Aptiva Corp|825 Georges Road|SUITE 1|North Brunswick
31|Aptiva Corp|825 Georges Road|Suite 1|North Brunswick
31|APTIVA CORP|825 Georges Road|Suite 1|North Brunswick
31|NEPHOS TECHNOLOGIES|825 Georges Road|Suite 1|North Brunswick
31|Nephos Technologies|825 Georges Road|Suite 1|North Brunswick
31|Atrutec LLC|825 Georges Road|Suite 1, Third Floor|North Brunswick
31|Profusion Systems Inc|825 Georges Road|Suite 1A, Third Floor,|North Brunswick
31|Promatrix Corp.|825 Georges Road|Suite 4|North Brunswick
31|Profusion Systems Inc|825 Georges Road|Third Floor, , Suite 1A|North Brunswick
31|Profusion Systems Inc|825 Georges Road|Third Floor, Suite 1A,|North Brunswick
31|Nephos Technologies|825 Georges Road|suite 1|North Brunswick
31|Triplecom Inc|825 Georges Road||North Brunswick
31|IT PREMIA GROUP INC|825 Georges Road||North Brunswick Township
30|INFORMATIC TECHNOLOGIES INC|825 GEORGES ROAD|2RD FLOOR, SUITE 4|NORTH BRUNSWICK
30|Aita Consulting Services Inc|825 GEORGES ROAD|3RD FLOOR|NORTH BRUNSWICK
30|AITA CONSULTING SERVICES INC|825 GEORGES ROAD|3RD FLOOR|NORTH BRUNSWICK
30|INFORMATIC TECHNOLOGIES INC|825 GEORGES ROAD|3RD FLOOR, SUITE 6|NORTH BRUNSWICK
30|TURING SYSTEMS INC|825 GEORGES ROAD|FLOOR 3|NORTH BRUNSWICK TOWNSHIP
30|TURING SYSTEMS INC|825 GEORGES ROAD|FLR. 3|NORTH BRUNSWICK TOWNSHIP
30|INFORMATIC TECHNOLOGIES INC|825 GEORGES ROAD|SECOND FLOOR, SUITE 4|NORTH BRUNSWICK
30|Aptiva Corp|825 GEORGES ROAD|SUITE 1|NORTH BRUNSWICK
30|APTIVA, CORP.|825 GEORGES ROAD|SUITE 1|NORTH BRUNSWICK
30|APTIVA CORP.|825 GEORGES ROAD|SUITE 1|NORTH BRUNSWICK
30|APTIVA CORP|825 GEORGES ROAD|SUITE 1|NORTH BRUNSWICK
30|NEPHOS TECHNOLOGIES CORPORATION|825 GEORGES ROAD|SUITE 1|NORTH BRUNSWICK
30|NEPHOS TECHNOLOGIES|825 GEORGES ROAD|SUITE 1|NORTH BRUNSWICK
30|SATIN SOLUTIONS LLC|825 GEORGES ROAD|SUITE 1|NORTH BRUNSWICK
30|PROMATRIX CORP|825 GEORGES ROAD|SUITE 1 THIRD FLOOR|NORTH BRUNSWICK
30|SATIN SOLUTIONS LLC|825 GEORGES ROAD|SUITE 1 THIRD FLOOR|NORTH BRUNSWICK
30|GP TECHNOLOGIES LLC|825 GEORGES ROAD|SUITE 1 THIRD FLOOR|NORTH BRUNSWICK
30|PROMATRIX CORP|825 GEORGES ROAD|SUITE 1, THIRD FLOOR|NORTH BRUNSWICK
30|SKILLTUNE TECHNOLOGIES INC|825 GEORGES ROAD|SUITE 1, THIRD FLOOR|NORTH BRUNSWICK
30|GP TECHNOLOGIES LLC|825 GEORGES ROAD|SUITE 1A|NORTH BRUNSWICK
30|PROMATRIX CORP|825 GEORGES ROAD|SUITE 4|NORTH BRUNSWICK
30|SKILLTUNE TECHNOLOGIES INC|825 GEORGES ROAD|SUITE 4|NORTH BRUNSWICK
30|SATIN SOLUTIONS LLC|825 GEORGES ROAD|SUITE 4|NORTH BRUNSWICK
30|GP TECHNOLOGIES LLC|825 GEORGES ROAD|SUITE 4|NORTH BRUNSWICK
30|APTIVA CORP|825 GEORGES ROAD|Suite 1|NORTH BRUNSWICK
30|PROMATRIX CORP|825 GEORGES ROAD||NORTH BRUNSWICK
30|GP TECHNOLOGIES LLC|825 GEORGES ROAD||NORTH BRUNSWICK
30|IT PREMIA GROUP INC|825 GEORGES ROAD||NORTH BRUNSWICK
30|IT Premia Group Inc|825 GEORGES ROAD||NORTH BRUNSWICK
30|SKILLTUNE TECHNOLOGIES INC|825 GEORGES ROAD||NORTH BRUNSWICK
29|Hireblox LLC|33 Wood Avenue South|SUITE 600|Iselin
29|OBJECT DATA INC|33 Wood Avenue South|SUITE 600|ISELIN
29|Clin Fox International INC|33 Wood Avenue South|Ste 600|Iselin
29|QvalFocus Inc|33 Wood Avenue South|Ste 600|Iselin
29|Trident Systems Integrator LLC|33 Wood Avenue South|Suite 600|Iselin
29|JIVA Infotech Inc|33 Wood Avenue South|Suite 600|Iselin
29|Asamanta Technologies LLC|33 Wood Avenue South|Suite 600|Iselin
29|Intuitive Technology Partners Inc|33 Wood Avenue South|Suite 600|Iselin
29|Triveni Group, LLP|33 Wood Avenue South|Suite 600|Iselin
29|Alexa Systems Inc|33 Wood Avenue South|Suite 600|Iselin
29|TRIDENT SYSTEMS INTEGRATOR LLC|33 Wood Avenue South|Suite 600|ISELIN
29|Ora Apps Inc|33 Wood Avenue South|Suite 600|Iselin
29|PIONEER DATA SYSTEMS INC|33 Wood Avenue South|Suite 600|Iselin
29|Aarav Solutions Inc|33 Wood Avenue South|Suite 600|Iselin
29|Squad Software Inc|33 Wood Avenue South|Suite 600|Iselin
29|Celmac Technology Services LLC|33 Wood Avenue South|Suite 600|Iselin
29|Prime Healthcare Services Inc|33 Wood Avenue South|Suite 600|Iselin
29|Cool Minds LLC|33 Wood Avenue South|Suite 600|Iselin
29|ZHOTON TECHNOLOGIES LLC|33 Wood Avenue South|Suite 600|Iselin
29|Cvslogic.com Inc|33 Wood Avenue South|Suite 600|Iselin
29|QvalFocus Inc|33 Wood Avenue South|Suite 600|Iselin
29|eG Innovations Inc|33 Wood Avenue South|Suite 600|Iselin
29|MOYI INC|33 Wood Avenue South|Suite 600|Iselin
29|Ephicacy Consulting Group Inc|33 Wood Avenue South|Suite 600|Iselin
29|Ephicacy Consulting Group Inc|33 Wood Avenue South|Suite 600|ISELIN
29|MAARGA SYSTEMS INC|33 Wood Avenue South|Suite 600|Iselin
29|Ephicacy Consulting Group Inc|33 Wood Avenue South|Suite 609|Iselin
29|BASF Metals LLC|33 Wood Avenue South||Iselin
29|BASF Environmental Catalyst and Metal Solutions LLC|33 Wood Avenue South||Iselin
29|RELIANCE GLOBAL SERVICES INC|50 Cragwood Road|SUITE 102|South Plainfield
29|Digital Scripts Inc|50 Cragwood Road|Ste 218|South Plainfield
29|Avtech Technology Inc|50 Cragwood Road|Ste 350|South Plainfield
29|Law Office of Thomas V. Allen, PLLC|50 Cragwood Road|Suite 100|South Plainfield
29|Law Office of Thomas V Allen PLLC|50 Cragwood Road|Suite 100|South Plainfield
29|Creative Software Solutions LLC|50 Cragwood Road|Suite 106|South Plainfield
29|Creative Software Solution LLC|50 Cragwood Road|Suite 106|South Plainfield
29|Jalaram Production Inc|50 Cragwood Road|Suite 111|South Plainfield
29|KSB Shipping & Logistics LLC|50 Cragwood Road|Suite 123|South Plainfield
29|Mutex Systems Inc|50 Cragwood Road|Suite 124|South Plainfield
29|Vultus Inc|50 Cragwood Road|Suite 126|South Plainfield
29|Saven Technologies Incorporated|50 Cragwood Road|Suite 132|South Plainfield
29|Stark Pharma Technology Inc|50 Cragwood Road|Suite 132|South Plainfield
29|Mintex N Tech Inc|50 Cragwood Road|Suite 201|South Plainfield
29|Mintex N Tech INC|50 Cragwood Road|Suite 201|South Plainfield
29|Binary Computer Intl Corp|50 Cragwood Road|Suite 209|South Plainfield
29|Code Ace Solutions Inc|50 Cragwood Road|Suite 217|South plainfield
29|Code Ace Solutions Inc|50 Cragwood Road|Suite 217|South Plainfield
29|Code Ace Solutions Inc|50 Cragwood Road|Suite 217|S. Plainfield
29|Digital Scripts Inc|50 Cragwood Road|Suite 218|South Plainfield
29|Digital Scripts Ijc|50 Cragwood Road|Suite 218|South Plainfield
29|Digital Scripts Inc|50 Cragwood Road|Suite 224|South Plainfield
29|CloudTron Corp|50 Cragwood Road|Suite 224|South Plainfield
29|Rigas Technologies Inc|50 Cragwood Road|Suite 224|South Plainfield
29|P3 Geeks Inc|50 Cragwood Road|Suite 227|South Plainfield
29|ClifyX Inc|50 Cragwood Road|Suite 228|South Plainfield
29|RM Creations|50 Cragwood Road|Suite 308|South Plainfield
29|Carnegie Infotech Inc|50 Cragwood Road|Suite 311|South Plainfield
29|Avtech Technology Inc|50 Cragwood Road|Suite 350|South Plainfield
26|LiveVox Inc|221 River Street|10th & 11th Floors|Hoboken
26|NICE Systems Inc|221 River Street|10th & 11th Floors|Hoboken
26|NICE Systems Inc|221 River Street|10th FL|Hoboken
26|NICE Systems Inc|221 River Street|10th Floor|Hoboken
26|Actimize Inc|221 River Street|10th Floor|Hoboken
26|Actimize Inc|221 River Street|10th Floor|New Jersey
26|Actimize INC|221 River Street|10th Floor|Hoboken
26|Nice Systems Inc|221 River Street|10th Floor|Hoboken
26|LiveVox Inc|221 River Street|10th and 11th Floors|Hoboken
26|Casasco & Nardi Inc|221 River Street|9th Floor|Hoboken
26|PRUCORE LLC|221 River Street|9th Floor|Hoboken
26|Semperis Inc|221 River Street|9th Floor|Hoboken
26|Because Tech Consulting Corporation|221 River Street|9th Floor|Hoboken
26|Celsius Network LLC|221 River Street|9th Floor|Hoboken
26|Tricon Infotech LLC|221 River Street|9th Floor|Hoboken
26|TRICON INFOTECH LLC|221 River Street|9th floor|Hoboken
26|TechSemble Inc|221 River Street|Floor 9|Hoboken
26|eToro USA LLC|221 River Street|Floor 9|Hoboken
26|Snow Joe LLC|221 River Street|N/A|Hoboken
26|ATTENTIVE MOBILE INC|221 River Street|Ste 9047|Hoboken
26|Attentive Mobile Inc|221 River Street|Ste 9047|Hoboken
26|Attentive Mobile Inc|221 River Street|Suite 9047|Hoboken
26|Pearson Education Inc|221 River Street||Hoboken
26|Embanet-Compass Knowledge Group Inc|221 River Street||Hoboken
26|NCS Pearson Inc, an indirect wholly-owned subsidiary of Pearson plc|221 River Street||Hoboken
26|NCS Pearson Inc an indirect wholly owned subsidiary of Pearson PLC|221 River Street||Hoboken
25|Kani Solutions, inc|116 Village Blvd|200|Princeton
25|Cloudeation Technologies LLC|116 Village Blvd|200|Princeton
25|Princeton Pharmatech LLC|116 Village Blvd|STE 200|Princeton
25|MAKRO TECHNOLOGIES INC|116 Village Blvd|STE 200|Princeton
25|SUNTEK CORPORATIONS INC|116 Village Blvd|SUITE 200|Princeton
25|TECHNO STUDY INC|116 Village Blvd|Ste 200|Princeton
25|Defy Insurance Agency LLC|116 Village Blvd|Ste 200|Princeton
25|AH Infotech LLC|116 Village Blvd|Suite 200|Princeton
25|KJ Tech Services LLC|116 Village Blvd|Suite 200|Princeton
25|Techylla LLC|116 Village Blvd|Suite 200|Princeton
25|ERPVIZ LLC|116 Village Blvd|Suite 200|Princeton
25|HEL Inc|116 Village Blvd|Suite 200|Princeton
25|Cloudeation Technologies LLC|116 Village Blvd|Suite 200|Princeton
25|RUBICON IT SOLUTIONS LLC|116 Village Blvd|Suite 200|Princeton
25|SysTech International Inc|116 Village Blvd|Suite 200|Princeton
25|Addiox Technologies LLC|116 Village Blvd|Suite 200|Princeton
25|Kani Solutions Inc|116 Village Blvd|Suite 200|Princeton
25|Rubicon IT Solutions LLC|116 Village Blvd|Suite 200|Princeton
25|AK Global Solutions LLC|116 Village Blvd|Suite 200|Princeton
25|Aroopa Inc|116 Village Blvd|Suite 200|Princeton
25|Cloudeation Technologies LLC|116 Village Blvd|Suite 200|Plainsboro
25|GAVS Technologies N.A. Inc|116 Village Blvd|Suite 200|Princeton
25|NNIT Inc|116 Village Blvd|Suite 200-62|Princeton
25|Rubicon IT Solutions LLC|116 Village Blvd|Suite 204|Princeton
25|Kani Solutions Inc|116 Village Blvd|suite 200|Princeton
25|CYBER 1 ARMOR INC|666 Plainsboro Road|Building 600, Floor 1, Suite 691|Plainsboro
25|AdvaGen Pharma, Ltd.|666 Plainsboro Road|Princeton Office Center II|Plainsboro
25|Viacore Technologies Inc|666 Plainsboro Road|STE 1018|Princeton
25|BI Labs Inc|666 Plainsboro Road|Ste 1000|Plainsboro
25|Go8 IT Inc|666 Plainsboro Road|Suite 1-J|Plainsboro
25|DVG Tech Solutions LLC|666 Plainsboro Road|Suite 1010|Plainsboro
25|BI LABS INC|666 Plainsboro Road|Suite 1016|Plainsboro
25|Plainsboro-Princeton Medical Associates P.C.|666 Plainsboro Road|Suite 1020|Plainsboro
25|AK Systems Inc|666 Plainsboro Road|Suite 1171|Plainsboro
25|Techpro Solutions Inc|666 Plainsboro Road|Suite 1175|Plainsboro
25|SATHRAM CORPORATION|666 Plainsboro Road|Suite 1236|Plainsboro
25|Sathram Corporation|666 Plainsboro Road|Suite 1236|Plainsboro
25|Hermes Network Inc|666 Plainsboro Road|Suite 1281|Plainsboro
25|Nityo Infotech Corporation|666 Plainsboro Road|Suite 1285|Plainsboro
25|Government Systems Technologies Inc|666 Plainsboro Road|Suite 1385|Plainsboro
25|Government Systems Technology Inc|666 Plainsboro Road|Suite 1385|Plainsboro
25|Qugen Inc|666 Plainsboro Road|Suite 215|Plainsboro
25|Auropro Systems Inc|666 Plainsboro Road|Suite 220|Plainsboro
25|Securekloud Technologies Inc|666 Plainsboro Road|Suite 448|Plainsboro
25|Gemut Inc|666 Plainsboro Road|Suite 455|Plainsboro
25|Sumas Corporation|666 Plainsboro Road|Suite 545|Plainsboro
25|BIZINTEX INC|666 Plainsboro Road|Suite 605|Plainsboro
25|TECH MATRIX INC|666 Plainsboro Road|Suite 648|Plainsboro
25|TECH MATRIX INC|666 Plainsboro Road|Suite 648|NORTH BRUNSWICK
25|TECHMATRIX INC|666 Plainsboro Road|Suite 648|Plainsboro
23|goTenna Inc|101 Hudson Street|17th Floor, Suite 1701|Jersey City
23|Darklight Tech Ltd.|101 Hudson Street|21st Floor|Jersey City
23|Protech Consulting & Trading LLC|101 Hudson Street|21st Floor|Jersey City
23|Incusol Inc|101 Hudson Street|21st Floor|Jersey City
23|PROTECH CONSULTING & TRADING LLC|101 Hudson Street|21st Floor|Jersey City
23|Copper Technologies (US) Inc|101 Hudson Street|21st Floor, Office 2164|Jersey City
23|Global IT Family LLC|101 Hudson Street|21st Floor, Suite 2180|Jersey City
23|KeyMe LLC|101 Hudson Street|23rd Floor|Jersey City
23|Franklin Credit Management Corporation|101 Hudson Street|24th Floor|Jersey City
23|Apprentice FS Inc|101 Hudson Street|38th Floor|Jersey City
23|KeyMe LLC|101 Hudson Street|Floor 23|Jersey City
23|Bachi.Tech Corporation|101 Hudson Street|Floor 37|Jersey City
23|Silverside Advisory LLC|101 Hudson Street|Suite 1702|Jersey City
23|Threatmodeler Software Inc|101 Hudson Street|Suite 2100|Jersey City
23|TO THE NEW INC|101 Hudson Street|Suite 2100|Jersey City
23|Stratacent Inc|101 Hudson Street|Suite 2100|Jersey City
23|Prudentia Group LLC|101 Hudson Street|Suite 2101|Jersey City
23|SageSure Insurance Managers LLC|101 Hudson Street|Suite 2700|Jersey City
23|SageSure Capital Holdings Inc|101 Hudson Street|Suite 2700|Jersey City
23|Silverside Advisory LLC|101 Hudson Street|Suite 3606|Jersey City
23|Ulfberht Labs Corp|101 Hudson Street|Suite 3705|Jersey City
23|Stratacent Inc|101 Hudson Street|Suite 3709|Jersey City
23|TP ICAP Americas Holdings Inc|101 Hudson Street||Jersey City
23|REQHIRE INC|33 WOOD AVENUE SOUTH|641|ISELIN
23|TEKBRAVO INC|33 WOOD AVENUE SOUTH|6TH FLOOR|ISELIN
23|HAN IT STAFFING INC|33 WOOD AVENUE SOUTH|7TH FLOOR|ISELIN
23|BRAINHR IT SOLUTIONS INCORPORATION|33 WOOD AVENUE SOUTH|STE 600|ISELIN
23|BRAINHR IT SOLUTIONS INCORPORATION|33 WOOD AVENUE SOUTH|SUITE 100|ISELIN
23|BRAINHR IT SOLUTIONS INCORPORATION|33 WOOD AVENUE SOUTH|SUITE 414|ISELIN
23|AASRITA CONSULTING LLC|33 WOOD AVENUE SOUTH|SUITE 431|ISELIN
23|TRIDENT SYSTEMS INTEGRATOR LLC|33 WOOD AVENUE SOUTH|SUITE 600|ISELIN
23|CVSLOGIC.COM INC|33 WOOD AVENUE SOUTH|SUITE 600|ISELIN
23|BRAINHR IT SOLUTIONS INCORPORATION|33 WOOD AVENUE SOUTH|SUITE 600|ISELIN
23|S4 TECHNOSOFT CORPORATION|33 WOOD AVENUE SOUTH|SUITE 600|ISELIN
23|SQUAD SOFTWARE INC|33 WOOD AVENUE SOUTH|SUITE 600|ISELIN
23|I2C BUSINESS SOLUTIONS INC|33 WOOD AVENUE SOUTH|SUITE 600|ISELIN
23|AARAV SOLUTIONS INC|33 WOOD AVENUE SOUTH|SUITE 600|ISELIN
23|TCL NORTH AMERICA INC|33 WOOD AVENUE SOUTH|SUITE 600|ISELIN
23|PRIME HEALTHCARE SERVICES INC|33 WOOD AVENUE SOUTH|SUITE 600|ISELIN
23|BRAINHR IT SOLUTIONS INCORPORATION|33 WOOD AVENUE SOUTH|SUITE 618|ISELIN
23|REQHIRE INC|33 WOOD AVENUE SOUTH|SUITE 641|ISELIN
23|CITADEL INFORMATION SERVICES INC|33 WOOD AVENUE SOUTH|SUITE 720|ISELIN
23|CITADEL PRECISION MEDICINE LLC|33 WOOD AVENUE SOUTH|SUITE 720|ISELIN
23|PRIME HEALTHCARE SERVICES INC|33 WOOD AVENUE SOUTH|Suite 600|Iselin
23|SQUAD SOFTWARE INC|33 WOOD AVENUE SOUTH|Suite 600|Iselin
23|CVSLOGIC.COM INC|33 WOOD AVENUE SOUTH||ISELIN
22|eMaestro Technologies Inc|141 New Road|Suite 205|Parsippany
22|eMaestro Technologies Inc|141 New Road|Suite 208|parsippany
22|emaestro Technologies inc|141 New Road|suite 205|parsippany
22|emaestro Technologies Inc|141 New Road|suite 208|Parsippany
22|eMaestro technologies Inc|141 New Road|suite 208|parsippany
22|eMaestro technologies Inc|141 New Road|suite 208|Parsippany
22|eMaestro Tecnologies Inc|141 New Road|suite 208|parsippany
22|eMaestro Technologies Inc|141 New Road|suite 208|parsippany
22|eMaestro Technologies Inc|141 New Road|suite 208|Parsippany
22|eMaesto Technologies Inc|141 New Road|suite 208|parsippany
22|eMaes54tro Technologies Inc|141 New Road|suite 208|Parsippany
22|emaestro Technologies Inc|141 New Road|suite 208|parsipany
22|emaestro Technologies Inc|141 New Road|suite 208|parsippany
22|emaestro Technologies inc|141 New Road|suite 208|Parsippany
22|emaestro Technologies inc|141 New Road|suite 208|parsippany
22|emaestro technologies Inc|141 New Road|suite 208|parsippany
22|emaetro Technologies Inc|141 New Road|suite 208|Parsippany
22|EMAESTRO TECHNOLOGIES Inc|141 New Road|suite 208|parsippany
22|emaestro technologies Inc|141 New Road|suite 208|parsipany
22|emaestro Technologies Inc|141 New Road|suite 208|Parsippaby
22|eMaestro Technologies inc|141 New Road||Parsippany
22|eMaestro Technologies Inc|141 New Road||Parsippany
22|Fox Rehabilitation Services PC|7 Carnegie Plaza|N/A|Cherry Hill
22|Fox Rehabilitation Phys Therapy Service LLC|7 Carnegie Plaza|N/A|Cherry Hill
22|Fox Rehab PT CT LLC|7 Carnegie Plaza|N/A|Cherry Hill
22|Fox Rehabilitation Services LLC|7 Carnegie Plaza|N/A|Cherry Hill
22|Fox Rehabilitation Services WI LLC|7 Carnegie Plaza|N/A|Cherry Hill
22|Fox Rehab PT FL LLC|7 Carnegie Plaza|N/A|Cherry Hill
22|FOX Rehabilitation Physical, Occupational, and Speech Therapy Services LLC|7 Carnegie Plaza||Cherry Hill
22|Fox Rehab PT CT LLC|7 Carnegie Plaza||Cherry Hill
22|Fox Management Rehabilitation Services LLC|7 Carnegie Plaza||Cherry Hill
22|Fox Rehabilitation Services PC|7 Carnegie Plaza||Cherry Hill
22|Fox Rehabilitation Services PT MO LLC|7 Carnegie Plaza||Cherry Hill
22|Fox Rehabilitation Services OH LLC|7 Carnegie Plaza||Cherry Hill
22|Fox Rehabilitation Services TX LLC|7 Carnegie Plaza||Cherry Hill
22|Fox Rehabilitation Services, L.L.C.|7 Carnegie Plaza||Cherry Hill
22|Fox Rehabilitation Services LLC|7 Carnegie Plaza||Cherry Hill
22|Fox Rehabilitation Services AZ LLC|7 Carnegie Plaza||Cherry Hill
22|Fox Rehabilitation Physical, Occupational and Speech Therapy Services, L.L.C.|7 Carnegie Plaza||Cherry Hill
22|Fox Rehabilitation Physical, Occupational and Speech Therapy Services|7 Carnegie Plaza||Cherry Hill
22|Fox Rehabilitation Phys Therapy Service LLC|7 Carnegie Plaza||Cherry Hill
22|Fox Rehab-MA LLC|7 Carnegie Plaza||Cherry Hill
22|Fox Rehab PT MD LLC|7 Carnegie Plaza||Cherry Hill
22|Fox Rehab PT FL LLC|7 Carnegie Plaza||Cherry Hill
21|FIRST TEK INC|371 Hoes Lane|STE 201|Piscataway,
21|First Tek Inc|371 Hoes Lane|STE 201|Piscataway
21|DOTS TECHNOLOGIES INC|371 Hoes Lane|SUITE 200|PISCATAWAY
21|SPRINGCARE USA LLC|371 Hoes Lane|Ste 302|Piscataway
21|IT4 Business Solutions Inc|371 Hoes Lane|Suite 200|Piscataway
21|Geo-Enviro Consulting & Remediation LLC|371 Hoes Lane|Suite 200|Piscataway
21|Pharma Data Associates LLC|371 Hoes Lane|Suite 200|Piscataway
21|Pharma Data Associates LLC (PDA)|371 Hoes Lane|Suite 200|Psicataway
21|AVKS CONSULTING INC|371 Hoes Lane|Suite 200|Piscataway
21|RPNC Systems Inc|371 Hoes Lane|Suite 200|Piscataway
21|GENSECURE INC|371 Hoes Lane|Suite 200|Piscataway
21|Amplo Global Inc|371 Hoes Lane|Suite 200|Piscataway
21|IT4 BUSINESS SOLUTIONS INC|371 Hoes Lane|Suite 200|Piscataway
21|Signin Soft Inc|371 Hoes Lane|Suite 200, E3|Piscataway
21|Everest Medics Staffing Inc|371 Hoes Lane|Suite 200-45|Piscataway
21|Millennium Softtech Inc|371 Hoes Lane|Suite 200-51|PISCATAWAY
21|BRAINCHILD UNLIMITED INC|371 Hoes Lane|Suite 201|Piscataway
21|FIRST TEK INC|371 Hoes Lane|Suite 201|Piscataway,
21|First Tek Inc|371 Hoes Lane|Suite 201|Piscataway
21|Transcend Street Solutions Inc|371 Hoes Lane|Suite 205|Piscataway
21|NCS Technologies Inc|371 Hoes Lane||Piscataway
20|ADROITENT INC|100 OVERLOOK CENTER|2ND FL|PRINCETON
20|MILLENNIUM CONSULTANTS INC|100 OVERLOOK CENTER|2ND FLOOR|PRINCETON
20|KSS USA LLC|100 OVERLOOK CENTER|2ND FLOOR|PRINCETON
20|BEEJAUM TECHNOLOGY GROUP INC|100 OVERLOOK CENTER|2ND FLOOR|PRINCETON
20|STAFFLABS INC|100 OVERLOOK CENTER|2ND FLOOR|PRINCETON
20|BLUE5GREEN LLC|100 OVERLOOK CENTER|2ND FLOOR|PRINCETON
20|WALL STREET CONSULTING SERVICES LLC|100 OVERLOOK CENTER|2ND FLOOR|PRINCETON
20|PURSUIT SOFTWARE INC|100 OVERLOOK CENTER|2ND FLOOR|PRINCETON
20|BELLUS MANTRA INC|100 OVERLOOK CENTER|2ND FLOOR|PRINCETON
20|AYRAS TECHNOLOGIES LLC|100 OVERLOOK CENTER|2ND FLOOR|PRINCETON
20|RAMCO SYSTEMS CORPORATION|100 OVERLOOK CENTER|2nd Floor|PRINCETON
20|Stafflabs Inc|100 OVERLOOK CENTER|2nd Floor|PRINCETON
20|STAFFLABS INC|100 OVERLOOK CENTER|2nd Floor|PRINCETON
20|CHAREN SOLUTIONS INC|100 OVERLOOK CENTER|FLOOR 2|PRINCETON
20|FIRST CLOUD TECH INC|100 OVERLOOK CENTER|FLOOR 2, SUITE 2020|PRINCETON
20|BLUE5GREEN LLC|100 OVERLOOK CENTER|FLR. 2|PRINCETON
20|SOFTWARE TECHNOLOGY INC|100 OVERLOOK CENTER|SUITE 200|PRINCETON
20|CLEYRA INC|100 OVERLOOK CENTER|SUITE 200|PRINCETON
20|Ramco Systems Corporation|100 OVERLOOK CENTER|SUITE 2008, 2ND FLOOR|Princeton
20|VASPIRE TECHNOLOGIES INC|100 OVERLOOK CENTER|SUITE 2084|PRINCETON
20|eMeteors Technology Inc|150 River Road|G3b|Montville
20|LS Engineering Associates Corporation|150 River Road|Ste E2|Montville
20|eMeteors Technology Inc|150 River Road|Suite G3B|MONTVILLE
20|emeteors Technology Inc|150 River Road|Suite G3B|MONTVILLE
20|ITCaps LLC|150 River Road|Unit J3A|Montville
20|ITCAPS LLC|150 River Road|Unit J3A|Montville
20|eMeteors Technology Inc|150 River Road|bldg g3b|Montville
20|eMeteors Technology Inc|150 River Road|ste g3b|MONTVILLE
20|emeteors Technolgy Inc|150 River Road|ste g3b|MONTVILLE
20|eMeteors technology Inc|150 River Road|suite G3b|Montville
20|emeteors Technology inc|150 River Road|suite g3b|montville
20|eMeteors Technology Inc|150 River Road|suite g3b|Montville
20|emeteors Technology Inc|150 River Road|suite g3b|montville
20|emeteors Technology Inc|150 River Road|suite g3b|Montville
20|emeteors Technolgy Inc|150 River Road|suite g3b|montville
20|Emeteors Technology Inc|150 River Road|suite g3b|Montville
20|eMeteors Technology Inc|150 River Road|suite g3b|montville
20|ITCAPS LLC|150 River Road||Montville
20|ITCaps LLC|150 River Road||Montville
20|eMeteors Technology Inc|150 River Road||Montville
20|Ginetech Labs LLC|77 Milltown Road|B-5|East Brunswick
20|Gine Tech Labs LLC|77 Milltown Road|B-5|East Brunswick
20|Adway Services Inc|77 Milltown Road|C 5|East Brunswick
20|Peblo Technologies LLC|77 Milltown Road|C-4|East Brunswick
20|Adway Services Inc|77 Milltown Road|C-5|East Brunswick
20|Peblo Technologies LLC|77 Milltown Road|C-8|East Brunswick
20|Adway Services Inc|77 Milltown Road|C5|East Brunswick
20|Tupoin Inc|77 Milltown Road|STE B1|East Brunswick
20|Enthsquare Inc|77 Milltown Road|STE B1|East Brunswick
20|ADWAY SERVICES INC|77 Milltown Road|STE C-5|EAST BRUNSWICK
20|Adway Services Inc|77 Milltown Road|STE C-5|East Brunswick
20|Adway Services Inc|77 Milltown Road|STE C-5|East brunswick
20|Gine Tech Labs LLC|77 Milltown Road|Suite 5B|East Brunswick
20|Enthsquare Inc|77 Milltown Road|Suite B1|East Brunswick
20|Tupoin Inc|77 Milltown Road|Suite B1|East Brunswick
20|Sunray Informatics Inc|77 Milltown Road|Suite C1|East Brunswick
20|Adway Services Inc|77 Milltown Road|Suite C5|East Brunswick
20|Gine Tech Labs LLC|77 Milltown Road|Suite C5|East Brunswick
20|Ginetech Labs LLC|77 Milltown Road||East Brunswick Rd
20|Gine Tech Labs LLC|77 Milltown Road||East Brunswick
20|VERIZON SERVICES ORGANIZATION INC|One Verizon Way|4th Floor - Room 54N071B|Basking Ridge
20|VERIZON CORPORATE SERVICES GROUP INC|One Verizon Way|4th Floor - Room 54N071B|Basking Ridge
20|VERIZON CONNECT INC|One Verizon Way|4th Floor - Room 54N071B|Basking Ridge
20|MCI Communications Services LLC|One Verizon Way|4th Floor - Room 54N071B|Basking Ridge
20|VERIZON BUSINESS NETWORK SERVICES LLC|One Verizon Way|4th Floor - Room 54N071B|Basking Ridge
20|Verizon Corporate Resources Group LLC|One Verizon Way|4th Floor - Room 54N071B|Basking Ridge
20|Cellco Partnership|One Verizon Way|4th Floor - Room 54N071B|Basking Ridge
20|Verizon Data Services LLC|One Verizon Way|4th Floor - Room 54N071B|Basking Ridge
20|Aabaco Small Business LLC|One Verizon Way|4th Floor - Room 54N071B|Basking Ridge
20|Verizon Services Corp.|One Verizon Way|4th Floor - Room 54N071B|Basking Ridge
20|TRACFONE WIRELESS INC|One Verizon Way|4th Floor - Room 54N071B|Basking Ridge
20|TRACFONE WIRELESS INC|One Verizon Way|4th Floor - Room 54N071D|Basking Ridge
20|Verizon Corporate Resources Group LLC|One Verizon Way|4th Floor - Room 54N071D|Basking Ridge
20|Cellco Partnership|One Verizon Way|4th Floor - Room 54N071D|Basking Ridge
20|MCI Communications Services LLC|One Verizon Way|4th Floor - Room 54N071D|Basking Ridge
20|Verizon Services Corp.|One Verizon Way|4th Floor - Room 54N071D|Basking Ridge
20|Verizon Data Services LLC|One Verizon Way|4th Floor - Room 54N071D|Basking Ridge
20|VERIZON BUSINESS NETWORK SERVICES LLC|One Verizon Way|4th Floor - Room 54N071D|Basking Ridge
20|VERIZON CONNECT TELO INC|One Verizon Way|4th Floor – Room 54N0718|Basking Ridge
20|Verizon Innovation Inc|One Verizon Way|4th Floor – Room 54N071B|Basking Ridge
19|Benvic Chemres LLC (FKA Chemres LLC)|103 Carnegie Center|Suite 100|Princeton
19|Chemres LLC|103 Carnegie Center|Suite 100|Princeton,
19|InnCreTech LLC|103 Carnegie Center|Suite 103|Princeton
19|Unio Capital LLC|103 Carnegie Center|Suite 111|Princeton
19|Azzur Group dba Azzur Princeton LLC|103 Carnegie Center|Suite 300|Princeton
19|Galaxy International Group LLC|103 Carnegie Center|Suite 300|Princeton
19|Cloud Reboot Inc|103 Carnegie Center|Suite 300|Princeton
19|Narinder Alliance LLC|103 Carnegie Center|Suite 300|Princeton
19|Logicgate Technologies Inc|103 Carnegie Center|Suite 300|Princeton
19|ERPMark Inc|103 Carnegie Center|Suite 300|Princeton
19|Araxis Systems Inc|103 Carnegie Center|Suite 300|Princeton
19|GM SOFTWARE CONSULTING INC|103 Carnegie Center|Suite 300|Princeton
19|KIAN CORPORATION|103 Carnegie Center|Suite 300|Princeton
19|ERPMARK INC|103 Carnegie Center|Suite 300|Princeton
19|ERPMARK Inc|103 Carnegie Center|Suite 300|Princeton
19|XYLA Entertainments LLC|103 Carnegie Center|Suite 300|Princeton
19|Azzur Group LLC|103 Carnegie Center|Suite 300|Princeton
19|i-Connectresources Inc|103 Carnegie Center|Suite 301|Princeton
19|Five Dimensions Energy LLC|103 Carnegie Center|Suite 311|Princeton
19|United Business Solutions Inc|1100 Cornwall Road|SUITE 100|Monmouth Juction
19|United Business Solutions Inc|1100 Cornwall Road|SUITE 100|Monmouth Junction
19|Spino Inc|1100 Cornwall Road|SUITE 100|Monmouth Junction
19|ANG Infotech LLC|1100 Cornwall Road|SUITE 114|Monmouth Junction
19|United Business Solutions Inc|1100 Cornwall Road|SUITE 221|Monmouth Juction
19|Spino Inc|1100 Cornwall Road|SUITE 221|Monmouth Junction
19|United Business Solutions Inc|1100 Cornwall Road|SUITE 221|Monmouth Junction
19|United Business Solutions Inc|1100 Cornwall Road|Suite 100|Monmouth Junction
19|Cardinal Integrated Technologies Inc|1100 Cornwall Road|Suite 113|Monmouth Junction
19|Element Technologies Inc|1100 Cornwall Road|Suite 113|Monmouth Junction
19|Precision Technologies Corp.|1100 Cornwall Road|Suite 134|Monmouth Junction
19|TALENTECH CONSULTING LLC|1100 Cornwall Road|Suite 160|Monmouth Junction
19|Encora Digital LLC|1100 Cornwall Road|Suite 200|South Brunswick
19|Intellect Technologies Inc|1100 Cornwall Road|Suite 211|Monmouth Junction
19|Parabole Inc|1100 Cornwall Road|Suite 214|Monmouth Junction
19|SIRI SOFTWARE SOLUTIONS LLC|1100 Cornwall Road|Suite 218|Monmouth Junction
19|Siri Software Solutions LLC|1100 Cornwall Road|Suite 218|Monmouth Junction
19|SIRI SOFTWARE SOLUTIONS LLC|1100 Cornwall Road|Suite 218|NEW JERSEY
19|United Business Solutions Inc|1100 Cornwall Road|Suite 221|Monmouth Junction
19|CPSG Partners LLC D/B/A Mercer Digital|Waterfront Corporate Center, 121 River Street|N/A|Hoboken
19|Guy Carpenter& Company LLC|Waterfront Corporate Center, 121 River Street|N/A|Hoboken
19|International Catastrophe Insurance Managers LLC|Waterfront Corporate Center, 121 River Street||Hoboken
19|Mercer Health & Benefits LLC|Waterfront Corporate Center, 121 River Street||Hoboken
19|Marsh USA Inc|Waterfront Corporate Center, 121 River Street||Hoboken
19|CPSG Partners LLC D/B/A MERCER DIGITAL|Waterfront Corporate Center, 121 River Street||Hoboken
19|Mercer (US) Inc|Waterfront Corporate Center, 121 River Street||Hoboken
19|CPSG Partners LLC d/b/a Mercer Digital|Waterfront Corporate Center, 121 River Street||Hoboken
19|Mercer HR Services LLC|Waterfront Corporate Center, 121 River Street||Hoboken
19|Mercer System Services LLC|Waterfront Corporate Center, 121 River Street||Hoboken
19|Mercer Investments LLC|Waterfront Corporate Center, 121 River Street||Hoboken
19|GUY CARPENTER & COMPANY LLC|Waterfront Corporate Center, 121 River Street||Hoboken
19|Marsh & McLennan Shared Services LLC|Waterfront Corporate Center, 121 River Street||Hoboken
19|Guy Carpenter and Company LLC|Waterfront Corporate Center, 121 River Street||Hoboken
19|MERCER HR SERVICES LLC|Waterfront Corporate Center, 121 River Street||Hoboken
19|MERCER HEALTH & BENEFITS LLC|Waterfront Corporate Center, 121 River Street||Hoboken
19|MERCER (US) INC|Waterfront Corporate Center, 121 River Street||Hoboken
19|MARSH & MCLENNAN COMPANIES INC|Waterfront Corporate Center, 121 River Street||Hoboken
19|MARSH USA INC|Waterfront Corporate Center, 121 River Street||Hoboken
18|Colliers Engineering & Design Inc|101 Crawfords Corner Road|3400|Holmdel
18|Zais Group LLC|101 Crawfords Corner Road|Suite 1206|Holmdel
18|Optessa USA Inc|101 Crawfords Corner Road|Suite 2221|Holmdel
18|Vonage Business Inc|101 Crawfords Corner Road|Suite 2416|Holmdel
18|Vonage America LLC|101 Crawfords Corner Road|Suite 2416|Holmdel
18|WorkWave LLC|101 Crawfords Corner Road|Suite 2511|Holmdel
18|iCims Inc|101 Crawfords Corner Road|Suite 3-100|Holmdel
18|Colliers Engineering & Design, Architecture, Landscape Architecture, Surveying, CT P.C.|101 Crawfords Corner Road|Suite 3400|Holmdel
18|Colliers Engineering & Design, Architecture, Landscape Architecture, Surveying, CTP.C.|101 Crawfords Corner Road|Suite 3400|Holmdel
18|Colliers Engineering & Design Inc|101 Crawfords Corner Road|Suite 3400|Holmdel
18|HYPR Corp|101 Crawfords Corner Road|Suite 4-116|Holmdel
18|McCann Systems LLC|101 Crawfords Corner Road|Suite 4-201|Holmdel
18|Manhattan Telecommunications Corporation of NJ Inc|101 Crawfords Corner Road|Suite 4-311|Holmdel
18|Manhattan Telecommunications Corporation of New Jersey Inc|101 Crawfords Corner Road|Suite 4-311|Holmdel
18|Azurite Consulting LLC|101 Crawfords Corner Road|Suite 4116|Holmdel
18|ASC Americas Inc|101 Crawfords Corner Road|Suite 4126|Holmdel
18|Vydia Inc|101 Crawfords Corner Road|Suite 4204|Holmdel
18|Flexible Architecture and Simplified Technology Inc|101 Crawfords Corner Road||Holmdel
18|DRUG DEVELOPMENT INFORMATICS LLC|1100 CORNWALL ROAD|STE 110|MONMOUTH JUNCTION
18|SIRI SOFTWARE SOLUTIONS LLC|1100 CORNWALL ROAD|STE 218|MONMOUTH JUNCTION
18|SPINO INC|1100 CORNWALL ROAD|SUITE 100|MONMOUTH JUNCTION
18|FIRST SOFT SOLUTIONS LLC|1100 CORNWALL ROAD|SUITE 101|MONMOUTH JUNCTION
18|RECRUITING MINDS INC|1100 CORNWALL ROAD|SUITE 112|MONMOUTH JUNCTION
18|ELEMENT TECHNOLOGIES INC|1100 CORNWALL ROAD|SUITE 113|MONMOUTH JUNCTION
18|THINKLUSIVE INC|1100 CORNWALL ROAD|SUITE 120|MONMOUTH JUNTION
18|THINKLUSIVE INC|1100 CORNWALL ROAD|SUITE 120|MONMOUTH JUNCTION
18|PRECISION TECHNOLOGIES CORP.|1100 CORNWALL ROAD|SUITE 134|MONMOUTH JUNCTION N
18|PRECISION TECHNOLOGIES CORP|1100 CORNWALL ROAD|SUITE 134|MONMOUTH JUNCTION
18|VP - PEOPLE OPERATIONS|1100 CORNWALL ROAD|SUITE 134|MONMOUTH JUNCTION
18|PRECISION TECHNOLOGIES CORP.|1100 CORNWALL ROAD|SUITE 134|MONMOUTH JUNCTION
18|E-BUSINESS INTERNATIONAL INC|1100 CORNWALL ROAD|SUITE 203|MONMOUTH JUNCTION
18|Tekbasic LLC|1100 CORNWALL ROAD|SUITE 213|MONMOUTH JUNCTION
18|TEKBASIC LLC|1100 CORNWALL ROAD|SUITE 213|MONMOUTH JUNCTION
18|UNITED BUSINESS SOLUTIONS INC|1100 CORNWALL ROAD|SUITE 221|MONMOUTH JUNCTION
18|SPINO INC|1100 CORNWALL ROAD|SUITE 221|MONMOUTH JUNCTION
18|PRECISION TECHNOLOGIES CORP.|1100 CORNWALL ROAD||MONMOUTH JUNCTION N
18|Infinity BiologiX LLC|30 Knightsbridge Road|Bldg 3|Piscataway
18|Infinity BiologiX LLC dba Sampled|30 Knightsbridge Road|Bldg 3|Piscataway
18|Infinity BiologiX LLC|30 Knightsbridge Road|Building 3|Piscataway
18|PRN IT Corp|30 Knightsbridge Road|STE 525|Piscataway
18|AS America Inc d/b/a American Standard Brands (Lixil)|30 Knightsbridge Road|Suite 301|Piscataway
18|Four Bends LLC|30 Knightsbridge Road|Suite 525|Piscataway
18|PRN IT CORP INC|30 Knightsbridge Road|Suite 525|Piscataway
18|OM Group Inc|30 Knightsbridge Road|Suite 525|Piscataway
18|The Hierophant Entertainment LLC|30 Knightsbridge Road|Suite 525|Piscataway
18|Syntech Soft Inc|30 Knightsbridge Road|Suite 525|Piscataway
18|PRN IT Corp Inc|30 Knightsbridge Road|Suite 525|Piscataway
18|ASSET CLASS TECHNOLOGIES LLC|30 Knightsbridge Road|Suite 525|Piscataway
18|Huntler LLC|30 Knightsbridge Road|Suite 525|Piscataway
18|Asset Class Technologies LLC|30 Knightsbridge Road|Suite 525|Piscataway
18|Empire Circuits LLC|30 Knightsbridge Road|Suite 525|Piscataway
18|Synkriom Inc|30 Knightsbridge Road|Suite 525|Piscataway
18|Like Minds Consulting Inc|30 Knightsbridge Road|Suite 525|Piscataway
18|QUADPRO IT INC|30 Knightsbridge Road|Suite 525|Piscataway
17|EducationDynamics LLC|111 River Street|10th Floor|Hoboken
17|The Burgiss Group|111 River Street|10th Floor|Hoboken
17|Pure Power Engineering Inc|111 River Street|1110 Suite|Hoboken
17|Sumitomo Mitsui Trust Bank (U.S.A.) Limited|111 River Street|9th Floor|Hoboken
17|Faropoint Ventures LLC|111 River Street|Suite 1010|Hoboken
17|Faropoint HC LLC|111 River Street|Suite 1010|Hoboken
17|Pure Power Engineering Inc|111 River Street|Suite 110|Hoboken
17|Pure Power Engineering Inc|111 River Street|Suite 1110|Hoboken
17|Genesis Research LLC|111 River Street|Suite 1120|Hoboken
17|SKIM ANALYTICAL INC|111 River Street|Suite 1200|Hoboken
17|Epion Health Inc|111 River Street|Suite 1230|Hoboken
17|John Wiley & Sons Inc|111 River Street||Hoboken
17|JOHN WILEY & SONS INC|111 River Street||Hoboken
17|The Burgiss Group LLC|111 River Street||Hoboken
17|WILEY EDU LLC|111 River Street||Hoboken
17|Atypon Systems LLC|111 River Street||Hoboken
17|Unilever United States Inc|111 River Street||Hoboken
17|DriveWealth Technologies LLC|15 Exchange Place|10th Floor|Jersey City
17|DriveLiquidity LLC|15 Exchange Place|10th Floor, Suite 1020-B|Jersey City
17|Bachi.Tech Corporation|15 Exchange Place|Floor 11|Jersey City
17|Bachi.Tech Corporation|15 Exchange Place|STE 1110|Jersey City
17|Bachi. Tech Corporation|15 Exchange Place|STE 1110|JERSEY CITY
17|Bachi. Tech Corporation|15 Exchange Place|STE 1110|Jersey City
17|DriveWealth LLC|15 Exchange Place|Suite 1000|Jersey City
17|DriveWealth Technologies LLC|15 Exchange Place|Suite 1000|Jersey City
17|Davies Advisors, L.P.|15 Exchange Place|Suite 500|Jersey City
17|Davies Advisors LP|15 Exchange Place|Suite 500|Jersey City
17|Sionic Advisors, LP|15 Exchange Place|Suite 500|Jersey City
17|Choice Canning Company Inc|15 Exchange Place|Suite 520|Jersey City
17|oXya Corporation|15 Exchange Place|Suite 620|Jersey City
17|Prescient Healthcare Group Inc|15 Exchange Place|Suite 730|Jersey City
17|DriveWealth LLC|15 Exchange Place||Jersey City
17|DriveWealth Technologies LLC|15 Exchange Place||Jersey City
17|DriveWealth Institutional LLC|15 Exchange Place||Jersey City
17|EVEREST CONSULTING GROUP|3840 PARK AVENUE|STE 203|EDISON
17|EVEREST CONSULTING GROUP INC|3840 PARK AVENUE|STE.201|EDISON
17|EVEREST CONSULTIN G GROUP INC|3840 PARK AVENUE|STE.203|EDISON
17|EVEREST CONSULTING GROUP IN|3840 PARK AVENUE|STE.203|EDISON
17|EVEREST CONSUTLING GROUP INC|3840 PARK AVENUE|STE.203|EDISON
17|EVERESTCONSULTING GROUP INC|3840 PARK AVENUE|STE.203|EDISON
17|EVEREST COSULTING GROUP INC|3840 PARK AVENUE|STE.203|EDISON
17|EVEREST CONSULTING GROUP|3840 PARK AVENUE|STE.203|EDISON
17|EVEREST CONSULTING GROUP INC|3840 PARK AVENUE|STE.203|EDISON
17|EVEREST CNSULTING GROUP INC|3840 PARK AVENUE|STE.203|EDISON
17|EVEREST CONSULTING GROUP IN.|3840 PARK AVENUE|STE.203|EDISON
17|EVEREST COSNULTING GROUP INC|3840 PARK AVENUE|STE.203|EDISON
17|EVEREST CONSULTING GROUP INC|3840 PARK AVENUE|STE.204|EDISON
17|EVEREST CONSULTING GROUP INC|3840 PARK AVENUE|STE.230|EDISON
17|EVEREST CONSULTING GROUP INC|3840 PARK AVENUE|SUITE 203|EDISON
17|EVEREST CONSULTING GROUP INC|3840 PARK AVENUE|SUITE 204|EDISON
17|EVEREST CONSULTING GROUP INC|3840 PARK AVENUE||EDISON
16|ADP INC|1 ADP BOULEVAROAD||Roseland
16|Celergo LLC|1 ADP BOULEVAROAD||ROSELAND
16|ADP TECHNOLOGY SERVICES INC|1 ADP BOULEVAROAD||Roseland
16|ADP TECHNOLOGY SERVICES INC|1 ADP BOULEVAROAD||ROSELAND
16|ADP TAX SERVICES INC|1 ADP BOULEVAROAD||ROSELAND
16|ADP INC|1 ADP BOULEVAROAD||ROSELAND
16|ADP TotalSource Services INC|1 ADP BOULEVAROAD||ROSELAND
16|Integrated Design Inc|1 ADP BOULEVAROAD||ROSELAND
16|Integrated Design Inc|1 ADP BOULEVAROAD||Roseland
16|ADP Inc|1 ADP BOULEVAROAD||Roseland
16|ADP Technology Services Inc|1 ADP BOULEVAROAD||Roseland
16|ADP Technology Services Inc|1 ADP BOULEVAROAD||ROSELAND
16|Work Market Inc|1 ADP BOULEVAROAD||ROSELAND
16|ADP Tax Services Inc|1 ADP BOULEVAROAD||ROSELAND
16|ADP TotalSource Services INC|1 ADP BOULEVAROAD||Roseland
16|The Marcus Buckingham Company|1 ADP BOULEVAROAD||Roseland
16|CVSLOGIC.COM INC|200 CENTENNIAL AVENUE|LEVEL-1 ,SUITE 144|PISCATAWAY
16|CVSLOGIC.COM INC|200 CENTENNIAL AVENUE|LEVEL-1, SUITE 144|PISCATAWAY
16|IPOLARITY LLC|200 CENTENNIAL AVENUE|STE 204|PISCATAWAY
16|ACEQUEST CORPORATION|200 CENTENNIAL AVENUE|SUITE 123|PISCATAWAY
16|HERMITAGE INFO TECH LLC|200 CENTENNIAL AVENUE|SUITE 153|PISCATAWAY
16|HANCE INCORPORATED|200 CENTENNIAL AVENUE|SUITE 202|PISCATAWAY
16|FLEXASOFT LLC|200 CENTENNIAL AVENUE|SUITE 203|PISCATAWAY
16|FLEXASOFT LLC|200 CENTENNIAL AVENUE|SUITE 204|PISCATAWAY
16|IPOLARITY LLC|200 CENTENNIAL AVENUE|SUITE 204|PISCATAWAY
16|IPOLARITY LLC|200 CENTENNIAL AVENUE|SUITE 204|Piscataway
16|CSTS TECHNOLOGIES INC|200 CENTENNIAL AVENUE|SUITE 205|PISCATAWAY
16|CSTS Technologies Inc|200 CENTENNIAL AVENUE|SUITE 205|PISCATAWAY
16|GMA SOFT INC|200 CENTENNIAL AVENUE|SUITE 206|PISCATAWAY
16|ADVANCED KNOWLEDGE TECHNOLOGIES INC|200 CENTENNIAL AVENUE|SUITE 213|PISCATAWAY
16|CSTS TECHNOLOGIES INC|200 CENTENNIAL AVENUE|SUITE. 205|PISCATAWAY
16|IPOLARITY LLC|200 CENTENNIAL AVENUE|SUITE@204|PISCATAWAY
16|ZT Group Intl Inc|200 Plaza Drive|3rd F.|Secaucus
16|ZT Group Intl Inc d/b/a ZT Systems|200 Plaza Drive|3rd Floor|Secaucus
16|ZT Group Intl Inc|200 Plaza Drive|3rd Floor|Secaucus
16|ZT Group Intl Inc d/b/a ZT Systems|200 Plaza Drive|3rd floor|Secaucus
16|ZT Group Intl Inc|200 Plaza Drive|3rd floor|Secaucus
16|ZT Group Intl Inc|200 Plaza Drive|3th Floor|Secaucus
16|ZT Group Intl Inc|200 Plaza Drive|Floor|Secaucus
16|ZT Group Intl Inc|200 Plaza Drive|Floor 3|Secaucus
16|ZT Group Intl Inc d/b/a ZT Systems|200 Plaza Drive|Floor 3|Secaucus
16|Ernst & Young U.S. LLP|200 Plaza Drive|Suite 2222|Secaucus
16|ZT Group Intl Inc d/b/a ZT Systems|200 Plaza Drive||Secaucus
16|Ernst & Young US LLP|200 Plaza Drive||Secaucus
16|The Hartz Mountain Corporation|200 Plaza Drive||Secaucus
16|EY Government Services LLC|200 Plaza Drive||Secaucus
16|Ernst & Young Infrastructure Advisors LLC|200 Plaza Drive||Secaucus
16|Ernst & Young U.S. LLP|200 Plaza Drive||Secaucus
16|BNP Paribas US Wholesale Holdings, Corp.|525 Washington Blvd.|N/A|Jersey City
16|BNP Paribas|525 Washington Blvd.|N/A|Jersey City
16|BNP Paribas RCC Inc|525 Washington Blvd.|N/A|Jersey City
16|BNP - BNP Paribas RCC Inc|525 Washington Blvd.|N/A|Jersey City
16|BNP Paribas Financial Services LLC|525 Washington Blvd.|N/A|Jersey City
16|BNP Paribas Securities Corp.|525 Washington Blvd.|N/A|Jersey City
16|Mitsubishi Tanabe Pharma America Inc|525 Washington Blvd.|SUITE 1100|Jersey City
16|Dyania Health Inc|525 Washington Blvd.|Suite 300|Jersey City
16|U.S. Development LLC|525 Washington Blvd.|Suite 300|Jersey City
16|Digtinctive Inc|525 Washington Blvd.|Suite 353|Jersey City
16|Digtinctive LLC|525 Washington Blvd.|Suite 353|Jersey City
16|Digtinctive Inc|525 Washington Blvd.|Suite 86|Jersey City
16|Digtinctive Inc|525 Washington Blvd.|Suite 87|Jersey City
16|BNP Paribas RCC Inc|525 Washington Blvd.||Jersey City
16|BNP Paribas Securities Corp.|525 Washington Blvd.||Jersey City
16|BNP Paribas|525 Washington Blvd.||Jersey City
16|Kennedy International Software Inc|9 Bridge Street|Bidg - C|Metuchen
16|Kennedy International Software Inc|9 Bridge Street|Bldg - C|Metuchen
16|Kennedy International Software Inc|9 Bridge Street|Bldg A|METUCHEN
16|Shoolin Inc|9 Bridge Street|Bldg A|Metuchen
16|Kennedy International software Inc|9 Bridge Street|Bldg C|Metuchen
16|Kennedy International Software Inc|9 Bridge Street|Bldg C|Metcuchen
16|Kennedy International Software Inc|9 Bridge Street|Bldg C|Metchen
16|Kennedy International Software Inc|9 Bridge Street|Bldg C|Metuchen
16|Kennedy International Software Inc|9 Bridge Street|Bldg C|METUCHEN
16|Kennedy International Sofware Inc|9 Bridge Street|Bldg C|Metuchen
16|KENNEDY INTERNATIONAL SOFTWARE INC|9 Bridge Street|Bldg C|Metuchen
16|Kennedy International Software Inc|9 Bridge Street|Bldg C|Iselin
16|Kennedy International Software Inc|9 Bridge Street|Building - C|Metuchen
16|Kennedy International Software Inc|9 Bridge Street|Building A|Metuchen
16|Kennedy International Software Inc|9 Bridge Street|Building C|METUCHEN
16|Kennedy International Software Inc|9 Bridge Street|Building C|Metuchen
15|IPG GIS US INC|10 Exchange Place|10th Floor|Jersey City, NJ
15|Kuehne - Nagel Inc|10 Exchange Place|19th Floor|Jersey City
15|Kuehne & Nagel Inc|10 Exchange Place|19th Floor|Jersey City
15|Kuehne & Nagel Inc|10 Exchange Place|20th Floor|Jersey City
15|Kuehne and Nagel Inc|10 Exchange Place|20th Floor|Jersey City
15|Chain IQ US Inc|10 Exchange Place|21st Floor|Jersey City
15|Jackson Hewitt Tax Service Inc|10 Exchange Place|27th Floor|Jersey City
15|Kuehne & Nagel Inc|10 Exchange Place|Floor 20|Jersey City
15|Kuehne and Nagel Inc|10 Exchange Place|Floor 20|Jersey City
15|Nuts.com Inc|10 Exchange Place|Floor 28|New Jersey
15|Nuts.com Inc|10 Exchange Place|Floor 28|Jersey City
15|ADVANCED TECHNOLOGY CONSULTING SERVICE INC|10 Exchange Place|Suite 1730|Jersey City
15|Fortitude Group Services Inc|10 Exchange Place|Suite 2210|Jersey City
15|IPG GIS US Inc|10 Exchange Place||Jersey City
15|Nuts.com Inc|10 Exchange Place||Jersey City
15|eMaestro Technologies Inc|141 New road|208|parsippany
15|emaestro Technologies Inc|141 New road|208|parsippany
15|emaestro Technologies inc|141 New road|208|parsippany
15|eMaestro Technologies Inc|141 New road|SUIT 208|parsippany
15|emaestro Technologies Inc|141 New road|suite 205|parsippany
15|emaestro Technologies inc|141 New road|suite 208|parsippany
15|Emaestro Technologies Inc|141 New road|suite 208|parsippany
15|emaestro Technologies Inc|141 New road|suite 208|parsippany
15|emaestro Technologies Inc 465498896|141 New road|suite 208|parsippany
15|emaestro technologies Inc|141 New road|suite 208|parsippany
15|eMaestro Technologies Inc|141 New road|suite 208|Parsippany
15|eMaestro Technologies Inc|141 New road|suite 208|parsippany
15|emaestro Technologies Inc|141 New road||parsippany
15|eMaestro Technologies Inc|141 New road||parsippany
15|emaestro technologies Inc|141 New road||parsippany
15|Hire IT People Inc|15 Corporate Pl S|STE 145|Piscataway
15|Hire IT people Inc|15 Corporate Pl S|STE 145|Piscataway
15|Hire IT Global Inc|15 Corporate Pl S|STE 145|Piscataway
15|IOASIZ INC|15 Corporate Pl S|SUITE 402|PISCATAWAY
15|COMTEK GLOBAL INC|15 Corporate Pl S|SUITE 402|PISCATAWAY
15|GARDEN STATE IT SOLUTIONS INC|15 Corporate Pl S|Ste 342|Piscataway
15|Reyogmar Technologies Inc|15 Corporate Pl S|Ste 403|Piscataway
15|The Rapids Group Inc|15 Corporate Pl S|Ste 419B|Piscataway
15|The Rapids Group Inc|15 Corporate Pl S|Ste- 419B|Piscataway
15|Vistados Corp|15 Corporate Pl S|Suite 343|Piscataway
15|EZ Solutions Inc|15 Corporate Pl S|Suite 344|Piscataway
15|Adoresoft Corporation|15 Corporate Pl S|Suite 344|Piscataway
15|American Professionals Inc|15 Corporate Pl S|Suite 344|Piscataway
15|The Rapids Group Inc|15 Corporate Pl S|Suite 4198|Piscataway
15|The Rapids Group Inc|15 Corporate Pl S|Suite 419B|Piscataway
15|ITSPURS INC|285 DURHAM AVENUE|SUITE 02|SOUTH PLAINFIELD
15|AYRAA LLC|285 DURHAM AVENUE|SUITE 05|SOUTH PLAINFIELD
15|ACCODIAN LLC|285 DURHAM AVENUE|SUITE 05|SOUTH PLAINFIELD
15|CLOUD5 SOLUTIONS INC|285 DURHAM AVENUE|SUITE 1|SOUTH PLAINFIELD
15|Cloud5 Solutions Inc|285 DURHAM AVENUE|SUITE 1|SOUTH PLAINFIELD
15|KARWELL TECHNOLOGIIES INC|285 DURHAM AVENUE|SUITE 11|SOUTH PLAINFIELD
15|KATALYST HEALTHCARES & LIFE SCIENCES INC|285 DURHAM AVENUE|SUITE 12|SOUTH PLAINFIELD
15|Katalyst HealthCares & Life Sciences|285 DURHAM AVENUE|SUITE 12|SOUTH PLAINFIELD
15|GEO LOGIC SYSTEMS CORP.|285 DURHAM AVENUE|SUITE 13|SOUTH PLAINFIELD
15|GEO LOGIC SYSTEMS CORP.|285 DURHAM AVENUE|SUITE 13|South Plainfield
15|ITSPURS INC|285 DURHAM AVENUE|SUITE 2|SOUTH PLAINFIELD
15|IM SOLUTIONS INC|285 DURHAM AVENUE|SUITE 33|SOUTH PLAINFIELD
15|AYRAA LLC|285 DURHAM AVENUE|SUITE 5|SOUTH PLAINFIELD
15|CORE ITS LIMITED LIABILITY COMPANY|285 DURHAM AVENUE|SUITE 7|SOUTH PLAINFIELD
15|PORTAL CONSULTING INC|285 DURHAM AVENUE|SUITE 8|SOUTH PLAINFIELD
15|EXPEDENT CORP|3 ETHEL ROAD|STE 304A|EDISON
15|Expedent Corp|3 ETHEL ROAD|STE 304A|EDISON
15|Cloud5 Solutions Inc|3 ETHEL ROAD|STE 306|EDISON
15|AVERON SERVICES INC|3 ETHEL ROAD|STE 312|EDISON
15|SIRI INFOSOLUTIONS INC|3 ETHEL ROAD|SUITE 302|EDISON
15|FUSION PLUS SOLUTIONS INC|3 ETHEL ROAD|SUITE 303|EDISON
15|EXPEDENT CORP|3 ETHEL ROAD|SUITE 304A|EDISON
15|SUDHKO INC|3 ETHEL ROAD|SUITE 305|EDISON
15|i5 TECH INC|3 ETHEL ROAD|SUITE 306|EDISON
15|Waynsys Inc|3 ETHEL ROAD|SUITE 307|EDISON
15|WAYNSYS INC|3 ETHEL ROAD|SUITE 307|EDISON
15|Congensys Corp.|3 ETHEL ROAD|SUITE 307A|EDISON
15|CONGENSYS CORP.|3 ETHEL ROAD|SUITE 307A|EDISON
15|SUDHKO INC|3 ETHEL ROAD|SUITE 310|EDISON
15|TEKNOCOR INC|3 ETHEL ROAD|SUITE 320|EDISON
15|GREENSKY MANAGEMENT COMPANY LLC|30 HUDSON STREET|N/A|JERSEY CITY
15|United Capital Financial Advisers LLC|30 HUDSON STREET||JERSEY CITY
15|The Ayco Company, L.P., a Goldman Sachs Company|30 HUDSON STREET||Jersey City
15|UNITED CAPITAL FINANCIAL ADVISERS LLC|30 HUDSON STREET||JERSEY CITY
15|THE AYCO COMPANY, L.P., A GOLDMAN SACHS COMPANY|30 HUDSON STREET||JERSEY CITY
15|Goldman Sachs Renewable Power LLC|30 HUDSON STREET||JERSEY CITY
15|GOLDMAN SACHS & CO LLC|30 HUDSON STREET||JERSEY CITY
15|GOLDMAN SACHS & CO. LLC|30 HUDSON STREET||JERSEY CITY
15|GOLDMAN SACHS BANK USA|30 HUDSON STREET||JERSEY CITY
15|Goldman Sachs & Co. LLC|30 HUDSON STREET||JERSEY CITY
15|The Ayco Company, L.P., A Goldman Sachs Company|30 HUDSON STREET||JERSEY CITY
15|The Ayco Company, L.P., a Goldman Sachs Company|30 HUDSON STREET||JERSEY CITY
15|GOLDMAN SACHS SERVICES LLC|30 HUDSON STREET||JERSEY CITY
15|J. ARON & COMPANY LLC|30 HUDSON STREET||JERSEY CITY
15|Folio Financial Inc|30 HUDSON STREET||JERSEY CITY
15|SPLN INTERNATIONAL LLC|591 SUMMIT AVE|524|JERSEY CITY
15|SRNL INTERNATIONAL INC|591 SUMMIT AVE|STE 525|JERSEY CITY
15|Sunsoft Services Inc|591 SUMMIT AVE|SUITE 400|JERSEY CITY
15|SUNSOFT SERVICES INC|591 SUMMIT AVE|SUITE 400|JERSEY CITY
15|Nile Tech Inc|591 SUMMIT AVE|SUITE 504|JERSEY CITY
15|JSMN INTERNATIONAL INC|591 SUMMIT AVE|SUITE 522|JERSEY CITY
15|SRNL INTERNATIONAL INC|591 SUMMIT AVE|SUITE 523|JERSEY CITY
15|Senior full stack developer|591 SUMMIT AVE|SUITE 524|JERSEY CITY
15|SPLN INTERNATIONAL INC|591 SUMMIT AVE|SUITE 524|JERSEY CITY
15|SPLN INTERNATIONAL LLC|591 SUMMIT AVE|SUITE 524|JERSEY CITY
15|BDSN INTERNATIONAL INC|591 SUMMIT AVE|SUITE 525|JERSEY CITY
15|BDSN INTERNATIONAL INC|591 SUMMIT AVE|SUITE 525|JERS
15|VSLN INTERNATIONAL INC|591 SUMMIT AVE|SUITE 526|JERSEY CITY
15|VSLN International Inc|591 SUMMIT AVE|SUITE 526|JERSEY CITY
15|SPLN INTERNATINAL LLC|591 SUMMIT AVE|Suite 524|JERSEY CITY
15|MARSH & MCLENNAN Companies Inc|WATERFRONT CORPORATE CENTER, 121 RIVER STREET||HOBOKEN
15|Mercer Investments LLC|WATERFRONT CORPORATE CENTER, 121 RIVER STREET||Hoboken
15|Marsh USA Inc|WATERFRONT CORPORATE CENTER, 121 RIVER STREET||HOBOKEN
15|Guy Carpenter and Company LLC|WATERFRONT CORPORATE CENTER, 121 RIVER STREET||HOBOKEN
15|Mercer Health & Benefits LLC|WATERFRONT CORPORATE CENTER, 121 RIVER STREET||Hoboken
15|Mercer Health & Benefits Administration LLC|WATERFRONT CORPORATE CENTER, 121 RIVER STREET||Hoboken
15|Mercer US Inc|WATERFRONT CORPORATE CENTER, 121 RIVER STREET||Hoboken
15|Mercer Health & Benefits LLC|WATERFRONT CORPORATE CENTER, 121 RIVER STREET||HOBOKEN
15|Guy Carpenter and Company LLC|WATERFRONT CORPORATE CENTER, 121 RIVER STREET||Hoboken
15|MARSH & MCLENNAN SHARED SERVICES CORPORATION|WATERFRONT CORPORATE CENTER, 121 RIVER STREET||HOBOKEN
15|MARSH & MCLENNAN SHARED SERVICES LLC|WATERFRONT CORPORATE CENTER, 121 RIVER STREET||HOBOKEN
15|Guy Carpenter & Company LLC|WATERFRONT CORPORATE CENTER, 121 RIVER STREET||HOBOKEN
15|Marsh & McLennan Shared Services Corporation|WATERFRONT CORPORATE CENTER, 121 RIVER STREET||HOBOKEN
15|CPSG Partners LLC d/b/a Mercer Digital|WATERFRONT CORPORATE CENTER, 121 RIVER STREET||HOBOKEN
15|Mercer US Inc|WATERFRONT CORPORATE CENTER, 121 RIVER STREET||HOBOKEN
14|Prabhav Services Inc|181 New Road|304|Parsippany
14|MICROTURN SYSTEM INC|181 New Road|SUITE 304|PARSIPPANY
14|GoJo Labs Inc|181 New Road|Ste 304|Parsippany
14|Prabhav Services Inc|181 New Road|Suite 302|Parsippany
14|GoJo Labs Inc|181 New Road|Suite 304|Parsippany
14|Prabhav Services Inc|181 New Road|Suite 304|Parsippany
14|Vertex ETS LLC|181 New Road|Suite 304|Parsippany
14|Techly Skilled LLC|181 New Road|Suite 304|Parsippany
14|Prabhav Services Inc|181 New Road|Suite 304|parsippany
14|Prabhav Services Inc|181 New Road|Suite 304|PineBrook
14|Pan86 LLC|181 New Road|Suite 304, Office 43|Parsippany
14|JN Data Resolution LLC|181 New Road|Suite 308|Parsippany-Troy Hills
14|Prabhav Services Inc|181 New Road|suite 304|Parsippany
14|Prabhav Services Inc|181 New Road||Parsippany
14|Gramener Inc|2 Research Way|1st Floor|Princeton
14|CitiusTech Inc|2 Research Way|2nd Fl|Princeton
14|CitiusTech Inc|2 Research Way|2nd Floor|PRINCETON
14|CitiusTech Inc|2 Research Way|2nd Floor|Princeton
14|BrainScale Inc|2 Research Way|Floor 3|Princeton
14|Eywa Pharma Inc|2 Research Way|Floor 3|Princeton
14|CitiusTech Inc|2 Research Way|Flr. 2|Princeton
14|FluidEdge Consulting LLC|2 Research Way|Flr. 2|Princeton
14|Accelerated Technologies Inc|2 Research Way|Second Floor|Princeton
14|PamTen Inc|2 Research Way|Suite 204|Princeton
14|Gramener Inc|2 Research Way||Princeton
14|PamTen Inc|2 Research Way||Princeton
14|Accelerated Technologies Inc|2 Research Way||Princeton
14|PAMTEN INC|2 Research Way||PRINCETON
14|IKCON PHARMA INC|51 Cragwood Road|302|South Plainfield
14|Unicon Pharma Inc|51 Cragwood Road|Suite 101|South Plainfield
14|UNICON SCIENCES INC|51 Cragwood Road|Suite 106|South Plainfield
14|Ikcon Pharma Inc|51 Cragwood Road|Suite 302|South Plainfield
14|IKCON PHARMA INC|51 Cragwood Road|Suite 302|South Plainfield
14|IKCON TECHNOLOGIES INC|51 Cragwood Road|Suite 302|South Plainfi eld
14|IKCON TECHNOLOGIES INC|51 Cragwood Road|Suite 302|South Plainfield
14|GLOBEX IT SOLUTIONS INC|51 Cragwood Road|Suite 304|South Plainfield
14|Symantrix Inc|51 Cragwood Road|Suite 304|South Plainfield
14|SYMANTRIX INC|51 Cragwood Road|Suite 304|South Plainfield
14|Communication Experts Inc|51 Cragwood Road|Suite 304|South Plainfield
14|Zenith Lifescience LLC|51 Cragwood Road|Suite 306|South Plainfield
14|Zenith LifeScience LLC|51 Cragwood Road|Suite 306|South Plainfield
14|Symantrix Inc|51 Cragwood Road||South Plainfield
14|Eon Labs Inc|One Health Plaza|433/01|East Hanover
14|Novartis Gene Therapies Inc|One Health Plaza|Suite 433/01|East Hanover
14|NOVARTIS PHARMACEUTICALS CORPORATION|One Health Plaza||East Hanover
14|Novartis Institutes for BioMedical Research Inc|One Health Plaza||East HANOVER
14|NOVARTIS PHARMACEUTICALS CORPORATION|One Health Plaza||EAST HANOVER
14|Novartis Institutes for BioMedical Research Inc|One Health Plaza||EAST HANOVER
14|Navigate BioPharma Services Inc|One Health Plaza||East Hanover
14|Novartis Services Inc|One Health Plaza||East Hanover
14|Eon Labs Inc|One Health Plaza||East Hanover
14|Advanced Accelerator Applications USA Inc|One Health Plaza||East Hanover
14|Novartis Services Inc|One Health Plaza||EAST HANOVER
14|Novartis Pharmaceuticals Corporation|One Health Plaza||East Hanover
14|Novartis Institutes for BioMedical Research Inc|One Health Plaza||East Hanover
14|Novartis Gene Therapies Inc|One Health Plaza||East Hanover
13|Career Soft Solutions Inc|145 Talmadge Road|STE 12|Edison
13|EALEARN INC|145 Talmadge Road|SUITE 23|EDISON
13|EALEARN INC|145 Talmadge Road|SUITE 23|Edison
13|Career Soft Solutions Inc,|145 Talmadge Road|Suite 12|Edison
13|Career Soft Solutions INC|145 Talmadge Road|Suite 12|Edison
13|Career Soft Solution Inc|145 Talmadge Road|Suite 12|Edison
13|Career Soft Solutions Inc|145 Talmadge Road|Suite 12|EDISON
13|Career Soft Solutions INC|145 Talmadge Road|Suite 12|Edsion
13|Career Soft Sloutions Inc|145 Talmadge Road|Suite 12|Edison
13|Career Soft Solutions Inc|145 Talmadge Road|Suite 12|Edison
13|IP HEIGHTS LLC|145 Talmadge Road|Suite 18|Edison
13|EA Learn Inc|145 Talmadge Road|Suite 23|Edison
13|Nutrifresh Holdings LLC|145 Talmadge Road||Edison
13|ZAI GLOBAL INC|15 CORPORATE PLACE S.|SUITE 130|PISCATAWAY
13|6COM INC|15 CORPORATE PLACE S.|SUITE 210|PISCATAWAY
13|BRIDGETOWN CONSULTING GROUP INC|15 CORPORATE PLACE S.|SUITE 216|PISCATAWAY
13|HITECK SOLUTIONS INC|15 CORPORATE PLACE S.|SUITE 225|PISCATAWAY
13|NESTOR TECHNOLOGIES INC|15 CORPORATE PLACE S.|SUITE 330|PISCATAWAY
13|VAKULA TECHNOLOGIES INC|15 CORPORATE PLACE S.|SUITE 333B|PISCATAWAY
13|Vakula Technologies Inc|15 CORPORATE PLACE S.|SUITE 333b|PISCATAWAY
13|STARK ASSOCIATES LLC|15 CORPORATE PLACE S.|SUITE 350|PISCATAWAY
13|CLOUD SIGMA TECH LLC|15 CORPORATE PLACE S.|SUITE 351|PISCATAWAY
13|HITECK SOLUTIONS INC|15 CORPORATE PLACE S.|SUITE 351|PISCATAWAY
13|RANG TECHNOLOGIES INC|15 CORPORATE PLACE S.|SUITE 356|PISCATAWAY
13|CLOUD SIGMA TECH LLC|15 CORPORATE PLACE S.|SUITE 405A|PISCATAWAY
13|VAKULA TECHNOLOGIES INC|15 CORPORATE PLACE S.|SUITE 427|PISCATAWAY
12|SENSEBRAIN TECHNOLOGY LIMITED LLC|103 CARNEGIE CENTER|SUITE 300|Princeton
12|SENSEBRAIN TECHNOLOGY LIMITED LLC|103 CARNEGIE CENTER|SUITE 300|PRINCETON
12|SenseBrain Technology Limited LLC|103 CARNEGIE CENTER|SUITE 300|Princeton
12|BUSINESS TECHNOCRATS INC|103 CARNEGIE CENTER|SUITE 300|PRINCETON
12|LAK SOFTWARE SOLUTIONS INC|103 CARNEGIE CENTER|SUITE 300|PRINCETON
12|ERPMARK INC|103 CARNEGIE CENTER|SUITE 300|PRINCETON
12|VSOFT INFOWARE INC|103 CARNEGIE CENTER|SUITE 300|PRINCETON
12|GM SOFTWARE CONSULTING INC|103 CARNEGIE CENTER|SUITE 300|PRINCETON
12|I-EXCEED TECHNOLOGY SOLUTIONS INC|103 CARNEGIE CENTER|SUITE 300|PRINCETON
12|SEVEN HILLS GROUP TECHNOLOGIES INC|103 CARNEGIE CENTER|SUITE 300, OFFICE NUMBER 323|PRINCETON
12|SEVEN HILLS GROUP TECHNOLOGIES INC|103 CARNEGIE CENTER|SUITE 300, UNIT 325|PRINCETON
12|SEVEN HILLS GROUP TECHNOLOGIES INC|103 CARNEGIE CENTER|SUITE 300, UNIT 346|PRINCETON
12|MRL San Francisco LLC|126 E. Lincoln Avenue|Mailstop RY86-2011C|Rahway
12|Merck Sharp & Dohme LLC|126 E. Lincoln Avenue|Mailstop RY86-2011C|Rahway
12|Merck Research Laboratories Massachusetts LLC|126 E. Lincoln Avenue|Mailstop RY86-2011C|Rahway
12|Merck Sharp & Dohme LLC|126 E. Lincoln Avenue|RY86-2011C|Rahway
12|Merck Research Laboratories Massachusetts LLC|126 E. Lincoln Avenue|RY86-2011C|Rahway
12|MRL San Francisco LLC|126 E. Lincoln Avenue||Rahway
12|Intervet Inc|126 E. Lincoln Avenue||Rahway
12|MERCK TEKNIKA LLC|126 E. Lincoln Avenue||Rahway
12|MERCK SHARP & DOHME LLC|126 E. Lincoln Avenue||Rahway
12|Merck Sharp &Dohme LLC|126 E. Lincoln Avenue||Rahway
12|Merck Research Laboratories Massachusetts LLC|126 E. Lincoln Avenue||Rahway
12|Merck Sharp & Dohme LLC|126 E. Lincoln Avenue||Rahway
12|FAST|170 Wood Avenue South|4 Floor|Iselin
12|FAST|170 Wood Avenue South|4th Floor|Iselin
12|Flexible Architecture and Simplified Technology Inc (d/b/a FAST)|170 Wood Avenue South|4th Floor|Iselin
12|RCG Global Services Inc|170 Wood Avenue South|4th Floor|Iselin
12|FAST|170 Wood Avenue South|Floor 4|Iselin
12|RCG Global Services Inc|170 Wood Avenue South|Floor 4|Iselin
12|FAST|170 Wood Avenue South|Floor 4th|Iselin
12|INCEDO INC|170 Wood Avenue South||ISELIN
12|Incedo Inc|170 Wood Avenue South||Iselin
12|Siemens Financial Services Inc|170 Wood Avenue South||Iselin
12|Siemens Corporation|170 Wood Avenue South||Iselin
12|INCEDO INC|170 Wood Avenue South||Iselin
12|Quantum Integrators Group LLC|196 Princeton Hightstown Road|1B7|West Windsor
12|ELITE MSO LLC|196 Princeton Hightstown Road|BUILDING 1B, SUITE 15|West Windsor
12|Cloud88 Inc|196 Princeton Hightstown Road|Building 1A, Ste 3|West Windsor Township
12|Cloud88 Inc|196 Princeton Hightstown Road|Building 1A, Suite 3|West Windsor Township
12|ELITE MSO LLC|196 Princeton Hightstown Road|Building 1B , Suite 14|West Windsor
12|ELITE MSO LLC|196 Princeton Hightstown Road|Building 1B, Suite 14|WEST WINDSOR
12|ELITE MSO LLC|196 Princeton Hightstown Road|Building 1B, Suite 14|West Windsor
12|TK-Chain LLC|196 Princeton Hightstown Road|Building 1B, Suite 14|West Windsor
12|ELITE MSO LLC|196 Princeton Hightstown Road|Building 1B, Suite 15|West Windsor
12|Elite MSO LLC|196 Princeton Hightstown Road|Building 1B, Suite 15|West Windsor
12|Quantum Integrators Group LLC|196 Princeton Hightstown Road|Suite 1B-7|West Windsor
12|CLOUD360 INC|196 Princeton Hightstown Road|Suite16, Building 2, Second Floor|West Windsor Township
12|Lindgren Lindgren Oehm & You LLP|2035 Lincoln Highway|Ste 2170|Edison
12|L&T Technology Services Limited|2035 Lincoln Highway|Ste 3002|Edison
12|LTIMindtree Limited|2035 Lincoln Highway|Ste 3004|Edison
12|LTIMINDTREE Limited|2035 Lincoln Highway|Suite 3000/1/3006/2007/2170|Edison
12|L&T Technology Services Limited|2035 Lincoln Highway|Suite 3002|Edison
12|L&T Technology Services LLC|2035 Lincoln Highway|Suite 3002|Edison
12|LTIMINDTREE Limited|2035 Lincoln Highway|Suite 3004|Edison
12|LTIMINDTREE LIMITED|2035 Lincoln Highway|Suite 3004|Edison
12|LTIMindtree Limited|2035 Lincoln Highway|Suite 3004|EDISON
12|LTIMindtree Limited|2035 Lincoln Highway|Suite 3004|Edison
12|LTIMINDTREE Limited|2035 Lincoln Highway||Edison
12|LTIMINDTREE LIMITED|2035 Lincoln Highway||Edison
12|LTI Mindtree Limited|2035 Lincoln Highway, Edison Square West|Suite 3000|Edison
12|Larsen & Toubro Infotech Limited|2035 Lincoln Highway, Edison Square West|Suite 3000|Edison
12|LTIMindtree Limited|2035 Lincoln Highway, Edison Square West|Suite 3000|Edison
12|LTIMINDTREE LIMITED|2035 Lincoln Highway, Edison Square West|Suite 3000|Edison
12|LTIMINDTREE Limited|2035 Lincoln Highway, Edison Square West|Suite 3000|Edison
12|L&T Technology Services Limited|2035 Lincoln Highway, Edison Square West|Suite 3002|Edison
12|L&T Technology Services LLC|2035 Lincoln Highway, Edison Square West|Suite 3002|Edison
12|LARSEN & TOUBRO LIMITED|2035 Lincoln Highway, Edison Square West|Suite 3002|Edison
12|L&T Technology Services LLCavee|2035 Lincoln Highway, Edison Square West|Suite 3002|Edison
12|Larsen & Toubro Infotech Limited|2035 Lincoln Highway, Edison Square West|Suite. 3000|Edison
12|LTIMINDTREE Limited|2035 Lincoln Highway, Edison Square West||Edison
12|Larsen & Toubro Infotech Limited|2035 Lincoln Highway, Edison Square West||Edison
12|TECHNUMEN INC|242 OLD NEW BRUNSWICK ROAD|STE 310|PISCATAWAY
12|VERTIS GLOBAL INC|242 OLD NEW BRUNSWICK ROAD|SUITE 110|PISCATAWAY
12|ACI INFOTECH INC|242 OLD NEW BRUNSWICK ROAD|SUITE 110|SUITE 110
12|ACI INFOTECH INC|242 OLD NEW BRUNSWICK ROAD|SUITE 110|PISCATAWAY
12|ACI INFOTECH INC|242 OLD NEW BRUNSWICK ROAD|SUITE 110|Piscataway
12|ANVIM TECH INC|242 OLD NEW BRUNSWICK ROAD|SUITE 230 A|PISCATAWAY
12|ANVIM TECH INC|242 OLD NEW BRUNSWICK ROAD|SUITE 230A|PISCATAWAY
12|ITLIZE GLOBAL LLC|242 OLD NEW BRUNSWICK ROAD|SUITE 250|PISCATAWAY
12|TECHNUMEN INC|242 OLD NEW BRUNSWICK ROAD|SUITE 310|PISCATAWAY
12|MPOWER LOGIC INC|242 OLD NEW BRUNSWICK ROAD|SUITE 360|PISCATAWAY
12|IOASIZ INC|242 OLD NEW BRUNSWICK ROAD|SUITE 457|PISCATAWAY
12|COMTEK GLOBAL INC|242 OLD NEW BRUNSWICK ROAD|SUITE 457|PISCATAWAY
12|Specification Lighting Sales LLC|242 Old New Brunswick Road|STE 230 C2|Piscataway
12|SHEELA INC|242 Old New Brunswick Road|Ste 350|Piscataway
12|ACI Infotech Inc|242 Old New Brunswick Road|Suite 110|Piscataway
12|ACI INFOTECH INC|242 Old New Brunswick Road|Suite 110|Piscataway
12|ACI INFOTECH INC|242 Old New Brunswick Road|Suite 110|PISCATAWAY
12|Vertis Global Inc|242 Old New Brunswick Road|Suite 110|Piscataway
12|Avenir Associates Inc|242 Old New Brunswick Road|Suite 230 B|Piscataway
12|AVENIR ASSOCIATES INC|242 Old New Brunswick Road|Suite 230B|PISCATAWAY
12|TECHNUMEN INC|242 Old New Brunswick Road|Suite 310|Piscataway
12|TECHNUMEN INC|242 Old New Brunswick Road|Suite 310|PISCATAWAY
12|Technumen Inc|242 Old New Brunswick Road|Suite 310|Piscataway
12|Seva Engineering Services LLC|242 Old New Brunswick Road|Suite 370|Piscataway
12|CLOUD ONE INC|295 DURHAM AVENUE|STE 212|SOUTH PLAINFIELD
12|CLOUD5 SOLUTIONS INC|295 DURHAM AVENUE|SUITE 1|SOUTH PLAINFIELD
12|ALLIED BUSINESS CONSULTING INC|295 DURHAM AVENUE|SUITE 102|SOUTH PLAINFIELD
12|Cloud5 Solutions Inc|295 DURHAM AVENUE|SUITE 102|SOUTH PLAINFIELD
12|CLOUD5 SOLUTIONS INC|295 DURHAM AVENUE|SUITE 102|SOUTH PLAINFIELD
12|SOURCE MANTRA INC|295 DURHAM AVENUE|SUITE 201|SOUTH PLAINFIELD
12|I2C BUSINESS SOLUTIONS INC|295 DURHAM AVENUE|SUITE 203|SOUTH PLAINFIELD
12|LOTUS TECHNOLOGY GROUP INC|295 DURHAM AVENUE|SUITE 206|SOUTH PLAINFIELD
12|SSGC TECHNOLOGIES LLC|295 DURHAM AVENUE|SUITE 207|SOUTH PLAINFIELD
12|CLOUD ONE INC|295 DURHAM AVENUE|SUITE 212|SOUTH PLAINFIELD
12|ALPHOSOFT INC|295 DURHAM AVENUE|SUITE 212A|SOUTH PLAINFIELD
12|SAT SOLUTIONS LLC|295 DURHAM AVENUE|SUITE C|SOUTH PLAINFIELD
12|PRN IT CORP INC|30 KNIGHTSBRIDGE ROAD|STE 525|PISCATAWAY
12|ZEMANTICS INC|30 KNIGHTSBRIDGE ROAD|SUITE 525|PISCATAWAY TOWNSHIP
12|LEADING EDGE SOLUTIONS LLC|30 KNIGHTSBRIDGE ROAD|SUITE 525|PISCATAWAY
12|PRN IT CORP|30 KNIGHTSBRIDGE ROAD|SUITE 525|PISCATWAY
12|PRN IT CORP|30 KNIGHTSBRIDGE ROAD|SUITE 525|PISCATAWAY
12|YANGTZE RIVER CONSULTING SERVICE LLC|30 KNIGHTSBRIDGE ROAD|SUITE 525|PISCATAWAY TOWNSHIP
12|BIGD TECHNOLOGIES LLC|30 KNIGHTSBRIDGE ROAD|SUITE 525|PISCATAWAY
12|NEW JERSEY TECH SYSTEMS LLC|30 KNIGHTSBRIDGE ROAD|SUITE 525|PISCATAWAY
12|YANGTZE RIVER CONSULTING SERVICE LLC|30 KNIGHTSBRIDGE ROAD|SUITE 525|PISCATAWAY
12|ELEPHANT BYTES INC|30 KNIGHTSBRIDGE ROAD|SUITE 525|PISCATAWAY
12|STAXA TECHNOLOGIES LLC|30 KNIGHTSBRIDGE ROAD|SUITE 525|PISCATAWAY
12|ASSET CLASS TECHNOLOGIES LLC|30 KNIGHTSBRIDGE ROAD|SUITE 525|PISCATAWAY
12|ABAL Technologies Inc|3525 Quakerbridge Road|SUITE 1100|HAMILTON
12|ARC SOLUTIONS USA INC|3525 Quakerbridge Road|SUITE 1300|Hamilton
12|ARC SOLUTIONS USA INC|3525 Quakerbridge Road|SUITE 6350|Hamilton
12|ABAL Technologies Inc|3525 Quakerbridge Road|Ste 1100|Hamilton
12|ABAL Technologies Inc|3525 Quakerbridge Road|Suite 1100|Hamilton
12|ABAL TECHNOLOGIES INC|3525 Quakerbridge Road|Suite 1100|Hamilton
12|ARC Solutions USA Inc|3525 Quakerbridge Road|Suite 1300|Hamilton
12|ILogic Inc|3525 Quakerbridge Road|Suite 1400|Hamilton
12|Advanced Database & IT Solutions Inc|3525 Quakerbridge Road|Suite 4000|Hamilton Township
12|Tricon Solutions LLC|3525 Quakerbridge Road|Suite 6250|Hamilton
12|ARC Solutions USA Inc|3525 Quakerbridge Road|Suite 6350|Hamilton
12|ABAL Technologies Inc|3525 Quakerbridge Road|suite-1100|Hamilton
12|STAR QUEST LIFE SCIENCE INC|371 HOES LANE|STE 200|PISCATAWAY
12|DOTS TECHNOLOGIES INC|371 HOES LANE|SUITE 200|PISCATAWAY
12|DM LOGIC ASSOCIATES CORP.|371 HOES LANE|SUITE 200|PISCATAWAY
12|TESTING MAVENS LLC|371 HOES LANE|SUITE 200|PISCATAWAY
12|POZENT CORPORATION|371 HOES LANE|SUITE 200|PISCATAWAY
12|RUMISOFT INC|371 HOES LANE|SUITE 200|PISCATAWAY
12|DM LOGIC ASSOCIATES CORP|371 HOES LANE|SUITE 200|PISCATAWAY
12|STAR QUEST LIFE SCIENCE INC|371 HOES LANE|SUITE 200|PISCATAWAY
12|PROMINENCE CONSULTANTS LLC|371 HOES LANE|SUITE 200|PISCATAWAY
12|SIGNIN SOFT INC|371 HOES LANE|SUITE 200, E3|PISCATAWAY
12|SEERTEK SYSTEMS INC|371 HOES LANE|SUITE 200-225|PISCATAWAY
12|TESTING MAVENS LLC|371 HOES LANE|SUITE 218|PISCATAWAY
12|Teva Sales and Marketing Inc|400 Interpace Parkway|3|Parsippany
12|Patient Services and Solutions Inc|400 Interpace Parkway|3|Parsipanny
12|Teva Womens Health Inc|400 Interpace Parkway|3|Parsippany
12|Teva Pharmaceuticals USA Inc|400 Interpace Parkway|3|Parsipanny
12|Teva Branded Pharmaceuticals Products R&D Inc|400 Interpace Parkway|3|Parsippany
12|Teva Pharmaceuticals USA Inc|400 Interpace Parkway|3|Parsippany
12|Anesta LLC|400 Interpace Parkway|3|Parsipanny
12|Actavis Laboratories FL Inc|400 Interpace Parkway|3|Parsippany
12|Teva Branded Pharmaceutical Products R&D Inc|400 Interpace Parkway|3|Parsippany
12|Teva Branded Pharmaceuticals Products R&D Inc|400 Interpace Parkway||Parsippany
12|Baxter Pharmaceutical Solutions LLC|400 Interpace Parkway||Parsippany
12|Ogilvy CommonHealth Worldwide LLC d/b/a Ogilvy Health|400 Interpace Parkway||Parsippany
12|Teva Pharmaceuticals USA Inc|400 Interpace Parkway  3||Parsipanny
12|Teva Sales and Marketing Inc|400 Interpace Parkway  3||Parsippany
12|Teva Pharmaceuticals USA Inc|400 Interpace Parkway  3||Parsippany
12|Teva Digital Health Inc|400 Interpace Parkway  3||Parsippany
12|ACTAVIS LABORATORIES UT INC|400 Interpace Parkway  3||Parsippany
12|Teva Branded Pharmaceuticals Products R&D Inc|400 Interpace Parkway  3||Parsipanny
12|Teva API Inc|400 Interpace Parkway  3||Parsippany
12|Teva Branded Pharmaceutical Products R&D Inc|400 Interpace Parkway  3||Parsippany
12|Arana Therapeutics Inc|400 Interpace Parkway  3||Parsippany
12|Actavis Laboratories FL Inc|400 Interpace Parkway  3||Parsippany
12|Teva Womens Health Inc|400 Interpace Parkway  3||Parsippany
12|Teva Womens Health Inc|400 Interpace Parkway  3||Parsipanny
12|What If Holdings LLC|400 Kelby Street|12th Floor|Fort Lee
12|Cross River Bank|400 Kelby Street|14th Floor|Fort Lee
12|Synthetic P2P Holdings Corporation|400 Kelby Street|14th Floor|Fort Lee
12|Nano-X AI Inc|400 Kelby Street|7th Floor|Fort Lee
12|KEDPLASMA LLC|400 Kelby Street|Flr. 11|Fort Lee
12|Kleo Kolor Corporation|400 Kelby Street|Ste 1205|Fort Lee
12|Parker Management Florida LLC|400 Kelby Street|Ste 1903|Fort Lee
12|What If Media Group LLC|400 Kelby Street|Suite 1200|Fort Lee
12|What If Media Group|400 Kelby Street|Suite 1200|Fort Lee
12|Santec U.S.A. Corporation|400 Kelby Street|Suite 1501|Fort Lee
12|Xscape Photonics Inc|400 Kelby Street|Suite 1611|Fort Lee
12|POLYMER CHEMICAL CORP|400 Kelby Street|Suite 401|Fort Lee
12|Sunsoft Services Inc|591 Summit Ave|Suite 400|Jersey City
12|JSMN INTERNATIONAL INC|591 Summit Ave|Suite 522|Jersey City
12|JSMN INTERNATIONAL INC|591 Summit Ave|Suite 522|JERSEY CITY
12|JSMN International Inc|591 Summit Ave|Suite 522|Jersey City
12|SRNL International Inc|591 Summit Ave|Suite 523|Jersey City
12|SPLN International LLC|591 Summit Ave|Suite 524|Jersey City
12|SPLN INTERNATIONAL LLC|591 Summit Ave|Suite 524|Jersey City
12|SPLN International LLC|591 Summit Ave|Suite 524|JERSEY CITY
12|BDSN INTERNATIONAL INC|591 Summit Ave|Suite 525|Jersey City
12|VSLN International Inc|591 Summit Ave|Suite 526|Jersey City
12|VSLN International Inc|591 Summit Ave|Suite 526|JERSEY CITY
12|VSLN International Inc|591 Summit Ave|suite 526|JERSEY CITY
11|BDSN INTERNATIONAL INC|1 INTERNATIONAL BLVD|400|MAHWAH
11|BDSN INSTERNATIONAL INC|1 INTERNATIONAL BLVD|SUITE 400|MAHWAH
11|BDSN INTENATIONAL INC|1 INTERNATIONAL BLVD|SUITE 400|MAHWAH
11|BDSN International Inc|1 INTERNATIONAL BLVD|SUITE 400|MAHWAH
11|BDSN International Corporation|1 INTERNATIONAL BLVD|SUITE 400|Mahwah
11|BDSN INTERNATIONAL INC|1 INTERNATIONAL BLVD|SUITE 400|Mahwah
11|BDSN INTERNATIONAL INC|1 INTERNATIONAL BLVD|SUITE 400|MAHWAH
11|BDSN International Inc|1 INTERNATIONAL BLVD|Suite 400|Mahwah
11|BDSN INTERNATIONAL INC|1 INTERNATIONAL BLVD|Suite 400|MAHWAH
11|BDSN International Inc|1 INTERNATIONAL BLVD|Suite 400|MAHWAH
11|BDSN INTERNATIONAL INC|1 INTERNATIONAL BLVD|Suite 400|Mahwah
11|EDETEK Inc|101 College Road East|2nd Floor|Princeton
11|Edetek Inc|101 College Road East|2nd Floor|Princeton
11|Semandex Networks Inc|101 College Road East|2nd Floor|Princeton
11|Solbright Renewables LLC|101 College Road East|2nd Floor|Princeton
11|Aplomb Technologies Inc|101 College Road East|3rd Floor, Suite 301|Princeton
11|Aplomb Technologies Inc|101 College Road East|3rd Floor-Suite 301|Princeton
11|Aplomb Technologies Inc|101 College Road East|3rd Floor-Suite Ste 301|Princeton
11|Aplomb Technologies Inc|101 College Road East|3rd Floor-Suite301|Princeton
11|Intellilink Technologies Inc|101 College Road East|Suite 303|Princeton
11|Techsol Corporation|101 College Road East||Princeton
11|Techsol Corporation d/b/a Techsol Life Sciences|101 College Road East||Princeton
11|ZAI GLOBAL INC|15 CORPORATE PLACE S|ST. 130|PISCATAWAY
11|ARCHIS PHARMA LLC|15 CORPORATE PLACE S|SUITE 108|PISCATAWAY
11|ZAI GLOBAL INC|15 CORPORATE PLACE S|SUITE 130|PISCATAWAY
11|ZAI GLOBAL INC|15 CORPORATE PLACE S|SUITE 130|Piscataway
11|6COM INC|15 CORPORATE PLACE S|SUITE 210|PISCATAWAY
11|NESTOR TECHNOLOGIES INC|15 CORPORATE PLACE S|SUITE 330|PISCATAWAY
11|STARK PHARMA SOLUTIONS INC|15 CORPORATE PLACE S|SUITE 333B|PISCATAWAY
11|VISTADOS CORP|15 CORPORATE PLACE S|SUITE 343|PISCATAWAY
11|STARK ASSOCIATES LLC|15 CORPORATE PLACE S|SUITE 350|PISCATAWAY
11|RANG TECHNOLOGIES INC|15 CORPORATE PLACE S|SUITE 356|PISCATAWAY
11|VAKULA TECHNOLOGIES INC|15 CORPORATE PLACE S|SUITE 427|PISCATAWAY
11|Maersk Warehousing & Distribution Services USA LLC|180 Park Avenue|Building 105|Florham Park
11|Xiromed LLC|180 Park Avenue|Suite 101|Florham Park
11|Exeltis USA Inc|180 Park Avenue|Suite 101|Florham Park
11|Maersk Logistics & Services USA Inc|180 Park Avenue||Florham Park
11|Maersk Warehousing & Distribution Services USA LLC|180 Park Avenue||Florham Park
11|MAERSK LOGISTICS & SERVICES USA INC|180 Park Avenue||Florham Park
11|Damco USA Inc|180 Park Avenue||Florham Park
11|Maersk Agency U.S.A. INC|180 Park Avenue||Florham Park
11|Maersk Agency USA Inc|180 Park Avenue||Florham Park
11|Maersk Logistics and Services USA Inc|180 Park Avenue||Florham Park
11|Maersk Agency U.S.A. Inc|180 Park Avenue||Florham Park
11|IPolarity LLC|200 Centennial Avenue|Auite 204|Piscataway
11|IPolarity LLC|200 Centennial Avenue|Suit 204|Piscataway
11|Pharmaron (US) Clinical Services Inc|200 Centennial Avenue|Suite 2|Piscataway
11|Flexasoft LLC|200 Centennial Avenue|Suite 203|Piscataway
11|IPolarity LLC|200 Centennial Avenue|Suite 204|Piscataway
11|IPOLARITY LLC|200 Centennial Avenue|Suite 204|Piscataway
11|GMA SOFT Inc|200 Centennial Avenue|Suite 206|PISCATAWAY
11|Pharmaron US Clinical Services Inc|200 Centennial Avenue|Suite 210|Piscataway
11|ZK Technology LLC|200 Centennial Avenue|Suite 211|Piscataway
11|Advanced Knowledge Technologies Inc|200 Centennial Avenue|Suite 213|Piscataway
11|IPolarity LLC|200 Centennial Avenue|Sutie 204|Piscataway
11|Waynsys Inc|3 Ethel Road|Ste 307|Edison
11|Albireo Energy LLC|3 Ethel Road|Suite 300|Edison
11|Centraprise Corp|3 Ethel Road|Suite 304|Edison
11|Expedent Corp|3 Ethel Road|Suite 304A|Edison
11|SUDHKO INC|3 Ethel Road|Suite 305|Edison
11|Waynsys Inc|3 Ethel Road|Suite 307|Edison
11|Congensys Corp.|3 Ethel Road|Suite 307A|Edison
11|SUDHKO INC|3 Ethel Road|Suite 310|Edison
11|CELESDATA INC|3 Ethel Road|Suite 311|Edison
11|Celesdata Inc|3 Ethel Road|Suite 311|Edison
11|Albireo Energy LLC|3 Ethel Road||Edison
11|Langan Engineering and Environmental Services LLC|300 Kimball Drive|4th Floor|Parsippany
11|Langan Engineering and Environmental Services Inc|300 Kimball Drive|4th Floor|Parsippany
11|Langan Engineering and Environmental Services LLC|300 Kimball Drive|4th Floor|Parsipppany
11|Langan Engineering & Environmental Services LLC|300 Kimball Drive|4th Floor|Parsippany
11|Langan Engineering and Environmental Services LLC|300 Kimball Drive|Floor 4|Parsippany
11|Langan Engineering and Environmental Services LLC|300 Kimball Drive|Floor 4|Parsippany-Troy Hills
11|embecta Medical I LLC|300 Kimball Drive|STE 300|Parsippany
11|Embecta Medical I LLC|300 Kimball Drive|STE 300|Parsippany
11|Advansix Inc|300 Kimball Drive|Suite 101|Parsippany
11|Langan Engineering and Environmental Services LLC|300 Kimball Drive||Parsippany
11|Langan Engineering and Environmental Services Inc|300 Kimball Drive||Parsippany
11|Shoolin Inc|47 Bridge Street|Bldg A|Metuchen
11|Shoolin Inc|47 Bridge Street|Bldg A|METUCHEN
11|Shoolin Inc|47 Bridge Street|Bldg C|Metuchen
11|Shoolin Inc|47 Bridge Street|Buildig A|Metuchen
11|Shoolin Inc|47 Bridge Street|Building 1|Metuchen
11|SHOOLIN INC|47 Bridge Street|Building A|METUCHEN
11|Shoolin Inc|47 Bridge Street|Building A|Metuchen
11|Shoolin Inc|47 Bridge Street|Building A|METUCHEN
11|Shoolon Inc|47 Bridge Street|Building A|Metuchen
11|Shoolin Inc|47 Bridge Street|Buildng A|Metuchen
11|Shoolin Inc|47 Bridge Street|Builiding A|METUCHEN
11|Atalian US Shared Services LLC|525 Washington Blvd|25th Floor|Jersey City
11|CCA Construction Inc|525 Washington Blvd|31st Floor|New Jersey
11|CCA Construction Inc|525 Washington Blvd|31st Floor|Jersey City
11|Inossem Inc|525 Washington Blvd|STE 307|Jersey City
11|Inossem Inc|525 Washington Blvd|Ste 2600|Jersey City
11|Inossem Inc|525 Washington Blvd|Ste 307|Jersey City
11|Simply Funding LLC|525 Washington Blvd|Suite 2015|Jersey City
11|AXQ Capital, LP|525 Washington Blvd|Suite 2110|Jersey City
11|Devexperts Inc|525 Washington Blvd|Suite 2440|Jersey City
11|Data Zoo US LLC|525 Washington Blvd|Suite 300|Jersey City
11|Agora Atlas Corp|525 Washington Blvd|Suite 300|Jersey City
11|CLIENTSERVER TECHNOLOGY SOLUTIONS LLC|555 US HIGHWAY 1 SOUTH|STE 220|ISELIN
11|ClientServer Technology Solutions LLC|555 US HIGHWAY 1 SOUTH|STE 220|Iselin
11|ClientServer Technology Solutions LLC|555 US HIGHWAY 1 SOUTH|SUITE 220|Iselin
11|CLIENTSERVER TECHNOLOGY SOLUTIONS LLC|555 US HIGHWAY 1 SOUTH|SUITE 220|ISELIN
11|PRUTECH SOLUTIONS INC|555 US HIGHWAY 1 SOUTH|SUITE 230|ISELIN
11|E PRO TECHNOLOGIES LLC|555 US HIGHWAY 1 SOUTH|SUITE 330|ISELIN
11|SENSIPLE INC|555 US HIGHWAY 1 SOUTH|SUITE 400|ISELIN
11|ERRO TECHNOLOGIES LLC|555 US HIGHWAY 1 SOUTH|SUITE 430|ISELIN
11|SENSIPLE INC|555 US HIGHWAY 1 SOUTH|SUITE 430|EDISON
11|EPRO TECHNOLOGIES LLC|555 US HIGHWAY 1 SOUTH|SUITE 430|ISELIN
11|E PRO TECHNOLOGIES LLC|555 US HIGHWAY 1 SOUTH|SUITE 430|ISELIN
11|PETABYTZ TECHNOLOGIES INC|6 Kilmer Road|B1|Edison
11|S4 TECHNOSOFT CORPORATION|6 Kilmer Road|Ste C|Edison
11|AXLE IT INC|6 Kilmer Road|Suite 8|Edison
11|Axle IT Inc|6 Kilmer Road|Suite 8|Edison
11|Alex IT Inc|6 Kilmer Road|Suite 8|Edison
11|Athreya Inc|6 Kilmer Road|Suite A11|Edison
11|CLARITECH CONSULTING INC|6 Kilmer Road|Suite B-10|Edison
11|Eagle IT Inc|6 Kilmer Road|Suite C|Edison
11|Verans Business Solutions Inc|6 Kilmer Road|Suite F|Edison
11|Axle IT Inc|6 Kilmer Road||Edison
11|BONbLOC Inc|6 Kilmer Road||Edison
11|Rutgers, The State University of New Jersey|65 Bergen Street|GA 72|Newark
11|RUTGERS, THE STATE UNIVERSITY OF NEW JERSEY|65 Bergen Street|GA-72|Newark
11|Rutgers, The State University of New Jersey|65 Bergen Street|GA-72|Newark
11|Rutgers, The State University of New Jersey|65 Bergen Street|GA72|Newark
11|RUTGERS, THE STATE UNIVERSITY OF NEW JERSEY|65 Bergen Street|GA72|Newark
11|Rutgers, The State University of New Jersey|65 Bergen Street|Room GA - 72|Newark
11|Rutgers, The State University of New Jersey|65 Bergen Street|Room GA -- 72|Newark
11|Rutgers, The State University of New Jersey|65 Bergen Street|Room GA --72|Newark
11|Rutgers, The State University of New Jersey|65 Bergen Street|Room GA--72|Newark
11|Rutgers, The State University of New Jersey|65 Bergen Street|Room GA-72|Newark
11|Rutgers, The State University of New Jersey|65 Bergen Street||Newark
10|INCEDO INC|100 Campus Drive|4th Floor, Suite 420|Florham Park
10|Incedo Inc|100 Campus Drive|4th Floor, Suite 420|Florham Park
10|Jacobs Levy Equity Management Inc|100 Campus Drive|P.O. Box 650|Florham Park
10|Jacobs Levey Equity Management Inc|100 Campus Drive|P.O. Box 650|Florham Park
10|The Weisscomm Group LTD|100 Campus Drive|Suite 300|Florham Park
10|Wiss & Company, LLP|100 Campus Drive|Suite 400|Florham Park
10|Wiss and Company, LLP|100 Campus Drive|Suite 400|Florham Park
10|Wiss & Company, LLP|100 Campus Drive|Suite 400|FLORHAM PARK
10|BEYONDSPRING PHARMACEUTICALS INC|100 Campus Drive|Suite 410|Florham Park
10|INCEDO INC|100 Campus Drive|Suite 420|Florham Park
10|TECHNO STUDY INC|116 VILLAGE BLVD|STE 200|PRINCETON
10|ABSOLUTE INFORMATION TECHNOLOGIES|116 VILLAGE BLVD|SUITE 200|PRINCETON
10|ABSOLUTE INFORMATION TECHNOLOGUES INC|116 VILLAGE BLVD|SUITE 200|PRINCETON
10|ABSOLUTING INFORMATION TECHNOLOGIES INC|116 VILLAGE BLVD|SUITE 200|PRINCETON
10|PROVANETICS SOLUTIONS LLC|116 VILLAGE BLVD|SUITE 200|PRINCETON
10|RUBICON IT SOLUTIONS LLC|116 VILLAGE BLVD|SUITE 200|PRINCETON
10|4AT Consulting LLC|116 VILLAGE BLVD|SUITE 200|PRINCETON
10|ABSOLUTE INFORMATION TECHNOLOGIES INC|116 VILLAGE BLVD|SUITE 200|PRINCETON
10|DATASYS CONSULTING AND SOFTWARE INC|116 VILLAGE BLVD|SUITE 240|PRINCETON
10|DILIGENT GLOBAL TECH INC|116 VILLAGE BLVD||PRINCETON
10|Vakula Technologies Inc|15 Corporate Place S|Ste 333B|Piscataway
10|Topnotch Technology Services Inc|15 Corporate Place S|Suite 213|Piscataway
10|Nestor Technologies Inc|15 Corporate Place S|Suite 330|Piscataway
10|Saiana Technologies Inc|15 Corporate Place S|Suite 333A|Piscataway
10|STARK PHARMA SOLUTIONS INC|15 Corporate Place S|Suite 333B|Piscataway
10|Vakula Technologies Inc|15 Corporate Place S|Suite 333B|Piscataway
10|Stark Associates LLC|15 Corporate Place S|Suite 333B|Piscataway
10|Stark Pharma Solutions Inc|15 Corporate Place S|Suite 333B|Piscataway
10|Vistados Corp|15 Corporate Place S|Suite 343|Piscataway
10|Stark Associates LLC|15 Corporate Place S|Suite 350|Piscataway
10|SUVIP SOLUTIONS INC|155 Village Blvd|Suite 202|Princeton
10|Kani Solutions Inc|155 Village Blvd|Suite 205|Princeton
10|Gavs Technologies N.A. Inc|155 Village Blvd|Suite 300|Princeton
10|GAVS Technologies NA Inc|155 Village Blvd|Suite 300|Princeton
10|GAVS Technologies N.A. Inc|155 Village Blvd|Suite 300|Princeton
10|Neurealm Inc|155 Village Blvd|Suite 300|Princeton
10|Great Software Laboratory Inc|155 Village Blvd|Suite 300|Princeton
10|Neurealm|155 Village Blvd|Suite 300|Princeton
10|Long 80 LLC|155 Village Blvd|Suite 300|Princeton
10|NEUREALM PRIVATE LIMITED|155 Village Blvd|Suite 300|Princeton
10|AVERON SERVICES INC|2025 LINCOLN HWY|STE 100|EDISON
10|AVERON SERVICES INC|2025 LINCOLN HWY|STE 100- B|EDISON
10|AVERON SERVICES INC|2025 LINCOLN HWY|STE 100-B|EDISON
10|DIMENSION CONSULTING INC|2025 LINCOLN HWY|STE 140|EDISON
10|Aekya Inc|2025 LINCOLN HWY|SUITE 100|EDISON
10|Aekya Inc|2025 LINCOLN HWY|SUITE 100 A|EDISON
10|Dimension Consulting INC|2025 LINCOLN HWY|SUITE 100- D|EDISON
10|DIMENSION CONSULTING|2025 LINCOLN HWY|SUITE 100-D|EDISON
10|DIMENSION CONSULTING INC|2025 LINCOLN HWY|SUITE 100-D|EDISON
10|Dimension Consulting INC|2025 LINCOLN HWY|Ste 100- D|Edison,
10|Exzac Inc|3 2nd Street|802 Suite|Jersey City
10|Exzac|3 2nd Street|802 Suite|Jersey City
10|Exzac Inc dba Matrix-IFS|3 2nd Street|802 Suite|Jersey City
10|Unigestion (U.S.) Ltd.|3 2nd Street|Plaza 10, Suite 203|Jersey City
10|UnionPay International (USA) LLC|3 2nd Street|Suite 208|Jersey City
10|Exzac Inc|3 2nd Street|Suite 802|Jersey City
10|Exzac Inc dba Matrix-IFS|3 2nd Street|Suite 802|Jersey City
10|EXZAC INC|3 2nd Street|Suite 802|Jersey City
10|Exzac|3 2nd Street|Suite 802|Jersey City
10|China Union Pay (USA) LLC|3 2nd Street||Jersey City
10|Bluevine Capital Inc|30 Montgomery St|14 Floor|Jersey City
10|Bluevine Inc|30 Montgomery St|14th Floor|Jersey City
10|Bluevine Capital Inc|30 Montgomery St|Floor 14|Jersey City
10|Bluevine Inc|30 Montgomery St|Floor 14|Jersey City
10|Bluevine Capital Inc|30 Montgomery St|Floor 14th Floor|Jersey City
10|Scientech Research LLC|30 Montgomery St|Suite 310|Jersey City
10|CLOVER HEALTH LLC|30 Montgomery St|Suite 340|Jersey City
10|CLOVER HEALTH LABS LLC|30 Montgomery St|Suite 340|Jersey City
10|The McCloud Group LLC|30 Montgomery St|Suite 940|Jersey City
10|The McCloud Group|30 Montgomery St|Suite 940|Jersey City
10|UDI Systems LLC|300 Carnegie Center|STE 150|Princeton
10|ECLOUDOPTIMUM CORP.|300 Carnegie Center|Ste 150|Princeton
10|Taral Capital Partners LLC|300 Carnegie Center|Suite 150|Princeton
10|Siuvo Inc|300 Carnegie Center|Suite 150|PRINCETON
10|ECLOUDOPTIMUM CORP|300 Carnegie Center|Suite 150|Princeton
10|Entityrisk Inc|300 Carnegie Center|Suite 150|Princeton
10|Aperto Solutions LLC|300 Carnegie Center|Suite 150|Princeton
10|DreamWeaver LLC|300 Carnegie Center|Suite 150|Princeton
10|Malbec Solutions Inc|300 Carnegie Center|Suite 210|Princeton
10|Acunor Infotech LLC|300 Carnegie Center||Princeton
10|Winlen Technologies Inc|3000 Atrium Way|Ste 200|Mount Laurel
10|Crux Digital Inc|3000 Atrium Way|Ste 200|Mount Laurel
10|Crux Digital|3000 Atrium Way|Ste 200|Mount Laurel
10|AFC Digital LLC|3000 Atrium Way|Ste 200|Mount Laurel
10|WEBIMOTECH LLC|3000 Atrium Way|Ste 200, Box 308|Mt Laurel
10|ASCON SOFT INC|3000 Atrium Way|Suite 200|Mount Laurel
10|Alpha 3 Consulting LLC|3000 Atrium Way|Suite 200|Mt. Laurel
10|Crux Digital Inc|3000 Atrium Way|Suite 200|Mount Laurel
10|Alpha 3 Consulting LLC|3000 Atrium Way|Suite 200|Mount Laurel
10|WEBIMOTECH LLC|3000 Atrium Way|Suite 200 Box 308|Mt Laurel
10|Brillio LLC|399 Thornall Street|1st Floor|Edison
10|Birlasoft Inc|399 Thornall Street|8th Floor|Edison
10|Birlasoft Inc|399 Thornall Street|8th Floor|8th Floor
10|Birlasoft Computer Corporation|399 Thornall Street|8th Floor|Edison
10|Birlasoft Consulting Inc|399 Thornall Street|8th Floor|Edison
10|Birlasoft Solutions Inc|399 Thornall Street|8th Floor|Edison
10|Intuitive Technology Partners Inc|399 Thornall Street|8th Floor|Edison
10|Brillio LLC|399 Thornall Street|Flr. 1st|Edison
10|Birlasoft Inc|399 Thornall Street|Suite 8th Floor|Edison
10|Birlasoft Solutions Inc|399 Thornall Street||Edison
10|LIONOBYTES LLC|707 Alexander Road|STE 302|Princeton
10|NexGen Communications LLC|707 Alexander Road|STE 302B|Princeton
10|CARDINAL INTEGRATED TECHNOLOGIES INC|707 Alexander Road|St 202|Princeton
10|Cardinal Integrated Technologies Inc|707 Alexander Road|Ste 202|Princeton
10|Cardinal Technology Solutions Inc|707 Alexander Road|Ste 202|Princeton
10|Corporate America Business Solutions Inc|707 Alexander Road|Ste 208 Bldg 2|PRINCETON
10|Corporate America Business Solutions Inc|707 Alexander Road|Ste 208 Bldg 2|Princeton
10|Elixir Technical Consulting LLC|707 Alexander Road|Suite 208|Princeton
10|iSpace Inc|707 Alexander Road|Suite 208|Princeton
10|LIONOBYTES LLC|707 Alexander Road|Suite 302|Princeton
10|Leeds LLC|One Gateway Center|Suite 2310|Newark
10|Technoid9 LLC|One Gateway Center|Suite 2600|Kearny
10|Tecnhoid9 LLC|One Gateway Center|Suite 2600|Newark
10|GOLDEN PROMISE EQUIPMENT INC|One Gateway Center|Suite 2600|Newark
10|EACH Engineering LLC|One Gateway Center|Suite 2600|Newark
10|Technologic Solutions LLC|One Gateway Center|Suite 2600|Newark
10|TechnoLogic Solutions LLC|One Gateway Center|Suite 2600|Newark
10|Technoid9 LLC|One Gateway Center|Suite 2600|Newark
10|Munidex Inc|One Gateway Center|Suite 2600|Newark
10|Gibbons, P.C.|One Gateway Center||Newark
9|Celergo LLC|1 ADP Blvd||Roseland
9|ADP Technology Services Inc 8786948|1 ADP Blvd||Roseland
9|ADP Tax Services Inc|1 ADP Blvd||Roseland
9|Work Market Inc|1 ADP Blvd||Roseland
9|ADP Technology Services Inc 9063881|1 ADP Blvd||Roseland
9|ADP Inc|1 ADP Blvd||Roseland
9|ADP Technology Services Inc|1 ADP Blvd||Roseland
9|ADP TotalSource Services Inc|1 ADP Blvd||Roseland
9|The Marcus Buckingham Company|1 ADP Blvd||Roseland
9|Becton, Dickinson and Company (BD)|1 Becton Drive||Franklin Lakes
9|Becton Dickinson and Company|1 Becton Drive||Franklin Lakes
9|Becton Dickinson & Company|1 Becton Drive||Franklin Lakes
9|embecta Medical II LLC|1 Becton Drive||Franklin Lakes
9|embecta Medical I LLC|1 Becton Drive||Franklin Lakes
9|embecta (Berra Holdings II LLC)|1 Becton Drive||Franklin Lakes
9|embecta (Berra Operations LLC)|1 Becton Drive||Franklin Lakes
9|Berra Operations LLC- embecta|1 Becton Drive||Franklin Lakes
9|Becton, Dickinson and Company|1 Becton Drive||Franklin Lakes
9|BlackRock Financial Management Inc|1 University Square Drive - 5th Flr.|Floor 5|Princeton
9|BlackRock Institutional Trust Company, N.A.|1 University Square Drive - 5th Flr.|Floor 5|Princeton
9|BlackRock Corporation US Inc|1 University Square Drive - 5th Flr.||Princeton
9|BlackRock Advisors LLC|1 University Square Drive - 5th Flr.||Princeton
9|BlackRock Financial Management Inc|1 University Square Drive - 5th Flr.||Princeton
9|BlackRock Investment Management LLC|1 University Square Drive - 5th Flr.||Princeton
9|eFront Financial Solutions Inc|1 University Square Drive - 5th Flr.||Princeton
9|BlackRock Index Services LLC|1 University Square Drive - 5th Flr.||Princeton
9|BlackRock Institutional Trust Company, N.A.|1 University Square Drive - 5th Flr.||Princeton
9|Knack Systems LLC|10 Woodbridge Center Drive|Suite 425|Woodbridge
9|Knack BPO LLC|10 Woodbridge Center Drive|Suite 425|Woodbridge
9|Pro Dental IL - Chad Wise PC|10 Woodbridge Center Drive|Suite 520|Woodbridge
9|Pro Dental WI 1 PC|10 Woodbridge Center Drive|Suite 520|Woodbridge
9|Dental Health Associates Pennsylvania, P.C.|10 Woodbridge Center Drive|Suite 520|Woodbridge
9|Pro Dental MI 1 PC|10 Woodbridge Center Drive|Suite 520|Woodbridge
9|Dental Health Associates, P.A.|10 Woodbridge Center Drive|Suite 520|Woodbridge
9|Dental Health Associates South Jersey, P.A.|10 Woodbridge Center Drive|Suite 520|Woodbridge
9|Miku Inc|10 Woodbridge Center Drive|Suite 525|Woodbridge
9|Baanyan Software Services Inc|100 Metroplex Drive|First Floor Suite 100|Edison
9|Baanyan Software Service Inc|100 Metroplex Drive|Suite 100|Edison
9|Baanyan Software Services Inc|100 Metroplex Drive|Suite 100|Edison
9|Baanyan Software Services inc|100 Metroplex Drive|Suite 100|Edison
9|Baanyan software Services Inc|100 Metroplex Drive|Suite 100|Edison
9|Baanyan software services Inc|100 Metroplex Drive|Suite 100|Edison
9|Bannyan software Services Inc,|100 Metroplex Drive|Suite 100|Edison
9|IT AMERICA INC|100 Metroplex Drive|Suite 207|Edison
9|IT America Inc|100 Metroplex Drive|Suite 207|Edison
9|NB Ventures Inc|100 Walnut Avenue|3 Floor|Clark
9|NB Ventures Inc dba GEP|100 Walnut Avenue|3 Floor|Clark
9|NB Ventures Inc|100 Walnut Avenue|3rd Floor|Clark
9|Nb Ventures Inc|100 Walnut Avenue|Floor 3|Clark
9|NB Ventures Inc|100 Walnut Avenue|Floor 3|Clark
9|CONTRIVA INC|100 Walnut Avenue|Suite 210|Clark
9|DSV Air & Sea Inc|100 Walnut Avenue|Suite 405|Clark
9|Turtle and Hughes Inc|100 Walnut Avenue|n/a|Clark
9|NB Ventures Inc|100 Walnut Avenue||Clark
9|Collabera Inc|110 Allen Road|1st Floor|Basking Ridge
9|Collabera Inc|110 Allen Road|N/A|Basking Ridge
9|Hyqoo LLC (formerly known as ClikSource LLC)|110 Allen Road|Suite 1|Basking Ridge
9|Ascendion Inc (Formerly known as Collabera Inc)|110 Allen Road||Basking Ridge
9|Cliksource LLC|110 Allen Road||Basking Ridge
9|Collabera Inc|110 Allen Road||Basking Ridge
9|Cognixia LLC|110 Allen Road||Basking Ridge
9|Ascendion Inc (formerly known as Collabera Inc)|110 Allen Road||Basking Ridge
9|Collabera LLC|110 Allen Road||Basking Ridge
9|HSK TECHNOLOGIES INC|15 CORPORATE PL S|STE 213 B|PISCATAWAY
9|KSB INFOTECH INC|15 CORPORATE PL S|STE 341A|PISCATAWAY
9|TROMINOSOFT LLC|15 CORPORATE PL S|SUITE 109|PISCATAWAY
9|4C PHARMA SOLUTIONS LLC|15 CORPORATE PL S|SUITE 110|PISCATAWAY
9|IQUBETECHNOLOGIES INC|15 CORPORATE PL S|SUITE 138|PISCATAWAY TOWNSHIP
9|IQUBETECHNOLOGIES INC|15 CORPORATE PL S|SUITE 353|PISCATAWAY TOWNSHIP
9|COMTEK GLOBAL INC|15 CORPORATE PL S|SUITE 402|PISCATAWAY
9|IOASIZ INC|15 CORPORATE PL S|SUITE 402|PISCATAWAY
9|TROMINOSOFT LLC|15 CORPORATE PL S||PISCATAWAY
9|InvestCloud Inc|184 Liberty Corner Road|3rd Floor, Suite 301|Warren
9|Tegra118 Wealth Solutions Inc|184 Liberty Corner Road|Suite 301|Warren
9|GlaxoSmithKline Consumer Healthcare LP|184 Liberty Corner Road||Warren
9|Haleon US LP|184 Liberty Corner Road||Warren
9|Tegra118 Wealth Solutions Inc|184 Liberty Corner Road||Warren
9|Haleon US Holdings LLC|184 Liberty Corner Road||Warren
9|GSK Consumer Health Inc|184 Liberty Corner Road||Warren
9|Haleon US Inc|184 Liberty Corner Road||Warren
9|GlaxoSmithKline Consumer Healthcare Holdings (US) LLC|184 Liberty Corner Road||Warren
9|Moomoo Financial Inc|185 Hudson Street|Ste 2600|Jersey City
9|Moomoo Technologies Inc|185 Hudson Street|Ste 2600|Jersey City
9|Moomoo Technologies Inc|185 Hudson Street|Ste 2601|Jersey City
9|Volante Technologies Inc|185 Hudson Street|Suite 1605|Jersey City
9|Tradeweb Markets LLC|185 Hudson Street|Suite 2200|Jersey City
9|Viseo USA Inc|185 Hudson Street|Suite 2500|Jersey City
9|Moomoo Technologies Inc|185 Hudson Street|Suite 2600|Jersey City
9|Moomoo Financial Inc|185 Hudson Street|Suite 2600|Jersey City
9|CX Management Services Inc|185 Hudson Street|Suite 2930|Jersey City
9|Merck, Sharp & Dohme Corp.|2000 Galloping Hill Road|Mailstop K1 3017|Kenilworth
9|Merck Sharp & Dohme Corp.|2000 Galloping Hill Road|Mailstop K1-3017|Kenilworth
9|Merck Sharp & Dohme LLC|2000 Galloping Hill Road|Mailstop K1-3017|Kenilworth
9|Merck Sharp & Dohme Corp.|2000 Galloping Hill Road||Kenilworth
9|Merck Research Laboratories Massachusetts LLC|2000 Galloping Hill Road||Kenilworth
9|MERCK SHARP & DOHME CORP.|2000 Galloping Hill Road||Kenilworth
9|Intervet Inc|2000 Galloping Hill Road||Kenilworth
9|MRL San Francisco LLC|2000 Galloping Hill Road||Kenilworth
9|Merck Sharp & Dohme Corp|2000 Galloping Hill Road||Kenilworth
9|L&T TECHNOLOGY SERVICES LLC|2035 LINCOLN HIGHWAY|EDISON SQUARE WEST, SUITE 3002|EDISON
9|L&T TECHNOLOGY SERVICES LIMITED|2035 LINCOLN HIGHWAY|EDISON SQUARE WEST, SUITE 3002|EDISON
9|LTIMINDTREE Limited|2035 LINCOLN HIGHWAY|STE 3004|EDISON
9|LTIMindtree Limited|2035 LINCOLN HIGHWAY|STE 3004|EDISON
9|FRIENDWELL MANAGEMENT USA LLC|2035 LINCOLN HIGHWAY|SUITE 2150|EDISON
9|LTIMINDTREE LTD|2035 LINCOLN HIGHWAY|SUITE 3000|EDISON
9|LARSEN & TOUBRO INFOTECH LIMITED|2035 LINCOLN HIGHWAY|SUITE 3000|EDISON
9|LARSEN & TOUBRO LTD|2035 LINCOLN HIGHWAY|SUITE 3000|EDISON
9|LTIMindtree Limited|2035 LINCOLN HIGHWAY|Suite 3004|EDISON
9|AVYA SOLUTIONS INC|220 DAVIDSON AVENUE|3RD FLOOR, SUITE 338|SOMERSET
9|ORGSPIRE INC|220 DAVIDSON AVENUE|SUITE 111|SOMERSET
9|ADVANCED TECHNOLOGY GROUP USA INC|220 DAVIDSON AVENUE|SUITE 125|SOMERSET
9|DeltaMed Solutions Inc|220 DAVIDSON AVENUE|SUITE 201|SOMERSET
9|SMART IT FRAME LLC|220 DAVIDSON AVENUE|SUITE 313|SOMERSET
9|FIERCE SOLUTION LLC|220 DAVIDSON AVENUE|SUITE 316|SOMERSET
9|FIERCE SOLUTION LLC .|220 DAVIDSON AVENUE|SUITE 316|SOMERSET
9|SP SOFTWARE SOLUTIONS LLC|220 DAVIDSON AVENUE|SUITE 407C|SOMERSET
9|VERGLAS TECHNOLOGIES INC|220 DAVIDSON AVENUE||SOMERSET
9|Whizdotai Inc|220 Davidson Ave|Suite 105|Somerset
9|Accord Power Inc|220 Davidson Ave|Suite 106|Somerset
9|Para Group LLC|220 Davidson Ave|Suite 202-J|Somerset
9|XYLA Entertainments LLC|220 Davidson Ave|Suite 325|Somerset
9|Virtual Reality Kingdom Technologies LLC|220 Davidson Ave|Suite 325 & 326|Somerset
9|Ascon Soft Inc|220 Davidson Ave|Suite 333|Somerset
9|Vortalsoft Inc|220 Davidson Ave|Suite 3A|Somerset
9|ACEOLUTION INC|220 Davidson Ave|Suite 406|Somerset
9|Para Group LLC|220 Davidson Ave||Somerset
9|Whizdotai Inc|220 Davidson Avenue|Suite 105|Somerset
9|Orgspire Inc|220 Davidson Avenue|Suite 111|Somerset
9|DeltaMed Solutions Inc|220 Davidson Avenue|Suite 201|Somerset
9|Avesta Computer Services Ltd.|220 Davidson Avenue|Suite 202F|Somerset
9|VERTIS GLOBAL INC|220 Davidson Avenue|Suite 209, 2nd Floor|Somerset
9|ACI INFOTECH INC|220 Davidson Avenue|Suite 209, 2nd Floor|Somerset
9|Tech Brains Solutions Inc|220 Davidson Avenue|Suite 303, Third Floor|Somerset
9|Sequent Inc|220 Davidson Avenue|Suite 308|Somerset
9|Micro Labs USA Inc|220 Davidson Avenue|Suite 402|Somerset
9|KELLTON TECH SOLUTIONS INC|3 INDEPENDENCE WAY|STE 209|PRINCETON
9|PROSOFT TECHNOLOGY GROUP INC|3 INDEPENDENCE WAY|STE 209|PRINCETON
9|SLIQ INFORMATION TECHNOLOGIES INC|3 INDEPENDENCE WAY|STE 403|PRINCETON
9|IT ECHELON CORPORATION|3 INDEPENDENCE WAY|SUITE 108|PRINCETON
9|INFOLOGITECH INC|3 INDEPENDENCE WAY|SUITE 117|PRINCETON
9|EVANTAGE SOLUTIONS INC|3 INDEPENDENCE WAY|SUITE 209|PRINCETON
9|KELLTON TECH INC|3 INDEPENDENCE WAY|SUITE 209|PRINCETON
9|KELLTON TECH SOLUTIONS INC|3 INDEPENDENCE WAY|SUITE 209|PRINCETON
9|Prosoft Technology Group Inc|3 INDEPENDENCE WAY|SUITE 209|PRINCETON
9|KELLTON TECH INC|3 Independence Way|Ste 209|Princeton
9|Kellton Tech Solutions Inc|3 Independence Way|Ste 209|Princeton
9|InfoLogitech Inc|3 Independence Way|Suite 117|Princeton
9|eVantage Solutions Inc|3 Independence Way|Suite 209|8540
9|PROSOFT TECHNOLOGY GROUP INC|3 Independence Way|Suite 209|Princeton
9|Kellton Tech Solutions Inc|3 Independence Way|Suite 209|Princeton
9|APCER Life Sciences Inc|3 Independence Way|Suite 300|Princeton
9|Servion Global Solutions Inc|3 Independence Way|Suite 304|Princeton
9|Serviont Global Solutions Inc|3 Independence Way|Suite 304|Princeton
9|BLUEVINE CAPITAL INC|30 Montgomery Street|14th Floor|Jersey City
9|BLUEVINE CAPITAL INC|30 Montgomery Street|SUITE 1400|Jersey City
9|Saksoft Inc|30 Montgomery Street|Suite 1240|Jersey City
9|Ana-Data Consulting Inc|30 Montgomery Street|Suite 1245|Jersey city
9|Counterpart Health Inc|30 Montgomery Street|Suite 340|Jersey City
9|CLOVER HEALTH LLC|30 Montgomery Street|Suite 340|Jersey City
9|Xignite Inc|30 Montgomery Street|Suite 620|Jersey City
9|The McCloud Group|30 Montgomery Street|Suite 940|Jersey City
9|The McCloud Group LCC|30 Montgomery Street|Suite 940|Jersey City
9|TESI INC|500 ALEXANDER PARK DR|SUITE 102|PRINCETON
9|Apex IT Services LLC|500 ALEXANDER PARK DR|SUITE 102|PRINCETON
9|TAKE ENTERPRISE SERVICES INC|500 ALEXANDER PARK DR|SUITE 102|PRINCETON
9|TESI INC (f.k.a. TAKE ENTERPRISE SERVICES INC)|500 ALEXANDER PARK DR|SUITE 102|PRINCETON
9|APEX IT SERVICES LLC|500 ALEXANDER PARK DR|SUITE 102|PRINCETON
9|TESI INC (f/k/a TAKE ENTERPRISE SERVIES INC)|500 ALEXANDER PARK DR|SUITE 102|PRINCETON
9|TAKE ENTERPRISE SERVIES INC|500 ALEXANDER PARK DR|SUITE 102|PRINCETON
9|APEX IT SERVICESLLC|500 ALEXANDER PARK DR|SUITE 102|PRINCETON
9|TESI INC (f.k.a TAKE ENTERPRISE SERVICES LLC)|500 ALEXANDER PARK DR|SUITE 102|PRINCETON
9|BARKAWI MANAGEMENT CONSULTANTS LP|51 JFK Parkway|1st Floor West, Suite 129|Short Hills
9|Endeavour Software Technologies Inc|51 JFK Parkway|1st Floor West, Suite 129|Short Hills
9|Jawood Business Process Solutions LLC|51 JFK Parkway|1st Floor West, Suite 129|Short Hills
9|Headstrong Services LLC|51 JFK Parkway|1st Floor West, Suite 129|Short Hills
9|Genpact LLC|51 JFK Parkway|1st Floor West, Suite 129|Short Hills
9|Pharmalink Consulting Inc|51 JFK Parkway|1st Floor, Suite 129|Short Hills
9|Rightpoint Consulting LLC|51 JFK Parkway|1st Floor, Suite 129|Short Hills
9|Razor Talent LLC|51 JFK Parkway|First Floor|Short Hills
9|Wyse Advisors LLC|51 JFK Parkway|First Floor West|Short Hills
9|BNP Paribas|525 Washington Boulevard|N/A|Jersey City
9|BNP Paribas RCC Inc|525 Washington Boulevard|N/A|Jersey City
9|BNP Paribas Securities Corp.|525 Washington Boulevard|N/A|Jersey City
9|AXQ Capital, LP|525 Washington Boulevard|Suite 2110|Jersey City
9|BNP Paribas|525 Washington Boulevard|Suite 600|Jersey City
9|BNP Paribas Securities Corp.|525 Washington Boulevard|Suite 600|JERSEY CITY
9|BNP Paribas Financial Services LLC|525 Washington Boulevard|Suite 600|Jersey City
9|BNP Paribas RCC Inc|525 Washington Boulevard|Suite 600|Jersey City
9|BNP Paribas Securities Corp.|525 Washington Boulevard|Suite 600|Jersey City
9|Lord, Abbett & Co. LLC|90 Hudson Street|11th Floor|Jersey City
9|Lord, Abbett & Co. LLC|90 Hudson Street|12th Floor|Jersey City
9|Lord Abbett & Co. LLC|90 Hudson Street|Floor 11|Jersey City
9|Lord, Abbett & Co. LLC|90 Hudson Street|Floor 11|Jersey City
9|Lord Abbett & Co. LLC|90 Hudson Street|Floor 12|Jersey City
9|Lord, Abbett & Co. LLC|90 Hudson Street|Floor 12|Jersey City
9|Lord Abbett & Co.|90 Hudson Street|Floor 12|Jersey City
9|Lord, Abbett & Co. LLC|90 Hudson Street|Lord, Abbett & Co. LLC|Jersey City
9|Lord, Abbett & Co. LLC|90 Hudson Street||Jersey City
8|Novartis Services Inc|1 HEALTH PLAZA|Suite 433/01|EAST HANOVER
8|Novartis Institutes for BioMedical Research Inc|1 HEALTH PLAZA||EAST HANOVER
8|Novartis Services Inc|1 HEALTH PLAZA||EAST HANOVER
8|Novartis Latin America Services Inc|1 HEALTH PLAZA||EAST HANOVER
8|NOVARTIS PHARMACEUTICALS CORPORATION|1 HEALTH PLAZA||EAST HANOVER
8|Novartis Pharmaceutical Corporation|1 HEALTH PLAZA||EAST HANOVER
8|Novartis Pharmaceuticals Corporation|1 HEALTH PLAZA||EAST HANOVER
8|Eon Labs Inc|1 HEALTH PLAZA||EAST HANOVER
8|Spera Solutions LLC|1 Rossmoor Dr|Suite 004|Monroe Township
8|JSM CONSULTING INC|1 Rossmoor Dr|Suite 203|Monroe Township
8|VAKTECH CORPORATION LLC|1 Rossmoor Dr|Suite 21|Monroe TWP
8|Bluestone IT Solutions Inc|1 Rossmoor Dr|Suite 210|Monroe Township
8|JSM CONSULTING INC|1 Rossmoor Dr|Suite 213|Monroe Township
8|Spera Solutions LLC|1 Rossmoor Dr|Suite 4|Monroe Township
8|Spera Solutions LLC|1 Rossmoor Dr|Suite 404|Monroe Township
8|SAAS Technologies Inc|1 Rossmoor Dr|Suite 8|Monroe TWP
8|UST Contineo Health Inc (formerly Fulcrum Consulting Inc )|103 CARNEGIE CENTER DRIVE|SUITE 300|PRINCETON
8|UST Contineo Health Inc|103 CARNEGIE CENTER DRIVE|SUITE 300|PRINCETON
8|NITEOSOFT INC|103 CARNEGIE CENTER DRIVE|SUITE 300|PRINCETON
8|UST Contineo Health Inc (formerly Fulcrum Consulting Inc )|103 CARNEGIE CENTER DRIVE|SUITE 300|Princeton
8|ZEETO TECHNOLOGIES INC|103 CARNEGIE CENTER DRIVE|SUITE 300|PRINCETON
8|QORDATA INC|103 CARNEGIE CENTER DRIVE|SUITE 300|PRINCETON
8|FULCRUM CONSULTING INC|103 CARNEGIE CENTER DRIVE|SUITE 300|PRINCETON
8|APPEX INNOVATION SOLUTIONS LLC|103 CARNEGIE CENTER DRIVE|SUITE 300|PRINCETON
8|Addiox Technologies LLC|116 Village Blvd.|Ste 200|Princeton
8|OpenRisk Technologies Inc|116 Village Blvd.|Suite 200|Princeton
8|Addiox Technologies LLC|116 Village Blvd.|Suite 200|Princeton
8|ERPVIZ LLC|116 Village Blvd.|Suite 200|Princeton
8|Verneek Inc|116 Village Blvd.|Suite 200|Princeton
8|B ZIRE INC|116 Village Blvd.|Suite 200|Princeton
8|Carnegie Software Corporation|116 Village Blvd.|Suite 200|Princeton
8|Gland Pharma USA Inc|116 Village Blvd.|Suite 200|Princeton
8|Ibase of Fairfield County LLC (d/b/a Qualitest Group)|1200 US RT-22|12|Bridgewater
8|Ibase of Fairfield County LLC (d/b/a QualiTest Group)|1200 US RT-22|12|Bridgewater
8|IBASE OF FAIRFIELD COUNTY LLC|1200 US RT-22|SUITE 12|BRIDGEWATER
8|Ibase of Fairfield County LLC|1200 US RT-22|Suite 12|Bridgewater
8|Ibase of Fairfield County LLC (d/b/a QualiTest Group)|1200 US RT-22|Suite 12|Bridgewater
8|Ibase Consulting of Fairfield County LLC|1200 US RT-22|Suite 12|Bridgewater
8|IBase Consulting of Fairfield County LLC|1200 US RT-22|Suite 12|Bridgewater
8|IBASE OF FAIRFIELD COUNTY LLC|1200 US RT-22|Suite 12|Bridgewater
8|emeteors Technology Inc|150 river road|G3b|montville
8|eMeteors Technologies Inc|150 river road|G3b|Select or enter
8|eMeteors Technology Inc|150 river road|G3b|Montville
8|emeteors Technology Inc|150 river road|G3b|MONTVILLE
8|eMeteors Technology Inc|150 river road|G3b|montville
8|emeteors Technology Inc|150 river road|g3b|montville
8|eMeteors Technology Inc|150 river road|suite g3b|Montville
8|eMeteors Technology Inc|150 river road|suite g3b|montville
8|CARING CREW LLC|1681 NJ-27|SUITE 1|EDISON
8|CARING CREW LLC|1681 NJ-27|SUITE 101|EDISON
8|LEDGER HUB INC|1681 NJ-27|SUITE 201|EDISON
8|Ledger Hub Inc|1681 NJ-27|SUITE 201|EDISON
8|LedgerHub Inc|1681 NJ-27|SUITE 201|EDISON
8|LEDGERHUB INC|1681 NJ-27|SUITE 201|EDISON
8|LedgerHub Inc|1681 NJ-27|Suite 201|Edison
8|SANTHIGRAM KERALA AYURVEDIC CO. OF US INC|1681 NJ-27||EDISON
8|FAQ SYSTEMS INC|197 Route 18 South|Ste 3000|East Brunswick
8|Pilot Technologies LLC|197 Route 18 South|Suite 3000|East  Brunswick
8|Novus Global Solutions LLC|197 Route 18 South|Suite 3000|East Brunswick
8|Pilot Technologies LLC|197 Route 18 South|Suite 3000|East Brunswick
8|FAQ Systems Inc|197 Route 18 South|Suite 3000 South Tower|East Brunswick
8|Pilot Technologies LLC|197 Route 18 South|Suite 3000 South Wing|East Brunswick
8|Joya Trans INC|197 Route 18 South|Suite 3000, South Tower|East Brunswick
8|FAQ Systems Inc|197 Route 18 South|Suite 3000, South Tower|East Brunswick
8|Standard Chartered Bank|2 Gateway Center|13th Floor|Newark
8|Standard Chartered Bank|2 Gateway Center|13th fl|Newark
8|Broadridge Financial Solutions Inc|2 Gateway Center|283-299 Market Street|Newark
8|Standard Chartered Bank|2 Gateway Center|FL 13|Newark
8|Standard Chartered Bank|2 Gateway Center|Floor 13|Newark
8|CM & Associates Construction Management LLC|2 Gateway Center|Suite 200|Newark
8|CM&Associates Construction Management LLC|2 Gateway Center|Suite 200|Newark
8|CM & Associates Construction Mangement LLC|2 Gateway Center|Suite 200|Newark
8|Sonata Software North America Inc|2 Tower Center Blvd|16th Floor, Suite 1603|East Brunswick
8|Axletree Solutions Inc|2 Tower Center Blvd|Floor 20|East Brunswick
8|Securekloud Technologies Inc|2 Tower Center Blvd|Floor 8|East Brunswick
8|Strides Pharma Inc|2 Tower Center Blvd|STE 1102|East Brunswick
8|Strides Pharma Inc|2 Tower Center Blvd|Suite 1102|East Brunswick
8|Rising Pharma Holdings Inc|2 Tower Center Blvd|Suite 1401|East Brunswick
8|Rising Pharma Holdings Inc|2 Tower Center Blvd|Suite 1401A|East Brunswick
8|Rising Pharma Holdings Inc|2 Tower Center Blvd||East Brunswick
8|Synchronoss Technologies Inc|200 Crossing Boulevard|3 Floor|Bridgewater
8|Synchronoss Technologies Inc|200 Crossing Boulevard|3rd Floor|Bridgewater
8|Cosette Pharmaceuticals Inc|200 Crossing Boulevard|4th Floor|Bridgewater
8|Synchronoss Technologies Inc|200 Crossing Boulevard|8th Floor|Bridgewater
8|Synchronoss Technologies Inc|200 Crossing Boulevard|8th floor|Bridgewater
8|Synchronoss Technologies Inc|200 Crossing Boulevard|Floor 3|Bridgewater
8|Synchronoss Technologies Inc|200 Crossing Boulevard|Floor 8|Bridgewater
8|ConvaTec Inc|200 Crossing Boulevard|Suite 101|Bridgewater
8|IFLOWSOFT SOLUTIONS INC|200 MIDDLESEX ESSEX TPKE|STE 203 A|ISELIN
8|IFLOWSOFT SOLUTIONS INC|200 MIDDLESEX ESSEX TPKE|STE 203A|ISELIN
8|IFLOWSOFT SOLUTIONS INC|200 MIDDLESEX ESSEX TPKE|STE 203A|Iselin
8|VST CONSULTING INC|200 MIDDLESEX ESSEX TPKE|SUITE 201|ISELIN
8|Globaltek Systems LLC|200 MIDDLESEX ESSEX TPKE|SUITE 201A|Iselin
8|GLOBALTEK SYSTEMS LLC|200 MIDDLESEX ESSEX TPKE|SUITE 201A|ISELIN
8|IFLOWSOFT SOLUTIONS INC|200 MIDDLESEX ESSEX TPKE|SUITE 203A|ISELIN
8|I28 TECHNOLOGIES CORPORATION|200 MIDDLESEX ESSEX TPKE|SUITE 210|ISELIN
8|CLOUTICS CODERS INC|2015 LINCOLN HIGHWAY|STE 140|EDISON
8|CLOUTICS CODERS INC|2015 LINCOLN HIGHWAY|SUITE 140|EDISON
8|ATHREYA INC|2015 LINCOLN HIGHWAY|SUITE 140B|EDISON
8|MINTEX TECH INC|2015 LINCOLN HIGHWAY|SUITE 180|EDISON
8|USR systems LLC|2015 LINCOLN HIGHWAY|SUITE 210|EDISON
8|USR SYSTEMS LLC|2015 LINCOLN HIGHWAY|SUITE 210|EDISON
8|DIYA CARE|2015 LINCOLN HIGHWAY|SUITE 252|EDISON
8|USR SYSTEMS LLC|2015 LINCOLN HIGHWAY|Suite 210|Edison
8|Futran Solutions Inc|2025 Lincoln Highway|Suite 110|Edison
8|SG Healthcare and Pharma Tech Inc|2025 Lincoln Highway|Suite 120|Edison
8|Firefly Pros Inc|2025 Lincoln Highway|Suite 120|Edison
8|VSQUARE INFOTECH INC|2025 Lincoln Highway|Suite 120|Edison
8|Dimension Consulting Inc|2025 Lincoln Highway|Suite 140|Edison
8|Global Pharmatek LLC|2025 Lincoln Highway|Suite 225A|Edison
8|Global PharmaTek LLC|2025 Lincoln Highway|Suite 225A|Edison
8|Green PharmaTek Inc|2025 Lincoln Highway|Suite 225B|Edison
8|AVERON SERVICES INC|2025 Lincoln Hwy|STE 100-B|EDISON
8|AVERON SOLUTIONS INC|2025 Lincoln Hwy|SUITE 100 - C|EDISON
8|AVERON SOLUTIONS INC|2025 Lincoln Hwy|SUITE 100 C|EDISON
8|Dimension Consulting INC|2025 Lincoln Hwy|SUITE 100- D|EDISON
8|AVERON SOLUTIONS INC|2025 Lincoln Hwy|SUITE 100-C|EDISON
8|Dimension Consulting INC|2025 Lincoln Hwy|SUITE 140|EDISON
8|AVERON SERVICES INC|2025 Lincoln Hwy|Ste 100- B|EDISON
8|AVERON SOLUTIONS INC|2025 Lincoln Hwy|Street - 100 C|EDISON
8|ORTUS AFFILIATES INC|22 MERIDIAN ROAD|SUITE 11|EDISON
8|RX WORLD INC|22 MERIDIAN ROAD|SUITE 14|EDISON
8|LONG FINCH TECHNOLOGIES LLC|22 MERIDIAN ROAD|SUITE 19|EDISON
8|SMALLARC INC|22 MERIDIAN ROAD|SUITE 19|EDISON
8|ADVANTECS GROUP INC|22 MERIDIAN ROAD|SUITE 4|EDISON
8|PRIMETECH SOFTWARE SERVICES LLC|22 MERIDIAN ROAD|SUITE 9|EDISON
8|MARS TECH SOLUTIONS LLC|22 MERIDIAN ROAD|UNIT 12|EDISON
8|NEW DOVER TECH LLC|22 MERIDIAN ROAD|UNIT 12 E|EDISON
8|Technovista Inc|22 Meridian Road|Suite 18|Edison
8|Long Finch Technologies LLC|22 Meridian Road|Suite 19|Edison
8|UVN TECHNOLOGIES INC|22 Meridian Road|Suite 4A|Edison
8|MARS TECH SOLUTIONS LLC|22 Meridian Road|UNIT 12|EDISON
8|NEW DOVER TECH LLC|22 Meridian Road|UNIT 12 E|EDISON
8|Mars Tech Solutions LLC|22 Meridian Road|Unit 12|Edison
8|New Dover Tech LLC|22 Meridian Road|Unit 12-E|Edison
8|Quantum AI Global LLC|22 Meridian Road|Unit 14|Edison
8|Accurant Biotech Inc|259 Prospect Plains Road|Bldg H|Cranbury
8|Innophos LLC|259 Prospect Plains Road|Building A|Cranbury
8|Innophos Inc|259 Prospect Plains Road|Building A|Cranbury
8|Primera Analytical Solutions Corporation|259 Prospect Plains Road|Building E-1|Cranbury
8|Accurant Biotech Inc|259 Prospect Plains Road|Building H, Suite 168|Cranbury
8|Primera Analytical Solutions Corp.|259 Prospect Plains Road|Suite E1|Cranbury
8|Primera Analytical Solutions Corp|259 Prospect Plains Road|Suite E1|Cranbury
8|Innophos Inc|259 Prospect Plains Road||Cranbury
8|LabVantage Solutions Inc|265 Davidson Avenue|STE 220|Somerset
8|Crete PA Holdco LLC|265 Davidson Avenue|Suite 210|Somerset
8|Crete PA HoldCo LLC|265 Davidson Avenue|Suite 210|Somerset
8|Pharmaron (US) Clinical Services Inc|265 Davidson Avenue|Suite 219|Somerset
8|TCG Digital Solutions LLC|265 Davidson Avenue|Suite 220|Somerset
8|LabVantage Solutions Inc|265 Davidson Avenue|Suite 220|Somerset
8|Terumo Medical Corporation|265 Davidson Avenue||Somerset
8|Terumo Americas Holding Inc|265 Davidson Avenue||Somerset
8|Mercury Healthcare Inc|283-299 Market Street|4th Floor|Newark
8|WebMD LLC|283-299 Market Street|4th Floor|Newark
8|WebMD Professional Services LLC|283-299 Market Street|4th Floor|Newark
8|PULSEPOINT INC|283-299 Market Street|4th Floor|Newark
8|WEBMD LLC|283-299 Market Street|4th Floor|Newark
8|MERCURY HEALTHCARE INC|283-299 Market Street|4th Floor|NEWARK
8|PulsePoint Inc|283-299 Market Street|4th Floor|Newark
8|Mercury Healthcare Inc d/b/a WebMD Ignite|283-299 Market Street|4th Floor|Newark
8|The CARIAN Group Corporation|285 Davidson Avenue|Suite 204|Somerset
8|CARIAN Group|285 Davidson Avenue|Suite 304|Somerset
8|The CARIAN Group Corporation|285 Davidson Avenue|Suite 304|Somerset
8|CIMS Global LLC|285 Davidson Avenue|Suite 305|Somerset
8|SYNERGY GLOBAL TECHNOLOGIES INC|285 Davidson Avenue|Suite 501|Somerset
8|CIMS Global LLC|285 Davidson Avenue|Suite 504|Somerset
8|CompoSecure LLC|285 Davidson Avenue||Somerset
8|Employvision Inc|285 Davidson Avenue||Somerset
8|IPC Systems Inc|3 Second Street|15th Floor|Jersey City
8|IPC Systems Inc|3 Second Street|Floor 15|Jersey City
8|Proximo Spirits Inc|3 Second Street|Suite 1101|Jersey City
8|Leap Group Holdings Inc|3 Second Street|Suite 501|Jersey City
8|WealthCounsel LLC|3 Second Street|Suite 501|Jersey City
8|LEAP Group Holdings Inc|3 Second Street|Suite 501|Jersey City
8|Prescient Healthcare Group Inc|3 Second Street|Suite 801|Jersey City
8|Leap Group Holdings Inc|3 Second Street|Suite 803|Jersey City
8|precess medical derivatives|404 white oak ridge road|404 white oak ridge road|short hills
8|Precess Medical Derivatives|404 white oak ridge road||short hills
8|precess medical derivatives|404 white oak ridge road||Short Hills
8|medical physicist|404 white oak ridge road||Short Hills
8|precess medical drivativess|404 white oak ridge road||Short Hills
8|precess medical derivatives|404 white oak ridge road||SHORT HILLS
8|Helical Physics & Dosimetry|404 white oak ridge road||short hills
8|precess medical derivatives|404 white oak ridge road||short hills
8|CLOUD INVENTIONS INC|475 WALL STREET|SUITE 259|PRINCETON
8|BRUNSWICK IT SOLUTIONS|475 WALL STREET||PRINCETON
8|LOTUSDATA, LLP.|475 WALL STREET||PRINCETON
8|BRUNSWICK IT SOLUTIONS INC|475 WALL STREET||PRINCETON
8|CLOUD INVENTIONS INC|475 WALL STREET||PRINCETON
8|LOTUSDATA LLP|475 WALL STREET||PRINCETON
8|LOTUSDATA, LLP|475 WALL STREET||PRINCETON
8|VITALMINDS INC|475 WALL STREET||PRINCETON
8|ALGOBRAINZ LLC|5 Independence way|STE 147|Princeton
8|Maveric NXT Inc|5 Independence way|Suit 300|Princeton
8|ALGOBRAINZ LLC|5 Independence way|Suite 147|Princeton
8|Datanormus LLC|5 Independence way|Suite 220|Princeton
8|Maveric NXT Inc|5 Independence way|Suite 300|Princeton
8|Maveric NXT INC|5 Independence way|Suite 300|Princeton
8|KELITH GROUP|5 Independence way|Suite 300|Princeton
8|KELITH GROUP INC|5 Independence way|Suite 300|Princeton
8|Coforge DPA NA Inc f/k/a Incessant Technologies NA Inc|502 Carnegie Center Drive|Suite 301|Princeton
8|Coforge Limited f/k/a NIIT Technologies Limited|502 Carnegie Center Drive|Suite 301|Princeton
8|Coforge Limited f/k/a NIIT TechnologiesLimited|502 Carnegie Center Drive|Suite 301|Princeton
8|Coforge DPA NA Inc|502 Carnegie Center Drive|Suite 301|Princeton
8|Coforge Limited|502 Carnegie Center Drive|Suite 301|Princeton
8|Coforge Inc f/k/a NIIT Technologies Inc|502 Carnegie Center Drive|Suite 301|Princeton
8|Coforge Inc|502 Carnegie Center Drive|Suite 301|Princeton
8|Coforge Limited|502 Carnegie Center Drive||Princeton
8|WithumSmith & Brown, PC|506 Carnegie Center|Suite 400|Princeton
8|WithumSmithBrown|506 Carnegie Center|Suite 400|Princeton
8|WithumSmith Brown, P.C.|506 Carnegie Center|Suite 400|Princeton
8|MSG Global Solutions Inc|506 Carnegie Center|Suite 401|Princeton
8|msg global, inc|506 Carnegie Center|Suite 401|Princeton
8|msg Global Solutions Inc|506 Carnegie Center|Suite 401|Princeton
8|MSG Global Solutions Inc/;|506 Carnegie Center|Suite 401|Princeton
8|msg global solutions, inc|506 Carnegie Center|Suite 401|Princeton
8|MedTech Staffing and Solutions Inc|593 Stelton Road||Piscataway
8|MTSS Inc|593 Stelton Road||Piscataway
8|MTSS GROUP INC|593 Stelton Road||PISCATAWAY
8|MTSS Group|593 Stelton Road||Piscataway
8|MedTech Staffing & Solutions Inc|593 Stelton Road||Piscataway
8|MTSS|593 Stelton Road||Piscataway
8|MTSS Group Inc|593 Stelton Road||Piscataway
8|MTSS Group Inc|593 Stelton Road||PISCATAWAY
8|AZHVAS INC|6 KILMER ROAD|STE A 11|EDISON
8|CLOUTICS CODERS INC|6 KILMER ROAD|STE A 11|EDISON
8|Verans Business solutions inc|6 KILMER ROAD|SUIT F|EDISON
8|AZHVAS INC|6 KILMER ROAD|SUITE A-11|EDISON
8|ATHREYA INC|6 KILMER ROAD|SUITE A11|EDISON
8|CLOUD INTEGRATION SERVICES LLC|6 KILMER ROAD|SUITE E|Edison
8|VERANS BUSINESS SOLUTIONS INC|6 KILMER ROAD|SUITE F|EDISON
8|VERANS BUSINESS SOLUTONS INC|6 KILMER ROAD|SUITE f|EDISON
8|Fidessa Corporation|70 Hudson Street|5 Floor|Jersey City
8|Triple Point Technology LLC|70 Hudson Street|5 Floor|Jersey City
8|ION Trading Inc|70 Hudson Street|5th Floor|Jersey City
8|Dash Financial Technologies LLC|70 Hudson Street|5th Floor|Jersey City
8|Dash Regulatory Technologies LLC|70 Hudson Street|5th Floor|Jersey City
8|Dash Financial Technologies LLC|70 Hudson Street|5th floor|Jersey City
8|Fidessa Corporation|70 Hudson Street|Floor 5|Jersey City
8|Triple Point Technology LLC|70 Hudson Street|Floor 5|Jersey City
8|KEYPIXEL SOFTWARE SOLUTIONS LLC|777 WASHINGTON ROAD|SUITE 1|Parlin
8|KEYPIXEL SOFTWARE SOLUTIONS LLC|777 WASHINGTON ROAD|SUITE 1|PARLIN
8|KEYPIXEL SOFTWARE SOULTIONS LLC|777 WASHINGTON ROAD|SUITE 1|PARLIN
8|KEYPIXEL SOFTWARE SOLUTIONS LLC|777 WASHINGTON ROAD|SUITE 1|PARLIN New Jersey 08859
8|Keypixel Software Solutions LLC|777 WASHINGTON ROAD|SUITE 1|PARLIN
8|KEYPIXEL SOFTWARE SOLUTIONS LLC|777 WASHINGTON ROAD|SUITE 1,|PARLIN
8|STRATEGIC RESOURCES INTERNATIONAL INC|777 WASHINGTON ROAD|SUITE 2|PARLIN
8|KEYPIXEL SOFTWARE SOLUTIONS LLC|777 WASHINGTON ROAD|Suite 1|PARLIN
7|Bridge Solutions Group Inc|1 Bridge Plaza North|Ste 275|Fort Lee
7|W Concept USA Inc|1 Bridge Plaza North|Ste 675|Fort Lee
7|SRNL International Inc|1 Bridge Plaza North|Suite 275|FORT LEE
7|SRNL INTERNATIONAL INC|1 Bridge Plaza North|Suite 275|Fort Lee
7|RYU LAW FIRM LLC|1 Bridge Plaza North|Suite 830|Fort Lee
7|AMS Capital Group LLC|1 Bridge Plaza North|Suite 840|Fort Lee
7|CEF SOLUTIONS INC|1 Bridge Plaza North|Suite 910|Fort Lee
7|AVERON SERVICES INC|1 ETHEL ROAD|STE 102 D-1|EDISON
7|CAERUSGLOBAL INC|1 ETHEL ROAD|SUITE 102 C|EDISON
7|ENIAC SYSTEMS INC|1 ETHEL ROAD|SUITE 102 D-2|EDISON
7|AVERON SOLUTIONS INC|1 ETHEL ROAD|SUITE 102-D1|EDISON
7|CAERUSGLOBAL INC|1 ETHEL ROAD|SUITE 103 B 2|EDISON
7|i5 TECH INC|1 ETHEL ROAD|SUITE 103B|EDISON
7|CAERUSGLOBAL INC|1 ETHEL ROAD|Suite 103B-2|EDISON
7|Novartis Services Inc|1 Health Plaza||East Hanover
7|Navigate BioPharma Services Inc|1 Health Plaza||East Hanover
7|Novartis Pharmaceuticals Corporation|1 Health Plaza||East Hanover
7|Novartis Institutes for BioMedical Research Inc|1 Health Plaza||East HANOVER
7|Novartis Institutes for BioMedical Research Inc|1 Health Plaza||East Hanover
7|Novartis Pharmaceuticals Corporation|1 Health Plaza||EAST HANOVER
7|Sandoz Inc|1 Health Plaza||East Hanover
7|AVANCE TECHNOLOGY SERVICES INC|100 Franklin Sq Drive|Suit 209|somerset
7|AVANCE TECHNOLOGY SERVICES INC|100 Franklin Sq Drive|Suit 209|SOMERSET
7|Avance Technology Services Inc|100 Franklin Sq Drive|Suite 209|somerset
7|Avance Technology Services Inc|100 Franklin Sq Drive|Suite 209|Somerset
7|Avance Technology Services Inc|100 Franklin Sq Drive|Suite 209|SOMERSET
7|AVANCE TECHNOLOGY SERVICES INC|100 Franklin Sq Drive|Suite 209|somerset
7|AVANCE TECHNOLOGY SERVICES INC|100 Franklin Sq Drive|suit 209|somerset
7|BAANYAN SOFTWARE SERVIES INC|100 METROPLEX DRIVE|SUITE 100|EDISON
7|BAANYAN SOFTWARE SERVICES INC|100 METROPLEX DRIVE|SUITE 100|EDISON
7|Baanyan Software Services Inc|100 METROPLEX DRIVE|SUITE 100|EDISON
7|BAANYAN SOFTWARE SERVCES INC|100 METROPLEX DRIVE|SUITE 100, FIRST FLOOR|EDISON
7|EALEARN INC|100 METROPLEX DRIVE|SUITE 103|EDISON
7|Baanyan Software Services Inc,|100 METROPLEX DRIVE|Suite 100|EDISON
7|EALEARN INC|100 METROPLEX DRIVE||EDISON
7|Guven Partners LLC|100 Park Avenue|Unit 3|Hoboken
7|BASF Corporation|100 Park Avenue||Florham Park
7|BASF MOBILE EMISSIONS CATALYSTS LLC|100 Park Avenue||Florham Park
7|BASF Coatings LLC|100 Park Avenue||Florham Park
7|BASF Agricultural Solutions US LLC|100 Park Avenue||Florham Park
7|Chemetall U.S. Inc|100 Park Avenue||Florham Park
7|BASF METALS LLC|100 Park Avenue||Florham Park
7|Persistent Systems Inc|100 Somerset Corporate Blvd|5th Floor|Bridgewater
7|Alacriti Inc|100 Somerset Corporate Blvd|Floor 2|Bridgewater
7|Alacriti Payments LLC|100 Somerset Corporate Blvd|Floor 2|Bridgewater
7|Alacriti Payments Inc|100 Somerset Corporate Blvd|Floor 2|Bridgewater
7|Brightech International LLC|100 Somerset Corporate Blvd|Ste 3001|Bridgewater
7|ORACLE AMERICA INC|100 Somerset Corporate Blvd|Suite 300|Bridgewater
7|ORACLE FINANCIAL SERVICES SOFTWARE INC|100 Somerset Corporate Blvd|Suite 300|Bridgewater
7|NovoPath LLC|100 Somerset Corporate Boulevard|2nd Floor|Bridgewater
7|Euroapi US Inc|100 Somerset Corporate Boulevard|2nd Floor, Suite 100|Bridgewater Township
7|Medtrix Healthcare LLC|100 Somerset Corporate Boulevard|2nd Floor, Suite 130|Bridgewater
7|Everest Clinical Research Corp|100 Somerset Corporate Boulevard|3001|Bridgewater
7|Olden Lane Inc|100 Somerset Corporate Boulevard|Suite 101 - 2nd Floor|Bridgewater
7|Everest Clinical Research Corp|100 Somerset Corporate Boulevard|Suite 3001|Bridgewater
7|Everest Clinical Research Corporation|100 Somerset Corporate Boulevard|Suite 3001|Bridgewater
7|Accelerated Technologies Inc|101 Morgan Lane|Ste 205|Plainsboro
7|Willowbridge Associates Inc|101 Morgan Lane|Suite 180|Plainsboro
7|Millennium Info Tech Inc|101 Morgan Lane|Suite 188|Plainsboro
7|PRINCETON ENGINEERING SERVICES|101 Morgan Lane|Suite 202|PLAINSBORO
7|Accelerated Technologies Inc|101 Morgan Lane|Suite 205|Plainsboro
7|Lorven Technologies Inc|101 Morgan Lane|Suite 209|Plainsboro
7|Wizsolution LLC|101 Morgan Lane|Suite 302|Plainsboro
7|SICL AMERICA|101 Route 130 S|STE 411|Cinnaminson
7|SICL AMERICA INC|101 Route 130 S|STE 411|Cinnaminson
7|yes technologies llc|101 Route 130 S|Ste 456|Riverton
7|YES TECHNOLOGIES LLC|101 Route 130 S|Ste 456|Riverton
7|YES TECHNOLOGIES LLC|101 Route 130 S|Ste 456|RIVERTON
7|yes technologies llc|101 Route 130 S|Ste 456/8|Riverton
7|SICL AMERICA INC|101 Route 130 S|Suite 411|CINNAMINSON
7|CONFIDO HEALTH INC|111 Town Square Pl|1238|Jersey City
7|EZTaxReturn LLC|111 Town Square Pl|Ste 1203|Jersey City
7|ezTaxReturn.com, L.L.C|111 Town Square Pl|Ste 1203|Jersey City
7|Vantage Transition LLC|111 Town Square Pl|Ste 1238 PMB 51818|Jersey City
7|Brown LLC|111 Town Square Pl|Ste 400|Jersey City
7|STREAMVECTOR INC|111 Town Square Pl|Suite 1203|Jersey City
7|Confido Health Inc|111 Town Square Pl||Jersey City
7|Shoolin Inc|120 Wood Avenue S.|611|Iselin
7|Shoolin Inc|120 Wood Avenue S.|611|Old Bridge
7|One Kosmos Inc|120 Wood Avenue S.|Suite 404|Iselin
7|New York Technology Partners Inc|120 Wood Avenue S.|Suite 504|Iselin
7|New York Technology Partners Inc|120 Wood Avenue S.|Suite504|Iselin
7|New York Technology Partners Inc|120 Wood Avenue S.|suite 504|Iselin
7|New York Technology Partners, inc.|120 Wood Avenue S.|suite 504|Iselin
7|Shoolin Inc|120 Wood Avenue South|611|ISELIN
7|Shoolin Inc|120 Wood Avenue South|611|Iselin
7|UNITED PHARMA TECHNOLOGIES INC|120 Wood Avenue South|SUITE 406|Iselin
7|Fintech Consulting LLC|120 Wood Avenue South|Suite 300|Iselin
7|UNITED PHARMA TECHNOLOGIES INC|120 Wood Avenue South|Suite 406|Iselin
7|TechnoLogic Solutions LLC|120 Wood Avenue South|Suite 509 and 515|Iselin
7|Shoolin Inc|120 Wood Avenue South|Suite 611|Iselin
7|Astrix Technology LLC|125 Half Mile Road|Ste 200|Red Bank
7|SysCloud Inc|125 Half Mile Road|Suite 200|Red Bank
7|Flipt LLC|125 Half Mile Road|Suite 200|Red Bank
7|Astrix Technology LLC|125 Half Mile Road|Suite 200|Red Bank
7|Alpha Business Solutions|125 Half Mile Road|Suite 200|Red Bank
7|Asrtrix Technology LLC|125 Half Mile Road|Suite 200|Red Bank
7|Drivenets Inc|125 Half Mile Road|Suite 200|Red Bank
7|INTELI PLATFORMS INC|196 PRINCETON HIGHTSTOWN ROAD|BLDG 1B, SUITE 5|WEST WINDSOR TOWNSHIP
7|INTELI PLATFORMS INC|196 PRINCETON HIGHTSTOWN ROAD|BLDG. 1B, SUITE 5|WEST WINDSOR TOWNSHIP
7|ELITE MSO LLC|196 PRINCETON HIGHTSTOWN ROAD|BUILDING 1B, SUITE 14|WEST WINDSOR
7|ELITE MSO LLC|196 PRINCETON HIGHTSTOWN ROAD|BUILDING 1B, SUITE 15|WEST WINDSOR
7|IGEN SYSTEMS LLC|196 PRINCETON HIGHTSTOWN ROAD|SUITE 14 B|WEST WINDSOR
7|IGEN SYSTEMS LLC|196 PRINCETON HIGHTSTOWN ROAD|SUITE 14B|WEST WINDSOR
7|QUANTUM INTEGRATORS GROUP LLC|196 PRINCETON HIGHTSTOWN ROAD|SUITE 1B-7|WEST WINDSOR
7|XENONINFOTEK INC|2 KILMER ROAD|SUITE B|EDISON
7|XENON INFOTEK INC|2 KILMER ROAD|SUITE B|EDISON
7|EATEAM INC|2 KILMER ROAD|SUITE D|EDISON
7|EATEAM INC|2 KILMER ROAD|SUITE D|NEW JERSEY
7|IP HEIGHTS LLC|2 KILMER ROAD||EDISON
7|XENONINFOTEK INC|2 KILMER ROAD||EDISON
7|EATEAM INC|2 KILMER ROAD||EDISON
7|Somos Inc|2 Tower Center Boulevard|20th Floor|East Brunswick
7|Securekloud Technologies Inc|2 Tower Center Boulevard|8th Floor|East Brunswick
7|Blockedge Technologies Inc|2 Tower Center Boulevard|8th Floor|East Brunswick
7|Securekloud Technologies Inc|2 Tower Center Boulevard|Floor 8|EAST BRUNSWICK
7|Securekloud Technologies Inc|2 Tower Center Boulevard|Floor 8|East Brunswick
7|SecureKloud Technologies Inc|2 Tower Center Boulevard|Floor 8|East Brunswick
7|Rising Pharma Holdings Inc|2 Tower Center Boulevard|Suite 1401A|East Brunswick
7|HANCE INCORPORATED|200 CENTENNIAL AVE|STE 202|PISCATAWAY
7|ACEQUEST CORPORATION|200 CENTENNIAL AVE|SUITE 123|PISCATAWAY
7|HANCE INCORPORATED|200 CENTENNIAL AVE|SUITE 202|PISCATAWAY
7|FLEXASOFT LLC|200 CENTENNIAL AVE|SUITE 203|PISCATAWAY
7|Flexasoft LLC|200 CENTENNIAL AVE|SUITE 203|PISCATAWAY
7|IPOLARITY LLC|200 CENTENNIAL AVE|SUITE 204|PISCATAWAY
7|CSTS TECHNOLOGIES INC|200 CENTENNIAL AVE|SUITE 205|PISCATAWAY
7|Hermitage Infotech LLC|200 Centennial Ave|Suite 153|Piscataway
7|Flexasoft LLC|200 Centennial Ave|Suite 203|Piscataway
7|IPOLARITY LLC|200 Centennial Ave|Suite 204|Piscataway
7|IPolarity LLC|200 Centennial Ave|Suite 204|Piscataway
7|CSTS Technologies Inc|200 Centennial Ave|Suite 205|PISCATAWAY
7|Techno-Comp Inc|200 Centennial Ave|Suite 207|Piscataway
7|Pharmaron (US) Clinical Services Inc|200 Centennial Ave|Suite 210|Piscataway
7|MFXchange US Inc|201 Littleton Road|250|Morris Plains
7|MFXchange US Inc|201 Littleton Road|STE 220|Morris Plains
7|MFXchange US Inc|201 Littleton Road|STE 250|Morris Plains
7|MFXchange US Inc|201 Littleton Road|SUITE 220|Morris Plains
7|MFXchange US Inc|201 Littleton Road|Ste 250|Morris Plains
7|MFXchange US Inc|201 Littleton Road|Suite 250|Morris Plains
7|MFXCHANGE US INC|201 Littleton Road||Morris Plains
7|KHAYAINFOTECH LLC|220 DAVIDSON AVE|STE 317|SOMERSET
7|VIRTUAL REALITY KINGDOM TECHNOLOGIES LLC|220 DAVIDSON AVE|STE 325, 326|SOMERSET
7|HIGH TECH CONSULTING INC|220 DAVIDSON AVE|SUITE 100|SOMERSET
7|ASIUS LLC|220 DAVIDSON AVE|SUITE 200N|SOMERSET
7|VIRTUAL REALITY KINGDOM TECHNOLOGIES LLC|220 DAVIDSON AVE|SUITE 325 & 326|SOMERSET
7|VIRTUAL REALITY KINGDOM TECHNOLOGIES|220 DAVIDSON AVE|SUITE 325 & 326|SOMERSET
7|DeltaMed Solutions Inc|220 DAVIDSON AVE|Suite 201|Somerset
7|U.S. - China Environmental Education Foundation|239 New Road|Bldg. A, Suite 322|Parsippany
7|U.S. - China Environmental Education Foundation Inc|239 New Road|Building A, Suite 322|Parsippany
7|Urjha QuesTech Inc|239 New Road|Building B, Ste 107|Parsippany
7|AAA Electronics Inc|239 New Road|Building B, Suite 107|Parsippany
7|Cynosoft Solutions Inc|239 New Road|Suite A105|Parsippany
7|CANUS TECH INC|239 New Road|Suite A320|Parsippany
7|Yotta Systems Inc|239 New Road|Suite C102|Parsippany
7|OPELSOFT LLC|255 OLD NEW BRUNSWICK ROAD|SUITE N210|PISCATAWAY
7|DOT IT SOLUTIONS INC|255 OLD NEW BRUNSWICK ROAD|SUITE N222|PISCATAWAY
7|AVENIR ASSOCIATES INC|255 OLD NEW BRUNSWICK ROAD|SUITE N270|PISCATAWAY
7|NATIONAL COMPUTER SYSTEMS INC|255 OLD NEW BRUNSWICK ROAD|SUITE N320|PISCATAWAY
7|NATIONAL COMPUTER SYSTEMS|255 OLD NEW BRUNSWICK ROAD|SUITE N320|PISCATAWAY
7|INTERNATION INFO TECH INC|255 OLD NEW BRUNSWICK ROAD|SUITE N320|PISCATAWAY
7|DOT IT SOLUTIONS INC|255 OLD NEW BRUNSWICK ROAD||PISCATAWAY
7|Karwell Technologiies Inc|285 Durham Avenue|Suite 11|South Plainfield
7|Karwell Technologiies Inc,|285 Durham Avenue|Suite 11|South Plainfield
7|Katalyst HealthCares & Life Sciences Inc|285 Durham Avenue|Suite 12|South Plainfield
7|Geo Logic Systems Corp.|285 Durham Avenue|Suite 13|South Plainfield
7|Geo Logic Systems Corp|285 Durham Avenue|Suite 13|South Plainfield
7|Portal Consulting Inc|285 Durham Avenue|Suite 8|South Plainfield
7|Emonics LLC|285 Durham Avenue|Suite 9|South Plainfield
7|HeMast Technologies Inc|295 Durham Avenue|Suite 100|South Plainfield
7|Aries Computer Systems Inc|295 Durham Avenue|Suite 105|South Plainfield
7|Aries Computer Systems Inc|295 Durham Avenue|Suite 105, Building 7|South Plainfield
7|Source Mantra Inc|295 Durham Avenue|Suite 201|South Plainfield
7|Strategy Soft LLC|295 Durham Avenue|Suite 205|South Plainfield
7|AM Logic Corporation|295 Durham Avenue|Suite 205|SOUTH PALINFIELD
7|Strategy Soft LLC|295 Durham Avenue|Suite C|South Plainfield
7|Congensys Corp.|33 Wood Ave S|SUITE 646|Iselin
7|MARGIN5 SOLUTIONS INC|33 Wood Ave S|SUITE 710|Iselin
7|TCL North America Inc|33 Wood Ave S|Ste 740|Iselin
7|Solytics Partners LLC|33 Wood Ave S|Suite 430|Iselin
7|Liberty Home Care Service Inc|33 Wood Ave S|Suite 436|Iselin
7|MOYI INC|33 Wood Ave S|Suite 600|Iselin
7|ARROSOFT SOLUTIONS LLC|33 Wood Ave S|Suite 665, 667|Iselin
7|Sourceinfo Tech Inc|3840 Park Avenue|Suite C 205|Edison
7|Sourceinfo Tech Inc|3840 Park Avenue|Suite C- 205|Edison
7|Source InfoTech Inc|3840 Park Avenue|Suite C- 205|Edison
7|Source Infotech Inc|3840 Park Avenue|Suite C- 205|Edison
7|Source Infotech Inc|3840 Park Avenue|Suite C-205|Edison
7|Sourceinfo Tech Inc|3840 Park Avenue|Suite C-205|Edison
7|Source InfoTech Inc|3840 Park Avenue|Suite C-205|Edison
7|Amneal Pharmaceuticals LLC|400 Crossing Blvd.|3rd Floor|Bridgewater
7|Harding Loevner LP|400 Crossing Blvd.|4th Floor|Bridgewater
7|Amneal Pharmaceuticals LLC|400 Crossing Blvd.|Floor 3|Bridgewater
7|Ajanta Pharma USA Inc|400 Crossing Blvd.|Suite 102|Bridgewater
7|Signify North America Corporation|400 Crossing Blvd.|Suite 600|Bridgewater
7|Cooper Lighting LLC|400 Crossing Blvd.|Suite 600|Bridgewater
7|Signify North America Corporation|400 Crossing Blvd.||Bridgewater
7|Brunswick IT Solutions Inc|475 Wall Street||Princeton
7|Support Enigma LLC|475 Wall Street||Princeton
7|IPSS Corp.|475 Wall Street||Princeton
7|LotusData LLP|475 Wall Street||Princeton
7|Softcom Systems Inc|475 Wall Street||Princeton
7|Techulent Solutions Inc|475 Wall Street||Princeton
7|IPSS Corp|475 Wall Street||Princeton
7|Werum IT Solutions America Inc|5 Sylvan Way|200|Parsippany
7|KÃ¶rber Pharma Software Inc|5 Sylvan Way|Suite 200|Parsippany
7|Körber Pharma Software Inc|5 Sylvan Way|Suite 200|Parsippany
7|Koerber Pharma Software Inc|5 Sylvan Way|Suite 200|Parsippany
7|Werum IT Solutions America Inc|5 Sylvan Way|Suite 200|Parsippany
7|FCBCure LLC|5 Sylvan Way||Parsippany
7|Werum IT Solutions America Inc|5 Sylvan Way||Parsippany
7|Innoveo LLC|500 College Road East|Ste 250|Princeton
7|Innoveo Inc|500 College Road East|Ste 250|Princeton
7|TK-Chain LLC|500 College Road East|Suite 202|Princeton
7|PamTen Inc|500 College Road East|Suite 234|Princeton
7|PIONEX INC|500 College Road East|Suite 240|Princeton
7|RXLOGIX CORPORATION|500 College Road East|Suite 410|Princeton
7|Symbiance Inc|500 College Road East|Suite 415|Princeton
7|UNIVISION MANAGEMENT COMPANY|500 Frank W. Burr Blvd.|6th Floor|Teaneck
7|UNIVOD LLC|500 Frank W. Burr Blvd.|6th Floor|Teaneck
7|TelevisaUnivision Management Company|500 Frank W. Burr Blvd.|6th Floor|Teaneck
7|Hanwha Techwin America Inc|500 Frank W. Burr Blvd.|Suite 43|Teaneck
7|Hanwha Vision America Inc|500 Frank W. Burr Blvd.|Suite 43|Teaneck
7|Regional Cancer Care Associates LLC|500 Frank W. Burr Blvd.|Suite 560 – Mailbox 29|Teaneck
7|Regional Cancer Care Associates LLC|500 Frank W. Burr Blvd.|Suite 560, Mailbox 29|Teaneck
7|GLOBAL DATA MANAGEMENT INC|505 Thornall Street|Suite 202|Edison
7|RAPS Consulting Inc|505 Thornall Street|Suite 202|Edison
7|RAPS Consulting Inc|505 Thornall Street|Suite 205|Edison
7|Berdyev Law, P.C.|505 Thornall Street|Suite 301|Edison
7|BERDYEV LAW, P.C.|505 Thornall Street|Suite 301|Edison
7|Shamco Management Corp.|505 Thornall Street|Suite 403|Edison
7|AKVARR INC|505 Thornall Street|Suite 406|Edison
7|Otsuka Pharmaceutical Development & Commercialization Inc|508 Carnegie Center Drive|Suite 1521L|Princeton
7|Otsuka America Pharmaceutical Inc|508 Carnegie Center Drive|Suite 1521L|Princeton
7|ODH Inc|508 Carnegie Center Drive|Suite 1521L|Princeton
7|Otsuka Pharmaceutical Development & Commercialization Inc|508 Carnegie Center Drive|Suite 1523d|Princeton
7|Otsuka America Pharmaceutical Inc|508 Carnegie Center Drive|Suite 1523d|Princeton
7|ODH Inc|508 Carnegie Center Drive||Princeton
7|Otsuka Pharmaceutical Development & Commercialization Inc|508 Carnegie Center Drive||Princeton
7|GOMIAPP LLC|53 Knightsbridge Road|STE 222|Piscataway
7|Management & Technology Consulting Group Inc|53 Knightsbridge Road|Suite 216|Piscataway
7|Softions Consulting Inc|53 Knightsbridge Road|Suite 245|Piscataway
7|Ventechsoft Inc|53 Knightsbridge Road|Suite 277|Piscataway
7|Pike Solutions Inc|53 Knightsbridge Road|Suite 299|Piscataway
7|Pike Solutions Inc|53 Knightsbridge Road|Suite 299|New Jersey
7|PIKE SOLUTIONS INC|53 Knightsbridge Road|Suite 299|Piscataway
7|Lead Intelligence Inc|545 Washington Boulevard||Jersey City
7|Xactware Solutions Inc|545 Washington Boulevard||Jersey City
7|Flexible Architecture and Simplified Technology Inc|545 Washington Boulevard||Jersey City
7|Flexible Architecture and Simplified Technology Inc d/b/a FAST|545 Washington Boulevard||Jersey City
7|Insurance Services Office|545 Washington Boulevard||Jersey City
7|ISO Claims Services Inc|545 Washington Boulevard||Jersey City
7|Insurance Services Office Inc|545 Washington Boulevard||Jersey City
7|Textiles from Europe Inc d/b/a Victoria Classics|5901 West Side Avenue|6th Floor|North Bergen
7|Textiles From Europe Inc|5901 West Side Avenue|FL 6|North Bergen
7|Textiles from Europe Inc|5901 West Side Avenue|Floor 6|North Bergen
7|Textiles from Europe|5901 West Side Avenue|Floor 6|North Bergen
7|Textiles from Europe Inc|5901 West Side Avenue|Flr 6|North Bergen
7|Textiles from Europe Inc d/b/a Victoria Classics|5901 West Side Avenue|Flr. 6|North Bergen
7|Textiles from Europe Inc|5901 West Side Avenue|Flr. 6|North Bergen
7|Questpay Inc|622 Georges Road|Ste 203|North Brunswick
7|Techmatrix Inc|622 Georges Road|Suite 102|North Brunswick
7|Smart Source Technologies Inc|622 Georges Road|Suite 104|North Brunswick
7|Questpay Inc DBA V2 Technologies Inc|622 Georges Road|Suite 203|North Brunswick
7|Questpay Inc d.b.a. V2 Technologies Inc|622 Georges Road|Suite 203|North Brunswick
7|Questpay Inc dba V2 Technologies Inc|622 Georges Road|Suite 203|North Brunswick
7|Questpay Inc|622 Georges Road|Suite 203|North Brunswick
7|GINE TECH LABS LLC|77 MILLTOWN ROAD|B-5|BRUNSWICK
7|PEBLO TECHNOLOGIES LLC|77 MILLTOWN ROAD|C-8|EAST BRUNSWICK
7|ADWAY SERVICES INC|77 MILLTOWN ROAD|STE C-5|EAST BRUNSWICK
7|GINE TECH LABS LLC|77 MILLTOWN ROAD|SUITE B-5|BRUNSWICK
7|SREEMEDHAS CONSULTING CORPORATION|77 MILLTOWN ROAD|SUITE C2|East Brunswick
7|SREEMEDHAS CONSULTINGCORPORATION|77 MILLTOWN ROAD|SUITE C2|East Brunswick
7|SREEMEDHAS CONSULTING CORPORATION|77 MILLTOWN ROAD|SUITE C2|East Brunswic
6|Snyders-Lance Inc|1 Campbell Place||Camden
6|Campbell Soup Company|1 Campbell Place||Camden
6|The Campbells Company (formerly Campbell Soup Company)|1 Campbell Place||Camden
6|Campbell Soup Supply Company LLC|1 Campbell Place||Camden
6|The Campbells Company|1 Campbell Place||Camden
6|Pepperidge Farm Inc|1 Campbell Place||Camden
6|Global Information Technology Inc|1 Cragwood Road|Suite 101|South Plainfield
6|Aliron International Inc,|1 Cragwood Road|Suite 101|South Plainfield
6|The CARIAN Group Corporation|1 Cragwood Road|Suite 300|South Plainfield
6|The Carian Group Corporation|1 Cragwood Road|Suite 300|South Plainfield
6|Virtual Reality Kingdom Technologies LLC|1 Cragwood Road|Suite 301|South Plainfield
6|Virtual Reality Kingdom Technologies LLC|1 Cragwood Road||South Plainfield
6|FUTUREADVISOR Inc|1 University Square Drive – 5th Floor||Princeton
6|BlackRock Institutional Trust Company, N.A.|1 University Square Drive – 5th Floor||Princeton
6|BlackRock Investment Management LLC|1 University Square Drive – 5th Floor||Princeton
6|BlackRock Corporation US Inc|1 University Square Drive – 5th Floor||Princeton
6|BlackRock Institutional Services Inc|1 University Square Drive – 5th Floor||Princeton
6|BLACKROCK FINANCIAL MANAGEMENT INC|1 University Square Drive – 5th Floor||Princeton
6|HAN IT STAFFING INC|100 WOOD AVENUE SOUTH|SUITE 102|ISELIN
6|ADROIT ASSOCIATES INC|100 WOOD AVENUE SOUTH|SUITE 108|ISELIN
6|RELIANT VISION GROUP INC|100 WOOD AVENUE SOUTH|SUITE 120|ISELIN
6|SAVANTIS SOLUTIONS LLC|100 WOOD AVENUE SOUTH|SUITE 200|ISELIN
6|LEO CAPITAL OPERATIONS LLC|100 WOOD AVENUE SOUTH|SUITE 209|ISELIN
6|NUWARE TECH CORP|100 WOOD AVENUE SOUTH|Suite 105|Iselin
6|CAVALIER WORKFORCE INC|101 HUDSON STREET|2100|JERSEY CITY
6|CAVALIER WORKFORCE INC|101 HUDSON STREET|SUITE 2100|JERSEY CITY
6|Threatmodeler Software Inc|101 HUDSON STREET|SUITE 2100|JERSEY CITY
6|THREATMODELER SOFTWARE INC|101 HUDSON STREET|SUITE 2100|JERSEY CITY
6|CAVALIER WORFORCE INC|101 HUDSON STREET|SUITE 2100|JERSEY CITY
6|SAGESURE INSURANCE MANAGERS LLC|101 HUDSON STREET|SUITE 2700|JERSEY CITY
6|Hexaware Technologies Inc|101 Wood Avenue South|600|Iselin
6|Hexaware Technologies Inc|101 Wood Avenue South|Ste 600|Iselin
6|Lucosky Brookman LLP|101 Wood Avenue South|Suite 502|Woodbridge
6|Hexaware Technologies Inc|101 Wood Avenue South|Suite 600|Iselin
6|Mobiquity Inc|101 Wood Avenue South|Suite 600|Iselin
6|Hexaware Technologies Inc|101 Wood Avenue South||Iselin
6|Lingraphicare America Inc|103 Carnegie Center Drive|Suite 104|Princeton
6|LianBio LLC|103 Carnegie Center Drive|Suite 215|Princeton
6|Atlas Systems Inc|103 Carnegie Center Drive|Suite 300|Princeton
6|ERPMARK Inc|103 Carnegie Center Drive|Suite 300|Princeton
6|Appex Innovation Solutions LLC|103 Carnegie Center Drive|Suite 300|Princeton
6|LianBio LLC|103 Carnegie Center Drive|Suite 309|Princeton
6|Atlas Communication Technology Inc|103 Morgan Lane|Suite 101|Plainsboro
6|Atlas Smart IMS LLC|103 Morgan Lane|Suite 101|Plainsboro
6|ConnX Inc|103 Morgan Lane|Suite 104|Plainsboro
6|Smart Information Management Systems Inc|103 Morgan Lane|Suite 104|Plainsboro
6|ConnX Inc|103 Morgan Lane|Suite 104|Lawrence Township
6|ConnX Inc|103 Morgan Lane||Plainsboro
6|Mindlance Inc|1095 Morris Avenue|Suite 101 A|Union
6|Mindlance Inc|1095 Morris Avenue|Suite 101 A|UNION
6|Mindlance Inc|1095 Morris Avenue|Suite 101A|Union
6|Mindlance Inc|1095 Morris Avenue|Suite 101A|UNION
6|Cientra LLC|1095 Morris Avenue|Unit 101B|Union
6|Mindlance Inc|1095 Morris Avenue||Union
6|Mars Retail Group Inc|110 Edison Place|5th floor|Newark
6|Mars Retail Group LLC|110 Edison Place|5th floor|Newark
6|HV Manco LLC|110 Edison Place|Floor 2|Newark
6|VC RENEWABLES LLC|110 Edison Place|Suite 312|Newark
6|HV Manco LLC|110 Edison Place||Newark
6|MARS WRIGLEY CONFECTIONERY US INC|110 Edison Place||Newark
6|Shoolin Inc|120 Wood Avenue S|611|Iselin
6|Shoolin Inc|120 Wood Avenue S|611|ISELIN
6|New York Technology Partners Inc|120 Wood Avenue S|Suite 500|Iselin
6|New York Technology Partners Inc|120 Wood Avenue S|Suite 504|Iselin
6|Shoolin Inc|120 Wood Avenue S|Suite 611|Iselin
6|New York Technology Partners Inc|120 Wood Avenue S|suite 504|Iselin
6|VSQUARE INFOTECH INC|1235 US Highway 1|STE 1100|Edison
6|VSQUARE INFOTECH INC|1235 US Highway 1|STE 1100|EDISON
6|Firefly Pros Inc|1235 US Highway 1|Suite 1020|Edison
6|SG Healthcare and Pharma Tech Inc|1235 US Highway 1|Suite 2020|Edison
6|EZJOBS INC|1235 US Highway 1|Suite 2100|Edison
6|EZJOBS INC|1235 US Highway 1||Edison
6|SDG Consulting US Inc|135 Route 202/206|Suite 1|Bedminster
6|The PharmaNetwork LLC|135 Route 202/206|Suite 15|Bedminster
6|Intra-Cellular Therapies Inc|135 Route 202/206|Suite 6|Bedminster
6|Macrosoft Topco Inc and Subs|135 Route 202/206|Suite 9|Bedminster
6|Macrosoft Inc|135 Route 202/206|Suite 9|Bedminster
6|SDG Consulting US Inc|135 Route 202/206||Bedminster
6|CAREER SOFT SOLUTIONS INC|145 TALMADGE ROAD|SUITE 12|EDISON
6|IP HEIGHTS LLC|145 TALMADGE ROAD|SUITE 18|EDISON
6|EALEARN INC|145 TALMADGE ROAD|SUITE 23|EDISON
6|ECONTENTI INC|145 TALMADGE ROAD|SUITE 9|Edison
6|ECONTENTI INC|145 TALMADGE ROAD|SUITE 9|EDISON
6|ECONTENTI INC|145 TALMADGE ROAD||EDISON
6|IOASIZ INC|15 Corporate PL S|SUITE 402|Piscataway
6|COMTEK GLOBAL INC|15 Corporate PL S|SUITE 402|Piscataway
6|Reyogmar Technologies Inc|15 Corporate PL S|Ste 403|Piscataway
6|US 1 TELEVISION INC|15 Corporate PL S|Suite 145|Piscataway
6|EZ Solutions Inc|15 Corporate PL S|Suite 344|Piscataway
6|American Professionals Inc|15 Corporate PL S|Suite 344|Piscataway
6|TRIUNITY SOFTWARE INC|200 MIDDLESEX ESSEX TURNPIKE|SUITE 100|ISELIN
6|VST CONSULTING INC|200 MIDDLESEX ESSEX TURNPIKE|SUITE 201|ISELIN
6|GLOBALTEK SYSTEMS LLC|200 MIDDLESEX ESSEX TURNPIKE|SUITE 201A|ISELIN
6|ASIA TV USA, LTD|200 MIDDLESEX ESSEX TURNPIKE|SUITE 202|ISELIN
6|I28 TECHNOLOGIES CORPORATION|200 MIDDLESEX ESSEX TURNPIKE|SUITE 210|ISELIN
6|CODINIX INC|200 MIDDLESEX ESSEX TURNPIKE|SUITE 306E|ISELIN
6|GAR Technologies Inc|204 Ark Road|208E|Mount Laurel
6|GAR Technologies Inc|204 Ark Road|Suite 208 E|Mount Laurel
6|GAR TECHNOLOGIES INC|204 Ark Road|Suite 208 E|Mount Laurel
6|Iton INC|204 Ark Road|Suite 208-O|Mount Laurel
6|GAR Technologies Inc|204 Ark Road|Suite 208E|Mount Laurel
6|GAR Technologies Inc|204 Ark Road|Suite 208E|Chesterfield
6|Infoville Inc|2162 Route 206|2nd Flr, Suite 2|Belle Mead
6|Infoville Inc|2162 Route 206|2nd floor|Montgomery
6|Infoville Inc|2162 Route 206|2nd floor|Belle Mead
6|Innovatech Solutions Inc|2162 Route 206|2nd floor, Suite 8|Belle Mead
6|Infoville Inc|2162 Route 206|Flr 2|Belle Mead
6|Infoville Inc|2162 Route 206|Flr 2, Suite 2|Belle Mead
6|INCORPORAN INC|239 NEW ROAD|SUITE B-206|PARSIPPANY
6|MEDLEY NETWORKS INC|239 NEW ROAD|SUITE B202|PARSIPPANY
6|PANTAGON SERVICE LLC|239 NEW ROAD|SUITE B204|PARSIPPANY
6|MEDLEY NETWORKS INC|239 NEW ROAD|SUITE B317|PARSIPPANY
6|YOTTA SYSTEMS INC|239 NEW ROAD|SUITE C 102|PARSIPPANY
6|Yotta Systems Inc|239 NEW ROAD|SUITE C102|PARSIPPANY
6|LTIMINDTREE Limited|25 INDEPENDENCE BLVD|SUITE 401|WARREN,
6|LTIMINDTREE Limited|25 INDEPENDENCE BLVD|SUITE 401|warren
6|LTIMINDTREE Limited|25 INDEPENDENCE BLVD|SUITE 401|Warren
6|LTIMINDTREE Limited|25 INDEPENDENCE BLVD|SUITE 401|WARREN
6|MINDTREE LIMITED|25 INDEPENDENCE BLVD||WARREN
6|LTIMINDTREE Limited|25 INDEPENDENCE BLVD||Warren
6|DSM Nutritional Products LLC|250 Plainsboro Road||Plainsboro Township
6|DSM North America Inc|250 Plainsboro Road||Plainsboro Township
6|MCP Foods Inc|250 Plainsboro Road||Plainsboro
6|DSM Food Specialties USA Inc|250 Plainsboro Road||Plainsboro Township
6|DSM Food Specialties USA Inc|250 Plainsboro Road||Plainsboro
6|Firmenich Incorporated|250 Plainsboro Road||Plainsboro
6|GLOBAL DATA MART INC|2650 ROUTE 130|SUITE E|CRANBURY
6|MAHAUGHA LLC|2650 ROUTE 130|SUITE K|CRANBURY
6|MANDALA|2650 ROUTE 130|SUITE K|CRANBURY
6|MAHAUGHA LLC|2650 ROUTE 130|SUITE K|Cranbury
6|Mahaugha LLC|2650 ROUTE 130|SUITE K|CRANBURY
6|MAHAUGHA LLC|2650 ROUTE 130|SUITE K & H|CRANBURY
6|Techno-Comp Inc|270 Davidson Ave|Suite 111|Somerset
6|Design Resources Group Architects AIA Inc|270 Davidson Ave|Suite 303|Somerset
6|Net2Source Inc|270 Davidson Ave|Suite 704|Somerset
6|Net2source Inc|270 Davidson Ave|Suite 704|Somerset
6|GalaxE.Solutions Inc|270 Davidson Ave||Somerset
6|Net2Source Inc|270 Davidson Ave||Somerset
6|TK-Chain LLC|270 Davidson Avenue|1st Floor, Suite 111|Somerset
6|DataSycle LLC|270 Davidson Avenue|1st Floor, Suite 115|Somerset
6|Rangam Consultants Inc|270 Davidson Avenue|Suite 103|Somerset
6|BinaryITech LLC|270 Davidson Avenue|Suite 305|Somerset
6|GalaxE.Solutions Inc|270 Davidson Avenue||Somerset
6|GalaxE Solutions Inc|270 Davidson Avenue||Somerset
6|CORE ITS LIMITED LIABILITY COMPANY|285 DURHAM AVE|STE 7|SOUTH PLAINFIELD
6|ACCODIAN LLC|285 DURHAM AVE|SUITE 05|SOUTH PLAINFIELD
6|KAMBCON INC|285 DURHAM AVE|SUITE 10|S PLAINFIELD
6|BROADRANGE TECHNOLOGIES INC|285 DURHAM AVE|SUITE 2|SOUTH PLAINFIELD
6|CORE ITS LIMITED LIABILITY COMPANY|285 DURHAM AVE|SUITE 7|SOUTH PLAINFIELD
6|BROADRANGE TECHNOLOGIES INC|285 DURHAM AVE||SOUTH PLAINFIELD
6|BMW of North America LLC|300 Chestnut Ridge Road|N/A|Woodcliff Lake
6|BMW Financial Services NA LLC|300 Chestnut Ridge Road|N/A|Woodcliff Lake
6|BMW of North America LLC|300 Chestnut Ridge Road||Woodcliff Lake
6|BMW (US) Holding Corp|300 Chestnut Ridge Road||Woodcliff Lake
6|BMW US Holding Corp.|300 Chestnut Ridge Road||Woodcliff Lake
6|BMW (US) Holding Corp.|300 Chestnut Ridge Road||Woodcliff Lake
6|AXTRIA INC|300 Connell Drive|5th Floor|Berkeley Heights
6|Stonewain Systems Inc|300 Connell Drive|SUITE 3200|Berkeley Heights
6|Axis Group LLC|300 Connell Drive|Suite 3000|Berkeley Heights
6|Axis Analytics LLC|300 Connell Drive|Suite 3000|Berkeley Heights
6|Axis Analytics LLC d.b.a. Axis Group|300 Connell Drive|Suite 3000|Berkeley Heights
6|Chugai Pharma USA Inc|300 Connell Drive|Suite 3100|Berkeley Heights
6|Vitamin Shoppe Industries Inc|300 Harmon Meadows Blvd.|5 Floor|Secaucus
6|Vitamin Shoppe Industries Inc|300 Harmon Meadows Blvd.|5th Floor|Secaucus
6|Vitamin Shoppe Industries Inc|300 Harmon Meadows Blvd.|Floor 5|Secaucus
6|Vitamin Shoppe Industries|300 Harmon Meadows Blvd.|Floor 5|Secaucus
6|TVS BUYER LLC|300 Harmon Meadows Blvd.|Floor 5|Secaucus
6|Vitamin Shoppe LLC|300 Harmon Meadows Blvd.|Floor 5|Secaucus
6|TechCoreGlobal LLC|317 George Street|Suite 320|New Brunswick
6|Slyon Technologies LLC|317 George Street|Suite 320|New Brunswick
6|G-INFOTECH INC|317 George Street|Suite 320|New Brunswick
6|Sunels International Inc|317 George Street|Suite 320|New Brunswick
6|ADVANCEINNOVATIVE LLC|317 George Street|Suite 320, 3rd floor plaza II|New Brunswick
6|AdvanceInnovative LLC|317 George Street|Suite 320, 3rd floor plaza II|New Brunswick
6|AdvanceIT Technologies LLC|33 S Wood Ave|STE 600|Iselin
6|SQUAD SOFTWARE INC|33 S Wood Ave|SUITE 600|ISELIN
6|Squad Software Inc|33 S Wood Ave|SUITE 600|ISELIN
6|Squad Software Inc,|33 S Wood Ave|Suite 600|Iselin
6|Opelsoft|33 S Wood Ave|Suite 600|Iselin
6|Squad Software Inc|33 S Wood Ave|Suite 600|Iselin
6|Azzo USA LLC|330 Changebridge Road|101|Pine Brook
6|Easy Access USA Inc|330 Changebridge Road|Ste 101|Pine Brook
6|Easy Access USA|330 Changebridge Road|Ste 101|Pine Brook
6|Easy Access USA Inc|330 Changebridge Road|Suite 101|Pine Brook
6|The Lotus Group LLC|330 Changebridge Road|Suite 101|Pine Brook
6|JLJ CAPITAL LLC|330 Changebridge Road||Pine Brook
6|ITCONNECTUS INC|345 PLAINFIELD AVE|103|EDISON
6|AZURE CONSULTING SERVICES LLC|345 PLAINFIELD AVE|SUITE 205|EDISON
6|DVR SOFTEK INC|345 PLAINFIELD AVE|SUITE 301|EDISON
6|RAYVEN IT SOLUTIONS LLC|345 PLAINFIELD AVE|SUITE 303|EDISON
6|GURUS IT SERVICES LLC|345 PLAINFIELD AVE|SUITE 304-305|EDISON
6|GURUS IT SERVICES LLC|345 PLAINFIELD AVE|Suite 304-305|EDISON
6|SCADEA SOLUTIONS INC|3490 US HWY 1|STE 11|PRINCETON
6|Scadea Solutions Inc|3490 US HWY 1|SUITE 11|Princeton
6|SCADEA SOFTWARE SOLUTIONS INC|3490 US HWY 1|SUITE 11|PRINCETON
6|SCADEA SOLUTIONS INC|3490 US HWY 1|SUITE 11|PRINCETON
6|Scadea Software Solutions Inc|3490 US HWY 1|Suite 11|Princeton
6|SCADEA SOLUTIONS INC|3490 US HWY 1||PRINCETON
6|CYGNUS PROFESSIONALS INC|3490 US Highway 1|Bldg. 4|Princeton
6|Pioneer Consulting Services LLC|3490 US Highway 1|Building 10|Princeton
6|TK-Chain LLC|3490 US Highway 1|Building 14, Suite 101B|Princeton
6|AWNSolution LLC|3490 US Highway 1|Suite 109|Princeton
6|Scadea Solutions Inc|3490 US Highway 1|Suite 11|Princeton
6|Scadea Solutions Inc|3490 US Highway 1|Suite 11|PRINCETON
6|DLB Associates Consulting Engineers, PC|3600 Route 66|150 5981|Neptune
6|Xylo Consulting LLC|3600 Route 66|STE 150|Neptune
6|MAXWAY COMMERCE LLC|3600 Route 66|Ste 150|Neptune
6|Xylo Consulting LLC|3600 Route 66|Ste 150|Neptune
6|AVSI SYSTEMS LLC|3600 Route 66|Suite 150|Neptune
6|Xylo Consulting LLC|3600 Route 66|Suite 150|Neptune
6|Eminence Technology Solutions LLC|370 Campus Drive|Ste 138A|Somerset
6|Kapstone Technologies Inc|370 Campus Drive|Suite 108|Somerset
6|Cotton Valley Home Inc|370 Campus Drive|Suite 127|Somerset
6|Sequent Global Technologies Inc|370 Campus Drive|Suite 130|Somerset
6|Eminence Technology Solutions LLC|370 Campus Drive|Suite 138A|Somerset
6|Innovateclin Solutions Inc|370 Campus Drive|Suite 139|Somerset
6|Visionet System Inc|4 Cedarbrook Drive|Building B|Cranbury
6|PartnerLinQ|4 Cedarbrook Drive|Building B|Cranbury
6|Visionet Systems Inc|4 Cedarbrook Drive|Building B|Cranbury
6|Visionet Systems Inc.|4 Cedarbrook Drive|Building B|Cranbury
6|PartnerlinQ|4 Cedarbrook Drive|Building B|Cranbury
6|Visionet Systems Inc|4 Cedarbrook Drive|Building B|CRANBURY
6|ANJS Technologies LLC|40 Brunswick Ave|SUITE 203|EDISON
6|REALTECH SERVICES LLC|40 Brunswick Ave|Suite 100|EDISON
6|G3 Soft Inc|40 Brunswick Ave|Suite 100B|Edison
6|Bright Bird Technologies Inc|40 Brunswick Ave|Suite 203|Edison
6|Bright Bird Technologies Inc|40 Brunswick Ave|Suite 204|Edison
6|Techno9 Solutions Inc|40 Brunswick Ave|Suite 205|Edison
6|Swaratech Inc|411 Hackensack Avenue|2nd Floor|Hackensack
6|ISQUAREINFO LLC|411 Hackensack Avenue|SUITE 200|Hackensack
6|ISQUAREINFO LLC|411 Hackensack Avenue|Suite 200|Hackensack
6|Swaratech Inc|411 Hackensack Avenue|Suite 200|Hackensack
6|Isquareinfo LLC|411 Hackensack Avenue|Suite 200|Hackensack
6|CEF SOLUTIONS INC|411 Hackensack Avenue|Suite 800|Hackensack
6|eSystems Inc|4250 US ROUTE 1|SUITE 105|MONMOUTH JUNCTION
6|ESYSTEMS INC|4250 US ROUTE 1|SUITE 105|MONMOUTH JUNCTION
6|ESYSTEMS INC|4250 US ROUTE 1|SUITE 105|Monmouth Junction
6|ESYSTEMS INC|4250 US ROUTE 1|SUITE 105|MONMOUNTH JUNCTION
6|ESYSTEMS INC|4250 US ROUTE 1|Suite 105|MONMOUTH JUNCTION
6|eSystems Inc|4250 US ROUTE 1|Suite 105|Monmouth Junction
6|Veolia Advanced Solutions USA LLC|461 From Road|Suite 400|Paramus
6|SUEZ WATER MANAGEMENT & SERVICES INC|461 From Road|Suite 400|Paramus
6|VEOLIA WATER NEW JERSEY INC|461 From Road|Suite 400|Paramus
6|Veolia Water New Jersey Inc|461 From Road|Suite 400|Paramus
6|Veolia Water M&S (Paramus) Inc|461 From Road|Suite 400|Paramus
6|Veolia Water M&S (Paramus) Inc|461 From Road|Suite 400, , NJ|Paramus
6|Ciberspring International LLC|50 Division Street|STE 305|Somerville
6|Astralinx Inc|50 Division Street|Ste 501,|Somerville
6|Northridge Insight Inc|50 Division Street|Suite 501|Somerville
6|Neutrinos Inc|50 Division Street|Suite 501|Somerville
6|TEKIQ LLC|50 Division Street|Suite 501|Somerville
6|Tekiq LLC|50 Division Street|Suite 501|Somerville
6|SpectraMD USA Inc|50 Millstone Road|Building 200, Suite 140|East Windsor
6|CloudRay Inc|50 Millstone Road|Building 200, Suite 240|East Windsor
6|ESJAY PHARMA LLC|50 Millstone Road|Building 300 , Suite 140|EAST WINDSOR
6|SpectraMD USA Inc|50 Millstone Road|Building 400, Suite 110|East Windsor
6|AdvaGen Pharma Ltd.|50 Millstone Road|Suite 180, 1st floor, Building 200|East Windsor
6|AdvaGen Pharma, Ltd.|50 Millstone Road|Suite 180, 1st floor, Building 200|East Windsor
6|Agam Capital Management LLC|500 Frank W Burr Blvd|4th Floor Ste 16|Teaneck
6|Agam Capital Management LLC|500 Frank W Burr Blvd|4th Floor, Ste 16|Teaneck
6|Agam Capital Management LLC|500 Frank W Burr Blvd|4th Floor, Suite 16|Teaneck
6|Agam Capital Management LLC|500 Frank W Burr Blvd|4th floor, Suite 16|Teaneck
6|JT International USA Inc|500 Frank W Burr Blvd|Suite 70|Teaneck
6|UVeye Inc|500 Frank W Burr Blvd||Teaneck
6|Tech Mahindra (Americas) Inc|500 Hills Drive|Suite 200A|Bedminster
6|Tech Mahindra (America) Inc|500 Hills Drive|Suite 200A|Bedminster
6|TECH MAHINDRA (AMERICAS) INC|500 Hills Drive|Suite 200A|Bedminster
6|Tech Mahindra Technologies Inc|500 Hills Drive|Suite 200A|Bedminster
6|Tech Mahindra Technologies Inc|500 Hills Drive|Suite 200a|Bedminster
6|Tech Mahindra (Americas) Inc|500 Hills Drive||Bedminster
6|UNICON PHARMA INC|51 CRAGWOOD ROAD|SUITE 101|SOUTH PLAINFIELD
6|SVK TECHNOLOGY SOLUTIONS INC|51 CRAGWOOD ROAD|SUITE 301|SOUTH PLAINFIELD
6|IKCON TECHNOLOGIES INC|51 CRAGWOOD ROAD|SUITE 302|SOUTH PLAINFIELD
6|GLOBEX HEALTHCARE & PHARMA INC|51 CRAGWOOD ROAD|SUITE 304|SOUTH PLAINFIELD
6|GLOBEX IT SOLUTIONS INC|51 CRAGWOOD ROAD|SUITE 304|SOUTH PLAINFIELD
6|Symantrix Inc|51 CRAGWOOD ROAD|SUITE 304|SOUTH PLAINFIELD
6|Maxis Clinical Sciences LLC|510 Thornall Street|STE 180|Edison
6|XDuce Corporation|510 Thornall Street|SUITE 375|Edison
6|Nalashaa LLC|510 Thornall Street|Suite 210|New Jersey
6|Nalashaa LLC|510 Thornall Street|Suite 210|Edison
6|XDuce Corporation|510 Thornall Street|Suite 375|Edison
6|Xduce Corporation|510 Thornall Street|Suite 375|Edison
6|Stratus Technology Services LLC|740 Broad Street|Ste 1|Shrewsbury
6|Stratus Technology services LLC|740 Broad Street|Ste 1|Shrewbury
6|Stratus Technology Services LLC|740 Broad Street|Suite 1|Shrewsbury
6|Stratus Technology services LLC|740 Broad Street|Suite 1|Shrewsbury
6|Test Stratus Technology Services LLC|740 Broad Street|Suite 1|Shrewsbury
6|Stratus Technology Services LLC|740 Broad Street|Suite 1|Shrewbury
6|Visionsoft Inc|742 Alexander Road|Ste 105|Princeton
6|WIZCOM CORPORATION|742 Alexander Road|Ste 301|Princeton
6|WIZCOM CORPORATION|742 Alexander Road|Ste 301|PRINCETON
6|FRIENDLY CONSULTANTS INC|742 Alexander Road|Suite 104|Princeton
6|Friendly Consultants Inc|742 Alexander Road|Suite 104|Princeton
6|Visionsoft Inc|742 Alexander Road|Suite 105|Princeton
6|DICE IT SOLUTIONS LLC|850 CAROLIER LANE|1ST FLOOR|NORTH BRUNSWICK
6|GLOBALPOINT INC|850 CAROLIER LANE|301|NORTH BRUNSWICK
6|DICE IT SOLUTIONS LLC|850 CAROLIER LANE|SUITE 102 1ST FLOOR|NORTH BRUNSWICK
6|DICE IT SOLUTIONS LLC|850 CAROLIER LANE|SUITE 102, 1ST FLOOR|NORTH BRUNSWICK
6|GLOBALPOINT INC|850 CAROLIER LANE|SUITE 301|NORTH BRUNSWICK
6|GLOBALPOINT INC|850 CAROLIER LANE|THIRD FLOOR|NORTH BRUNSWICK
6|Avventis Inc|90 Washington Valley Road|Suite 13|Bedminster
6|Avventis Inc|90 Washington Valley Road|Suite 13,|Bedminster
6|NNIT INC|90 Washington Valley Road||Bedminster
6|Sequans Communications Inc|90 Washington Valley Road||Bedminster
6|Golden Eagle CPAs LLC|90 Washington Valley Road||Bedminster
6|NURA USA LLC|90 Washington Valley Road||Bedminster
6|Jag One Phisical Therapy|981 US Highway 22|2nd Floor|Bridgewater
6|JAG-ONE Physical Therapy LLC|981 US Highway 22|2nd Floor|Bridgewater
6|Jag-One Physical Therapy|981 US Highway 22|2nd Floor|Bridgewater
6|Jag-One Thysical Therapy|981 US Highway 22|2nd Floor|Bridgewater
6|One on One Physical Therapy LLC|981 US Highway 22|2nd Floor|Bridgewater
6|One on One Physical Therapy LLC|981 US Highway 22|2nd floor|Bridgewater
5|SRNL INTERNATIONAL INC|1 BRIDGE PLAZA NORTH|SUITE 275|FORT LEE
5|SRNL International Inc|1 BRIDGE PLAZA NORTH|SUITE 275|Fort Lee
5|SRNL International Inc|1 BRIDGE PLAZA NORTH|SUITE 275|FORT LEE
5|SRNL INTERNATIONAL INC|1 BRIDGE PLAZA NORTH|SUITE 275|Fort Lee
5|VICHARA TECHNOLOGIES INC|1 BRIDGE PLAZA NORTH|SUITE 675|FORT LEE
5|Marlabs LLC|1 CORPORATE PLACE SOUTH|3RD FLOOR|PISCATAWAY
5|Marlabs LLC|1 CORPORATE PLACE SOUTH|STE 200|PISCATAWAY
5|DRL SERVICES LLC|1 CORPORATE PLACE SOUTH|SUITE 140|PISCATAWAY
5|Marlabs LLC|1 CORPORATE PLACE SOUTH|Suite 200|PISCATAWAY
5|Marlabs LLC|1 CORPORATE PLACE SOUTH||PISCATAWAY
5|GAF Materials LLC|1 Campus Drive||Parsippany
5|Building Materials Manufacturing Corporation|1 Campus Drive||Parsippany
5|GAF Energy LLC|1 Campus Drive||Parsippany
5|Building Materials Manufacturing LLC|1 Campus Drive||Parsippany
5|GAF ENERGY LLC|1 Campus Drive||Parsippany
5|KAIZEN TECHNOLOGIES INC|1 Lincoln Highway|Suite 10|EDISON
5|KAIZEN TECHNOLOGIES INC|1 Lincoln Highway|Suite 10|Edison
5|KAIZEN TEHCNOLOGIES INC|1 Lincoln Highway|Suite 10|Edison
5|Alert Home Service Corporation|1 Lincoln Highway|Suite 12|Edison
5|Alert Home Services Corporation|1 Lincoln Highway|Suite 12|Edison
5|GLOBAL APPLICATIONS SOLUTIONS LLC|1 MEADOWLANDS PLAZA|SUITE 202|EAST RUTHERFORD
5|Global Applications Solution LLC|1 MEADOWLANDS PLAZA|SUITE 216|EAST RUTHERFORD
5|GLOBAL APPLICATIONS SOLUTIONS LLC|1 MEADOWLANDS PLAZA|SUITE 216|EAST RUTHERFORD
5|NEURASOL INC|1 MEADOWLANDS PLAZA|SUITE 243|EAST RUTHERFORD
5|NEURASOL INC|1 MEADOWLANDS PLAZA|SUITE 243|RUTHERFORD
5|Data Cloud Technologies LLC|1 Tower Center Blvd|Suite 1510-06|East Brunswick
5|1Kosmos Inc|1 Tower Center Blvd|Suite 1510-17|East Brunswick
5|Helix Wireless Inc|1 Tower Center Blvd|Suite 1910|East Brunswick
5|Unichem Pharmaceuticals (USA) Inc|1 Tower Center Blvd|Suite 2200|East Brunswick
5|Unichem Pharmaceuticals USA Inc|1 Tower Center Blvd|Suite 2200|East Brunswick
5|BlackRock Corporation US Inc|1 University Square Drive - 5th Floor||Princeton
5|BLACKROCK FINANCIAL MANAGEMENT INC|1 University Square Drive - 5th Floor||Princeton
5|BlackRock Institutional Services Inc|1 University Square Drive - 5th Floor||Princeton
5|BlackRock Institutional Trust Company, N.A.|1 University Square Drive - 5th Floor||Princeton
5|BlackRock Investment Management LLC|1 University Square Drive - 5th Floor||Princeton
5|IPG GIS US INC|10 EXCHANGE PLACE|10TH FLOOR|JERSEY CITY
5|US TECH SOLUTIONS INC|10 EXCHANGE PLACE|SUITE 1105|JERSEY CITY
5|US TECH SOLUTIONS INC|10 EXCHANGE PLACE|SUITE 1705|JERSEY CITY
5|US TECH SOLUTIONS iNC|10 EXCHANGE PLACE|SUITE 1710|JERSEY CITY
5|US TECH SOLUTIONS INC|10 EXCHANGE PLACE|SUITE 1710|JERSEY CITY
5|Bayer HealthCare LLC|100 Bayer Boulevard||Whippany
5|Bayer HealthCare Pharmaceuticals Inc|100 Bayer Boulevard||Whippany
5|BHC Pharmaceuticals Inc|100 Bayer Boulevard||Whippany
5|Bayer U.S. LLC|100 Bayer Boulevard||Whippany
5|Bayer U.S. LLC|100 Bayer Boulevard||Whipany
5|Empower Professionals Inc|100 Franklin Square Drive|Ste 104|Somerset
5|Bluesoft Solutions LLC|100 Franklin Square Drive|Suite 107|Somerset
5|Tigermed-BDM Inc|100 Franklin Square Drive|Suite 305|Somerset
5|Advent Intermodal Solution LLC|100 Franklin Square Drive|Suite 400|Somerset
5|One Kosmos Inc|100 Franklin Square Drive|Suite 400|Somerset
5|AVLINO INC|100 Matawan Road|Suite 310|Matawan
5|Datatusk Inc|100 Matawan Road|Suite 325|Matawan
5|High IT Solutions LLC|100 Matawan Road|Suite 325 1082|Matawan
5|KEY FOOD STORES COOPERATIVE INC|100 Matawan Road||Matawan
5|Duferco Steel Inc|100 Matawan Road||Matawan
5|NBA Properties Inc|100 Plaza Drive||Seacaucus
5|Womens National Basketball Association|100 Plaza Drive||Secaucus
5|NBA Media Ventures LLC|100 Plaza Drive||Secaucus
5|NBA Properties Inc|100 Plaza Drive||New Jersey
5|NBA Properties Inc|100 Plaza Drive||Secaucus
5|VONAGE BUSINESS INC|101 CRAWFOROADS CORNER ROAD|SUITE 2416|HOLMDEL
5|Vonage Business Inc|101 CRAWFOROADS CORNER ROAD|SUITE 2416|HOLMDEL
5|VONAGE AMERICA LLC|101 CRAWFOROADS CORNER ROAD|SUITE 2416|HOLMDEL
5|AZURITE CONSULTING LLC|101 CRAWFOROADS CORNER ROAD|SUITE 4116|HOLMDEL
5|iCims Inc|101 CRAWFOROADS CORNER ROAD|Suite 3-100|Holmdel
5|Joy Mental Fitness LLC|101 Hudson St|21st FLoor|Jersey City
5|Bachi.Tech Corporation|101 Hudson St|FL 37|Jersey City
5|Bachi.Tech Corporation|101 Hudson St|Floor 37|Jersey City
5|Bachi.Tech Corporation|101 Hudson St|STE 3703|Jersey City
5|Bachi. Tech Corporation|101 Hudson St|STE 3703|Jersey City
5|GIIR AMERICA INC|111 SYLVAN AVENUE|2ND FL SOUTH BLDG|ENGLEWOOD CLIFFS
5|GIIR AMERICA INC|111 SYLVAN AVENUE|2ND FLOOR SOUTH BLDG|ENGLEWOOD CLIFFS
5|LG ELECTRONICS U.S.A. INC|111 SYLVAN AVENUE||ENGLEWOOD CLIFFS
5|LG ELECTRONICS VEHICLE COMPONENTS U.S.A. LLC|111 SYLVAN AVENUE||ENGLEWOOD CLIFFS
5|LG ELECTRONICS U.S.A INC|111 SYLVAN AVENUE||ENGLEWOOD CLIFFS
5|PANTOS USA INC|111 Sylvan Avenue|North Building L3|Englewood Cliffs
5|LX PANTOS USA INC|111 Sylvan Avenue|North Building L3|Englewood Cliffs
5|LG Electronics Vehicle Components U.S.A. LLC|111 Sylvan Avenue||Englewood Cliffs
5|LG Electronics U.S.A. Inc|111 Sylvan Avenue||Englewood Cliffs
5|LG CNS America Inc|111 Sylvan Avenue||Englewood Cliffs
5|JELLYJOY INC|12 Daniel Road|STE 328|FAIRFIELD
5|JellyJoy Inc|12 Daniel Road|Ste 328|Fairfield
5|Advaana Inc|12 Daniel Road|Suite 314|Fairfield
5|Advaana Inc|12 Daniel Road|Suite 314|FAIRFIELD
5|JELLYJOY INC|12 Daniel Road|Suite 328|Fairfield
5|Kessler Foundation Inc|120 Eagle Rock Avenue|STE 100|East Hanover
5|Kessler Foundation|120 Eagle Rock Avenue|Suite 100|East Hanover
5|Kessler Foundation Inc|120 Eagle Rock Avenue|Suite 100|East Hanover
5|VDA Inc|120 Eagle Rock Avenue|Suite 310|East Hanover
5|SWK Technologies Inc|120 Eagle Rock Avenue|Suite 330|East Hanover
5|Heshu Nutrition USA Corporation|120 Schor Ave|2nd Floor|Leonia
5|HESHU NUTRITION USA CORP|120 Schor Ave|2nd Floor|Leonia
5|Minmetals Inc|120 Schor Ave|Floor 3|Leonia
5|heshu nutrition usa corp|120 Schor Ave||Leonia
5|Beans nutrition llc|120 Schor Ave||Leonia
5|Mindray Animal Medical Technology North America Co., Ltd|1200 MacArthur Blvd.|Ste 302B|Mahwah
5|RESEARCH INSTITUTE FORFRAGRANCE MATERIALS INC|1200 MacArthur Blvd.|Ste 306|Mahwah
5|Bogen Communications LLC|1200 MacArthur Blvd.|Suite 304|Mahwah
5|RESEARCH INSTITUTE FOR FRAGRANCE MATERIALS INC|1200 MacArthur Blvd.|Suite 306|Mahwah
5|Mindray Animal Medical Technology North America|1200 MacArthur Blvd.||Mahwah
5|International Systems Technologies Inc|1249 SOUTH RIVER ROAD|SUITE 205|CRANBURY
5|INTERNATIONAL SYSTEMS TECHNOLOGIES INC|1249 SOUTH RIVER ROAD|SUITE 205|CRANBURY
5|MANASI INFORMATION TECHNOLOGIES INC|1249 SOUTH RIVER ROAD|SUITE 207|CRANBURY
5|PALAYEKAR COMPANIES INC|1249 SOUTH RIVER ROAD|SUITE 209|CRANBURY
5|HGS EBOS LLC|1249 SOUTH RIVER ROAD|SUITE 302|CRANBURY
5|Neurealm Inc|155 Village Blvd,|Suite 300|Princeton
5|Neurealm Inc (Formerly known as GAVS Technologies N.A. Inc)|155 Village Blvd,|Suite 300|Princeton
5|GAVS Technologies N.A. Inc|155 Village Blvd,|Suite 300|Princeton
5|GAVS Technologies N.A. Inc|155 Village Blvd,|Suite 300,|Princeton
5|KMC Consulting Solutions Inc|155 Village Blvd,|Suite 310|Princeton
5|Sports Training Academy LLC|16 W Hanover Ave||Randolph
5|STA Support Institute a NJ Nonprofit Corporation|16 W Hanover Ave||Randolph
5|STA Sports Institute|16 W Hanover Ave||Randolph
5|STA Support Institute|16 W Hanover Ave||Randolph
5|Princeton Soccer Academy LLC|16 W Hanover Ave||Randolph
5|Lemongrass Consulting US Inc|180 TALMADGE ROAD|IGO BLDG, SUITE 798|EDISON
5|DHIBYTE LLC|180 TALMADGE ROAD|SUITE 1|EDISON
5|FiunEx Inc|180 TALMADGE ROAD|SUITE 546|Edison
5|FIUNEX INC|180 TALMADGE ROAD|SUITE 546|EDISON
5|FiunEx Inc|180 TALMADGE ROAD|SUITE 548|Edison
5|Prabhav Services Inc|181 NEW ROAD|SUITE 304|Parsippany
5|ARIVA INFOTECH LLC|181 NEW ROAD|SUITE 304|PARSIPPANY
5|INFORMATION TECHNOLOGY AND MANAGEMENT CONSULTING INC|181 NEW ROAD|SUITE 304|PARSIPPANY
5|INFORMATION TECHNOLOGY & MANAGEMENT CONSULTING INC|181 NEW ROAD|SUITE 304|PARSIPPANY
5|ARIVA INFOTECH LLC|181 NEW ROAD|SUITE 35|PARSIPPANY
5|Iris Software Inc|200 Metroplex Drive|Suite 300|Edison
5|IRIS SOFTWARE INC|200 Metroplex Drive|Suite 300|EDISON
5|IRIS SOFTWARE INC|200 Metroplex Drive|Suite 300|Edison
5|Iris Software Inc|200 Metroplex Drive|Suite 300|EDISON
5|SecurView Inc|200 Metroplex Drive|Suite 301|Edison
5|Oyster Point Pharma Inc|202 Carnegie Center|Suite 106|Princeton
5|Oyster Point Pharma|202 Carnegie Center|Suite 109|Princeton
5|Invidi Technologies Corporation|202 Carnegie Center|Suite 204|Princeton
5|Y-mAbs Therapeutics Inc|202 Carnegie Center|Suite 301|Princeton
5|Tsumura USA Inc|202 Carnegie Center|Suite 306|Princeton
5|Ground Management Holdings LLC|210 Route 4 East|Suite 209|Paramus
5|ORISSA Holdings LLC|210 Route 4 East|Suite 209|Paramus
5|ORISSA Holdings LLC|210 Route 4 East|Suite 211|Paramus
5|Vornado Management Corp|210 Route 4 East||Paramus
5|ORISSA Holdings LLC|210 Route 4 East||Paramus
5|Legend Biotech USA Inc|2101 Cottontail Lane|N/A|Somerset
5|Legend Biotech USA Inc|2101 Cottontail Lane||Somerset
5|Legend Biotech USA Inc d/b/a Legend Biotech Corporation|2101 Cottontail Lane||Somerset
5|Legend Biotech Corporation|2101 Cottontail Lane||Somerset
5|Legend Biotech USA Inc d/b/a/ Legend Biotech Corporation|2101 Cottontail Lane||Somerset
5|Ekait LLC|2125 Center Avenue|Suite 300|Fort Lee
5|Objecutive Inc|2125 Center Avenue|Suite 411|Fort Lee
5|PITERION North America Inc|2125 Center Avenue|Suite 507|Fort Lee
5|Sergei Orel, Esq., P.C.|2125 Center Avenue|Suite 608|Fort Lee
5|Ekait LLC|2125 Center Avenue|Suite 618|Fort Lee
5|Value Momentum Inc|220 Old New Brunswick Road|1st Floor|Piscataway
5|ValueMomentum Inc|220 Old New Brunswick Road|1st Floor|Piscataway
5|Value Momentum Inc|220 Old New Brunswick Road||Piscataway
5|VALUEMOMENTUM INC|220 Old New Brunswick Road||Piscataway
5|ValueMomentum Inc|220 Old New Brunswick Road||Piscataway
5|Nice Systems Inc|221 RIVER STREET|10TH FLOOR|HOBOKEN
5|ACTIMIZE INC|221 RIVER STREET|10TH FLOOR|HOBOKEN
5|ACTIMIZE INC|221 RIVER STREET|10th FLOOR|HOBOKEN
5|BECAUSE TECH CONSULTING CORP|221 RIVER STREET|FLOOR 9|HOBOKEN
5|NCS PEARSON INC|221 RIVER STREET||HOBOKEN
5|Pavane Solutions Inc|250 Pehle Avenue|Plaza II, Suite 200|Saddle Brook
5|Soimex Denimagic Inc|250 Pehle Avenue|Suite 200|Saddle Brook
5|Nutrition 21 LLC|250 Pehle Avenue|Suite 200|Saddle Brook
5|Q-PERIOR INC|250 Pehle Avenue|Suite 702|Saddle Brook
5|Q-PERIOR INC|250 Pehle Avenue|Suite 702|Saddle River
5|CoreBytes LLC|252 Nassau Street|2nd Floor|Princeton
5|Offchain Labs Inc|252 Nassau Street|2nd Floor|Princeton
5|Arable Labs Inc|252 Nassau Street|2nd Floor|Princeton
5|Arable Labs Inc|252 Nassau Street|2nd floor|Princeton
5|Offchain Labs Inc|252 Nassau Street|4th Floor|Princeton
5|MOBIREY LLC|2525 US HIGHWAY 130|BLDG-C, SUITE-4|Cranbury
5|AVANSA GLOBAL SYSTEMS LLC|2525 US HIGHWAY 130|BLDG. C, SUITE 4A|CRANBURY
5|NAM INFO INC|2525 US HIGHWAY 130|BLDG. D, SUITE 2|CRANBURY
5|AVANSA IT SOLUTIONS LLC|2525 US HIGHWAY 130|BUILDING C, SUITE 1A|CRANBURY
5|DATAGLIDES LLC (aka VISHKAVI IT SERVICES LLC)|2525 US HIGHWAY 130|SUITE 103|CRANBURY
5|Canaan Media LLC|255 Old New Brunswick Road|S360|Pscataway
5|Technoid LLC|255 Old New Brunswick Road|Suite N-220|Piscataway
5|OPELLSOFT LLC|255 Old New Brunswick Road|Suite N210|Piscataway
5|OPELSOFT LLC|255 Old New Brunswick Road|Suite N210|Piscataway
5|Senon Associates Inc|255 Old New Brunswick Road|Suite N360|Piscataway
5|NATSOFT CORPORATION|27 WORLDS FAIR DR||SOMESET
5|NATSOFT CORPORATION|27 WORLDS FAIR DR||SOMERSET
5|SYSTEMS ANALYST|27 WORLDS FAIR DR||SOMERSET
5|SOFTWARE ENGINEER|27 WORLDS FAIR DR||SOMERSET
5|NATSOFT CORPORATION|27 WORLDS FAIR DR||8873
5|Eugia US LLC|279 Princeton Hightstown Road||East Windsor
5|Acrotech BioPharma LLC|279 Princeton Hightstown Road||East Windsor
5|Eugia US Manufacturing LLC|279 Princeton Hightstown Road||East Windsor
5|Acrotech Biopharma Inc|279 Princeton Hightstown Road||East Windsor
5|Aurobindo Pharma USA Inc|279 Princeton Hightstown Road||East Windsor
5|Source Mantra Inc|295 Durham Ave|STE 201,|South Plainfield
5|Axle IT Inc|295 Durham Ave|Ste - 209|South Plainfield
5|Cloud5 Solutions Inc|295 Durham Ave|Ste 102|South Plainfield
5|Cloud5 Solutions Inc|295 Durham Ave|Suite 102|South Plainfield
5|Axle IT Inc|295 Durham Ave|Suite 209|South Plainfield
5|CLOVER HEALTH LABS LLC|30 MONTGOMERY STREET|15 FLOOR|JERSEY CITY
5|CLOVER HEALTH LABS LLC|30 MONTGOMERY STREET|15TH FLOOR|JERSEY CITY
5|SAKSOFT INC|30 MONTGOMERY STREET|STE 1240|JERSEY CITY
5|SAKSOFT INC|30 MONTGOMERY STREET|SUITE 1240|JERSEY CITY
5|THE MCCLOUD GROUP LLC|30 MONTGOMERY STREET|SUITE 940|JERSEY CITY
5|SIAL TECHNOLOGY PARTNERS LLC|300 CARNEGIE CENTER|SUITE 150|PRINCETON
5|ECLOUDOPTIMUM CORP.|300 CARNEGIE CENTER|SUITE 150|PRINCETON
5|CLOUD INVENTIONS INC|300 CARNEGIE CENTER|SUITE 150|PRINCETON
5|ECLOUDOPTIMUM CORP|300 CARNEGIE CENTER|SUITE 150|PRINCETON
5|MALBEC SOLUTIONS INC|300 CARNEGIE CENTER|SUITE 210|PRINCETON
5|POSCO INTERNATIONAL AMERICA CORP.|300 Frank W. Burr Blvd.|23|Teaneck
5|Collaborative Solutions LLC|300 Frank W. Burr Blvd.|Suite 36, 6th Fl.|Teaneck
5|Collaborative Solutions LLC|300 Frank W. Burr Blvd.|Suite 36, 6th Floor|Teaneck
5|Hanwha International LLC|300 Frank W. Burr Blvd.|Suite 52|Teaneck
5|Collaborative Solutions LLC|300 Frank W. Burr Blvd.||Teaneck
5|Embecta Medical I LLC|300 Kimball Dr|300|Parsippany
5|Embecta Medical II LLC|300 Kimball Dr|STE 300|Parsippany
5|Embecta Medical I LLC|300 Kimball Dr|STE 300|Parsippany
5|Embecta Medical LLC|300 Kimball Dr|STE 300|Parsippany
5|embecta Medical I LLC|300 Kimball Dr||Parsippany
5|Seema Donuts|317 Budd Road||Paramus
5|Super Donuts Oxford LLC|317 Budd Road||Paramus
5|Vyom Donut Management LLC|317 Budd Road||Paramus
5|Super Donuts Of Oxford LLC|317 Budd Road||Paramus
5|Super Donuts of Oxford LLC|317 Budd Road||Paramus
5|ADVANCEINNOVATIVE LLC|317 GEORGE ST|STE 320, 3RD FLOOR PLAZA II|NEW BRUNSWICK
5|ADVANCEINNOVATIVE LLC|317 GEORGE ST|STE 320, 3rd floor plaza II|NEW BRUNSWICK
5|ADVANCEINNOVATIVE LLC|317 GEORGE ST|STE 320. 3rd floor plaza II|NEW BRUNSWICK
5|Ralph Libonati Co.|317 GEORGE ST|Ste 515|New Brunswick
5|ADVANCEINNOVATIVE LLC|317 GEORGE ST|Suite 320, 3rd floor plaza II|NEW BRUNSWICK
5|G-INFOTECH INC|317 GEORGE STREET|SUITE 320|NEW BRUNSWICK
5|WITH LLC|317 GEORGE STREET|SUITE 320|NEW BRUNSWICK
5|WITHLLC|317 GEORGE STREET|SUITE 320|NEW BRUNSWICK
5|VARS CONSULTING INC|317 GEORGE STREET|SUITE 320|NEW BRUNSWICK
5|TWIG INTERNATIONAL LLC|317 GEORGE STREET|SUITE 320|RARITAN
5|US SOFTWARE GROUP INC|33 S Wood Avenue|SUITE 600|Iselin
5|Centraprise Corp|33 S Wood Avenue|Suite 600|Iselin
5|Volmatica Inc|33 S Wood Avenue|Suite 600|Iselin
5|Shriyan Software LLC|33 S Wood Avenue|Suite 600|Iselin
5|DJ Investment Group Inc|33 S Wood Avenue|Suite 600|Iselin
5|AASRITA CONSULTING LLC|33 WOOD AVE SOUTH|SUITE 431|ISELIN
5|DRC SYSTEMS USA LLC|33 WOOD AVE SOUTH|SUITE 600|Iselin
5|HORIZON ADVANCED SYSTEMS INC|33 WOOD AVE SOUTH|SUITE 600|ISELIN
5|SOFTTECHNO CORPORATION|33 WOOD AVE SOUTH|SUITE 600|ISELIN
5|DRC SYSTEMS USA LLC|33 WOOD AVE SOUTH|Ste 600|Iselin
5|WENmedics Corporation|331 Newman Springs Road|Building 1, 4th Fl., Suite 143|Red Bank
5|Diversant LLC|331 Newman Springs Road|Building 3, 2nd Floor, Suite 350|Red Bank
5|SlyceData Corp|331 Newman Springs Road|Suite 143|Red Bank
5|Colliers Engineering & Design INC|331 Newman Springs Road|Suite 203|Red Bank
5|Colliers Engineering & Design Inc|331 Newman Springs Road|Suite 203|Red Bank
5|DATAQUEST CORP|3322 US HIGHWAY 22|SUITE 1001|BRANCHBURG
5|DATAQUEST CORP.|3322 US HIGHWAY 22|SUITE 1001|BRANCHBURG
5|DATAQUEST CORP. INC|3322 US HIGHWAY 22|SUITE 1001|BRANCHBURG
5|DATASSAY INC|3322 US HIGHWAY 22|SUITE 429|BRANCHBURG
5|DATASSAY INC|3322 US HIGHWAY 22|SUITE 429|BRANCHBURG,
5|HMH Hospitals Corporation|343 Thornall Street|Fl. 8|Edison
5|HealthEC LLC|343 Thornall Street|Suite 630|Edison
5|Infotech Global Inc|343 Thornall Street|Suite 630|Edison
5|OPTIKS SOLUTIONS INC|343 Thornall Street|Suite 660|Edison
5|HMH Hospitals Corporation|343 Thornall Street||Edison
5|SITA HEALTH AND LIFE SCIENCES INC|347 ELIZABETH AVENUE|100|SOMERSET
5|SITA HEALTH AND LIFE SCIENCES INC|347 ELIZABETH AVENUE|200|SOMERSET
5|SITA CORP|347 ELIZABETH AVENUE|SUITE 100|SOMERSET
5|SITA CORP.|347 ELIZABETH AVENUE|SUITE 200|SOMERSET
5|SITA CORP|347 ELIZABETH AVENUE|SUITE 200|SOMERSET
5|PIONEER CONSULTING SERVICES LLC|3490 US HIGHWAY 1|BUILDING 10|PRINCETON
5|PIONEER CONSULTING SERVICES LLC|3490 US HIGHWAY 1|BUILDING 10|PRICETON
5|SCADEA SOLUTIONS INC|3490 US HIGHWAY 1|STE 11|PRINCETON
5|SCADEA SOLUTIONS INC|3490 US HIGHWAY 1|SUITE 11|PRINCETON
5|FORTE CONSULTING LLC|3490 US HIGHWAY 1|SUITE 19C|PRINCETON
5|161 Dev Inc|35 Journal Square Plaza|SUITE 203|Jersey City
5|Medna Soft Inc|35 Journal Square Plaza|SUITE 805|Jersey City
5|Tekraft Solutions Inc|35 Journal Square Plaza|SUITE 805|Jersey City
5|Militz Consulting Inc|35 Journal Square Plaza|Suite 1001|Jersey City
5|SUPERRENT INC|35 Journal Square Plaza|Suite 221|Jersey City
5|Malvi Systems LLC|379 Princeton Hightstown Road|Bldg 2 Fl 2|East Windsor
5|Malvi Systems LLC|379 Princeton Hightstown Road|Bldg 2 Flr 2|East Windsor
5|Rayex Inc|379 Princeton Hightstown Road|Building 2 Second Floor|East WIndsor
5|V Group Inc|379 Princeton Hightstown Road|Building 3, Suite 2A|Cranbury
5|SLV TECHNOLOGIES INC|379 Princeton Hightstown Road|Suite 1107|East Windsor
5|KENSINGTON INFORMATION GROUP INC|379 THORNALL STREET|9TH FLOOR|EDISON
5|I3INFOTEK INC|379 THORNALL STREET|9TH FLOOR|EDISON
5|I3 INFOTEK INC|379 THORNALL STREET|FLOOR 9|EDISON
5|MSR TECHNOLOGY GROUP LLC|379 THORNALL STREET|FLOOR 9|EDISON
5|KENSINGTON INFORMATION GROUP INC|379 THORNALL STREET|FLOOR 9|EDISON
5|Birlasoft Inc|379 Thornall Street|12th Floor|Edison
5|Birlasoft Solutions Inc|379 Thornall Street|12th Floor|Edison
5|Birlasoft Computer Corporation|379 Thornall Street|12th Floor|Edison
5|Birlasoft Consulting Inc|379 Thornall Street|12th Floor|Edison
5|Kensington Information Group Inc|379 Thornall Street|9th Floor|Edison
5|EVEREST CONSULTING GROUP INC|3840 PARK AVE|STE 203|EDISON
5|EVEREST CONSULTING GROUP INC|3840 PARK AVE|STE.203|EDISON
5|EVERESTCONSULTING GROUP INC|3840 PARK AVE|STE.203|EDISON
5|EVEREST CONSULTING GROUPINC|3840 PARK AVE|Suite 203|EDISON
5|EVEREST CONSULTING GROUP INC|3840 PARK AVE|Suite 203|EDISON
5|SIGMA CONSTRUCTION INC|399 Hoes Lane|3rd Floor|Piscataway
5|Sigma Construction Inc|399 Hoes Lane|Floor 3|Piscataway
5|CLASSIC COMPUTERS CORPORATION|399 Hoes Lane|Floor 3|Piscataway
5|Sigma Construction Inc|399 Hoes Lane||Piscataway
5|Hapag-Lloyd (America) LLC|399 Hoes Lane||Piscataway
5|Lupin Inc|400 Campus Drive||Somerset
5|Novel Laboratories Inc|400 Campus Drive||Somerset
5|Lupin Pharmaceuticals Inc|400 Campus Drive||Somertset
5|Shionogi Inc|400 Campus Drive||Florham Park
5|Lupin Pharmaceuticals Inc|400 Campus Drive||Somerset
5|AMNEAL PHARMACEUTICALS LLC|400 Crossing Blvd|3rd Floor|Bridgewater
5|Genlyte Thomas Group LLC (A Signify Owned Company)|400 Crossing Blvd|Suite 600|Bridgewater
5|Signify North America Corporation|400 Crossing Blvd|Suite 600|Bridgewater
5|Fluence Bioengineering Inc|400 Crossing Blvd|Suite 600|Bridgewater
5|Cooper Lighting LLC|400 Crossing Blvd|Suite 600|Bridgewater
5|Actavis Laboratories UT Inc|400 Interpace Parkway,  3||Parsippany
5|Teva Branded Pharmaceutical Products R&D Inc|400 Interpace Parkway,  3||Parsippany
5|Teva Sales and Marketing Inc|400 Interpace Parkway,  3||Parsipanny
5|Actavis Elizabeth LLC|400 Interpace Parkway,  3||Parsippany
5|Teva Womens Health Inc|400 Interpace Parkway,  3||Parsippany
5|Automotive Rentals Inc|4001 Leadenhall Road||Mount Laurel
5|Automotive Rentals Inc|4001 Leadenhall Road||Mt. Laurel
5|Holman Automotive Group Inc|4001 Leadenhall Road||Mt. Laurel
5|Kuni Enterprises LLC|4001 Leadenhall Road||Mt. Laurel
5|Automotive Rentals Inc d/b/a Holman|4001 Leadenhall Road||Mt. Laurel
5|Piece of India Inc|409 Joyce Kilmer Avenue|Suite 1|New Brunswick
5|Kumar Organic Products Limited|409 Joyce Kilmer Avenue|Suite 221|New Brunswick
5|Kumar Organic Products Ltd|409 Joyce Kilmer Avenue|Suite 221|New Brunswick
5|ALStream Tech Inc|409 Joyce Kilmer Avenue|Suite 315|New Brunswick
5|ALSTREAM TECH INC|409 Joyce Kilmer Avenue|Suite 315|New Brunswick
5|ERPMARK INC|4478 Route 27|Suite 102|Kingston
5|Linq Global Group LLC|4478 Route 27|Suite 201|KINGSTON
5|Humetis Technologies Inc|4478 Route 27|Suite 201-B|KINGSTON
5|Humetis Technologies Inc|4478 Route 27|Suite 201-B|Kingston
5|Piorion Solutions Inc|4478 Route 27|Suite 201A|Kingston
5|Merit SI Technologies LLC|46 East Main Street|Suite 301|Somerville
5|Merit SI Technologies LLC|46 East Main Street|Suite 302|Somerville
5|Merit SI Technologies LLC (dba Merit Controls)|46 East Main Street|Suite 302|Somerville
5|Merit SI Technologies LLC d.b.a. Merit Controls|46 East Main Street|Suite 302|Somerville
5|FINPRO FINANCIAL SERVICES INC|46 East Main Street|Suite 303|Somerville
5|Flight Centre Travel Group (USA) Inc|5 Paragon Drive|200 Suite|Montvale
5|Flight Centre Travel Group (USA) Inc|5 Paragon Drive|STE 200|Montvale
5|Flight Centre Travel Group (USA) Inc|5 Paragon Drive|Ste 200|Montvale
5|Flight Centre Travel Group (USA) Inc|5 Paragon Drive|Suite 200|Montvale
5|Balchem Corporation|5 Paragon Drive||Montvale
5|TOP EDGE TECHNOLOGY INC|510 Franklin Avenue|SUITE 1|NUTLEY
5|Successful Capital Ventures LLC|510 Franklin Avenue|Suite 1|Nutley
5|VIDLEXINFO LLC|510 Franklin Avenue|Suite 4|Nutley
5|AMP Solutions LLC|510 Franklin Avenue|Suite 5|Nutley
5|VIABOUND LLC|510 Franklin Avenue|Suite 8|Nutley
5|NALASHAA LLC|510 THORNALL STREET|SUITE 210|EDISON
5|Avaap USA LLC|510 THORNALL STREET|SUITE 250|EDISON
5|HP INFOSYSTEM LLC|510 THORNALL STREET|SUITE 320|EDISON
5|HP INFOSYSTEMS LLC|510 THORNALL STREET|SUITE 320|EDISON
5|DATA INC|510 THORNALL STREET|SUITE 370|EDISON
5|SIRI SOFTWARE SOLUTIONS LLC|53 KNIGHTSBRIDGE ROAD|STE 211|PISCATAWAY
5|GOMIAPP LLC|53 KNIGHTSBRIDGE ROAD|STE 222|PISCATAWAY
5|GOMIAPP LLC|53 KNIGHTSBRIDGE ROAD|SUITE 222|PISCATAWAY
5|PIKE SOLUTIONS INC|53 KNIGHTSBRIDGE ROAD|SUITE 299|PISCATAWAY
5|Pike Solutions Inc|53 KNIGHTSBRIDGE ROAD|SUITE 299|PISCATAWAY
5|Flexible Architecture and Simplified Technology Inc|545 Washington Blvd||Jersey City
5|FAST|545 Washington Blvd||Jersey City
5|Flexible Architecture & Simplified Technology Inc|545 Washington Blvd||Jersey City
5|Insurance Services Office Inc|545 Washington Blvd||Jersey City
5|Data Driven Safety LLC|545 Washington Blvd||Jersey City
5|CB Neptune Holdings LLC|545 Washington Blvd.|8th Floor|Jersey City
5|ISO Services Inc|545 Washington Blvd.||Jersey City
5|Insurance Services Office Inc|545 Washington Blvd.||Jersey City
5|Flexible Architecture & Simplified Technology Inc|545 Washington Blvd.||Jersey City
5|Quality Planning Corp.|545 Washington Blvd.||Jersey City
5|SmartWorks LLC|55 Carter Drive|107|Edison
5|Smartworks LLC|55 Carter Drive|Suite 107|Edison
5|SmartWorks LLC|55 Carter Drive|Suite 107|Edison
5|SmartWorks LLC|55 Carter Drive|Suite 107 - 2nd Floor|Edison
5|Comprehensive Healthcare Systems Inc|55 Carter Drive|Suite 210|Edison
5|Peri Software Solutions Inc|550 Broad Street|Suite 602|Newark
5|Vandoo LLC|550 Broad Street|Suite 602|Newark
5|Lev Cap LLC|550 Broad Street|Suite 908|Newark
5|Brick City Capital|550 Broad Street|Suite 908|Newark
5|Peri Software Solutions Inc|550 Broad Street||Newark
5|NEW JERSEY REENTRY CORPORATION|591 Summit Avenue|6th Floor|Jersey City
5|ALTERNATIVE HEALTHCARE VENTURES IN AMERICA STAFFING SOLUTIONS LLC|591 Summit Avenue|Suite 413|Jersey City
5|NILE TECH INC|591 Summit Avenue|Suite 504|New Jersey
5|NILE TECH INC|591 Summit Avenue|Suite 504|Jersey City
5|CONSIGA TECHNOLOGIES INC|591 Summit Avenue|Suite 505|Jersey City
5|HIRE IT PEOPLE INC|6 Auer Ct|Suite G|East Brunswick
5|Hire IT People Inc|6 Auer Ct|Suite G|East Brunswick
5|Hire IT People Inc|6 Auer Ct|Suite G|Easr Brunswick
5|Hire IT Global Inc|6 Auer Ct|Suite G|East Brunswick
5|Hire IT people Inc|6 Auer Ct|Suite G|East Brunswick
5|Verans Business solutions Inc|6 Kilmer road|Suite F|Edison
5|Verans Business solutions inc|6 Kilmer road|Suite F|Edison
5|Verans business Solutions,inc|6 Kilmer road|Suite F|Edison
5|Verans business soluations Inc|6 Kilmer road|Suite F|Edison
5|Verans Business Solutions Inc|6 Kilmer road|Suite f|Edison
5|DECOFRUT INC|701 NORTH BROADWAY, BUILDING 18||GLOUCESTER
5|DECOFRUT INC|701 NORTH BROADWAY, BUILDING 18||GLOUCESTER CITY
5|DECOFRUT INC2|701 NORTH BROADWAY, BUILDING 18||GLOUCESTER CITY
5|DECOFRUT INC|701 NORTH BROADWAY, BUILDING 18||GLOUSCESTERR CITY
5|DECOFRUT INC|701 NORTH BROADWAY, BUILDING 18||GLOUSCESTER CITY
5|Genmab US Inc|777 Scudders Mill Road|Bldg 2, 4th Floor|Plainsboro
5|Genmab US Inc|777 Scudders Mill Road|Bldg. 2, 4th Floor|Plainsboro
5|Genmab US Inc|777 Scudders Mill Road|Bldg. 2, 4th Floor|Princeton
5|Croda Inc|777 Scudders Mill Road|Building 2|Plainsboro
5|Croda Inc|777 Scudders Mill Road|Building 2, Suite 200|Plainsboro
5|Novo Nordisk Corporate Development US Inc|800 Scudders Mill Road||Plainsboro
5|Novo Nordisk US Bio Production Inc|800 Scudders Mill Road||Plainsboro
5|Novo Nordisk Research Center Seattle Inc|800 Scudders Mill Road||Plainsboro
5|Novo Nordisk Research & Development US Inc|800 Scudders Mill Road||Plainsboro
5|Novo Nordisk Inc|800 Scudders Mill Road||Plainsboro
5|Formosa Plastics Corporation, U.S.A.|9 Peach Tree Hill Road||Livingston
5|Formosa Plastics Corporation, U. S. A.|9 Peach Tree Hill Road||Livingston
5|Inteplast Management Services Inc|9 Peach Tree Hill Road||Livingston
5|Nan Ya Plastics Corporation USA|9 Peach Tree Hill Road||Livingston
5|Nan Ya Plastics Corporation, America|9 Peach Tree Hill Road||Livingston
5|K. Hovnanian Companies LLC|90 Matawan Road|5th Floor|Matawan
5|Fragomen, Del Rey, Bernsen & Loewy, LLP|90 Matawan Road|Floor 4|Matawan
5|Component Hardware Group Inc|90 Matawan Road|Suite 202|Matawan
5|TATA Communications (America) Inc|90 Matawan Road|Suite 300|Matawan
5|Fragomen, Del Rey, Bernsen & Loewy, LLP|90 Matawan Road||Matawan
5|Bright Vision Technologies LLC|991 US Highway 22 West|Ste 200|Bridgewater
5|Allteczit Inc|991 US Highway 22 West|Suite 200|Bridgewater
5|Bright Vision Technologies|991 US Highway 22 West|Suite 200|Bridgewater
5|BRIGHT VISION TECHNOLOGIES LLC|991 US Highway 22 West|Suite 200|Bridgewater
5|Allteczit inc|991 US Highway 22 West|Suite 200|Bridgewater
5|Eon Labs|ONE HEALTH PLAZA||EAST HANOVER
5|Novartis Services Inc|ONE HEALTH PLAZA||EAST HANOVER
5|NOVARTIS PHARMACEUTICALS CORPORATION|ONE HEALTH PLAZA||EAST HANOVER
5|Novartis Institutes for BioMedical Research Inc|ONE HEALTH PLAZA||EAST HANOVER
5|Eon Labs Inc|ONE HEALTH PLAZA||EAST HANOVER
5|Eon Labs Inc|One  Health Plaza||East Hanover
5|Navigate BioPharma Services Inc|One  Health Plaza||East Hanover
5|Advanced Accelerator Applications USA Inc|One  Health Plaza||East Hanover
5|Novartis Institutes for BioMedical Research Inc|One  Health Plaza||East Hanover
5|Novartis Gene Therapies Inc|One  Health Plaza||East Hanover
5|LUPR Inc|One Meadowlands Plaza|Suite 200|East Rutherford
5|LUPR INC|One Meadowlands Plaza|Suite 200|East Rutherford
5|TECHNOSPHERE|One Meadowlands Plaza|Suite 200, Office 253|East Rutherford
5|LUPR INC|One Meadowlands Plaza|Suite 2000|East Rutherford
5|AEGIS Insurance Services Inc|One Meadowlands Plaza||East Rutherford
5|Provenir Inc|One Upper Pond Road|Bldg F - 4th Fl|Parsippany
5|Provenir Inc|One Upper Pond Road|Bldg F 4th Fl.|Parsippany
5|Provenir Inc|One Upper Pond Road|Bldg F – 4th Fl|Parsippany
5|Provenir Inc|One Upper Pond Road|Building F - 4th Floor|Parsippany
5|Provenir Inc|One Upper Pond Road||Parsippany
4|ADP Inc|1 ADP Blvd.||Roseland
4|ADP TotalSource Services Inc|1 ADP Blvd.||Roseland
4|ADP Technology Services Inc|1 ADP Blvd.||Roseland
4|ADP Master Tax Inc|1 ADP Blvd.||Roseland
4|ADP TotalSource Services Inc|1 ADP Boulevard||Roseland
4|ADP Technology Services Inc|1 ADP Boulevard||Roseland
4|ADP Tax Services Inc|1 ADP Boulevard||Roseland
4|ADP Inc|1 ADP Boulevard||Roseland
4|Awesung Inc|1 Broadway Road|STE 1|Cranbury
4|Awesung Inc|1 Broadway Road|Ste 1|Cranbury
4|Awesung Inc|1 Broadway Road|Suite 1|Cranbury
4|Awesung Inc|1 Broadway Road||Cranbury
4|Maes Solutions INC|1 Meadowlands Plaza|Suite 200|East Rutherford
4|Desh Law Amit Deshmukh Esquire|1 Meadowlands Plaza|Suite 200|East Rutherford
4|AEGIS Insurance Services Inc|1 Meadowlands Plaza||East Rutherford
4|Avista Pharma Solutions Inc d/b/a Cambrex|1 Meadowlands Plaza||Rutherford
4|CLIECON SOLUTIONS INC|1 ROSSMOOR DRIVE|SUITE 180|MONROE TOWNSHIP
4|FIRST CLOUD TECH INC|1 ROSSMOOR DRIVE|SUITE 202A|MONROE TOWNSHIP
4|HITECK SOLUTIONS INC|1 ROSSMOOR DRIVE|SUITE 206|MONROE TOWNSHIP
4|HITECK SOLUTION INC|1 ROSSMOOR DRIVE|SUITE 206|MONROE TOWNSHIP
4|BLACKROCK FINANCIAL MANAGEMENT INC|1 University Square Drive ? 5th Floor||Princeton
4|BlackRock Institutional Trust Company, N.A.|1 University Square Drive ? 5th Floor||Princeton
4|BlackRock Investment Management LLC|1 University Square Drive ? 5th Floor||Princeton
4|BlackRock Institutional Services Inc|1 University Square Drive ? 5th Floor||Princeton
4|LearningMate Solutions Inc|100 Canal Pointe Blvd|Ste 123|Princeton
4|SPi Global US Inc|100 Canal Pointe Blvd|Suite 123|Princeton
4|LearningMate Solutions Inc|100 Canal Pointe Blvd|Suite 123|Princeton
4|AHB US LLC|100 Canal Pointe Blvd|Suite 204|Princeton
4|PROCOM INC|100 FRANKLIN SQUARE DR|SUITE 400|SOMERSET
4|PROCOM INC|100 FRANKLIN SQUARE DR|SUITE 444|FRANKLIN TOWNSHIP
4|DESIGN LEAF TECHNOLOGIES INC|100 FRANKLIN SQUARE DR|SUITE 447|FRANKLIN TOWNSHIP
4|DESIGN LEAF TECHNOLOGIES INC|100 FRANKLIN SQUARE DR|SUITE 447|SOMERSET
4|Ebon Technology LLC|101 Eisenhower Parkway|STE 300|Roseland
4|Convergent Law LLC|101 Eisenhower Parkway|Suite 101|Roseland
4|CoreWeave Inc|101 Eisenhower Parkway|Suite 106|Roseland
4|VinSek AI LLC|101 Eisenhower Parkway|Suite 300 - 4016|Roseland
4|SageSure Insurance Managers LLC|101 Hudson St.|2700|Jersey City
4|Prudentia Group LLC|101 Hudson St.|Suite 1203|Jersey City
4|SageSure Capital Holdings Inc|101 Hudson St.|Suite 2700|Jersey City
4|SageSure Insurance Managers LLC|101 Hudson St.|Suite 2700|Jersey City
4|DATAEDGE CONSULTING INC|101 MORGAN LANE|SUITE 203B|PLAINSBORO
4|LORVEN TECHNOLOGIES INC|101 MORGAN LANE|SUITE 209|PLAINSBORO
4|TECHMINDS GROUP LLC|101 MORGAN LANE|SUITE 210|PLAINSBORO
4|BLUE5GREEN LLC|101 MORGAN LANE|SUITE 356|PLAINSBORO
4|0 0 DataEdge Consulting Inc|101 Morgan Ln|Suite 203B|Plainsboro
4|DataEdge Consulting Inc|101 Morgan Ln|Suite 203B|Plainsboro
4|DataEdge Consulting|101 Morgan Ln|Suite 203B|Plainsboro
4|K3-Innovations Inc|101 Morgan Ln|Suite 206|Plainsboro
4|Kessler Institute for Rehabilitation Inc d/b/a Kessler Rehabilitation Center|1050 Wall Street West|Suite 200|Lyndhurst
4|Kessler Institute for Rehabilitation Inc|1050 Wall Street West|Suite 200|Lyndhurst
4|Kessler Institute for Rehabilitation Inc d/b/a Kessler Rehabilitation Center|1050 Wall Street West|Suite 200|LYNDHURST
4|Arco Engineering PC|1050 Wall Street West|Suite 645|Lyndhurst
4|MINDLANCE INC|1095 MORRIS AVENUE|SUITE 101 A|Union
4|MINDLANCE INC|1095 MORRIS AVENUE|SUITE 101 A|UNION
4|MINDLANCE INC|1095 MORRIS AVENUE|SUITE 101A|Union
4|MINDLANCE INC|1095 MORRIS AVENUE|SUITE 101A|UNION
4|Sunray IT Inc|11 Schalks Crossing Road|STE 620|Plainsboro
4|SUNRAY INFOSYS INCORPORATION|11 Schalks Crossing Road|Suite 620|Plainsboro
4|Sunray Infosys Incorporation|11 Schalks Crossing Road|Suite 620|Plainsboro
4|Sunray IT Inc|11 Schalks Crossing Road|Suite 620|Plainsboro
4|NAMO TECHNOLOGIES LLC|110 Fieldcrest Ave|3rd Floor|Edison
4|Aspyr Services Inc|110 Fieldcrest Ave|3rd Floor|Edison
4|Syntax Systems Ltd. LLC|110 Fieldcrest Ave|Suite 18, 4th Floor|Edison
4|Isazi USA Inc|110 Fieldcrest Ave|Suite 337|Edison
4|US Elogistics Service Corp|1100 Cranbury South River Road||Monroe
4|US Elogistics Service Corp|1100 Cranbury South River Road||Monroe Township
4|YunExpress USA Inc|1100 Cranbury South River Road||Monroe
4|US Elogstics Service Corp|1100 Cranbury South River Road||Monroe Township
4|Prime Healthcare Services – St. Michaels LLC|111 Central Avenue||Newark
4|Prime Healthcare Services - St. Michaels LLC|111 Central Avenue||Newark
4|Northern Architectural Systems Inc|111 Central Avenue||Teterboro
4|PRIME HEALTHCARE SERVICES - ST. MICHAELS LLC|111 Central Avenue||Newark
4|XENETA LLC|111 TOWN SQUARE PLACE|SUITE 1150|JERSEY CITY
4|IQUANTI INC|111 TOWN SQUARE PLACE|SUITE 1201|JERSEY CITY
4|XENETA LLC|111 TOWN SQUARE PLACE|SUITE 430|JERSEY CITY
4|INFOSENSEGLOBAL INC|111 TOWN SQUARE PLACE|SUITE 600|JERSEY CITY
4|Aroopa Inc|116 Village Boulevard|Ste 200|Princeton
4|Sattrix Information Security Inc|116 Village Boulevard|Ste 200|Princeton
4|NNIT INC|116 Village Boulevard|Suite 200-61|Princeton
4|Datasys Consulting & Software Inc|116 Village Boulevard|Suite 240|Princeton
4|RED SALSA TECHNOLOGIES INC|12 ROSZEL ROAD|SUITE A 204|PRINCETON
4|YANGTZE RIVER CONSULTING SERVICE LLC|12 ROSZEL ROAD|SUITE C103|PRINCETON
4|BEST HIGH TECHNOLOGIES LLC|12 ROSZEL ROAD|SUITE C103|PRINCETON
4|FORTUNE ADVANCED TECHNOLOGIES LLC|12 ROSZEL ROAD|SUITE C103|PRINCETON
4|NEA CONSULTING INC|12 Roszel Road|Suite 204C|Princeton
4|Inderjit K. Sidhu, ESQ. LLC|12 Roszel Road|Suite A203|PRINCETON
4|LabTurbo Biotech LLC|12 Roszel Road|Suite B102|Princeton
4|Clinpharma Consulting Global Group LLC|12 Roszel Road|Suite C103|Princeton
4|LedgerHub Inc|1200 US Highway 22 E|SUITE 2000|BRIDGEWATER
4|Ledger Hub Inc|1200 US Highway 22 E|Suite 2000|Bridgewater
4|LedgeHub Inc|1200 US Highway 22 E|Suite 2000|Bridgewater
4|LedgerHub Inc|1200 US Highway 22 E|Suite 2000|Bridgewater
4|NHS US LLC|121 River Street, 9th Floor|9th Floor|Hoboken
4|NHS U.S. LLC|121 River Street, 9th Floor||Hoboken
4|NHS US LLC|121 River Street, 9th Floor||Hoboken
4|NHS U.S. LLC|121 River Street, 9th Floor||HOBOKEN
4|International Systems Technologies Inc|1249 South River Road|Suite 205|Cranbury
4|Manasi Information Technologies Inc|1249 South River Road|Suite 207|Cranbury
4|Palayekar Companies Inc|1249 South River Road|Suite 209|Cranbury
4|Advantage Engineering Associates, PC|1249 South River Road|Suite 303|Cranbury
4|Data Glove Inc|125 Village Blvd|Suite 125|Princeton
4|Data Glove Inc|125 Village Blvd|Suite 270|Princeton
4|Atyeti Inc|125 Village Blvd|Suite 320|Princeton
4|Codesmart Inc|125 Village Blvd||Plainsboro
4|BSW Chili Inc|130 Wesley Street||South Hackensack
4|BSW DT Inc /dba/ BSW|130 Wesley Street||South Hackensack
4|BSWPPF GROUP INC|130 Wesley Street||South Hackensack
4|BSW Chili Inc /dba/ BSW|130 Wesley Street||South Hackensack
4|Reproductive Medicine Associates of New Jersey LLC|140 Allen Road||Basking Ridge
4|Juno Genetics US Inc|140 Allen Road||Basking Ridge
4|IVI America LLC|140 Allen Road||Basking Ridge
4|IVI America LLCA|140 Allen Road||Basking Ridge
4|INSYST INC|140 LITTLETON ROAD|SUITE 303|PARSIPPANY
4|SYSTEMART LLC|140 LITTLETON ROAD|SUITE 303|PARSIPPANY
4|RR SOLUTIONS INC|140 LITTLETON ROAD|SUITE 310|PARSIPPANY
4|RR SOLUTIONS LLC|140 LITTLETON ROAD|SUITE 310|PARSIPPANY
4|Stark Pharma Solutions Inc|15 Corporate Place S.|Ste 333B|Piscataway
4|STARK PHARMA SOLUTIONS INC|15 Corporate Place S.|Suite 333B|Piscataway
4|Stark Pharma Solutions Inc|15 Corporate Place S.|Suite 333B|Piscataway
4|Stark Associates LLC|15 Corporate Place S.|Suite 350|Piscataway
4|Savvas Learning Company LLC|15 E Midland Ave|502|Paramus
4|Savvas Learning Company LLC|15 E Midland Ave|STE 502|Paramus
4|Savvas Learning Company LLC|15 E Midland Ave|Ste 502|Paramus
4|Savvas Learning Company LLC|15 E Midland Ave|Suite 502|Paramus
4|COLONIA SPINE AND WELLNESS CENTER PA|15 PROSPECT LANE|SUITE 1D|COLONIA
4|MARINE DESIGN & OPERATIONS INC|15 PROSPECT LANE|SUITE 2 AB|COLONIA
4|Marine Design and Operations Inc|15 PROSPECT LANE|SUITE 2 AB|COLONIA
4|MARINE DESIGN & OPERATIONS INC|15 PROSPECT LANE|SUITE 2AB|COLONIA
4|INDUS GROUP INC|15 WARREN STREET|SUITE 31|Hackensack
4|INDUS GROUP INC|15 WARREN STREET|SUITE 31|HACKENSACK
4|Indus Group Inc|15 WARREN STREET|SUITE 31|Hackensack
4|INDUS GROUP INC|15 WARREN STREET|Suite 31|HACKENSACK
4|GLOBAL INSIGHT INC|150 Boulevard|Ste 4B|Washington
4|Tech Wizard Inc|150 Boulevard|Ste 4B|Washington
4|Tech Wizard Inc|150 Boulevard|Suite 4B|Washington
4|ICON TECHNICAL GROUP INC|150 Boulevard|Suite 4D|Washington
4|SIEMENS FINANCIAL SERVICES INC|170 WOOD AVENUE SOUTH|N/A|ISELIN
4|INCEDO INC|170 WOOD AVENUE SOUTH||ISELIN
4|Incedo Inc|170 WOOD AVENUE SOUTH||Iselin
4|INCEDO INC|170 WOOD AVENUE SOUTH||Iselin
4|Crystal Smile Medical Solutions Inc|196 Princeton-Hightstown Road|STE 1B-7|West Windsor
4|TECHNOVISION SOLUTION LLC|196 Princeton-Hightstown Road|Suite 14A, Building 2A Second Floor|West Windsor Township
4|TECHNOVISION SOLUTION LLC|196 Princeton-Hightstown Road|Suite 14A, Building 2A, Second Floor|West Windsor Township
4|INFOSYSNOW INC|196 Princeton-Hightstown Road|Suite 16 Building 2A Second Floor|West Windsor Township
4|C&T Education USA Ltd|197 Route 18|Suite 103|East Brunswick
4|KAVYOS CONSULTING INC|197 Route 18|Suite 210N|East Brunswick
4|Pilot Technologies LLC|197 Route 18|Suite 3000|East Brunswick
4|Neppalli Financial Services LLC|197 Route 18|Suite 305N|East Brunswick
4|GEEKSOFT LLC|2 Ethel Road|SUITE 202B/9|EDISON
4|GEEKSOFT LLC|2 Ethel Road|SUITE 202B_9|EDISON
4|ANJS Technologies LLC|2 Ethel Road|Suite 202B|EDISON
4|GEEKSOFT LLC|2 Ethel Road|Suite 202B_9|EDISON
4|CITIUSTECH INC|2 RESEARCH WAY|2ND FLOOR|PRINCETON
4|PAMTEN INC|2 RESEARCH WAY||PRINCETON
4|SMAC APPS LLC|2 RESEARCH WAY||PRINCETON
4|DBCOM CONSULTING INC|2 RESEARCH WAY||PRINCETON
4|KS Engineers, PC|2 Riverfront Plaza|3rd Floor|Newark
4|KS Engineers PC|2 Riverfront Plaza|3rd Floor|Newark
4|KS ENGINEERS, P.C.|2 Riverfront Plaza|3rd Floor|Newark
4|KS Engineers PC.|2 Riverfront Plaza|3rd floor, Panasonic Building|Newark
4|RIZING LLC|2 Tower Center Blvd Suite 2200||EAST BRUNSWICK
4|Rizing Geospatial LLC|2 Tower Center Blvd Suite 2200||EAST BRUNSWICK
4|Rizing Consulting USA Inc|2 Tower Center Blvd Suite 2200||East Brunswick
4|Rizing Geospatial LLC|2 Tower Center Blvd Suite 2200||East Brunswick
4|Hikma Pharmaceuticals USA Inc|200 Connell Drive|4th Floor|Berkeley Heights
4|Hikma Pharmaceuticals USA Inc|200 Connell Drive|4th floor|Berkeley Heights
4|Breckenridge Pharmaceutical Inc|200 Connell Drive|Suite 4200c|Berkley Heights
4|Hikma Pharmaceuticals USA Inc|200 Connell Drive||Berkeley Heights
4|OGI Shared Service Center - Advertising LLC|200 Hudson Street|3rd Floor|Jersey City
4|US Masters Residential Property (USA) Fund|200 Hudson Street|Suite 1000|Jersey City
4|BetMGM LLC|200 Hudson Street|Suite 700|Jersey City
4|Gamma USA Inc|200 Hudson Street|Suite 900|Jersey City
4|NOUS INFOSYSTEMS PVT. LTD.|200 METROPLEX DRIVE|200 METROPLEX DRIVE, SUITE 302|EDISON
4|IRIS SOFTWARE INC|200 METROPLEX DRIVE|SUITE 300|Edison
4|NOUS INFOSYSTEMS INC|200 METROPLEX DRIVE|SUITE 302|EDISON
4|NAIK CONSULTING GROUP, P.C.|200 METROPLEX DRIVE|SUITE 403|EDISON
4|LAW OFFICES OF L. NAGANANDA LLC|200 MIDDLESEX-ESSEX TURNPIKE|SUITE 103|ISELIN
4|ANLITIKS INC|200 MIDDLESEX-ESSEX TURNPIKE|SUITE 204|ISELIN
4|DIAMONDPICK INC|200 MIDDLESEX-ESSEX TURNPIKE|SUITE 204|ISELIN
4|VVV CPA PC|200 MIDDLESEX-ESSEX TURNPIKE|SUITE 302|ISELIN
4|ZT Group Intl Inc|200 Plaza Dr|3rd Floor|Secaucus
4|ZT Group International Inc|200 Plaza Dr|Floor 3|Secaucus
4|ZT Group Intl Inc|200 Plaza Dr|Floor 3|Secaucus
4|EY International Services LLC|200 Plaza Dr||Secaucus
4|DSV Contract Logistics LLC|200 Wood Avenue S|Suite 300|Iselin
4|DSV Solutions LLC|200 Wood Avenue S|Suite 300|Iselin
4|DSV Inventory Management Solutions Inc|200 Wood Avenue S|Suite 300|Iselin
4|DSV Air & Sea Inc|200 Wood Avenue S|Suite 300|Iselin
4|Sparta Systems Inc|2000 Waterview Drive|Suite 300|Hamilton
4|Sparta Systems Inc a Honeywell Company|2000 Waterview Drive|Suite 300|Hamilton
4|SPARTA SYSTEMS INC, A HONEYWELL COMPANY|2000 Waterview Drive|Suite 300|Hamilton
4|SPARTA SYSTEMS INC|2000 Waterview Drive|Suite 300|Hamilton
4|Athreya Inc|2015 Lincoln Highway|Suite 140B|Edison
4|USR SYSTEMS LLC|2015 Lincoln Highway|Suite 210|Edison
4|USR Systems LLC|2015 Lincoln Highway|Suite 210|Edison
4|USR Systems LLC|2015 Lincoln Highway|Suite No 210|Edison
4|LTIMindtree Limited|2035 Lincoln Hwy, Edison Square West|Suite 3000|Edison
4|Larsen & Toubro Infotech Limited|2035 Lincoln Hwy, Edison Square West|Suite 3000|Edison
4|LTIMINDTREE Limited|2035 Lincoln Hwy, Edison Square West|Suite 3000|Edison
4|Larsen & Toubro Infotech Limited|2035 Lincoln Hwy, Edison Square West||Edison
4|BetMGM LLC (FKA Roar Digital LLC)|210 Hudson Street, Plaza 3|Suite 602|Jersey City
4|bwin.party entertainment (NJ) LLC|210 Hudson Street, Plaza 3|Suite 602|JERSEY CITY
4|BetMGM LLC|210 Hudson Street, Plaza 3||Jersey City
4|BetMGM LLC (FKA Roar Digital LLC)|210 Hudson Street, Plaza 3||Jersey City
4|Sapphire Pharma Inc|216 Stelton Road|Suite A-1|Piscataway
4|Logistic Solutions Inc|216 Stelton Road|Suite C2|Piscataway
4|Logistic Solution Inc|216 Stelton Road|Suite C2|Piscataway
4|LOGISTIC SOLUTIONS INC|216 Stelton Road|Suite C2|Piscataway
4|SUNTEK CORPORATIONS INC|230 DAVIDSON AVENUE|SUITE 207|SOMERSET
4|QUANTUM SYSTEMS GROUP INC|230 DAVIDSON AVENUE||SOMERSET
4|FIRST CONSULTING CORPORATION INC|230 DAVIDSON AVENUE||SOMERSET
4|PHOENIX TECHNOLOGIES LLC|230 DAVIDSON AVENUE||SOMERSET
4|Golden Meadow Investments LLC|239 WASHINGTON ST|STE 306|JERSEY CITY
4|IMMI CONSULTING INC|239 WASHINGTON ST|STE 406|JERSEY CITY
4|Golden Meadow Investments LLC|239 WASHINGTON ST|Ste 306|Jersey City
4|IMMI CONSULTING INC|239 WASHINGTON ST|Unit 304|JERSEY CITY
4|TECHNUMEN INC|242 OLD NEWBRUNSWICK ROAD|SUITE 310|PISCATAWAY
4|Gilead Sciences Inc|242 OLD NEWBRUNSWICK ROAD|SUITE 310|Piscataway
4|Technumen Inc|242 OLD NEWBRUNSWICK ROAD|SUITE 310|PISCATAWAY
4|Technumen Inc|242 OLD NEWBRUNSWICK ROAD|SUITE 310|Piscataway
4|LTIMindtree Limited|25 Independence Blvd.|Suite 401|Warren
4|Mindtree Limited|25 Independence Blvd.|Suite 401|Warren
4|LTIMINDTREE Limited|25 Independence Blvd.|Suite 401|Warren
4|Mindtree Limited|25 Independence Blvd.||Warren
4|Infinien Consulting Inc|250 Moonachie Road|Suite 101|Moonachie
4|Sterling Medical Devices|250 Moonachie Road|Suite 400|Moonachie
4|Sterling Medical Devices LLC|250 Moonachie Road|Suite 400|Moonachie
4|Sterlingtech Inc|250 Moonachie Road|Suite 400|Moonachie
4|WAILEA SYSTEMS LLC|2525 ROUTE 130|BLDG. E, SUITE 102|CRANBURY
4|WAILEA SYSTEMS LLC|2525 ROUTE 130|BUILDING E, SUITE 102|CRANBURY
4|NOVAMEGHA LLC|2525 ROUTE 130|BUILDING E, SUITE 104|CRANBURY
4|Masterex Technologies Inc|2525 ROUTE 130|Suite E|CRANBURY
4|A4SOFTECH LLC|255 Baldwin Road|SUITE 205|Parsippany
4|ePeople Technologies Inc|255 Baldwin Road|Ste 205|Parsippany
4|ePeople Technologies Inc|255 Baldwin Road|Suite 205|Parsippany
4|A4Softech LLC|255 Baldwin Road|Suite 206|Parsippany
4|SPORTSMED PT LLC|266 Harristown Road|Suite 108|Glen Rock
4|SPORTSMED PT LLC|266 Harristown Road|Suite 200|Glen Rock
4|SPORTSMED PT LLC|266 Harristown Road|Suite 304|Glen Rock
4|SportsMed PT LLC|266 Harristown Road|Suite 304|Glen Rock
4|PORTAL CONSULTING INC|285 Durham Ave|Ste 8|South Plainfield
4|i5 TECH INC|285 Durham Ave|Suite 102|South Plainfield
4|Karwell Technologiies Inc|285 Durham Ave|Suite 11|South Plainfield
4|i5 TECH INC|285 Durham Ave|Suite 2|South Plainfield
4|PRN IT CORP|30 Knights Bridge Road|Ste 525|Piscataway
4|PRN IT CORP INC|30 Knights Bridge Road|Ste 525|Piscataway
4|PRN IT CORP INC|30 Knights Bridge Road|Ste 525|Ste 525
4|NGENIOUS SOLUTIONS INC|30 Knights Bridge Road|Suite 525|Piscataway
4|Hackensack Meridian Health Medical Group - Specialty Care, P.C|30 Prospect Street||Hackensack
4|Hackensack Meridian Health Medical Group-Specialty Care, P.C.|30 Prospect Street||Hackensack
4|Hackensack University Medical Group, P.C.|30 Prospect Street||Hackensack
4|Hackensack Meridian Health Medical Group - Specialty Care, P.C.|30 Prospect Street||Hackensack
4|Cognizant Technology Solutions US Corporation|300 Frank W. Burr Blvd|6th Floor|Teaneck
4|Collaborative Solutions LLC|300 Frank W. Burr Blvd|Suite 36, 6th Fl.|Teaneck
4|Hanwha Holdings (USA) Inc|300 Frank W. Burr Blvd|Suite 52|Teaneck
4|Phibro Animal Health Corporation|300 Frank W. Burr Blvd|suite 21|Teaneck
4|RV INFORMATION TECHNOLOGY INC|309 Fellowship Road|Suite 200|Mount Laurel
4|Capo Solutions Inc|309 Fellowship Road|Suite 200|Mt. Laurel
4|340B Technologies Inc|309 Fellowship Road|Suite 200|Mt. Laurel
4|Eucloid Data Solutions Inc|309 Fellowship Road|Suite 59A|Mt. Laurel
4|Gennao Bio Inc|311 Pennington Rocky Hill Road|Bldg 21|Pennington
4|ProBio Inc|311 Pennington Rocky Hill Road|Bldg 9|Pennington
4|Enzene Inc|311 Pennington Rocky Hill Road|Building 21, Suite 400|Pennington
4|ProBio Inc|311 Pennington Rocky Hill Road|Building 9|Pennington
4|JNIT Technologies Inc|3145 Bordentown Ave|Suite D1|PARLIN
4|JNIT Technologies Inc|3145 Bordentown Ave|Suite D1|Parlin
4|JNIT TECHNOLOGIES INC|3145 Bordentown Ave|Suite D1|PARLLIN
4|SygnTech Systems Inc|3145 Bordentown Ave|Suite D2|Parlin
4|Advanceinnovative|317 George St|3rd Floor|New Brunswick
4|Advanceinnovative|317 George St|3rd floor|New Brunswick
4|SUNELS INTERNATIONAL INC|317 George St|SUITE 320|New Brunswick
4|Saduptech Inc|317 George St|Suite 320|New Bruinswick
4|PRAXIS CONSULTANTS INC|33 Wood Ave South|Suite 600|Iselin
4|Intuitive Technology Partners Inc|33 Wood Ave South|Suite 600|Iselin
4|Horizon Advanced Systems Inc|33 Wood Ave South|Suite 600|Iselin
4|AB Infotek LLC|33 Wood Ave South|Suite 600|Iselin
4|DIVERSANT LLC|331 NEWMAN SPRINGS ROAD|BUILDING 3, 2ND FLOOR, SUITE 350|RED BANK
4|Diversant LLC|331 NEWMAN SPRINGS ROAD|Building 3, 2nd Floor Suite 350|Red Bank
4|INTERNATIONAL INFORMATION TECHNOLOGY TEAM INC|331 NEWMAN SPRINGS ROAD|SUITE 143, BLDG. 1|RED BANK
4|INTERNATIONAL INFORMATION TECHNOLOGY TEAM INC|331 NEWMAN SPRINGS ROAD|SUITE 143, BLDG. 1, 4th FLOOR|RED BANK
4|Serum Institute Inc|333 Littleton ROAD|STE 205|Parsippany
4|RAM Software Solutions Inc|333 Littleton ROAD|STE 302|Parsippany
4|Serum Institute Inc|333 Littleton ROAD|Suite 205|Parsippany
4|RAM Software Solutions Inc|333 Littleton ROAD|ste 302|Parsippany
4|ZT Group Intl Inc|333 Meadowlands Pkwy|5th Floor|Secaucus
4|ZT Group Intl Inc|333 Meadowlands Pkwy|Floor 5|Secaucus
4|ZT Group Intl Inc d/b/a ZT Systems|333 Meadowlands Pkwy|Floor 5th|Secaucus
4|ZT Group Intl Inc|333 Meadowlands Pkwy|Floor 5th|Secaucus
4|TETRAFORZASOFT INC|345 PLAINFIELD AVENUE|SUITE 102|EDISON
4|DVR SOFTEK INC|345 PLAINFIELD AVENUE|SUITE 301|EDISON
4|SUCCESS RATE INC|345 PLAINFIELD AVENUE|SUITE 302|EDISON
4|RAYVEN IT SOLUTIONS LLC|345 PLAINFIELD AVENUE|SUITE 303|EDISON
4|Tetraforzasoft Inc|345 Plainfield Ave|Suite 102|Edison
4|ITCONNECTUS INC|345 Plainfield Ave|Suite 103|Edison
4|Millennium Softech Inc|345 Plainfield Ave|Suite 204|Edison
4|Millennium Softtech Inc|345 Plainfield Ave|Suite 204|Edison
4|CERTIDE INC|347 PLAINFIELD AVENUE|STE 107|Edison
4|CLYROX INC|347 PLAINFIELD AVENUE|SUITE 104|EDISON
4|UNITED STAFFING - ASSOCIATES INC|347 PLAINFIELD AVENUE|SUITE 104|EDISON
4|CERTIDE INC|347 PLAINFIELD AVENUE|SUITE 107|EDISON
4|CERTIDE INC|347 Plainfield Ave|STE 107|Edison
4|ITCONNECTUS INC|347 Plainfield Ave|Ste 108|Edison
4|Everest Medics Staffing Inc|347 Plainfield Ave|Suite 102|Edison
4|ITCONNECTUS INC|347 Plainfield Ave|Suite 108|Edison
4|Spica Computers LLC|35 Journal Square|4th Floor, Number 483|Jersey City
4|OM Consulting Engineers Group LLC|35 Journal Square|8th Floor, Suite 807|Jersey City
4|OM Consulting Engineers Group LLC|35 Journal Square|8th Floor, Suite 816|Jersey City
4|DSSC CONSULTING LLC|35 Journal Square|Suite 207|Jersey City
4|Genpharm International LLC|3551 Lawrenceville Road||Princeton
4|E.R Squibb & Sons LLC|3551 Lawrenceville Road||Princeton
4|Bristol-Myers Squibb Company|3551 Lawrenceville Road||Princeton
4|E.R. Squibb & Sons LLC|3551 Lawrenceville Road||Princeton
4|GOVERNMENT SYSTEMS TECHNOLOGIES INC|370 Richard Mine Road|101|Wharton
4|Government Systems Technology Inc|370 Richard Mine Road|Suite 101|Wharton
4|Government Systems Technologies Inc|370 Richard Mine Road|Suite 101|Wharton
4|Government Systems Technologies Inc|370 Richard Mine Road||Wharton
4|AVIS BUDGET CAR RENTAL LLC|379 Interpace Parkway||Parsippany
4|Avis Budget Group Inc|379 Interpace Parkway||Parsippany
4|Avis Budget Group|379 Interpace Parkway||Parsippany
4|Avis Budget Car Rental LLC|379 Interpace Parkway||Parsippany
4|TROVETECHS INC|390 AMWELL ROAD|SUITE 313|HILLSBOROUGH
4|DATAMART SYSTEMS INC|390 AMWELL ROAD|SUITE 314|HILLSBOROUGH
4|ACCODIAN LLC|390 AMWELL ROAD|SUITE 328|HILLSBOROUGH
4|Datamart Systems Inc|390 AMWELL ROAD|Suite 314|HILLSBOROUGH
4|SBS Info Systems LLC|390 Amwell Road|314|Hillsborough
4|Sumptuous Data Sciences LLC|390 Amwell Road|Suite 311|Hillsborough
4|Trovetechs Inc|390 Amwell Road|Suite 313|Hillsborough
4|Datamart Systems Inc|390 Amwell Road|Suite 314|HILLSBOROUGH
4|American IT Minds Inc|397 Ridge Road|Suite 6A|Dayton
4|American IT Minds Inc|397 Ridge Road|Suite 6A|DAYTON
4|Kansara Systems Inc|397 Ridge Road|Suite 6B|Dayton
4|American IT Minds Inc|397 Ridge Road||Suite 6A
4|Viisonet Systems Inc|4 Cedarbrook Dr|Building B|Cranbury
4|Visionet Systems Inc|4 Cedarbrook Dr|Building B|Dayton
4|Visionet Systems Inc|4 Cedarbrook Dr|Building B|8512
4|Visionet Systems Inc|4 Cedarbrook Dr|Building B|Cranbury
4|REALTECH SERVICES LLC|40 BRUNSWICK AVENUE|SUITE 100|EDISON
4|RADON INFORMATION TECHNOLOGY SERVICES LLC|40 BRUNSWICK AVENUE|SUITE 100-2|EDISON
4|JM INFORMATION SYSTEMS LLC|40 BRUNSWICK AVENUE|SUITE 203|EDISON
4|VYSOFT SOLUTIONS INC|40 BRUNSWICK AVENUE|SUITE 205|EDISON
4|Nitto Inc|400 Frank W. Burr Blvd.|2nd Floor, Suite 66|Teaneck
4|NITTO INC|400 Frank W. Burr Blvd.|2nd Floor, Suite 66|Teaneck
4|Made4net LLC|400 Frank W. Burr Blvd.|Suite 10|Hackensack
4|Made4net LLC|400 Frank W. Burr Blvd.|Suite 10|Teaneck
4|LORHAN CORPORATION INC|400 SOUTH AVENUE|STE 9|MIDDLESEX
4|LORHAN CORPORATION INC|400 SOUTH AVENUE|SUITE 09|MIDDLESEX
4|AGILETAL TECHNOLOGIES INC|400 SOUTH AVENUE|SUITE 8|MIDDLESEX
4|LORHAN CORPORATION INC|400 SOUTH AVENUE|SUITE 9|MIDDLESEX
4|Precess Medical Derivatives|404 WHITE OAK RIDGE ROAD||short hills
4|Precess Medical Derivatives|404 WHITE OAK RIDGE ROAD||SHORT HILLS
4|PRECESS MEDICAL DERIVATIVES|404 WHITE OAK RIDGE ROAD||SHORT HILLS
4|PRECESS MEDICAL DERIVATIVES|404 WHITE OAK RIDGE ROAD||Short Hills
4|APPLABSYSTEMS INC|4041A HADLEY ROAD||SOUTHPLAINFIELD
4|APPLAB SYSTEMS INC|4041A HADLEY ROAD||SOUTHPLAINFIELD
4|APPLABSYSYTEMS INC|4041A HADLEY ROAD||SOUTHPLAINFIELD
4|APPLAB SYSTEMS INC|4041A HADLEY ROAD||SOUTH PLAINFIELD
4|IPIVOT LLC|405 RIDGE ROAD||Dayton
4|IPIVOT LLC|405 RIDGE ROAD||DAYTON
4|IPivot LLC|405 RIDGE ROAD||DAYTON
4|iPivot LLC|405 RIDGE ROAD||DAYTON
4|Jool Products LLC|411 Boulevard of the Americas|4th Floor, Suite 401|Lakewood
4|JOOL PRODUCTS LLC|411 Boulevard of the Americas|Suite 401|Lakewood
4|Jool Products LLC|411 Boulevard of the Americas|Suite 401|Lakewood
4|Jool Products LLC|411 Boulevard of the Americas||Lakewood
4|Arch Chemicals Inc|412 Mount Kemble Avenue|Suite 200S|Morristown
4|Arxada LLC|412 Mount Kemble Avenue|Suite 200S|Morristown
4|ProSight Specialty Management Company|412 Mount Kemble Avenue|Suite 300C|Morristown
4|Coaction Specialty Insurance Group Inc|412 Mount Kemble Avenue|Suite 300C|Morristown
4|Majesco Software and Solutions Inc|412 Mt. Kemble Avenue|Suite 110C|Morristown
4|Majesco|412 Mt. Kemble Avenue|Suite 110C|Morristown
4|LONZA HOUSTON INC|412 Mt. Kemble Avenue|Suite 200S|Morristown
4|LONZA USA Inc|412 Mt. Kemble Avenue|Suite 200S|Morristown
4|eSystems Inc|4250 US Route 1|Suite 105|Monmouth Junction
4|DIGITRAN TECH SOLUTIONS INC|4250 US Route 1|Suite 109|Monmouth Junction
4|Synbio Technologies LLC|4250 US Route 1|Suite 3|Monmouth Junction
4|Synbio Technologies|4250 US Route 1|Suite 3|Monmouth Junction
4|Finacle Soft Inc|4365 US Route 1|STE 203|Princeton
4|MP INFOTECH CORP|4365 US Route 1|Suite 202|PRINCETON
4|Finacle Soft Inc|4365 US Route 1|Suite 203|Princeton
4|Zenith Services Inc|4365 US Route 1|Suite 210|Princeton
4|Hanu Software Solutions Inc|4390 US Route 1|STE 200|Princeton
4|Zenith Services Inc|4390 US Route 1|STE 312|Princeton
4|Hanu Software Solutions Inc|4390 US Route 1|Suite 200|Princeton
4|Zenith Services Inc|4390 US Route 1|Suite 312|Princeton
4|Valuable Technologies Inc|440 Sylvan Avenue|Suite 170|Englewood Cliffs
4|A.P. Rehab LLC|440 Sylvan Avenue|Suite 240|Englewood Cliffs
4|Valuable Technologies Inc|440 Sylvan Avenue||Englewood Cliffs
4|W Medical Strategy Group LLC|440 Sylvan Avenue||Englewood Cliffs
4|STONEGATE TECHNOLOGIES LLC|4400 ROUTE 9 SOUTH|SUITE 1000|FREEHOLD
4|BNH TECHNOLOGIES INC|4400 ROUTE 9 SOUTH|SUITE 1000|FREEHOLD
4|OBJECT DATA INC|4400 ROUTE 9 SOUTH|SUITE 1000|FREEHOLD
4|ENNUVIZ LLC|4400 ROUTE 9 SOUTH|SUITE 1000|FREEHOLD
4|Datascope Corp|45 Barbour Pond Drive||Wayne
4|MAQUET Cardiovascular LLC|45 Barbour Pond Drive||Wayne
4|Maquet Cardiovascular LLC|45 Barbour Pond Drive||Wayne
4|Datascope Corp.|45 Barbour Pond Drive||Wayne
4|VIACORE TECHNOLOGIES INC|4525 ROUTE 27||PRINCETON
4|IMR SOFT LLC|4525 ROUTE 27||PRINCETON
4|LOGIC PLANET INC|4525 ROUTE 27||PRINCETON
4|IMR SOFT LLC|4525 ROUTE 27||Princeton
4|SG Americas Operational Services LLC|480 Washington Boulevard|N/A|Jersey City
4|SG AMERICAS OPERATIONAL SERVICES LLC|480 Washington Boulevard||Jersey City
4|SG Americas Operational Services LLC|480 Washington Boulevard||Jersey City
4|SG EQUIPMENT FINANCE USA CORP.|480 Washington Boulevard||Jersey City
4|TEKALLIANZ CORPORATION|499 ERNSTON ROAD|SUITE A11|PARLIN
4|Ctekkies LLC|499 ERNSTON ROAD|SUITE A6|PARLIN
4|RD TECH SYSTEMS INC|499 ERNSTON ROAD|SUITE A6|PARLIN
4|CTEKKIES LLC|499 ERNSTON ROAD|SUITE A6|PARLIN
4|EBIN New York Inc|5 Empire Blvd||Moonachie
4|EBIN NEW YORK INC|5 Empire Blvd||Moonachie
4|EBIN NEW YORK INC|5 Empire Blvd||South Hackensack
4|EBIN New York Inc|5 Empire Blvd||South Hackensack
4|National Consulting Group Inc|5 independence way|Suite 300|Princeton
4|National Consulting Group Inc|5 independence way|Suite 434|Princeton
4|National Consulting Group Inc|5 independence way|Suite 434, NJ|Princeton
4|National Consulting Group Inc|5 independence way|Suite 434, Princeton NJ|Princeton
4|CEM Business Solutions Inc|50 Chestnut Ridge Road|Suite 103|Montvale
4|NORTHWOOD HEALTHCARE GROUP LLC|50 Chestnut Ridge Road|Suite 107|Montvale
4|Northwood Healthcare Group LLC|50 Chestnut Ridge Road|Suite 107|Montvale
4|Cladrius Partners LLC|50 Chestnut Ridge Road||Montvale
4|Militz Consulting Inc|50 Harrison Street|Suite 114|Hoboken
4|Chimp&z US LLC|50 Harrison Street|Suite 206 POD 10|Hoboken
4|Lahita Engineering LLC|50 Harrison Street|Suite 317|Hoboken
4|Zebedee LLC|50 Harrison Street|Suite 472|Hoboken
4|Phenom Technology Solutions|500 Alexander Park|Ste 301|Princeton
4|Phenom Technology Solutions LLC|500 Alexander Park|Ste 301|Princeton
4|Kindle Energy Management Company LLC|500 Alexander Park|Suite 300|Princeton
4|Phenom Technology Solutions LLC|500 Alexander Park|Suite 301|Princeton
4|TECH MAHINDRA (AMERICAS) INC|500 HILLS DRIVE|SUITE 200A|BEDMINSTER
4|TECH MAHINDRA TECHNOLOGIES INC|500 HILLS DRIVE|SUITE 200A|BEDMINSTER
4|Tech Mahindra Technologies Inc|500 HILLS DRIVE|SUITE 200A|BEDMINSTER
4|TECH MAHINDRA TECHNOLOGY INC|500 HILLS DRIVE|SUITE.200A|BEDMINSTER
4|Pierre Fabre USA Inc|500 Plaza Drive|Suite 701A|Secaucus
4|The Childrens Place Services Company LLC|500 Plaza Drive||Secaucus
4|QUEST DIAGNOSTICS INCORPORATED|500 Plaza Drive||Secaucus
4|Quest Diagnostics Incorporated|500 Plaza Drive||Secaucus
4|FRANKLIN INFOTECH INC|5001 HADLEY ROAD|SUITE 205|SOUTH PLAINFIELD
4|GLOBAL DATA MART INC|5001 HADLEY ROAD|SUITE 205|SOUTH PLAINFIELD
4|TRISYNC TECHNOLOGIES INC|5001 HADLEY ROAD|SUITE 205A|SOUTH PLAINFIELD
4|NETRA HEALTH GROUP|5001 HADLEY ROAD|SUITE 210|SOUTH PLAINFIELD
4|ANJANEYAP INC|510 Thornall St|SUITE 135|Edison
4|MAXISIT INC|510 Thornall St|Ste 180|Edison
4|IT CORPZ INC|510 Thornall St|Suite 135|Edison
4|MaxisIT Inc|510 Thornall St|Suite 180|Edison
4|FORGE TECHNOLOGIES INC|515 PLAINFIELD AVENUE|SUITE 102|EDISON
4|EONE INFOTECH LLC|515 PLAINFIELD AVENUE|SUITE 203|EDISON
4|NEO TECH SOLUTIONS INC|515 PLAINFIELD AVENUE|SUITE 204|EDISON
4|E-GIANTS TECHNOLOGIES LLC|515 PLAINFIELD AVENUE|SUITE 204|EDISON
4|INTELLECTT INC|517 ROUTE 1 S|SUITE 1115|ISELIN
4|BI LABS INC|517 ROUTE 1 S|SUITE 1116|ISELIN
4|Priamba Soft LLC|517 ROUTE 1 S|SUITE 1193|ISELIN
4|Priamba Soft LLC|517 ROUTE 1 S|SUITE1193|ISELIN
4|INTELLECTT INC|517 ROUTE 1 SOUTH|1115|ISELIN
4|Intellectt In|517 ROUTE 1 SOUTH|1115|ISELIN
4|DATANORMUS LLC|517 ROUTE 1 SOUTH|SUITE 1020|ISELIN
4|INTELLECTT INC|517 ROUTE 1 SOUTH|SUITE 1115|ISELIN
4|Intellectt Inc|517 Route 1 South|1115|Iselin
4|Intellectt Inc|517 Route 1 South|2103|Iselin
4|Datanormus LLC|517 Route 1 South|Suite 1020|Iselin
4|BERKOWER LLC|517 Route 1 South|Suite 4103|Iselin
4|BNP Paribas.|525 WASHINGTON BOULEVAROAD|SUITE 600|JERSEY CITY
4|BNP PARIBAS SECURITIES CORP.|525 WASHINGTON BOULEVAROAD|SUITE 600|JERSEY CITY
4|BNP PARIBAS RCC INC|525 WASHINGTON BOULEVAROAD|SUITE 600|JERSEY CITY
4|BNP PARIBAS SECURITIES CORP.|525 WASHINGTON BOULEVAROAD|SUITE 600|NEW JERSEY
4|SMAC Consultancy LLC|53 Frontage Road|1st Floor|Hampton
4|Pinking Consulting Inc|53 Frontage Road|1st Floor|Hampton
4|Celldex Therapeutics|53 Frontage Road|Suite 220|Hampton
4|Celldex Therapeutics Inc|53 Frontage Road|Suite 220|Hampton
4|Morristown Pathology Associates, PA|55 Madison Ave|400|Morristown
4|Entegration Inc|55 Madison Ave|Suite 400|Morristown
4|Mindsprint Inc|55 Madison Ave|Suite 400|Morristown
4|Pioneers Technology LLC|55 Madison Ave|Suite 400|Morristown
4|Sharemoney Inc|580 Sylvan Ave|Ste LLA|Englewood Cliffs
4|Yum Brew LLC|580 Sylvan Ave|Suite 2L|Englewood Cliffs
4|TSPGA LLC|580 Sylvan Ave|Suite M-E|Englewood Cliffs
4|Uniprime Resources Inc|580 Sylvan Ave|Suite ME|Englewood Cliffs
4|CONSIGA TECHNOLOGIES INC|591 SUMMIT AVENUE|STE 505|Jersey City
4|CONSIGA TECHNOLOGIES INC|591 SUMMIT AVENUE|STE 505|JERSEY CITY
4|CONSIGA TECHNOLOGIES INC|591 SUMMIT AVENUE|SUITE 505|JERSEY CITY
4|CONSIGA TECHNOLOGIES INC|591 SUMMIT AVENUE|Suite 505|JERSEY CITY
4|MCKINSOL CONSULTING INC|6 MOYSE PLACE|SUITE 101|EDISON
4|INTELLICEPT CORPORATION|6 MOYSE PLACE|SUITE 102|EDISON
4|KAIZEN TECHNOLOGIES INC|6 MOYSE PLACE|SUITE 201|EDISON
4|RICHMOND GREEN INC|6 MOYSE PLACE|SUITE 302|EDISON
4|INGLESE ARCHITECTURE & ENGINEERING LLC|632 Pompton Avenue||Cedar Grove
4|INGLESE ARCHITECTURE AND ENGINEERING LLC|632 Pompton Avenue||Cedar Grove
4|INGLESE ARCHITECTURE and ENGINEERING LLC|632 Pompton Avenue||Cedar Grove
4|Inglese Architecture and Engineering L.L.C.|632 Pompton Avenue||Cedar Grove
4|Solum America Inc|65 Challenger Road|Ste 220|Ridgefield Park
4|EUSU LOGISTICS INC|65 Challenger Road|Suite 120|Ridgefield Park
4|Sejong LLP|65 Challenger Road|Suite 250|Ridgefield Park
4|SEJONG LLP|65 Challenger Road|Suite 250|Ridgefield Park
4|Unilever Manufacturing (US) Inc|700 Sylvan Avenue||Englewood Cliffs,
4|Unilever United States Inc|700 Sylvan Avenue||Englewood Cliffs
4|Unilever United States INC|700 Sylvan Avenue||Englewood Cliffs
4|Samsung Electronics America Inc|700 Sylvan Avenue||Englewood Cliffs
4|Mark MaGrann Associates Inc|701 East Gate Drive|Suite 100|Mount Laurel
4|Mark Magrann Associates Inc|701 East Gate Drive|Suite 100|Mount Laurel
4|Mark MaGrann Associates Inc|701 East Gate Drive||Mount Laurel
4|Mark Magrann Associates Inc|701 East Gate Drive||Mount Laurel
4|Holy Name Health Physicians P.C.|718 Teaneck Road||Teaneck
4|Holy Name Medical Center|718 Teaneck Road||Teaneck
4|MS Comprehensive Care Center, a division of Holy Name Medical Center Inc|718 Teaneck Road||Teaneck
4|Holy Name Medical Center Inc|718 Teaneck Road||Teaneck
4|VISIONSOFT INC|742 ALEXANDER ROAD|105|PRINCETON
4|FRIENDLY CONSULTANTS INC|742 ALEXANDER ROAD|SUITE 104|PRINCETON
4|VISIONSOFT INC|742 ALEXANDER ROAD|SUITE 105|PRINCETON
4|WIZCOM CORPORATION|742 ALEXANDER ROAD|SUITE 301|PRINCETON
4|The Prudential Insurance Company of America|751 Broad Street||Newark
4|PGIM Investments LLC|751 Broad Street||Newark
4|Prudential International Insurance Service Company LLC|751 Broad Street||Newark
4|PGIM Inc|751 Broad Street||Newark
4|Strategic Resources International Inc|777 Washington Road|2|Parlin
4|Strategic Resources International Inc|777 Washington Road|2|Parling
4|KEYPIXEL SOFTWARE SOLUTIONS LLC|777 Washington Road|Suite 1|Parlin
4|Keypixel Software Solutions LLC|777 Washington Road|Suite 1|Parlin
4|Thea Energy Inc|78 John Miller Way|205|Kearny
4|CED Systems LLC|78 John Miller Way|Suite 2108|Kearny
4|ICOR Associates LLC|78 John Miller Way|Suite 230|Kearny
4|DreamCatcher Fishing Supplies Inc|78 John Miller Way|Suite 326|Kearny
4|LOGISTIFY LLC|80 River Street|Suite 2B|Hoboken
4|Electric Symphony LLC|80 River Street|Suite 4B|Hoboken
4|Tipico NJ LLC|80 River Street||Hoboken
4|Tipico USA Technology Inc|80 River Street||Hoboken
4|Kustomer LLC|830 Morris Turnpike|4th Floor|Short Hills
4|Kustomer LLC|830 Morris Turnpike|Floor 4|Short Hills
4|Socium LLC|830 Morris Turnpike|Suite 309|Short Hills
4|ESMSYS LLC|830 Morris Turnpike|Suite-401|Short Hills
4|AS America Inc d/b/a American Standard Brands (Lixil)|865 Centennial Avenue||Piscataway
4|AS America Inc d/b/a American Standard Brands|865 Centennial Avenue||Middlesex
4|AS America Inc|865 Centennial Avenue||Piscataway
4|AS America Inc d/b/a American Standard Brands|865 Centennial Avenue||Piscataway
4|Agadia Systems Inc|9 Campus Drive|2nd Floor East|Parsippany
4|Agadia Systems Inc|9 Campus Drive|2nd floor East|Parsippany
4|Agadia Systems Inc|9 Campus Drive|2nd floor east|Parsippany
4|Securitas Security Services USA Inc|9 Campus Drive||Parsippany
4|FLYSOFT INC|9 DAVISON AVENUE|SUITE 11|JAMESBURG
4|GRAPHSOFT INC|9 DAVISON AVENUE|SUITE 15|JAMESBURG
4|GRAPH SOFT INC|9 DAVISON AVENUE|SUITE 15|JAMESBURG
4|INVOTECK INC|9 DAVISON AVENUE|SUITE 5|JAMESBURG
4|Med-Metrix LLC|9 Entin Road|3rd Floor|Parsippany
4|Tilcon New York Inc|9 Entin Road|3rd Floor|Parsippany
4|Med-Metrix LLC|9 Entin Road|Suite 300|Parsippany
4|Med-Metrix LLC|9 Entin Road||Parsippany
4|TATVA TEK INC|90 E HALSEY ROAD|STE 112|PARISPPANY
4|TATVA TEK INC|90 E HALSEY ROAD|STE 202B|PARISPPANY
4|ASIGNET USA INC|90 E HALSEY ROAD|STE 377|PARSIPPANY
4|PARKINSYS INC|90 E HALSEY ROAD|SUITE 307|PARSIPPANY
4|Ganit Inc|90 East Halsey Road|St 320|Parsippany
4|MB IT Associates LLC|90 East Halsey Road|Ste 360|Parsippany
4|Chemtrade Sulfate Chemicals Inc|90 East Halsey Road||Parsippany
4|Chemtrade Logistics (US) Inc|90 East Halsey Road||Parsippany
4|RCG Global Services Inc|99 Wood Avenue South|9th Floor|Iselin
4|RCG Global Services Inc|99 Wood Avenue South|Floor 9|Iselin
4|RCG Global Services Inc|99 Wood Avenue South|Floor 9th|Iselin
4|US Retirement & Benefits Partners|99 Wood Avenue South|Suite 501|Iselin
4|Hudson Cove Capital Management LLC|Harborside 5, 185 Hudson Street|Suite 1430|Jersey City
4|Tradeweb Markets LLC|Harborside 5, 185 Hudson Street|Suite 2200|Jersey City
4|TRADEWEB MARKETS LLC|Harborside 5, 185 Hudson Street|Suite 2200|Jersey City
4|TRADEWEB MARKETS LLC|Harborside 5, 185 Hudson Street|Suite 2200,|Jersey City
4|GLOBAL INFORMATION TECHNOLOGY INC|ONE CRAGWOOD ROAD|SUITE 101|SOUTH PLAINFIELD
4|GLOBAL INFORMATION TECHNOLOGY INC|ONE CRAGWOOD ROAD|SUITE 101, SOUTHFIELD CENTER|SOUTH PLAINFIELD
4|USR SYSTEMS LLC|ONE CRAGWOOD ROAD|SUITE 104|SOUTH PLAINFIELD
4|NEO TECH SOLUTIONS INC|ONE CRAGWOOD ROAD|SUITE 301|SOUTH PLAINFIELD
3|INFOSPAN TECHNOLOGIES INC|03 INDEPENDENCE WAY|SUITE 108|PRINCETON
3|IT ECHELON CORPORATION.|03 INDEPENDENCE WAY|SUITE 108|PRINCETON
3|INFOLOGITECH INC|03 INDEPENDENCE WAY|SUITE 117|PRINCETON
3|Pepperidge Farm Inc|1  Campbell Place||Camden
3|Campbell Soup Supply Company LLC|1  Campbell Place||Camden
3|Campbell Soup Company|1  Campbell Place||Camden
3|Sandoz Inc|1  Health Plaza||East Hanover
3|NOVARTIS PHARMACEUTICALS CORPORATION|1  Health Plaza||East Hanover
3|Novartis Pharmaceuticals Corporation|1  Health Plaza||East Hanover
3|ECLATPRIME DIGITAL INC|1 AUER CT|2ND FLOOR|EAST BRUNSWICK
3|ECLATPRIME DIGITAL INC|1 AUER CT|2ND FLOOR|8816
3|SAI CPA SERVICES|1 AUER CT||EAST BRUNSWICK
3|VERACITY SOFTWARE INC|1 AUSTIN AVE|1ST FLOOR|ISELIN
3|SYNERZY SOFTWARE SOLUTIONS INC|1 AUSTIN AVE|2ND FLOOR|ISELIN
3|SYNERZY SOFTWARE SOLUTIONS INC|1 AUSTIN AVE|2nd FLOOR|ISELIN
3|Lingonberry Group (USA) Inc|1 Bridge Plaza|Suite 275|Fort Lee
3|NRM Holdings Inc|1 Bridge Plaza|Suite 672|Fort Lee
3|The Vets Holding Inc|1 Bridge Plaza|Suite 675|Fort Lee
3|Commvault Systems Inc|1 CommVault Way||Tinton Falls
3|CommVault Systems Inc|1 CommVault Way||Tinton Falls NJ
3|CommVault Systems Inc|1 CommVault Way||Tinton Falls
3|Summit Medical Group PA|1 Diamond Hill Road||Berkeley Heights
3|City Medical of Upper East Side PLLC|1 Diamond Hill Road||Berkeley Heights
3|Village Practice Management Company LLC|1 Diamond Hill Road||Berkeley Heights
3|Eve Nexus Inc|1 Gatehall Drive|Suite 100|Parsippany
3|Atlanta Trading & Engineering Consulting LLC|1 Gatehall Drive|Suite 202|Parsippany
3|Atlanta Trading & Engineering Consulting LLC|1 Gatehall Drive|Suite 306|Parsippany
3|Latent AI Inc|1 Independence Way|Suite 301|Princeton
3|Trimble MAPS Inc|1 Independence Way|Suite 400|Princeton
3|Trimble Maps Inc|1 Independence Way|Suite 400|Princeton
3|BDSN INTERNATIONAL INC|1 International Blvd|Suite 400|Mahwah
3|BDSN International Inc|1 International Blvd|Suite 400|Mahwah
3|KIK IT Inc|1 International Blvd|Suite 400|Mahwah
3|OJUS LLC|1 ROSSMOOR DR|SUITE 023|MONROE TOWNSHIP
3|RMATRIX LLC|1 ROSSMOOR DR|SUITE 201H|MONROE
3|RMATRIX LLC|1 ROSSMOOR DR|SUITE 212|MONROE
3|OJUS LLC|1 ROSSMOOR DR.|SUITE 023|MONROE TOWNSHIP
3|SAMSON SOFTWARE SOLUTIONS INC|1 ROSSMOOR DR.|SUITE 140|MONROE TOWNSHIP
3|OJUS LLC|1 ROSSMOOR DR.|SUITE 203|MONROE TOWNSHIP
3|Maestro Technologies Inc|1 West State Street|2nd Floor|TRENTON
3|Maestro Technologies Inc|1 West State Street|2nd Floor|Trenton
3|Orison Solutions LLC|1 West State Street|STE 306|Trenton
3|Intone Networks Inc|10 Austin Avenue||Iselin
3|Intone Networks  Inc|10 Austin Avenue||Iselin
3|Intone Networks Inc d/b/a Intone|10 Austin Avenue||Iselin
3|Alvogen Group Inc|10 Bloomfield Avenue|Building B|Pine Brook
3|Alvogen Inc|10 Bloomfield Avenue||Pine Brook
3|Alvogen Group Inc|10 Bloomfield Avenue||Pine Brook
3|DARA FOOD LLC|10 COMMERCE ROAD|UNIT 10D|FAIRFIELD
3|PATCHAM USA LLC|10 COMMERCE ROAD||Fairfield
3|PATCHAM USA LLC|10 COMMERCE ROAD||FAIRFIELD
3|EZ Solutions Inc|10 Lake Dr|Suite 101|East Windsor
3|American Professionals Inc|10 Lake Dr|Suite 102|East Windsor
3|Adoresoft Corporation|10 Lake Dr|Suite 103|East Windsor
3|BresMed America Inc|10 North Park Place|Suite 201|Morristown
3|Lumanity Market Access LLC|10 North Park Place|Suite 201|Morristown
3|Lumanity Creative Strategy and Engagement Inc|10 North Park Place|Suite 201|Morristown
3|INCEDO INC|100 Campus Drive,|4th Floor, Suite 420,|Florham Park
3|INCEDO INC|100 Campus Drive,|4th Floor, Suite 420,|Florham Park,
3|Incedo Inc|100 Campus Drive,|4th Floor, Suite 420,|Florham Park,
3|SPi Global US Inc|100 Canal Pointe Blvd.|Suite 123|Princeton
3|LearningMate Solutions Inc|100 Canal Pointe Blvd.|Suite 123|Princeton
3|Singularity Systems Inc|100 Canal Pointe Blvd.|Suite 209|Princeton
3|Scherer Design Group LLC|100 Corporate Drive|Suite 202|Lebanon
3|iTKG Law LLC|100 Corporate Drive|Suite 302|Lebanon
3|iTKG Law LLC|100 Corporate Drive||Lebanon
3|Riconpharma LLC|100 Ford Road|Suite 9|Denville
3|RICONPHARMA LLC|100 Ford Road|Suite 9|Denville
3|RiconPharma LLC|100 Ford Road|Suite 9|Denville
3|MCMINDS IT SOLUTIONS INC|100 HORIZON CENTER BLVD.|1ST AND 2ND FLOORS, SUITE 222|HAMILTON
3|IFUSION INC|100 HORIZON CENTER BLVD.|SUITE 201|HAMILTON
3|ACESTACK LLC|100 HORIZON CENTER BLVD.||HAMILTON
3|KAYTECH INFORMATION SOLUTIONS INC|100 MATAWAN ROAD|SUITE 325|MATAWAN
3|VECTOR SYSTEMS INC|100 MATAWAN ROAD|SUITE 325|MATAWAN
3|BYTEQUEST LOGICS INC|100 MATAWAN ROAD|SUITE 325|MATAWAN
3|Ralph Lauren Corporation|100 Metro Blvd.|6th Floor|Nutley
3|RALPH LAUREN CORPORATION|100 Metro Blvd.||Nutley
3|Ralph Lauren Corporation|100 Metro Blvd.||Nutley
3|Baanyan Software Services Inc|100 Metroplex Dr|Suite 100|Edison
3|Xenon Inc of NJ|100 Metroplex Dr|Suite 203|Edison
3|Baanyan Software Services Inc|100 Metroplex Dr|suite 100|Edsion
3|NB Ventures Inc|100 Walnut Ave|Floor 3|Clark
3|CONTRIVA INC|100 Walnut Ave|Suite 210|Clark
3|NB Ventures Inc|100 Walnut Ave||Clark
3|Redeemsoft LLC|100 Wood Ave S|107|Iselin
3|Optimal Infosystems Inc|100 Wood Ave S|Ste 112|Iselin
3|HAN IT Staffing Inc|100 Wood Ave S|Suite 102|Iselin
3|APPISOFT INC|100 Wood Avenue S|Suite 116|Iselin
3|Appisoft Inc|100 Wood Avenue S|Suite 116|Iselin
3|APPISOFT INC|100 Wood Avenue S|suite 116|Iselin
3|TekAllianz Corporation|1008 RT 34|Suite 6|MATAWAN
3|TekAllianz Corporation|1008 RT 34|UNIT 6|MATAWAN
3|TekAllianz Corporation|1008 RT 34|Unit 6|MATAWAN
3|Aplomb Technologies Inc|101 College Road E|3rd floor, Suite 301|Princeton
3|ITvorks Inc|101 College Road E|Ste 302|Princeton
3|Aplomb Technologies Inc|101 College Road E|Suite 301|Princeton
3|DATAEDGE CONSULTING INC|101 MORGAN LN|STE 203B|PLAINSBORO
3|DataEdge Consulting Inc|101 MORGAN LN|SUITE 203B|Plainsboro
3|DATAEDGE CONSULTING INC|101 MORGAN LN|SUITE 203B|PLAINSBORO
3|MINDSYS INC|101 MORGAN LN.|SUITE 307|PLAINSBORO TOWNSHIP
3|GLOBALPOINT INC|101 MORGAN LN.|SUITE 307|PLAINSBORO
3|BLUE5GREEN LLC|101 MORGAN LN.|SUITE 356|PLAINSBORO
3|Lucosky Brookman LLP|101 Wood Avenue S.|5th Floor|Iselin
3|Lucosky Brookman LLP|101 Wood Avenue S.|Floor 5|Iselin
3|Hexaware Technologies Inc|101 Wood Avenue S.|Suite 600|Iselin
3|Fulcrum Consulting Inc|103 CARNEGIE DRIVE|SUITE 300|PRINCETON
3|Contineo Health Inc|103 CARNEGIE DRIVE|SUITE 300|PRINCETON
3|FULCRUM CONSULTING INC|103 CARNEGIE DRIVE|SUITE 300|PRINCETON
3|Niteosoft Inc|103 Carnegie Center Dr|Suite 300|Princeton
3|INFOSOL SOLUTIONS LLC|103 Carnegie Center Dr|Suite 300|Princeton
3|Narinder Alliance LLC|103 Carnegie Center Dr|Suite 300|Princeton
3|IH Engineers, PC|103 College Road East|1st Floor|Princeton
3|Siaraa Technologies Inc|103 College Road East|Level 2|Princeton
3|Siaraa Technologies Inc|103 College Road East||Princeton
3|eRay Technologies LLC|1031 US Route 22|Suite 105|BRIDGEWATER
3|eRay Technologies LLC|1031 US Route 22|Suite 105|Bridge Water
3|eRay Technologies LLC|1031 US Route 22|Suite 105|Bridgewater
3|CDM PRINCETON LLC|104 Carnegie Center|300|Princeton
3|Currie & Brown Inc|104 Carnegie Center|SUITE 208|PRINCETON
3|Currie & Brown Inc|104 Carnegie Center|Suite 208|Princeton
3|HMP Education|104 Windsor Center Drive|Suite 200|East Windsor
3|BeaconFire Staffing Solutions Inc|104 Windsor Center Drive|Suite 400|East Windsor
3|Beaconfire Staffing Solutions Inc|104 Windsor Center Drive|Suite 400|East Windsor
3|Nestle Healthcare Nutrition Inc|1041 US Highway 202||Bridgewater
3|Nestlé Healthcare Nutrition Inc|1041 US Highway 202||Bridgewater
3|Nestlé Healthcare Nutrition Inc|1041 US Highway 202||BRIDGEWATER
3|SANTECH SOLUTIONS INC|105 COLLEGE ROAD EAST|1ST FLOOR|PRINCETON
3|PIONEX INVESTMENTS INC|105 COLLEGE ROAD EAST||PRINCETON
3|SANTECH SOLUTIONS INC|105 COLLEGE ROAD EAST||PRINCETON
3|Daekyo America Inc|105 Challenger Road|2nd Floor|Ridgefield Park
3|HRCap Inc|105 Challenger Road|Suite 404|Ridgefield Park
3|Cosmax USA, Corp.|105 Challenger Road|Suite 801|Ridgefield Park
3|Santech Solutions Inc|105 College Road East|1st Floor|Princeton
3|Pionex Investments Inc|105 College Road East|Suite 200|Princeton
3|Xybion Corporation|105 College Road East||Princeton
3|Comptech Associates Inc|1075 Easton Avenue|Tower 1, Suite 4|Somerset
3|TruMinds Technologies Inc|1075 Easton Avenue|Tower 3, Suite 2|Somerset
3|TruMinds Technologies Inc|1075 Easton Avenue||Somerset
3|SG SYSTEMS LLC|110 FIELDCREST AVENUE|FLR. 3RD|EDISON
3|3i INFOTECH INC|110 FIELDCREST AVENUE|SUITE 22|EDISON
3|3i INFOTECH INC|110 FIELDCREST AVENUE|SUITE 25|EDISON
3|Comrise Technology Inc|110 Fieldcrest Avenue|3rd Floor|Edison
3|Course5 Intelligence Inc|110 Fieldcrest Avenue|Mailbox 27|Edison
3|Swiss Madison LLC|110 Fieldcrest Avenue|Suite 22|Edison
3|Copper Point USA LLC|1104 Nelson Place||Piscataway
3|Blue Bell USA LLC|1104 Nelson Place||Piscataway
3|Insight Hospitality Inc|1104 Nelson Place||Piscataway
3|Topcon Medical Systems Inc|111 Bauer Drive||Oakland
3|Topcon Healthcare Inc|111 Bauer Drive||Oakland
3|Topcon America Corporation|111 Bauer Drive||Oakland
3|HTL Biotechnology Innovation|111 Ideation Way|Suite 100|Nutley
3|Modern Meadow Inc|111 Ideation Way|Suite 100|Nutley
3|HTL Biotechnology Innovation|111 Ideation Way|Suite 300|Nutley
3|LG CNS America Inc|111 Sylvan Avenue South Building L2||Englewood Cliffs
3|LX Pantos America Inc|111 Sylvan Avenue South Building L2||Englewood Cliffs
3|LX Pantos USA Inc|111 Sylvan Avenue South Building L2||Englewood Cliffs
3|Elements Connect LLC|1111 MacArthur Blvd||Mahwah
3|WELL ROOTED BEAUTY LLC|1111 MacArthur Blvd||Mahwah
3|Innovation Labs Inc|1111 MacArthur Blvd||Mahwah
3|Firefly Pros Inc|113 Jeff St|Suite 1020|Edison
3|Firefly Pros Inc|113 Jeff St|Suite 2010|Edison
3|SG Healthcare and Pharma Tech Inc|113 Jeff St|Suite 2020|Edison
3|Honeywell Safety Products USA Inc|115 Tabor Road||Morris Plains
3|Solstice Advanced Materials US Inc|115 Tabor Road||Morris Plains
3|Honeywell Electronic Chemicals LLC|115 Tabor Road||Morris Plains
3|Piazza Consulting Group LLC|115 West Century Road|Suite 115|Paramus
3|Bond Street Mortgage LLC|115 West Century Road|Suite 115|Paramus
3|SONY ELECTRONICS INC|115 West Century Road|Suite 250|Paramus
3|ASPYRANT LLC|118 TAMARACK CIRCLE||SKILLMAN
3|SUNUS LLC|118 TAMARACK CIRCLE||SKILLMAN
3|Bhavisoft LLC|118 TAMARACK CIRCLE||SKILLMAN
3|Sky Trading LLC|120 Commerce Road||Carlstadt
3|SKY Trading LLC|120 Commerce Road||Carlstadt
3|D & M Imports LLC|120 Commerce Road||Carlstadt
3|SHOOLIN INC|120 S WOOD AVE|STE 611|ISELIN
3|SHOOLIN INC|120 S WOOD AVE|SUITE 611|ISELIN
3|SHOOLIN INC|120 S WOOD AVE||SUITE 611
3|Metsera Inc|1200 Morris Turnpike|Suite 3005|Short Hills
3|Potentum Partners L.P.|1200 Morris Turnpike|Suite 3005|Short Hills
3|Cranium AI Inc|1200 Morris Turnpike|Suite 3005|Short Hills
3|Amistad Technologies Inc|1200 US HIGHWAY 22|STE 2000|BRIDGEWATER
3|AMISTAD TECHNOLOGIES INC|1200 US HIGHWAY 22|SUITE 2000|BRIDGEWATER
3|STARFISH ASSOCIATES LLC|1200 US HIGHWAY 22|Suite 8|BRIDGEWATER
3|Amistad Technologies Inc|1200 US HIGHWAY 22 E|STE 2000|BRIDGEWATER
3|Satya Soft Solutions LLC|1200 US HIGHWAY 22 E|SUITE 2000|BRIDGEWATER
3|LEDGER HUB INC|1200 US HIGHWAY 22 E|SUITE 2000|BRIDGEWATER
3|Avalon Biosciences Inc|1200 US Highway 22 East|Suite 2000|Bridgewater
3|Impaqtive US Corp|1200 US Highway 22 East||Bridgewater
3|IMPAQTIVE US CORP|1200 US Highway 22 East||Bridgewater
3|NHS US LLC|121 River Street|9th Floor|Hoboken
3|Celsius Network LLC|121 River Street|Suite PH05|Hoboken
3|NHS US LLC|121 River Street||Hoboken
3|THE DIGITAL GROUP OF COMPANIES INC|121 VILLAGE BOULEVAROAD|N/A|PRINCETON
3|THE DIGITAL GROUP OF COMPANIES INC|121 VILLAGE BOULEVAROAD|NA|Princeton
3|THE DIGITAL GROUP OF COMPANIES INC|121 VILLAGE BOULEVAROAD||PRINCETON
3|SPARC Group LLC|125 Chubb Avenue|4 Floor|Lyndhurst
3|SPARC Group Holdings LLC|125 Chubb Avenue|4 Floor|Lyndhurst
3|SPARC Group LLC|125 Chubb Avenue|Floor 4|Lyndhurst
3|MERCK SHARP & DOHME CORP.|126 E Lincoln Avenue|MAILSTOP RY86-2011C|Rahway
3|MERCK SHARP & DOHME LLC|126 E Lincoln Avenue|MAILSTOP RY86-2011C|Rahway
3|MERCK SHARP & DOHME LLC|126 E Lincoln Avenue||Rahway
3|USA Formulations LLC|1300 Airport Road||N Brunswick
3|USPL Nutritionals LLC|1300 Airport Road||North Brunswick
3|USPL Nutritionals LLC / U.S. Pharma Lab LLC|1300 Airport Road||North Brunswick
3|ENBURG GROUP USA LLC|131 MAIN STREET|Suite 215|HACKENSACK
3|BLOOMFIELD CONSTRUCTION CONSULTING AND INSPECTION LLC|131 MAIN STREET|Suite 270|HACKENSACK
3|ENBURG GROUP USA LLC|131 MAIN STREET|Suite 270|HACKENSACK
3|IVYNOVA SOLUTIONS INC|1346 HOW LANE|SUITE 201|NORTH BRUNSWICK
3|METIER ENTERPRISE LLC|1346 HOW LANE|SUITE 202|NORTH BRUNSWICK
3|METIER ENTERPRISE LLC|1346 HOW LANE|SUITE 202|North Brunswick
3|Yahweh Social Services Inc|137 Evergreen Place|suite 1A|East O
3|Yahweh Social Services Inc|137 Evergreen Place|suite 1A|East Orange
3|Iyaho Social Services of New Jersey Inc|137 Evergreen Place|suite 3A|East Orange
3|MEDBOX PHARMACY LLC|14 FRANKLIN ST|STE 102|BELLEVILLE
3|MEDBOX DRUGS INC|14 FRANKLIN ST||BELLEVILLE
3|MEDBOX PHARMACY LLC|14 FRANKLIN ST||BELLEVILLE
3|Yesha Management LLC &|14 Saxon Ct||Freehold
3|PYRAMID SERVICE MGT LLC|14 Saxon Ct||Freehold
3|Yesha Management LLC|14 Saxon Ct||Freehold
3|Catalent Pharma Solutions|14 Schoolhouse Road||Somerset
3|Ardena|14 Schoolhouse Road||Somerset
3|Catalent Pharma Solutions LLC|14 Schoolhouse Road||Somerset
3|Talent Minds LLC|14 Walsh Drive|Suite 200,|Parsippany,
3|Doceree Inc|14 Walsh Drive|Suite 302|Parsippany
3|Vistaar Technologies Inc|14 Walsh Drive|Suite 303|Parsippany
3|PINTEGRA LLC|140 E Ridgewood Ave|STE 409|Paramus
3|Futuremindz LLC|140 E Ridgewood Ave|Suite 415|Paramus
3|PIntegra LLC|140 E Ridgewood Ave|Suite 415|Paramus
3|Futuremindz LLC|140 E Ridgewood Avenue|Suite 415|Paramus
3|OWMN, Ltd.|140 E Ridgewood Avenue|Suite 415 South Tower|Paramus
3|OWMN LTD|140 E Ridgewood Avenue|Suite 415 South Tower|Paramus
3|Nettlinx Inc|1400 Kennedy Blvd.|STE 1|Union City
3|NETTLINX INC|1400 Kennedy Blvd.|Ste 1|Union City
3|NETTLINX INC|1400 Kennedy Blvd.||Union City
3|Evind LLC|1420 Meetinghouse Road|Suite 4|Sea Girt
3|Evidn LLC|1420 Meetinghouse Road|Suite 4|Sea Girt
3|Evidn LLC|1420 Meetinghouse Road||Sea Girt
3|FINDPRO GROUP INC|15 CORPORATE PL. S.|SUITE 148|PISCATAWAY
3|DIGITAL GLOBAL SOLUTIONS INC|15 CORPORATE PL. S.|SUITE 301|PISCATAWAY
3|FINDPRO GROUP INC|15 CORPORATE PL. S.|SUITE 400B|PISCATAWAY
3|Alpha Clinical Systems Inc|15 Corporate Place south|Suite 420|Piscataway
3|Sunmerge Systems Inc|15 Corporate Place south|Suite 430|Piscataway
3|Sunmerge Systems Inc|15 Corporate Place south|suite 430|Piscataway
3|PY DATA SOLUTIONS INC|15 Corporate place South|Suite 320|Piscataway
3|EXA DATA SOLUTIONS INC|15 Corporate place South|Suite 320|Piscataway
3|PY DATA SOLUTIONS INC|15 Corporate place South||Piscataway
3|OXYA CORPORATION|15 EXCHANGE PLACE|SUITE 1103|JERSEY CITY
3|CROSSTOWER INC|15 EXCHANGE PLACE|SUITE 1115|JERSEY CITY
3|OXYA CORPORATION|15 EXCHANGE PLACE|SUITE 620|JERSEY CITY
3|ACORD Solutions Group Inc|150 Clove Road|11th Floor|Little Falls
3|ACORD Corporation|150 Clove Road|11th Floor|Little Falls
3|Everest Clinical Research Corporation|150 Clove Road|Suite 502|Little Falls
3|eMeteors Technology Inc|150 River road|G3b|montville
3|emeteors Technology Inc|150 River road|Suite g3b|Montville
3|emeteors Technology Inc|150 River road|suite g3b|montville
3|Kering Americas Inc|150 Totowa Road|N/A|Wayne
3|Kering Americas Inc|150 Totowa Road||Wayne
3|KERING AMERICAS INC|150 Totowa Road||Wayne
3|Lumanity Market Access LLC|151 Forest Street|Suite E|Montclair
3|Lumanity Inc|151 Forest Street|Suite E|Montclair
3|Cyan Health LLC|151 Forest Street|Suite E.|Montclair
3|TEKINSPIRE LLC|1581 RT 27|SUITE 101|Edison
3|TEKINSPIRE LLC|1581 RT 27|SUITE 101|EDISON
3|TEKINSPIRE LLC|1581 RT 27|SUITE 101|FRANKLIN
3|NGA Group Inc|1588 US Highway 130|Suite D|North Brunswick
3|Intelycore LLC|1588 US Highway 130|Suite E|North Brunswick
3|Precision Global Solutions Inc|1588 US Highway 130||North Brunswick
3|Tech Pundits Inc|1592 Route 130, Suite 310|N/A|North Brunswick
3|TECHPUNDITS INC|1592 Route 130, Suite 310||NORTH BRUNSWICK
3|Tech Pundits Inc|1592 Route 130, Suite 310||North Brunswick
3|Neelam Construction Corp.|163 Paris Avenue|Suite A|Northvale
3|Neelam Construction Corp|163 Paris Avenue|Suite A|Northvale
3|Kunj Construction Corporation|163 Paris Avenue|Suite B|Northvale
3|Application Consulting Group Inc|1639 Route 10|Suite 107|Parsippany
3|Delta Dental of New Jersey Inc|1639 Route 10||Parisppany
3|Delta Dental of New Jersey Inc|1639 Route 10||Parsippany
3|Milkyway Education Center Inc|164 TOTOWA ROAD|3RD FLOOR|WAYNE
3|HUDSON TURKISH AMERICAN CULTURAL ASSOCIATION INC|164 TOTOWA ROAD|3RD FLOOR|WAYNE
3|MILKYWAY EDUCATION CENTER INC|164 TOTOWA ROAD||WAYNE
3|International Television Broadcasting LLC|1655 Oak Tree Road|Suite 155|Edison
3|Sathiam Enterprises|1655 Oak Tree Road|Suite 170|EDISON
3|Sathiam Enterprises LLC|1655 Oak Tree Road|Suite 170|Edison
3|JOYALUKKAS JEWELRY RETAIL INC|1665 OAK TREE ROAD|SUITE 325|EDISON
3|JOYALUKKAS JEWELRY NEW JERSEY INC|1665 OAK TREE ROAD|SUITE 325|EDISON
3|JOYALUKKAS JEWELRY NEW JERSEY INC|1665 OAK TREE ROAD||EDISON
3|Synerzy Software Solutions Inc|17 S Main Street||Marlboro
3|SIRI HEIGHTS LLC|17 S Main Street||Marlboro
3|SYNERZY SOFTWARE SOLUTIONS INC|17 S Main Street||Marlboro
3|Kyodo Shipping and Trading Corporation USA|17-01 Pollitt Drive||Fair Lawn
3|Chemisys Research Foundation|17-01 Pollitt Drive||Fair Lawn
3|Chemisys Laboratories|17-01 Pollitt Drive||Fair Lawn
3|TD Bank, National Association|1701 Route 70 East|N/A|Cherry Hill
3|TD Bank, National Association|1701 Route 70 East||Cherry Hill
3|Epoch Investment Partners Inc|1701 Route 70 East||Cherry Hill
3|AIR CRUISERS COMPANY LLC|1747 STATE ROUTE 34|1747 STATE ROUTE 34|WALL TOWNSHIP
3|AIR CRUISERS COMPANY LLC|1747 STATE ROUTE 34||WALL TOWNSHIP
3|AIR CRUISERS COMPANY INC|1747 STATE ROUTE 34||WALL TOWNSHIP
3|Realogy Brokerage Group LLC|175 PARK AVENUE||MADISON
3|Anywhere Advisors LLC|175 PARK AVENUE||MADISON
3|NRT LLC|175 PARK AVENUE||MADISON
3|ZapLabs LLC|175 Park Avenue||Madison
3|Anywhere Real Estate Operations LLC|175 Park Avenue||Madison
3|REALOGY OPERATIONS LLC|175 Park Avenue||Madison
3|TOMAR CONSTRUCTION SERVICES INC|18 CONNERTY COURT|SUITE B|EAST BRUNSWICK
3|THOMAS CONTROLS INC|18 CONNERTY COURT|SUITE C|EAST BRUNSWICK
3|TOMAR CONSTRUCTION LLC|18 CONNERTY COURT||EAST BRUNSWICK
3|VASPIRE TECHNOLOGIES INC|180 TICES LANE|SUITE 205, BUILDING A|EAST BRUNSWICK
3|VASPIRE TECHNOLOGIES INC|180 TICES LANE|SUITE 205, BUILDING A,|EAST BRUNSWICK
3|VASPIRE TECHNOLOGIES INC|180 TICES LANE|SUITE 205, BUILDING A.|EAST BRUNSWICK
3|Lemongrass Consulting US Inc|180 Talmadge Road|IGO Bldg, Suite 798|Edison
3|S V R CONSULTANCY|180 Talmadge Road|N/A|Edison
3|Rainbow Heaven Distribution LLC|180 Talmadge Road||Edison
3|Soft 2001 Inc|1816 Springdale Road|Suite 7|Cherry Hill
3|Fourth Technologies|1816 Springdale Road||Cherry Hill
3|Fourth Technologies Inc|1816 Springdale Road||Cherry Hill
3|MASTER COMPLIANCE INC|186 PRINCETON HIGHTSTOWN ROAD|BUILDING 3A, SUITE 7|WEST WINDSOR TOWNSHIP
3|Y-AXIS INC|186 PRINCETON HIGHTSTOWN ROAD|BUILDING 4A SECOND FLOOR|WEST WINDSOR
3|MIDDLELINK TECHNOLOGIES LLC|186 PRINCETON HIGHTSTOWN ROAD|BUILDING 4B|PRINCETON JUNCTION
3|Greycell Labs Inc|190 Lincoln Hwy|STE 200|Edison
3|Greycell Labs Inc|190 Lincoln Hwy|SUITE 200|Edison
3|Greycell Labs Inc|190 Lincoln Hwy|SUITE 200|edison
3|Accu Reference Medical Laboratory LLC|1901 East Linden Avenue|Suite 4|Linden
3|Accu Reference Medical Lab LLC|1901 East Linden Avenue|Unit 12|Linden
3|Accu Reference Medical Laboratory LLC|1901 East Linden Avenue||Linden
3|Quality Fruit Surveys Inc|1916 Wayne Ave|S 1|HADDON HEIGHTS
3|Quality Fruit Surveys lnc|1916 Wayne Ave|S1|HADDON HEIGHTS
3|quality Fruit Surveys Inc|1916 Wayne Ave|S1|HADDON HEIGHTS
3|AXIAS NY LLC|197 ROUTE 18 SOUTH|SUITE 200|EAST BRUNSWICK
3|AXIAS NY LLC|197 ROUTE 18 SOUTH|SUITE 3000|EAST BRUNSWICK
3|C & T EDUCATION, LTD|197 ROUTE 18 SOUTH|SUITE 3000|EAST BRUNSWICK
3|Michaels Organization LLC|2 Cooper Street||Camden
3|The Michaels Organization LLC|2 Cooper Street||Camden
3|NFI Management Services LLC|2 Cooper Street||Camden
3|BROADRIDGE FINANCIAL SOLUTIONS INC|2 GATEWAY CENTER, 283-299 MARKET STREET|N/A|NEWARK
3|NYFIX Inc a Broadridge Financial Solutions Inc entity|2 GATEWAY CENTER, 283-299 MARKET STREET||NEWARK
3|BROADRIDGE FINANCIAL SOLUTIONS INC|2 GATEWAY CENTER, 283-299 MARKET STREET||NEWARK
3|OLI Systems Inc|2 Gatehall Drive|Ste 100|Parsippany
3|OLI Systems Inc|2 Gatehall Drive|Suite 100|Parsippany
3|OLI Systems Inc|2 Gatehall Drive|Suite 1D|Parsippany
3|Broadridge Financial Services Inc|2 Gateway Center, 283-299 Market Street||Newark
3|Broadridge Financial Solutions Inc|2 Gateway Center, 283-299 Market Street||Newark
3|BROADRIDGE FINANCIAL SOLUTIONS INC|2 Gateway Center, 283-299 Market Street||Newark
3|Flow Commerce Inc|2 Hudson Place|7th Floor|Hoboken
3|Day & Associates LLC|2 Hudson Place|Suite 303|Hoboken
3|OneMarketData LLC|2 Hudson Place|Suite 625|Hoboken
3|GARDEN STATE IT SOLUTIONS INC|2 Kilmer Road|Suite D1|Edison
3|IP HEIGHTS LLC|2 Kilmer Road||Edison
3|Eateam Inc|2 Kilmer Road||Edison
3|EcoTerra Consulting LLC|2 Lakeview Avenue|Ste 1C|Piscataway
3|EcoTerra Consulting LLC|2 Lakeview Avenue|Suite 1C|Piscataway
3|Anagh Technologies Inc|2 Lakeview Avenue|Suite 310|Picataway
3|EVONIK CORPORATION|2 Turner Place||Piscataway
3|EVONIK ACTIVE OXYGENS LLC|2 Turner Place||Piscataway
3|Evonik Oil Additives USA Inc|2 Turner Place||Piscataway
3|Ezlo Innovation LLC|200 Broadacres Drive|Floor 2|Bloomfield
3|Comodo Security Solutions Inc|200 Broadacres Drive||Bloomfield
3|Xcitium Inc|200 Broadacres Drive||Bloomfield
3|ARMSTRONG TECHNOLOGIES INC|200 CRAIG ROAD|SUITE 101, 1ST FLOOR|MANALAPAN
3|ARMSTRONG TECHNOLOGIES INC|200 CRAIG ROAD|SUITE 103|MANALAPAN
3|ARMSTRONG TECHNOLOGIES INC|200 CRAIG ROAD|SUITE 103, 1ST FLOOR|MANALAPAN
3|Mutex Systems Inc|200 Craig Road|Suite 107|Manalapan
3|Stark Pharma Technology Inc|200 Craig Road|Suite 107|Manalapan
3|Saven Technologies Incorporated|200 Craig Road|Suite 107|Manalapan
3|Hisun USA Inc|200 Crossing Blvd|Fl 2|Bridgewater
3|Synchronoss Technologies Inc|200 Crossing Blvd|Floor 3|Bridgewater
3|Synchronoss Technologies Inc|200 Crossing Blvd|Floor 8|Bridgewater
3|INVICTUS INFOTECH LLC|200 MIDDLESEX ESSEX TPK|STE 306C|ISELIN
3|IFLOWSOFT SOLUTIONS INC|200 MIDDLESEX ESSEX TPK|SUITE 203A|ISELIN
3|IFLWOSOFT SOLUTIONS INC|200 MIDDLESEX ESSEX TPK|SUITE 203A|ISELIN
3|Param Healthcare & IT services Inc|200 Middlesex Essex Tpk|Suite 105|Iselin
3|Param Consulting Services Inc|200 Middlesex Essex Tpk|Suite 110|Iselin
3|Param Consulting Services Inc|200 Middlesex Essex Tpk||Iselin
3|Siemens Financial Services|200 South Wood Avenue||Iselin
3|Siemens Financial Services Inc|200 South Wood Avenue||Iselin
3|Siemens Corporation|200 South Wood Avenue||Iselin
3|DSV Road Inc|200 Wood Avenue South|Suite 300|Iselin
3|Siemens Financial Services Inc|200 Wood Avenue South||Iselin
3|Siemens Corporation|200 Wood Avenue South||Iselin
3|WH PIKE HOSPITALITY LLC|2000 CORNWALL ROAD|SUITE 300|MONMOUTH JUNCTION
3|SYMBIOUN TECHNOLOGIES INC|2000 CORNWALL ROAD|SUITE 310|MONMOUTH JUNCTION
3|SOUTH BRUNSWICK ADULT DAYCARE CENTER (ADC) LLC|2000 CORNWALL ROAD|SUITE 500|MONMOUTH JUNCTION
3|Sparta Systems Inc|2000 Water View Dr|Ste 300|Robbinsville
3|Sparta Systems Inc|2000 Water View Dr|Ste 300|Hamilton
3|Sparta Systems Inc|2000 Water View Dr|Suite 300|Hamilton
3|Interpace Biosciences Inc|2001 Route 46|Suite 310|Parsippany
3|Neostride LLC|2001 Route 46|Suite 310|Parsippany
3|NEOSTRIDE LLC|2001 Route 46|Suite 310|Parsippany
3|Symbolic Capital Associates LLC|201 Montgomery Street|2d Floor|Jersey City
3|Legacy Care Tax LLC|201 Montgomery Street|2nd Floor|Jersey City
3|BlockFi Inc|201 Montgomery Street|Second Floor, Suite 263|Jersey City
3|AVERON SERVICES INC|2025 LINCOLN HWY.|SUITE 100|EDISON
3|AVERON SOLUTIONS INC|2025 LINCOLN HWY.|SUITE 100C|EDISON
3|DIMENSION CONSULTING INC|2025 LINCOLN HWY.|SUITE 140|EDISON
3|Global Pharmatek LLC|2025 Lincoln Highway, Suite 225A||Edison
3|Global Pharma Tek|2025 Lincoln Highway, Suite 225A||Edison
3|Global Pharmatek LLC|2025 Lincoln Highway, Suite 225A||EDISON
3|Auro Packaging LLC|203 Windsor Center Drive||East Windsor
3|AuroHealth LLC|203 Windsor Center Drive||East Windsor
3|AuroLogistics LLC|203 Windsor Center Drive||East Windsor
3|LTIMINDTREE Limited|2035 LINCOLN HIGHWAY,|STE 3004|EDISON
3|LTIMINDTREE Limited|2035 LINCOLN HIGHWAY,|STE 3004|EDISON,
3|LTIMINDTREE Limited|2035 LINCOLN HIGHWAY,|STE 3004|Edison
3|SANSAR TEC LLC|204 White Horse Pike|Ste C|Haddon Heights
3|SANSAR TEC LLC|204 White Horse Pike|Suite C|Haddon Heights
3|Sansar Tec LLC|204 White Horse Pike|Suite C|Haddon Heights
3|CS Energy LLC|2045 LINCOLN HIGHWAY||EDISON
3|CS ENERGY LLC|2045 LINCOLN HIGHWAY||EDISON
3|TENNA LLC|2045 LINCOLN HIGHWAY||EDISON
3|DGL Group Ltd.|2045 Lincoln Highway|3rd Floor|Edison
3|Conti Civil LLC|2045 Lincoln Highway||Edison
3|CS Energy LLC|2045 Lincoln Highway||Edison
3|LabCorp Drug Development Inc|206  Carnegie Center||Princeton
3|Labcorp Bioanalytical Services LLC|206  Carnegie Center||Princeton
3|LabCorp Drug Development|206  Carnegie Center||Princeton
3|Applegreen Electric US Inc|208 Harristown Road|Suite 102|Glen Rock
3|Applegreen USA Welcome Centres LLC|208 Harristown Road|Suite 102|Glen Rock
3|Orlando Food Sales Inc|208 Harristown Road|Suite 103|Glen Rock
3|Emage Software Services LLC|2088 US Highway 130|Suite 116|Monmouth Junction
3|AdbaKx LLC|2088 US Highway 130|Suite 204|Monmouth Junction
3|Adbakx LLC|2088 US Highway 130|Suite 204|Monmouth Junction
3|LAFLARE NY INC|21 GRAND AVE|STE 204|PALISADES PARK
3|DFOCUS AMERICA INC|21 GRAND AVE|SUITE 108|PALISADES PARK
3|KANEYAMA TRADING LLC|21 GRAND AVE|SUITE 111|PALISADES PARK
3|SRI TECHNOLOGY SERVICES INC|21 Torbet Road||Hillsborough
3|SRI INNOVATION SERVICES INC|21 Torbet Road||Hillsborough
3|Sri Innovation Services Inc|21 Torbet Road||Hillsborough
3|PREMIER LIFE SCIENCES|2110 MAPLE AVENUE|STE B2|SOUTH PLAINFIELD
3|NOVOZEN HEALTHCARE LLC|2110 MAPLE AVENUE|SUITE B1|SOUTH PLAINFIELD
3|PREMIER LIFE SCIENCES|2110 MAPLE AVENUE|SUITE B2|SOUTH PLAINFIELD
3|ADMARU NETWORK LLC|2125 CENTER AVE|STE 602|FORT LEE
3|ADMARU NETWORK LLC|2125 CENTER AVE|SUITE 602|FORT LEE
3|Erdos Technologies Inc|2125 CENTER AVE|Suite 400|Fort Lee
3|Ramsey Theory Capital LLC|2125 Center Ave|Suite 400|Fort Lee
3|Sustainable Engineering Services PC|2125 Center Ave|Suite 505|Fort Lee
3|The Water and Carbon Group Inc|2125 Center Ave|Suite 507|Fort Lee
3|TheraAide Rehab LLC|220 Littleton Road|Apt G12|Parsippany
3|TheraAide Rehab LLC|220 Littleton Road|Apt. G12|Parsippany
3|TheraAide Rehab LLC|220 Littleton Road|Apt. G12|Pasippany
3|C Land Realty Co|222 Bridge Plaza South|Ste 580|Fort Lee
3|KL CPA & Associates LLC|222 Bridge Plaza South|Suite 720|Fort Lee
3|Wicked Fashions Inc|222 Bridge Plaza South||Fort Lee
3|I2C BUSINESS SOLUTIONS INC|2227 US HIGHWAY 1|SUITE 101|NORTH BRUNSWICK
3|MAGNIRIS INC|2227 US HIGHWAY 1|SUITE 267|NORTH BRUNSWICK
3|ALYA FOODS LLC|2227 US HIGHWAY 1|Suite 279|NORTH BRUNSWICK
3|AIT GLOBAL INC|228 ROUTE 34|SUITE 205|MATAWAN
3|AIT GLOBAL INC|228 ROUTE 34|SUITE A|MATAWAN
3|AIT GLOBAL INC|228 ROUTE 34||MATAWAN
3|HR Acuity LLC|23 Vreeland Road|Ste 220|Florham Park
3|Li Creative Technologies Inc|23 Vreeland Road|Suite 115|Florham Park
3|MSI Systems Corp.|23 Vreeland Road|Suite 210|Florham Park
3|FIRST CONSULTING CORPORATION|230 DAVIDSON AVE||SOMERSET
3|QUANTUM SYSTEMS GROUP INC|230 DAVIDSON AVE||SOMERSET
3|FIRST CONSULTING CORPORATION INC|230 DAVIDSON AVE||SOMERSET
3|PRECISION MANAGEMENT GROUP INC|233 MT AIRY ROAD|SUITE 100|BASKING RIDGE
3|PRECISION SYSTEM DESIGN INC|233 MT AIRY ROAD|SUITE 100|BASKING RIDGE
3|Katal Tech INC|233 MT AIRY ROAD||BASKING RIDGE
3|OptionsPlay LLC|233 Mount Airy Road|STE 100|Basking Ridge
3|Agma Systems LLC|233 Mount Airy Road|Suite 100|Basking Ridge
3|Agma Systems LLC|233 Mount Airy Road|Suite 100|Bridgewater
3|DUALITYBIO INC|233 Mt. Airy Road|STE 182|Basking Ridge
3|Precision Management Group Inc|233 Mt. Airy Road|Suite 100|Basking Ridge
3|Hopkins Medtech Group LLC|233 Mt. Airy Road|Suite 100|Basking Ridge
3|Medical Diagnostic Laboratories LLC|2439 Kuser Road|N/A|Hamilton
3|Invivotek LLC|2439 Kuser Road||Hamilton
3|Medical Diagnostic Laboratories LLC|2439 Kuser Road||Hamilton
3|LTIMINDTREE LIMITED|25 Independence Blvd|Suite 401|Warren
3|LTIMindtree Limited|25 Independence Blvd|Suite 401|Warren
3|Mindtree Limited|25 Independence Blvd|Suite 401|Warren
3|Prime Healthcare Services - Saint Clares LLC|25 Pocono Road||Denville
3|Internal Medicine of Morris County LLC|25 Pocono Road||Denville
3|Prime Healthcare Services – Saint Clares LLC|25 Pocono Road||Denville
3|Legacy Staffing LLC|250 Pehle Ave|Suite 309|Saddle Brook
3|Pavane Solutions Inc|250 Pehle Ave|Suite Plaza II|Saddle Brook
3|Pavane Solutions Inc|250 Pehle Ave|Suite200, Plaza II|Saddle Brook
3|WAILEA SYSTEMS LLC|2525 ROUTE 130 BUILDING E|SUITE 102|CRANBURY
3|NOVAMEGHA LLC|2525 ROUTE 130 BUILDING E|SUITE 104|CRANBURY
3|NOVAMEGHA LLC|2525 ROUTE 130 BUILDING E|SUITE 104|Cranbury
3|WAILEA SYSTEMS LLC|2525 ROUTE 130, BUILDING E|SUITE 102|CRANBURY
3|Novamegha LLC|2525 ROUTE 130, BUILDING E|SUITE 104|CRANBURY
3|NOVAMEGHA LLC|2525 ROUTE 130, BUILDING E|SUITE 104|CRANBURY
3|WAILEA SYSTEMS LLC|2525 Route 130|Building E, Suite 102|CRANBURY
3|Masterex Technologies Inc|2525 Route 130||Cranbury
3|Euclid Technologies LLC|2525 Route 130||Cranbury
3|Ekodus Inc|2525 Route 130 South|Building C, Suite 1A|Cranbury
3|EKODUS INC|2525 Route 130 South|Building C, Suite 2A|Cranbury
3|EKODUS INC|2525 Route 130 South|Suite 1, Building C|Cranbury
3|AVANSA IT SOLUTIONS LLC|2525 US 130|BUILDING C SUITE 1A|CRANBURY
3|AVANSA IT SOLUTIONS LLC|2525 US 130|BUILDING C, SUITE 1A|CRANBURY
3|Keane Systems LLC|2525 US 130|Bldg. C, Suite 02|Cranbury
3|App Dynamic Systems LLC|2525 US 130 Bldg E|Ste 103|Cranbury
3|App Dynamics Systems LLC|2525 US 130 Bldg E|Suite 103|Cranbury
3|App Dynamic Systems LLC|2525 US 130 Bldg E|Suite 103|Cranbury
3|Euclid Technologies LLC|2525 US Route 130|Building D|Cranbury
3|Masterex Technologies Inc|2525 US Route 130||Cranbury
3|Euclid Technologies LLC|2525 US Route 130||Cranbury
3|Artiel Systems Integration LLC|253 Sheffield St.||Mountainside
3|ARTIEL Systems Integration LLC|253 Sheffield St.||Mountainside
3|A.K. DE RAMA INDUSTRIAL CONTROL SYSTEMS INC|253 Sheffield St.||Mountainside
3|Saint Peters University Hospital|254 Easton Avenue||New Brunswick
3|Saint Peters University Hospital Inc|254 Easton Avenue||New Brunswick
3|SAINT PETERS UNIVERSITY HOSPITAL|254 Easton Avenue||New Brunswick
3|Techbium Solutions Inc|26 Journal Square|Suite 1005|Jersey City
3|Horizon Health Center|26 Journal Square|Suite 1600|Jersey City
3|Rutek Systems LLC|26 Journal Square|Suite 700|Jersey City
3|ACG North America LLC|262 Old New Brunswick Road|Suite A|Piscataway
3|Vantage Nutrition LLC|262 Old New Brunswick Road|Suite A|Piscataway
3|APPCO Pharma LLC|262 Old New Brunswick Road|Suite N|Piscataway
3|Mahaugha LLC|2650 Route 130|Suite K|Cranbury
3|MAHAUGHA LLC|2650 Route 130|Suite K|Cranbury
3|MAHAUGHA LLC|2650 Route 130|Suite K & H|Cranbury
3|I28 TECHNOLOGIES CORPORATION|2650 US 130|SUITE E|CRANBURY
3|i28 TECHNOLOGIES CORPORATION|2650 US 130|SUITE E|CRANBURY
3|NARTAL SYSTEMS INC|2650 US 130|SUITE E|CRANBURY
3|DYNAMIC TALENT SOLUTIONS INC|285 DAVIDSON AVENUE|SUITE 406|SOMERSET
3|ETEAM INC|285 DAVIDSON AVENUE|SUITE 406|SOMERSET
3|SYNERGY GLOBAL TECHNOLOGIES INC|285 DAVIDSON AVENUE|SUITE 501|SOMERSET
3|Energy Technology Savings Inc|290 W. Mt. Pleasant Avenue|Suite 1360|Livingston
3|CoreWeave Inc|290 W. Mt. Pleasant Avenue|Suite 4100|Livingston
3|McGivney Kluger Clark & Intoccia, P.C.|290 W. Mt. Pleasant Avenue|Suite 4200|Livingston
3|TEKGENTE SOLUTIONS INC|295 DURHAM AVE|STE A|SOUTH PLAINFIELD
3|I2C BUSINESS SOLUTIONS INC|295 DURHAM AVE|SUITE 203|SOUTH PLAINFIELD
3|CLOUD ONE INC|295 DURHAM AVE|SUITE 212|SOUTH PLAINFIELD
3|PENTAX of America Inc|3 Paragon Drive|Second Floor|Montvale
3|PKA Technologies Inc|3 Paragon Drive|Suite 205|Montvale
3|Pentax of America Inc|3 Paragon Drive||Montvale
3|IPC Systems Inc|3 Second Street, Harborside Fin. Ctr.|15th Floor|Jersey City
3|IPC Systems Inc|3 Second Street, Harborside Fin. Ctr.|15th floor|Jersey City
3|IPC Systems Inc|3 Second Street, Harborside Fin. Ctr.|Floor 15|Jersey City
3|Rutgers, The State University of New Jersey|30 College Ave||New Brunswick
3|Rutgers, The State University of New Jersey|30 College Ave||Newark
3|Rutgers, The State University of New jersey|30 College Ave||New Brunswick
3|Rutgers, The State University of NJ|30 College Avenue||New Brunswick
3|Rutgers, The State University of New Jersey|30 College Avenue||NEW BRUNSWICK
3|Rutgers, The State University of New Jersey|30 College Avenue||New Brunswick
3|PRN IT Corp|30 Knightbridge Road|STE 525|Piscataway
3|PRN IT CORP|30 Knightbridge Road|STE 525|Piscataway
3|PRN IT Corp.|30 Knightbridge Road|Suite 525|Piscataway
3|Tek rocks it services llc|30 Knightsbridge Road  525||Piscataway
3|Tek Rocks IT Services LLC|30 Knightsbridge Road  525||Piscataway
3|Brownloop Inc|30 Knightsbridge Road  525||Piscataway
3|TEK ROCKS IT SERVICES LLC|30 Knightsbridge Road, Suite 525||PISCATAWAY
3|Likeminds Consulting Inc|30 Knightsbridge Road, Suite 525||Piscataway
3|Tek Rocks IT Services LLC|30 Knightsbridge Road, Suite 525||Piscataway
3|Halo Pharmaceutical Inc|30 North Jefferson Road||Whippany
3|Halo Pharmaceutical US|30 North Jefferson Road||Whippany
3|Halo Pharmaceuticals US|30 North Jefferson Road||Whippany
3|Wallenius Wilhelmsen Logistics Americas LLC|300 Interpace Parkway|Bldg B|Parsippany
3|Natco Pharma USA LLC|300 Interpace Parkway|Suite C100|Parsippany
3|Interpace Diagnostics Group Inc|300 Interpace Parkway||Parsippany
3|Safilo USA Inc|300 Lighting Way|Suite 400|Secaucus
3|Yusen Logistics (Americas) Inc|300 Lighting Way||SECAUCUS
3|Safilo USA Inc|300 Lighting Way||Secaucus
3|Ashenfelter & Ashmore, LLP|300 Witherspoon Street|Suite 201|Princeton
3|CoreBytes LLC|300 Witherspoon Street|Suite 201|Princeton
3|Tech Torque Inc|300 Witherspoon Street|Suites 201 / 202|Princeton
3|SNOChip Inc|303A College Road East||Princeton
3|ArrePath Inc|303A College Road East||Princeton
3|Rizlab Health Inc|303A College Road East||Princeton
3|JN Data Resolution LLC|30B Vreeland Road|B-304|Florham Park
3|JN Data Resolution LLC|30B Vreeland Road|Suite 304|Florham Park
3|JN Data Resolution LLC|30B Vreeland Road|Suite B-304|Florham Park
3|New Jersey Institute of Technology|323 Dr. Martin Luther King Jr. Boulevard|University Heights|Newark
3|New Jersey Institute of Technology|323 Dr. Martin Luther King Jr. Boulevard||Newark
3|New Jersey Innovation Institute|323 Dr. Martin Luther King Jr. Boulevard||Newark
3|R3 TECHNOLOGY INC|324 COURTYAROAD DRIVE|SUITE A|HILLSBOROUGH
3|ALLAGI TECHNOLOGIES INC|324 COURTYAROAD DRIVE|SUITE B|HILLSBOROUGH
3|PROCAL TECHNOLOGIES INC|324 COURTYAROAD DRIVE|SUITE B|HILLSBOROUGH
3|SAAN INTERNATIONAL|33 WOOD AVE S|SUITE 600|ISELIN
3|SAAN INTERNATIONAL LLC|33 WOOD AVE S|SUITE 600|ISELIN
3|Ephicacy Consulting Group Inc|33 WOOD AVE S|Suite 600|ISELIN
3|NVISION TEK INC|33 Wood Avenue|Suite 600|Iselin
3|Ora Apps Inc|33 Wood Avenue|Suite 600|Iselin
3|BASF Environmental Catalyst and Metal Solutions|33 Wood Avenue||Iselin
3|Glenn Tech LLC|33 Wood Avenue S|Suite 430|Iselin
3|Ora Apps Inc|33 Wood Avenue S|Suite 600|Iselin
3|RAPS Consulting Inc|33 Wood Avenue S|Suite 623|Iselin
3|BAPS Management Corporation|330 Black Horse Pike|Unit A|Glendora
3|BAPS Management Corporation|330 Black Horse Pike|Unit B|Glendora
3|BAPS Management Corporation|330 Black Horse Pike||Glendora
3|CIT Bank, N.A|340 Mt. Kemble Avenue|Suite 100|Morristown
3|CIT Bank, N.A.|340 Mt. Kemble Avenue|Suite 100|Morristown
3|CIT BANK, N.A.|340 Mt. Kemble Avenue|Suite 100|Morristown
3|MSPC Certified Public Accountants and Advisors, P.C.|340 North Avenue East|3rd Floor|Cranford
3|MSPC Certified Public Accountants and Advisors, PC|340 North Avenue East||Cranford
3|MSPC Certified Public Accountants and Advisors, P.C.|340 North Avenue East||Cranford
3|NX3 Corporation|344 Grove Street|Suite 250|Jersey City
3|Mercer Planning Associates|344 Grove Street|Suite 256|Jersey City
3|Cerebral Artery LLC|344 Grove Street|Unit 1000|Jersey City
3|Allied I.T. Consultancy LLC|35 JOURNAL SQUARE|STE 628|JERSEY CITY
3|ARISTON TEK INC|35 JOURNAL SQUARE|STE 805|JERSEY CITY
3|DSSC CONSULTING LLC|35 JOURNAL SQUARE|SUITE 207|JERSEY CITY
3|Korcomptenz Inc|35 Waterview Boulevard|Suite 207|Parsippany
3|Korcomptenz Inc|35 Waterview Boulevard||Parsippany
3|Granules USA Inc|35 Waterview Boulevard||Parsippany
3|Royal Rx Inc|350 Boulevard|1st floor|Passaic
3|St. Marys General Medical Group, PC|350 Boulevard||Passaic
3|Prime Healthcare Services - St. Marys Passaic|350 Boulevard||Passaic
3|JST Systems LLC|350 Springfield Avenue|STE 200|Summit
3|JST Systems LLC|350 Springfield Avenue|Ste 200|Summit
3|JST Systems LLC|350 Springfield Avenue|Suite 200|Summit
3|OPULENT SOFT LLC|3525 QUAKER BRIDGE ROAD|SUITE 3600|HAMILTON
3|OPULENTSOFT LLC|3525 QUAKER BRIDGE ROAD|SUITE 3600|HAMILTON
3|USHIREPRO LLC|3525 QUAKER BRIDGE ROAD|SUITE 4500|HAMILTON
3|ABAL TECHNOLOGIES INC|3525 QUAKERBRIDGE ROAD|SUITE 1100|HAMILTON
3|ABAL Technologies Inc|3525 QUAKERBRIDGE ROAD|SUITE 1100|HAMILTON
3|ILOGIC INC|3525 QUAKERBRIDGE ROAD|SUITE 1400|HAMILTON
3|Astrodyne Corporation|36 Newburgh Road||Hackettstown
3|The Astrodyne Corporation|36 Newburgh Road||Hackettstown
3|ASTRODYNE CORPORATION|36 Newburgh Road||Hackettstown
3|Encora Technologies Inc|365 W. Passaic Street|Suite 580|Rochelle Park
3|Encora Digital LLC|365 W. Passaic Street|Suite 580|Rochelle Park
3|Encora Technologies LLC|365 W. Passaic Street|Suite 580|Rochelle Park
3|IT4 BUSINESS SOLUTIONS INC|371 HOES LN.|SUITE 200|PISCATAWAY
3|TECH DELEGATES INC|371 HOES LN.|SUITE 200|PISCATAWAY
3|MCMINDS IT SOLUTIONS INC|371 HOES LN.||PISCATAWAY
3|Advanced Knowledge technologies Inc|371 Hoes Ln|STE 200|Piscataway
3|Apton Inc|371 Hoes Ln|Suite 200|Piscataway
3|Codex Software Solutions Inc|371 Hoes Ln|Suite 200|Piscataway
3|Joy Mental Fitness LLC|377 Valley Road|Unit 1070|Clifton
3|Offchain Labs Inc|377 Valley Road|Unit 2644|Clifton
3|Sensos Inc|377 Valley Road|Unit 3437|Clifton
3|AM Logic Corporation|3830 Park Avenue|207|EDISON
3|Orien Solutions Inc|3830 Park Avenue|Suite 109|Edison
3|AM Logic Corporation Inc|3830 Park Avenue|Suite 207|Edison
3|IT CATS LLC DBA|388 WASHINGTON ROAD|SUITE A|SAYREVILLE
3|IT CATS LLC|388 WASHINGTON ROAD|SUITE A|SAYREVILLE
3|IT CATS LLC|388 WASHINGTON ROAD|SUITE A|Sayreville
3|Resource Logistics inc|39 Milltown Road|Floor 2|East Brunswick
3|Resource Logistics Inc|39 Milltown Road|Floor 2|East Brunswick
3|Resource Logistics Inc|39 Milltown Road||East Brunswick
3|Oracle Financial Services Software Inc|399 THORNALL STREET|6TH FLOOR|EDISON
3|Oracle Financial Services Software Inc|399 THORNALL STREET|6th floor|EDISON
3|ORACLE FINANCIAL SERVICES SOFTWARE INC|399 THORNALL STREET||EDISON
3|SIEMENS PROCESS SYSTEMS ENGINEERING INC|4 Century Drive|SUITE 130|Parsippany
3|Siemens Process Systems Engineering Inc|4 Century Drive|Suite 130|Parsippany
3|Aleon Pharma International Inc|4 Century Drive|Suite 255|Parsippany
3|DRUG DEVELOPMENT INFORMATICS LLC|4 INDEPENDENCE WAY|STE 110|PRINCETON
3|MAKRO TECHNOLOGIES INC|4 INDEPENDENCE WAY|SUITE 110|PRINCETON
3|NEC LABORATORIES AMERICA INC|4 INDEPENDENCE WAY|SUITE 200|PRINCETON
3|Minaris Regenerative Medicine LLC|4 Pearl Court|Suite C|Allendale
3|Minaris Regenerative Medicine LLC|4 Pearl Court||ALLENDALE
3|Minaris Regenerative Medicine LLC|4 Pearl Court||Allendale
3|NNIT INC|4 Research Way|Third Floor|Princeton
3|O3b Networks USA LLC|4 Research Way||Princeton
3|SES Americom Inc|4 Research Way||Princeton
3|VYSoft Solutions Inc|40 Brunswick Avenue|Ste 205|Edison
3|JM Informations Systems LLC|40 Brunswick Avenue|Suite 200|Edison
3|JM Informations Systems LLC|40 Brunswick Avenue||Edison
3|Laurus Generics Inc|400 Connell Drive|Suite 5200|Berkely Heights
3|Atlas Data Systems Inc|400 Connell Drive|Suite 6000|Berkeley Heights
3|Atlas Data Systems LLC|400 Connell Drive|Suite 6000|Berkeley Heights
3|Cooper Lighting LLC|400 Crossing Boulevard|Suite 600|Bridgewater
3|Signify North America Corporation|400 Crossing Boulevard|Suite 600|Bridgewater
3|Vertical/Trigen Holdings LLC|400 Crossing Boulevard||Bridgewater
3|MICROEXCEL INC|400 PLAZA DRIVE|1ST FLOOR|SECAUCUS
3|TURKON AMERICA INC|400 PLAZA DRIVE|2ND FLOOR|SECAUCUS
3|TURKON AMERICA INC|400 PLAZA DRIVE|FLOOR 2|SECAUCUS
3|888 US Services Inc|400 Plaza Drive|1st Floor|Secaucus
3|Turkon America Inc|400 Plaza Drive|Floor 2|SECAUCUS
3|The Hartz Mountain Corporation|400 Plaza Drive||Secaucus
3|Bausch Health|400 Somerset Corporate Blvd.||Bridgewater
3|Bausch Health US LLC|400 Somerset Corporate Blvd.||Bridgewater
3|Bausch & Lomb Americas Inc|400 Somerset Corporate Blvd.||Bridgewater
3|Lorhan Corporation Inc|400 South Ave|STE 9|MIDDLESEX
3|Kollasoft Inc|400 South Ave|Suite 7|Middlesex
3|Agiletal Technologies Inc|400 South Ave|Suite 8|Middlesex
3|VensIT Corp|4000 Bordentown Ave|Ste 36|sayreville
3|VensIT Corp|4000 Bordentown Ave|Ste 36|Sayreville
3|DATAMETRICS SOFTWARE SYSTEMS INC|4000 Bordentown Ave|Suite 36|Sayreville
3|HNF LOGISTICS INC|401 Hackensack Ave|Ste 702|Hackensack
3|EOS Accountants LLP|401 Hackensack Ave|Suite 1001|Hackensack
3|UTRON SYSTEMS INC|401 Hackensack Ave|Suite 505|Hackensack
3|EOS Accountants LLP|401 Hackensack Avenue|Suite 1001|Hackensack
3|Broad U.S.A. Inc|401 Hackensack Avenue|Suite 503|Hackensack
3|HNF Logistics Inc|401 Hackensack Avenue|Suite 702|Hackensack
3|MCUBE SOFT LLC|410 PRINCETON HIGHTSTOWN ROAD||WEST WINDSOR TOWNSHIP
3|MCUBESOFT LLC|410 PRINCETON HIGHTSTOWN ROAD||WEST WINDSOR TOWNSHIP
3|MCUBESOFT LLC|410 PRINCETON HIGHTSTOWN ROAD||WEST WINDSOR
3|COMPUGRA SYSTEMS INC|4105 US HIGHWAY 1|STE 11|MONMOUTH JCT
3|COMPUGRA SYSTEMS INC|4105 US HIGHWAY 1|SUITE 11|MONMOUTH JCT
3|COMPUGRA SYSTEMS INC|4105 US HIGHWAY 1|SUITE 11|MONMOUTH JUNCTION
3|NInfo Systems Inc|4105 US Highway 1|Suite 14|Monmouth Junction
3|AROHAK INC|4105 US Highway 1|Suite 16|Monmouth Junction
3|Arohak Inc|4105 US Highway 1|Suite 16|Monmouth Junction
3|DIGITRAN TECH SOLUTIONS INC|4250 Route 1|Ste 109|Monmouth Junction
3|ETOC CORPORATION|4250 Route 1|Suite 101|Monmouth Junction
3|DSBridge Corp.|4250 Route 1|Suite 150|Monmouth Junction
3|Dow Jones and Company|4300 N Route 1||Monmouth Junction
3|MarketWatch|4300 N Route 1||Monmouth Junction
3|Dow Jones and Company Inc|4300 N Route 1||Monmouth Junction
3|O3 TECHNOLOGY SOLUTIONS LLC|4365 ROUTE 1 SOUTH|STE 207|PRINCETON
3|APPLAB SYSTEMS INC|4365 ROUTE 1 SOUTH|SUITE 105|PRINCETON
3|E-BUSINESS INTERNATIONAL INC|4365 ROUTE 1 SOUTH|SUITE 212|PRINCETON
3|O3 Technology Solutions LLC|4365 Route 1 South|STE 207|Princeton
3|Sri Pharmatech Inc|4365 Route 1 South|Suite 208|Princeton
3|E-Business International Inc|4365 Route 1 South|Suite 212|Princeton
3|FINACLE SOFT INC|4365 US ROUTE 1|STE 203|PRINCETON
3|MP INFOTECH CORP.|4365 US ROUTE 1|SUITE 202|PRINCETON
3|FINACLE SOFT INC|4365 US ROUTE 1|SUITE 203|PRINCETON
3|COMPUNNEL SOFTWARE GROUP INC|4390 ROUTE 1 NORTH|SUITE 302|PRINCETON
3|COMPUNNEL SOFTWARE GROUP INC|4390 ROUTE 1 NORTH|SUITE- 302|PRINECTON
3|COMPUNNEL SOFTWARE GROUP INC|4390 ROUTE 1 NORTH|SUITE- 302|PRINCETON
3|Ingenworks LLC|4390 US Highway 1|STE 305|Princeton
3|Infer Solutions Inc|4390 US Highway 1|Ste 302|Princeton
3|Millennium Info Tech Inc|4390 US Highway 1|Suite 121|Princeton
3|Zenith Services Inc|4390 US Route One|STE 312|Princeton
3|ZENITH SERVICES INC|4390 US Route One|Suit 312|Princeton
3|Zenith Services Inc|4390 US Route One|Suite 312|Princeton
3|Momento USA LLC|440 Benigno Blvd.|Suite A-5, 2nd Floor|Bellmawr
3|Momento USA LLC|440 Benigno Blvd.|Unit A, Second Floor|Bellmawr
3|Momento USA LLC|440 Benigno Blvd.|Unite A-5, Second Floor|Bellmawr
3|FAQ SYSTEMS INC|4400 Route 9 South|Ste 1000|Freehold
3|Chromocell Therapeutics Corporation|4400 Route 9 South|Suite 1000|Freehold
3|Stonegate Technologies LLC|4400 Route 9 South|Suite 1000|Freehold
3|CCA Civil Inc|445 South Street|Suite 310|Morristown
3|Reworld Projects LLC|445 South Street||Morristown
3|Covanta Projects LLC|445 South Street||Morristown
3|Sandstone Structures LLC|456 Nordhoff Pl|Suite - C2|Englewood
3|Sandstone Structures LLC|456 Nordhoff Pl|Suite C2|Englewood
3|Bravon Capital LLC|456 Nordhoff Pl||Englewood
3|Elementis Specialities Inc|469 Old Trenton Road||East Windsor
3|Elementis Specialties Inc|469 Old Trenton Road||East Windsor
3|Elementis Global LLC|469 Old Trenton Road||East Windsor
3|Omni Eye Specialists, P.A.|485 Route 1 South|Building A|Iselin
3|Grocery Haulers Inc|485 Route 1 South|Building F, Suite 310|Iselin
3|Flex Consulting Group Inc|485 Route 1 South|Suite 4B|Edison
3|iCreditWorks Inc|485 US Highway 1 South, Building E|Suite 210|ISELIN
3|iCreditWorks LLC|485 US Highway 1 South, Building E|Suite 210|Iselin
3|iCreditWorks LLC|485 US Highway 1 South, Building E|Suite 210|ISELIN
3|3B Staffing LLC|485B US Highway 1 South|STE 300|Iselin
3|3B Staffing LLC|485B US Highway 1 South|Suite 300|Iselin
3|3B Staffing LLC|485B US Highway 1 South|Suite 300|ISELIN
3|Apex Technology Group Inc|499 Plainfield Avenue|Suite 1, 2nd Floor|Edison
3|Apex Technology Group Inc|499 Plainfield Avenue|Suite 2A|Edison
3|Apex Technology Group Inc|499 Plainfield Avenue|Suite 2A, 2nd Floor|Edison
3|VERTIV INC|5 Vaughn Drive|SUITE 307|PRINCETON
3|Groupsoft US Inc|5 Vaughn Drive|Suite 150|Princeton
3|Business Intelligence Solutions Inc|5 Vaughn Drive|Suite 307|Princeton
3|BEACONFIRE SOLUTION INC|50 MILLSTONE ROAD|BLDG. 300, SUITE 120|EAST WINDSOR
3|INVICTECH INC|50 MILLSTONE ROAD|BLDG. 400, SUITE 200|EAST WINDSOR
3|ON BOARD ENGINEERING CORPORATION|50 MILLSTONE ROAD|BUILDING 300, SUITE 110|EAST WINDSOR
3|BeaconFire Solution Inc|50 Millstone Road, Building 300|Suite 120|East Windsor
3|Beaconfire Solution Inc|50 Millstone Road, Building 300|Suite 120|EAST WINDSOR
3|Beaconfire Solution Inc|50 Millstone Road, Building 300|Suite 120|East Windsor
3|TK-CHAIN LLC|500 COLLEGE ROAD EAST|STE 202|PRINCETON
3|TK-CHAIN LLC|500 COLLEGE ROAD EAST|SUITE 202|PRINCETON
3|PAMTEN INC|500 COLLEGE ROAD EAST|SUITE 234|PRINCETON
3|PamTen Inc|500 College Road E|STE 234|Princeton
3|Symbiance Inc|500 College Road E|Suite 415|Princeton
3|Accurant Biotech Inc|500 College Road E||Princeton
3|Solvay USA LLC|504 Carnegie Center||Princeton
3|Solvay Chemicals Inc|504 Carnegie Center||Princeton
3|Solvay USA Inc|504 Carnegie Center||Princeton
3|RAYONSOFT TECHNOLOGIES INC|505 THORNALL STREET|SUITE 207|EDISON
3|BERDYEV LAW, P.C.|505 THORNALL STREET|SUITE 301|EDISON
3|AKVARR INC|505 THORNALL STREET|Suite 406|EDISON
3|SECUREAPP TECHNOLOGIES|510 THORNALL ST|343|EDISON
3|IT TRAILBLAZERS LLC|510 THORNALL ST|SUITE 306|EDISON
3|SECUREAPP TECHNOLOGIES|510 THORNALL ST|SUITE 343|EDISON
3|Ana-Data Consulting Inc|515 Jefferson St|1st Floor|Hoboken
3|Ana-Data Consulting Inc|515 Jefferson St|FL 1|Hoboken
3|Ana-Data Consulting Inc|515 Jefferson St|Suite 101|Hoboken
3|COMPREHENSIVE HEALTHCARE SYSTEMS INC|515 PLAINFIELD AVE|STE 103|EDISON
3|DIASPARK INC|515 PLAINFIELD AVE|SUITE 1|EDISON
3|STAFFWORXS LLC|515 PLAINFIELD AVE|SUITE 201|EDISON
3|Diaspark Inc|515 Plainfield Ave|Suite 1|Edison
3|Data S Solutions LLC|515 Plainfield Ave|Suite 104|Edison
3|NEO TECH SOLUTIONS INC|515 Plainfield Ave|Suite 204|Edison
3|INTELLECTT INC|517 ROUTE 1 S.|SUITE 1115|ISELIN
3|BI LABS INC|517 ROUTE 1 S.|SUITE 1116|ISELIN
3|INTELLECTT INC|517 ROUTE 1 S.|SUITE 2103|ISELIN
3|Priamba Soft LLC|517 RT 1 S|SUIOTE 1193|ISELIN
3|Priamba Soft LLC|517 RT 1 S|SUITE 1193|ISELIN
3|PRIAMBA SOFT LLC|517 RT 1 S|SUITE 1193|ISELIN
3|Priamba Soft LLC|517 Route 1 S|SUITE 1193|ISELIN
3|Intellectt Inc|517 Route 1 S|SUITE 2103|Iselin
3|Intellectt Inc|517 Route 1 S|Suite 2103|Iselin
3|Intellectt Inc|517 Rt 1 South|1115|Iselin
3|Priamba Soft LLC|517 Rt 1 South|SUITE 1193|ISELIN
3|Intellectt Inc|517 Rt 1 South|Suite 1115|Iselin
3|PRIAMBA SOFT LLC|517 US HWY 1 S|SUITE 1193|ISELIN
3|Priamba Soft LLC|517 US HWY 1 S|SUITE 1193|ISELIN
3|PRIAMBA SOFT LLC|517 US HWY 1 S|SUITE1193|ISELIN
3|ProDes E&T Inc|52 Brunswick Woods Dr||East Brunswick
3|ProDes E & T Inc|52 Brunswick Woods Dr||East Brunswick
3|ProDes E& T Inc|52 Brunswick Woods Dr||East Brunswick
3|CHINA CONSTRUCTION AMERICA INC|525 WASHINGTON BLVD., NEWPORT TOWER|31ST FLOOR|JERSEY CITY
3|CHINA CONSTRUCTION INC|525 WASHINGTON BLVD., NEWPORT TOWER|31ST FLOOR|JERSEY CITY
3|CCA CONSTRUCTION INC|525 WASHINGTON BLVD., NEWPORT TOWER|31ST FLOOR|JERSEY CITY
3|Flexible Architecture and Simplified Technology Inc|545 Washington Street||Jersey City
3|Flexible Architecture and Simplified Technology Inc (d/b/a FAST)|545 Washington Street||Jersey City
3|Insurance Services Office Inc|545 Washington Street||Jersey City
3|Innodata Inc|55 Challenger Road|Suite 202|Ridgefield Park
3|UFlex Packaging Inc|55 Challenger Road|Suite 203|Ridgefield Park
3|AMERICAN STOCK TRANSFER & TRUST COMPANY LLC|55 Challenger Road||Ridgefield Park
3|Sanofi-Aventis US LLC|55 Corporate Drive||Bridgewater
3|Chattem Inc|55 Corporate Drive||Bridgewater
3|Sanofi US Services Inc|55 Corporate Drive||Bridgewater
3|Excelsior Engineering and Land Surveying, P.C.|560 Sylvan Ave|Ste 1200|Englewood Cliffs
3|Excelsior Engineering Services P.C.|560 Sylvan Ave|Suite 1200|Englewood Cliffs
3|CESNA GROUP INC|560 Sylvan Ave|Suite 2165|Englewood Cliffs
3|Fotile America LLC|6 Campus Drive|Suite 210|Parsippany
3|Katena Products Inc|6 Campus Drive|Suite 310|Parsippany
3|Lumanity Creative Strategy and Engagement Inc|6 Campus Drive||Parsippany
3|Service Support Specialties Inc|6 Mars Court|P.O. Box 365|Montville
3|Service Support Specialties Inc|6 Mars Court|Unit 7|Montville
3|Service Support Specialties Inc|6 Mars Court||Montville
3|KAIZEN TECHNOLOGIES INC|6 Moyse Place|Suite 201|Edison
3|RICHMOND GREEN INC|6 Moyse Place|Suite 302|Edison
3|RICHMOND GREEN INC|6 Moyse Place|Suite 302|Edison,
3|Verans Business Solutions Inc|6 kilmer road|Suit F|Edison
3|Verans Business solutions inc|6 kilmer road|Suite F|Edison
3|Verans Business Soluations Inc|6 kilmer road|Suite f|Edison
3|National Exchange Carrier Association Inc|60 Columbia Road|Building A Second Floor|Morristown
3|National Exchange Carrier Associate Inc|60 Columbia Road|Building A, 2nd Floor|Morristown
3|National Exchange Carrier Association Inc|60 Columbia Road|Building A, Second Floor|Morristown
3|AMA Global Technology Inc|600 International Dr||Budd Lake
3|TMP Direct LLC|600 International Dr||Budd Lake
3|Ama Global Technology Inc|600 International Dr||Budd Lake
3|NEW JERSEY REHAB EXPERTS|610 WASHINGTON BLVD.|N/A|JERSEY CITY
3|NEW JERSEY REHAB EXPERTS LLC|610 WASHINGTON BLVD.|N/A|JERSEY CITY
3|NEW JERSEY REHAB EXPERTS LLC|610 WASHINGTON BLVD.||JERSEY CITY
3|Heaven Spice USA LLC|6400 Hadley Road||S Plainfield
3|Heaven Spice USA LLCA|6400 Hadley Road||S Plainfield
3|Heaven Spice USA LLC|6400 Hadley Road||South Plainfield
3|Zettalogix Inc|66 Middlesex Ave|Ste 309|ISELIN
3|Zettalogix Inc|66 Middlesex Ave|Ste 309|Iselin
3|Helenzys Inc|66 Middlesex Ave|Suite 302|Iselin
3|ADLAI NORTYE USA INC|685 US Highway One|2ND Floor|North Brunswick Township
3|Bionex Pharmaceuticals LLC|685 US Highway One|2nd Floor|North Brunswick
3|Sonder Medicine Inc|685 US Highway One||North Brunswick
3|ForDoz Pharma Corp|69 Princeton Hightstown Road||East Windsor
3|ForDoz Pharma Corp.|69 Princeton Hightstown Road||East Windsor
3|Fordoz Pharma Corp.|69 Princeton Hightstown Road||East Windsor
3|LUCID TECHNOLOGIES|7 BRIAROADALE CT||PLAINSBORO
3|Lucid Technologies LLC|7 BRIAROADALE CT||Plainsboro
3|LUCID TECHNOLOGIES LLC|7 BRIAROADALE CT||PLAINSBORO
3|BINARYQUEST INC|7 LINCOLN HIGHWAY,|SUITE 227B|EDISON
3|BINARYQUEST INC|7 LINCOLN HIGHWAY,|SUITE 227B,|EDISON
3|BINARYQUEST INC|7 LINCOLN HIGHWAY,|SUITE 227B,|EDISON,
3|Esjay Pharma LLC|70 Lake Drive||East Windsor
3|ESJAY PHARMA LLC|70 Lake Drive||EAST WINDSOR
3|Novitium Pharma LLC|70 Lake Drive||East Windsor
3|Lingraphicare America Inc|700 Alexander Park Drive|Suite 101|Princeton
3|Softcrylic|700 Alexander Park Drive|Suite 303|Princeton
3|Softcrylic LLC|700 Alexander Park Drive|Suite 303|Princeton
3|Boxzooka eFulfillment LLC|700 Penhorn Ave|3|Secaucus
3|Boxzooka eFulfillment LLC|700 Penhorn Ave|Ste 3|Secaucus
3|Advanced Warehouse Inc|700 Penhorn Ave|Unit 1|Secaucus
3|Holsman Healthcre LLC|710 Mill Street|Suite H3|Belleville
3|Holsman Healthcare LLC|710 Mill Street|Suite H3|Belleville
3|Holsman Healthcare LLC|710 Mill Street|Unit H3|Belleville
3|Stake Trade Inc|720 Monroe Street|E-513|Hoboken
3|ZOKU LLC|720 Monroe Street|Suite C308|Hoboken
3|BE LINGUAL PRESCHOOL LIMITED LIABILITY COMPANY|720 Monroe Street|Suite E105-106|Hoboken
3|QUALITY ASSURED PRODUCE INSPECTIONS|73 Stockington Road|N/A|SICKLERVILLE
3|Quality Assured Produce Inspection|73 Stockington Road||Woodstown
3|Quality Assured Produce Inspection East LLC|73 Stockington Road||Woodstown
3|Gulf Cable LLC|777 Terrace Avenue|Suite 101|Hasbrouck Heights
3|Wind Turbine and Energy Cables Corp.|777 Terrace Avenue|Suite 101|Hasbrouck Heights
3|DMR Architects|777 Terrace Avenue|Suite 607|Hasbrouck Heights
3|Accutar Biotechnology Inc|8 Clarke Drive|Suite 4|Cranbury
3|Accutar Biotechnology INC|8 Clarke Drive|Suite 4|Cranbury
3|Iris ID Systems Inc|8 Clarke Drive||Cranbury
3|PSEG Services Corporation|80 Park Plaza|Floor 10|Newark
3|PSEG Services Corporation|80 Park Plaza|T5|Newark
3|Public Service Electric and Gas Company|80 Park Plaza|T5|Newark
3|Daekyo America Inc|800 Kinderkamack Road|100 S|Oradell
3|ELDERWOOD LLC|800 Kinderkamack Road|Ste 100S|Oradell
3|Nexal Inc|800 Kinderkamack Road|Suite 100 (office 150)|Oradell
3|Regional Vision Consultants, L.L.C|81 East State Route 4|Suite 103|Paramus
3|Regional Vision Consultants LLC|81 East State Route 4|Suite 103|Paramus
3|Regional Vision Consultants, L.L.C.|81 East State Route 4||Paramus
3|Stellar IT Solutions LLC|812 State ROAD|STE 230|Prnceton
3|Stellar IT Solutions LLC|812 State ROAD|STE 230|Princeton
3|Stellar IT Solutions LLC|812 State ROAD|Suite 230|Princeton
3|Stellar IT Solutions LLC|812 State Road|STE 230|Princeton
3|MU Health Inc|812 State Road|Suite 101|Princeton
3|Stellar IT Solutions LLC|812 State Road|Suite 230|Princeton
3|CAMcare|817 Federal Street||Camden
3|Camcare Health Corporation|817 Federal Street||Camden
3|CAMcare Health Corporation|817 Federal Street||Camden
3|Triplecom Inc|825 Georges Road, Floor 2|Suite 3|North Brunswick
3|VENSIT CORP|825 Georges Road, Floor 2|Suite 3|North Brunswick
3|DATAMETRICS SOFTWARE SYSTEMS INC|825 Georges Road, Floor 2|Suite 3|North Brunswick
3|Samsung Electronics America Inc|85 Challenger Road|Ridgefield Park|Ridgefield Park
3|Samsung Electronics America Inc|85 Challenger Road||Ridgefield Park
3|SAMSUNG ELECTRONICS AMERICA INC|85 Challenger Road||Ridgefield Park
3|DICE IT SOLUTIONS LLC|850 CAROLIER LN.|1ST FLOOR|NORTH BRUNSWICK
3|BABATEK INC|850 CAROLIER LN.|1ST FLOOR, SUITE 103|NORTH BRUNSWICK
3|BABATEK INC|850 CAROLIER LN.|SUITE 103, 1ST FLOOR|NORTH BRUNSWICK
3|JPC MERGER SUB LLC|853 Nottingham Way||Trenton
3|JPC Merger Sub LLC|853 Nottingham Way||Hamilton Township
3|JPC Merger SUB LLC|853 Nottingham Way||Hamilton TWP
3|Genscript USA Inc|860 Centennial Avenue||Piscataway
3|GenScript ProBio USA Inc|860 Centennial Avenue||Piscataway
3|GenScript USA Inc|860 Centennial Avenue||Piscataway
3|Dolcas Biotech LLC|9 Lenel Road||Landing
3|Unique Encapsulation Tecnology LLC|9 Lenel Road||Landing
3|Unique Encapsulation Technology LLC|9 Lenel Road||Landing
3|The Dietz Partnership LLC|90 E Halsey Road|Suite 201|Parsippany
3|Amartyaaya LLC|90 E Halsey Road|Suite 330|Parsippany-Troy Hills
3|MB IT Associates LLC|90 E Halsey Road|Suite 360|Parsippany
3|Keri Engineering PC|911 Springfield Road|2nd Floor, Suite 2|Union
3|KeRi Engineering PC|911 Springfield Road|Suite 2|Union
3|Keri Engineering PC|911 Springfield Road|Suite 2|Union
3|Pershing LLC|95 Christopher Columbus Drive|1 Pershing Plaza|Jersey City
3|HireBeat Inc|95 Christopher Columbus Drive|Floor 16|Jersey City
3|HireBeat Inc|95 Christopher Columbus Drive||Jersey city
3|Barnabas Health Inc|95 Old Short Hills Road||West Orange
3|Barnabas Health Medical Group, PC|95 Old Short Hills Road||West Orange
3|Barnabas Health Medical Group, P.C.|95 Old Short Hills Road||West Orange
3|Active Enterprise Solutions LLC|991 US Highway 22|Suite 200|Bridgewater
3|Azista USA Inc|991 US Highway 22|Suite 200|Bridgewater
3|BRIGHT VISION TECHNOLOGIES LLC|991 US Highway 22|Suite 200|Bridgewater
3|The Trustees of Princeton University|C/O Davis International Center|Louis A Simpson International Building A45|Princeton
3|The Trustees of Princeton University|C/O Davis International Center|Louis Simpson International Building - A48|Princeton
3|The Trustees of Princeton University|C/O Davis International Center|Louis Simpson International Building, A45|Princeton
3|Building Materials Manufacturing Corporation|One Campus Drive||Parsippany
3|Building Materials Manufacturing Corp.|One Campus Drive||Parsippany
3|Building Materials Manufacturing LLC|One Campus Drive||Parsippany
3|J. Knipper & Company Inc|One Healthcare Way||Lakewood
3|J. Knipper and Company Inc|One Healthcare Way||Lakewood
3|KnippeRx Inc|One Healthcare Way||Lakewood
3|Panasonic Corporation of North America|Two Riverfront Plaza|IHR|Newark
3|Panasonic Corporation of North America|Two Riverfront Plaza||Newark
3|Panasonic Corporation of North America (PNA)|Two Riverfront Plaza||Newark
3|Guy Carpenter & Company LLC|WATERFRONT CORPORATE CENTER|121 RIVER ST|HOBOKEN
3|Mercer US Inc|WATERFRONT CORPORATE CENTER|121 RIVER STREET|HOBOKEN
3|Mercer Health & Benefits LLC|WATERFRONT CORPORATE CENTER|121 RIVER STREET|HOBOKEN
3|Virtua Health Inc|c/o  Legal, 303 Lippincott Drive|3rd Floor, Corporate Offices - Legal|Marlton
3|Virtua Medical Group PA|c/o  Legal, 303 Lippincott Drive|3rd Floor, Corporate Offices - Legal|Marlton
3|Virtua Health Inc|c/o  Legal, 303 Lippincott Drive|4th Floor, Corporate Offices|Marlton
2|KAIZEN TECHNOLOGIES INC|1  Lincoln Highway|Suite 10|Edison
2|Alert Home Services Corporation|1  Lincoln Highway|Suite 12|Edison
2|SAI CPA SERVICES LLC|1 Auer CT|2nd Floor|East Brunswick
2|SAI CPA SERVICES|1 Auer CT||East Brunswick
2|Synerzy Software Solutions Inc|1 Austin Ave|2nd Floor|Iselin
2|SYNERZY SOFTWARE SOLUTIONS INC|1 Austin Ave|2nd floor|Iselin
2|Hindu Temple and Cultural Society|1 Balaji Temple Drive||Bridgewater
2|Hindu Temple and Cultural Society of USA Inc|1 Balaji Temple Drive||Bridgewater
2|Becton, Dickinson and Company|1 Becton Dr||Franklin Lakes
2|Berra Holdings II LLC|1 Becton Dr||Franklin Lakes
2|Becton, Dickinson and Company|1 Becton Dr.||Franklin Lakes
2|Becton, Dickinson And Company|1 Becton Dr.||Franklin Lakes
2|Beaver Concrete Construction Co Inc|1 Bethany Road|Suite 40, BLDG 2|Hazlet
2|Beaver Concrete Construction Co Inc|1 Bethany Road|Suite 68 ,BLDG 5|Hazlet
2|Vision Management LLC|1 Bloomfield Avenue|2nd floor|Mountain Lakes
2|Vision Management LLC|1 Bloomfield Avenue||Mountain Lakes
2|Commvault Systems Inc|1 Commvault Way|N/A|Tinton Falls
2|Commvault Systems Inc|1 Commvault Way||Tinton Falls
2|TechDemocracy LLC|1 Corporate Place South|Suite 110|Piscataway
2|ASHRA TECH INC|1 Corporate Place South|Suite 120|Piscataway
2|Advanced Infrastructure Design INC|1 Crossroads Drive||Hamilton
2|Advanced Infrastructure Design Inc|1 Crossroads Drive||Hamilton
2|Orthobond Corporation|1 Deerpark Drive|Suite A|Monmouth Junction
2|Kanvas Biosciences Inc|1 Deerpark Drive|Suite G5|Monmouth Junction
2|TAURUS FINANCIAL LLC|1 EVERTRUST PLAZA|SUITE 305|JERSEY CITY
2|DRESDNER ROBIN ENVIRONMENTAL MANAGEMENT INC|1 EVERTRUST PLAZA|SUITE 901|JERSEY CITY
2|ARKAS LOGISTICS USA INC|1 EVERTRUST PLAZA  1203||JERSEY CITY
2|ARKAS LOGISTICS USA INC|1 EVERTRUST PLAZA  1203||Jersey City
2|Celltrion USA Inc|1 Evertrust Plaza|Suite 1207|Jersey City
2|Evergreen Shipping Agency America Corporation|1 Evertrust Plaza||Jersey City
2|Shriji Polymers LLC|1 Graphics Drive||Ewing
2|Shriji Polymers LLC|1 Graphics Drive||Ewing Township
2|RIVERSIDE PEDIATRIC GROUP, P.C.|1 HARMON PLAZA|FLOOR 10|SECAUCUS
2|OPTUM MEDICAL CARE OF NEW JERSEY, P.C.|1 HARMON PLAZA|FLOOR 10|SECAUCUS
2|Chapman Environmental Services|1 Industrial Way West|Bldg A Ste N|Eatontown
2|Chapman Inc|1 Industrial Way West|Bldg A Ste N|Eatontown
2|Metrixlab US Inc|1 MAIN STREET|SUITE 205|CHATHAM
2|METRIXLAB US INC|1 MAIN STREET|SUITE 205|CHATHAM
2|Ensinger Inc|1 Main St||Grenloch
2|Ensinger Grenloch Inc|1 Main St||Grenloch
2|Massive Dynamics LLC|1 Palmer Square|STE 530|Princeton
2|Axiom Healthcare Strategies LLC|1 Palmer Square|Suite 515|Princeton
2|Global Systems Search Inc|1 Pin Oak Road||West Caldwell
2|Global Systems Search Inc|1 Pin Oak Road||Caldwell
2|Naustone LLC|1 Primrose Ln|2E Apartment|Fords
2|Naustone LLC|1 Primrose Ln|Apartment 2E|Fords
2|PMV Pharmaceuticals|1 Research Way||Princeton
2|Sys-Tech Solutions Inc|1 Research Way||Princeton
2|ACS Scientific Inc|1 Russo Place|STE 4|Berkeley Heights
2|ACS scientific Inc|1 Russo Place|Suite 4|Berkeley Heights
2|Avsi Systems LLC|1 Segal Drive||Freehold
2|AVSI Systems LLC|1 Segal Drive||Freehold
2|APICORE LLC|1 TOWER CENTER  BLVD|2301|EAST BRUNSWICK
2|APICORE LLC|1 TOWER CENTER  BLVD|FLOOR 23|EAST BRUNSWICK
2|Orion Resolution and Resources LLC|1 Tower Center Blvd,|Suite 1510|East Brunswick
2|DATACLOUD TECHNOLOGIES LLC|1 Tower Center Blvd,|Suite 1510-06|East Brunswick,
2|Maxnet Technologies LCC|1 UNIVERSITY PLZ|STE 624|HACKENSACK
2|223757237|1 UNIVERSITY PLZ|STE 624|HACKENSACK
2|BlackRock Financial Management Inc|1 University Square Drive - 3rd Flr.||Princeton
2|BlackRock Investment Management LLC|1 University Square Drive - 3rd Flr.||Princeton
2|eFront Financial Solutions Inc|1 University Square Drive 5th Floor||Princeton
2|BLACKROCK FINANCIAL MANAGEMENT INC|1 University Square Drive 5th Floor||Princeton
2|Avyxa Pharma LLC|1 Upper Pond Road|Building E, 4th Floor|Parsippany
2|Edenbridge Pharmaceuticals LLC|1 Upper Pond Road|Suite D250|Parsippany
2|Maestro Technologies Inc|1 W State Street|Floor 2|Trenton
2|Orison Solutions LLC|1 W State Street|STE 306|Trenton
2|Santhi & Sunil Consultancy LLC|1 Westmont Dr||Medford
2|S & S Consultancy LLC|1 Westmont Dr||Medford
2|Garonit Pharmaceutical Inc|10 A MADISON ROAD||FAIRFIELD
2|Garonit Pharmaceuticals|10 A MADISON ROAD||FAIRFIELD
2|Persian Area Rugs LLC|10 East Park Dr|Suite B|Westampton
2|Persian Area Rugs LLC|10 East Park Dr||Westampton
2|Variscale Service & Engineering Inc|10 Enterprise Ave N||Secaucus
2|Variscale Services & Engineering Inc|10 Enterprise Ave N||Secaucus
2|RADCOM Inc|10 Forest Avenue|Suite 304|Paramus
2|RADCOM|10 Forest Avenue|Suite 304|Paramus
2|SpaceAge Consulting Corp.|10 Huron Avenue|Suite 1N|Jersey City
2|SpaceAge Consulting Corp|10 Huron Avenue|Suite 1N|Jersey City
2|InvaGen Pharmaceuticals Inc|10 Independence Blvd|Suite 300|Warren
2|Cipla USA Inc|10 Independence Blvd|Suite 300|Warren
2|Cipla USA Inc|10 Independence Boulevard|Suite 300|Warren
2|Pharming Healthcare Inc|10 Independence Boulevard|Suite 401|Warren
2|APNAR PHARMA LLP|10 LAKE DRIVE||EAST WINDSOR
2|Apnar Pharma LLP|10 LAKE DRIVE||EAST WINDSOR
2|Apnar Pharma LLC|10 Lake Drive||East Windsor
2|Apnar Pharma LLP|10 Lake Drive||East Windsor
2|Revision Technologies inc|10 Station Place|Ste 12|Metuchen
2|Revision Technologies Inc|10 Station Place|Ste 12|Metuchen
2|Zoetis Inc|10 Sylvan Way||Parsippany
2|Zoetis Inc|10 Sylvan Way||Parisppany
2|Bobst North America|10 Waterview Blvd.|Suite 100|Parsippany
2|Bobst North America Inc|10 Waterview Blvd.|Suite 100|Parsippany
2|Dental Health Associate, PA|10 Woodbridge Center|Suite 520|Woodbridge
2|Dental Health Associates, PA|10 Woodbridge Center|Suite 520|Woodbridge
2|BAYER U.S. LLC|100 BAYER BLVD.||WHIPPANY
2|BAYER HEALTHCARE LLC|100 BAYER BLVD.||WHIPPANY
2|Bayer U.S. LLC|100 Bayer Blvd.||Whippany
2|BAYER U.S. LLC|100 Bayer Blvd.||Whippany
2|BEYONDSPRING PHARMACEUTICALS INC|100 Campus Drive, West Side|4th Floor, Ste 410|Florham Park
2|Seed Therapeutics US Inc|100 Campus Drive, West Side|4th Floor, Suite 410|Florham Park
2|Bavelle Technologies Group LLC|100 Eagle Rock Avenue|Ste 301|East Hanover
2|Bavelle Technologies Group LLC|100 Eagle Rock Avenue||East Hanover
2|CLASSIC COMPUTERS CORORATION|100 FRANKLIN SQUARE DRIVE|SUITE 207|SOMERSET
2|AVYA SOLUTIONS INC|100 FRANKLIN SQUARE DRIVE|SUITE 471|SOMERSET
2|Serimatrix Inc|100 Franklin Square Dr, Suite 469|N/A|Somerset
2|Serimatrix Inc|100 Franklin Square Dr, Suite 469||Somerset
2|Viswam LLC|100 Horizon Center Blvd|1st Floor|Hamilton Township
2|Vai Consultancy Services LLC|100 Horizon Center Blvd||Hamilton Township
2|Prospecta Software LLC|100 Horizon Center Boulevard|1st & 2nd Floors|Hamilton
2|Prospecta Software LLC|100 Horizon Center Boulevard|1st and 2nd Floors|Hamilton
2|Care Bio Clinical Corp|100 International Drive||Budd Lake
2|LabQ Clinical Diagnostics|100 International Drive||Budd Lake
2|BAANYAN SOFTWARE SERVICES INC|100 METROPLEX DR|SUITE 100|EDISON
2|GEEKSOFT LLC|100 METROPLEX DR|SUITE 304|EDISON
2|Shore Memorial Physicians Group PC|100 Medical Center Way||Somers Point
2|Shore Memorial Hospital|100 Medical Center Way||Somers Point
2|Sanofi US Services Inc|100 Morris Street||Morristown
2|Sanofi-Aventis US LLC|100 Morris Street||Morristown
2|STAFFLABS INC|100 Overlook Center, 2nd Floor||Princeton
2|PharmaACE LLC|100 Overlook Center, 2nd Floor||Princeton
2|Sevenhills IT Solutions LLC|100 Plainfield Avenue|STE B3|Edison
2|Cinergy Technology Inc|100 Plainfield Avenue|Suite 7|Edison
2|CellTein LLC|100 Randolph Road||Somerset
2|Celltein LLC|100 Randolph Road||Somerset
2|SUMMIT IMPORT CORP|100 SUMMIT PLACE||JERSEY CITY
2|SUMMIT IMPORT CORP|100 SUMMIT PLACE||Jersey City
2|EISAI INC|100 TICE BOULEVAROAD|N/A|WOODCLIFF LAKE
2|PARTY CITY CORPORATION|100 TICE BOULEVAROAD||WOODCLIFF LAKE
2|Nazar Agency LLC|100 Union Avenue|Suite 160|Cresskill
2|Consilium Assets Limited|100 Union Avenue|Suite 235|Cresskill
2|RELIANT VISION GROUP INC|100 WOOD AVE S,|SUITE 120|ISELIN
2|RELIANT VISION GROUP INC|100 WOOD AVE S,|SUITE 120,|ISELIN
2|Konica Minolta Business Solutions USA Inc|100 Williams Drive||Ramsey
2|Konica Minolta Business Solutions U.S.A. Inc|100 Williams Drive||Ramsey
2|World Insurance Associates LLC|100 Wood Ave South|4th Floor|Iselin
2|Ora Apps Inc|100 Wood Ave South|Suite 115|Iselin
2|Satya Marg Solutions Inc|100 wood ave s,|Suite 202|Iselin
2|Satya Marg Solutions Inc|100 wood ave s,|suite 202|Iselin
2|BMW of North America LLC|100-300 Chestnut Ridge Road|N/A|Woodcliff Lake
2|BMW of North America LLC|100-300 Chestnut Ridge Road||Woodcliff Lake
2|Kean University|1000 Morris Avenue|Office of Human Resources|Union
2|Kean University|1000 Morris Avenue||Union
2|FAIRLEIGH DICKINSON UNIVERSITY|1000 RIVER ROAD|METROPOLITAN CAMPUS|TEANECK
2|FAIRLEIGH DICKINSON UNIVERSITY|1000 RIVER ROAD|METROPOLITAN CAMPUS,|TEANECK
2|FAIRLEIGH DICKINSON UNIVERSITY|1000 River Road|Metropolitan Campus|Teaneck
2|Fairleigh Dickinson University|1000 River Road|Metropolitan Campus|Teaneck
2|Techniqore Solutions Inc|1000 Route 34|Suite 305|Matawan
2|TECHNIQORE SOLUTIONS INC|1000 Route 34|Suite 305|Matawan
2|M2 Resources Inc|1000 WHITE HORSE ROAD|STE 404|VOORHEES
2|M2 Resources Inc|1000 WHITE HORSE ROAD|Ste 404|VOORHEES
2|DATA WAREHOUSE LABS INC|1001 DURHAM AVENUE|SUITE 306|SOUTH PLAINFIELD
2|CORE ITS LIMITED LIABILITY COMPANY|1001 DURHAM AVENUE|SUITE 321|SOUTH PLAINFIELD
2|PVH Corp|1001 Frontier Road||Bridgewater
2|PVH Corp.|1001 Frontier Road||Bridgewater
2|Ortho Clinical Diagnostics Inc|1001 Route 202 North||Raritan
2|Ortho-Clinical Diagnostics Inc|1001 Route 202 North||Raritan
2|ITVORKS INC|101 COLLEGE ROAD EAST|SUITE 302|PRINCETON
2|INTELLILINK TECHNOLOGIES INC|101 COLLEGE ROAD EAST|SUITE 303|PRINCETON
2|Scoville Risk Partners LLC|101 Carnegie Center|Suite 100|Princeton
2|Taiho Oncology Inc|101 Carnegie Center|Suite 101|Princeton
2|APLOMB TECHNOLOGIES INC|101 College Road E, 3rd Floor|STE 301|Princeton
2|IntelliLink Technologies Inc|101 College Road E, 3rd Floor|Suite 303|Princeton
2|Blue Gems ABA NE LLC|101 Eisenhower Pkwy|STE 300|Roseland
2|ORICELL THERAPEUTICS INC|101 Eisenhower Pkwy|Suite 300, Room 327|Roseland
2|BENECIAS LLC|101 INTERCHANGE PLAZA|SUITE 102A|CRANBURY
2|AVANCER CORPORATION|101 INTERCHANGE PLAZA|SUITE 201|CRANBURY
2|Kani Solutions Inc|101 Interchange Plaza|Suite 201|Cranbury
2|Avancer Corporation|101 Interchange Plaza|Suite 201|Cranbury
2|DRI Capital (US) Inc|101 JFK Parkway|3rd floor Suite 3|Short Hills
2|Dun & Bradstreet Inc|101 JFK Parkway||SHORT HILLS
2|K3-Innovations Inc|101 Morgan Ln.|Ste 206|Plainsboro
2|K3-Innovations Inc|101 Morgan Ln.|Suite 206|Plainsboro
2|Mobiquity Inc|101 Wood Ave S|Ste 600|Iselin
2|Mobiquity Inc|101 Wood Ave S|Suite 600|Iselin
2|M Digital|101 college Road E|Suite 303 3rd floor|Princeton
2|M Digital|101 college Road E|Suite 303, 3rd floor|Princeton
2|Feinberg & Associates, PC|1010 Haddonfield-Berlin Road|Suite 411|Voorhees
2|KMA Consulting Engineers Inc|1010 Haddonfield-Berlin Road||Cherry Hill
2|Vyluma Inc|1019 US 202/206|Building K|Bridgewater
2|Nevakar Injectables Inc|1019 US 202/206|Building K|Bridgewater
2|V SOFT INFOWARE INC|103 Carnegie Center, Suite 300||PRINCETON
2|VSOFT INFOWARE INC|103 Carnegie Center, Suite 300||PRINCETON
2|Childsmiles PC Holdings NJ PA|103 Eisenhower Pkwy|Suite 102|Roseland
2|Childsmiles PC Holdings NJ, P.A.|103 Eisenhower Pkwy|Suite 102|Roseland
2|PHA4 LLC|103 SUMMIT AVE|STE A|JERSEY CITY
2|SUMMIT PHARMACY GROUP LLC|103 SUMMIT AVE||JERSEY CITY
2|ECLOUD LABS INC|1030 SAINT GEORGES AVENUE|SUITE 204|AVENEL
2|ASTOGRAPH INC|1030 SAINT GEORGES AVENUE|SUITE 204A|AVENEL
2|Vantez Systems Inc|1030 Stelton Road, Suite 202|N/A|Piscataway
2|Vantez Systems Inc|1030 Stelton Road, Suite 202||Piscataway
2|United IT Inc|1030 Stelton Road, Suite 203|N/A|Piscataway
2|United IT Inc|1030 Stelton Road, Suite 203||Piscataway
2|CLOUDRAY INC|104 INTERCHANGE PLAZA|SUITE 100|MONROE
2|VKAN TECH SOLUTIONS INC|104 INTERCHANGE PLAZA|SUITE 104|MONROE TOWNSHIP
2|CloudRay Inc|104 Interchange Plaza|Ste 100|Monroe
2|CloudRay Inc|104 Interchange Plaza|Suite 100|Monroe
2|BeaconFire Staffing Solutions Inc|104 Windsor Center Dr|Suite 400|East Windsor
2|Beaconfire Staffing Solutions Inc|104 Windsor Center Dr|Suite 400|East Windsor
2|Eisenberg, Gold & Agrawal, P.C.|1040 Kings Highway N|Ste 200|Cherry Hill
2|Eisenberg, Gold & Agarwal, P.C.|1040 Kings Highway N|Ste 200|Cherry Hill
2|The Christian Brothers (New Jersey) Institute|1040 Oradell Avenue||Oradell
2|Christian Brothers (NJ) Institute|1040 Oradell Avenue||Oradell
2|NHS U.S. LLC|1041 US Highway 202/206||Bridgewater
2|NHS US LLC|1041 US Highway 202/206||Bridgewater
2|NeenOpal Inc|105 Lock Street|Suite 219|Newark
2|BCT Partners LLC|105 Lock Street|Suite 311|Newark
2|T.M. Kilduff Consulting Inc|106 Apple Street|Ste 101A|Tinton Falls
2|T.M. Kilduff Consulting Inc|106 Apple Street|Suite 101A|Tinton Falls
2|CONEXUS SOLUTIONS INC|1060 State Road|Suite 102|Princeton
2|CONEXUS SOLUTIONS INC|1060 State Road||Princeton
2|SHP ARCHITECTS LLC|1061 SLOCUM AVENUE|2ND FL|RIDGEFIELD
2|BENELDAN INC|1061 SLOCUM AVENUE||RIDGEFIELD
2|Waldorf School Association of the Princeton Area|1062 Cherry Hill Road||Princeton
2|The Waldorf School Assoc of The Princeton Area|1062 Cherry Hill Road||Princeton
2|XenoBiotic Laboratories Inc, a div. of WuXi|107 Morgan Lane||Plainsboro Township
2|WuXi AppTec Sales LLC|107 Morgan Lane||Plainsboro
2|College Achieve Charter School Central|107 Westervelt Avenue||North Plainfield
2|College Achieve Paterson Charter Schools|107 Westervelt Avenue||North Plainfield
2|NEXZENTEK SOLUTIONS INC|1070 STATE ROUTE 18|SUITE 3A|EAST BRUNSWICK
2|NEXTZENTEK SOLUTIONS INC|1070 STATE ROUTE 18|SUITE 3A|EAST BRUNSWICK
2|SYMBASTECH CORP.|1075 EASTON AVENUE|TOWER 2, STD 6|SOMERSET
2|MENZO TECHNOLOGIES CORP.|1075 EASTON AVENUE|TOWER 2, SUITE 8D|SOMERSET
2|Menzo Technologies Corp|1075 Easton Ave, Tower 2|Suite 8D|Somerset
2|Menzo Technologies Corp|1075 Easton Ave, Tower 2|Suite 8D & 9|Somerset
2|Deaglo Inc|1078 Summit Avenue|PMB 815|Jersey City
2|Deaglo Technologies LLC|1078 Summit Avenue|PMB 815|Jersey City
2|MIRACLE SOLUTIONS LLC|108 LONGVIEW AVENUE|SUITE 200|HACKENSACK
2|TALENTS R US LLC|108 LONGVIEW AVENUE|SUITE 220|HACKENSACK
2|Workmate Inc|109 White Oak Ln|Suite 200 O|Old Bridge
2|Workmate Inc|109 White Oak Ln|Suite 200O|Old Bridge
2|Chetak New York LLC|1090 Springfield Road||Union
2|Deep Foods Inc|1090 Springfield Road||Union
2|BRAINWAVE LABS LLC|11 BRIDGE STREET|BLDG C|METUCHEN
2|S CUBE SOFT INC|11 BRIDGE STREET|BLDG.C|METUCHEN
2|DROPP LOGISTICS LLC|11 CORN ROAD|STE B|DAYTON
2|DROPP LOGISTICS LLC|11 CORN ROAD|SUITE B|DAYTON
2|T&M Associates|11 Tindall Road|N/A|Middletown
2|T&M Associates|11 Tindall Road||Middletown
2|FIRST SOFT SOUTIONS LLC|1100 Cornwall Road,|Ste 101|Monmouth Junction
2|FIRST SOFT SOUTIONS LLC|1100 Cornwall Road,|Ste 101|Monmouth Juntion
2|Copper Point USA LLC|1104 Nelson Pl.||Piscataway
2|Blue Bell USA LLC|1104 Nelson Pl.||Piscataway
2|ALBANESE SOLUTIONS LLC|111 ACKERSON ROAD||BLAIRSTOWN
2|ALBANESE SOLUTIONS|111 ACKERSON ROAD||BLAIRSTOWN
2|Albanese Solutions|111 Ackerson Road||Blairstown
2|Albanese Solutions LLC|111 Ackerson Road||Blairstown
2|LG Electronics U.S.A. Inc|111 Sylvan Ave||Englewood Cliffs
2|LG Electronics Vehicle Components U.S.A. LLC|111 Sylvan Ave||Englewood Cliffs
2|Streamvector Inc|111 Town Square Pl.|Suite 1203|Jersey City
2|Beyond Technologies Consulting (USA) Inc|111 Town Square Pl.|Suite 1203|Jersey City
2|Monteio Capital LLC|111 Townsquare Place|Suite 1203|Jersey City
2|Manteio Capital LLC|111 Townsquare Place|Suite 1203|Jersey City
2|Provident Bank|111 Wood Avenue South||Iselin
2|Ansell Healthcare Products LLC|111 Wood Avenue South||Iselin
2|ELEMENTS CONNECT LLC|1111 MACARTHUR BLVD.||MAHWAH
2|INNOVATION LABS INC|1111 MACARTHUR BLVD.||MAHWAH
2|Innovation Labs Inc|1111 MacArthur Blvd.||Mahwah
2|Morae Packaging Inc|1111 MacArthur Blvd.||Mahwah
2|Farmacy Beauty LLC|1111 MacArthur Boulevard||Mahwah
2|Innovation Labs Inc|1111 MacArthur Boulevard||Mahwah
2|Leading Edge IT LLC|112 Main Road|Suite 4|Montville
2|Big SNOW American Dream|112 Main Road|Suite 400|Montville
2|Azenta Inc|115 Corporate Boulevard||South Plainfield
2|GENEWIZ LLC|115 Corporate Boulevard||South Plainfield
2|International Content Platform Inc|115 River Road|Ste 159|Edgewater
2|Universal Accounting Software Inc|115 River Road|Suite 157|Edgewater
2|Nextrove LLC|116 Village Boulevard, Princeton Forrestal Village|Suite 200|Princeton
2|Nextrove LLC|116 Village Boulevard, Princeton Forrestal Village|Suite 208|Princeton
2|URL Systems Inc|1170 US Highway 22|Suite 100|BRIDGEWATER
2|Softsensor AI LLC|1170 US Highway 22|Suite 307|Bridgewater
2|NUTRA-MED PACKAGING LLC|118 ALGONQUIN PARKWAY||WHIPPANY
2|NUTRA-MED PACKAGING INC|118 ALGONQUIN PARKWAY||WHIPPANY
2|Medical Doctor (MD)|1187 Main Ave|Suite 1F|Clifton
2|TruDoc LLC|1187 Main Ave|Suite 1F|Clifton
2|CANONICAL USA INC|12 Christopher Way|SUITE 102|Eatontown
2|Canonical USA Inc|12 Christopher Way|Suite 102|Eatontown
2|Cibo Vita Inc|12 Vreeland Avenue||Totowa
2|New Cibo Vita LLC|12 Vreeland Avenue||Totowa
2|Kessler Foundation Inc|120 Eagle Rock Aveue|STE 100|East Hanover
2|Kessler Foundation|120 Eagle Rock Aveue|Suite 100|East Hanover
2|Pharmacosmos Therapeutics Inc|120 Headquarters Plaza|East Tower, 6th Floor|Morristown
2|Pharmacosmos Therapeutics Inc|120 Headquarters Plaza|East Tower, 6th floor|Morristown
2|Oradell International Corp|120 Moonachie Avenue||Moonachie
2|Oradell International Corp.|120 Moonachie Avenue||Moonachie
2|CLASSIC COMPUTERS CORPORATION|120 Old Camplain Road|Ste 2A|Hillsborough
2|Radus Tek Services Inc|120 Old Camplain Road|Suite 2D|Hillsborough
2|MAGTECH CONSULTING AND SOLUTIONS DEVELOPMENT CORPORATION|120 SOUTH WHITE HORSE PIKE|SUITE B3|HAMMONTON
2|MAGTECH CONSULTING AND SOLUTIONS DEVELOPMENT CORPORATION|120 SOUTH WHITE HORSE PIKE|SUITE B3,|HAMMONTON
2|Premier Builders Group LLC|120 Sylvan Avenue Suite 301||ENGLEWOOD CLIFFS
2|PREMIER DEVELOPERS LLC|120 Sylvan Avenue Suite 301||ENGLEWOOD CLIFFS
2|New York Technology Partners Inc|120 WOOD AVENUE S|SUITE 504|Iselin
2|SHOOLIN INC|120 WOOD AVENUE S|SUITE 611|ISELIN
2|Shoolin Inc|120 Woods Avenue S|Ste 611|Iselin
2|Shoolin Inc|120 Woods Avenue S|Suite 611|Iselin
2|Shoolin Inc|120 Woods Avenue South|611|Iselin
2|Shoolin Inc|120 Woods Avenue South|Suite 611|Iselin
2|RENAISSANCE LAKEWOOD LLC|1200 Paco Way||Lakewood
2|Renaissance Lakewood LLC|1200 Paco Way||Lakewood
2|TECHNOVIQ CONSULTING SERVICES LLC|1200 ROUTE 22 EAST|SUITE 2000|BRIDGEWATER
2|161 Dev Inc|1200 ROUTE 22 EAST|SUITE 2000|BRIDGEWATER
2|eRay Technologies LLC|1200 Route 22, Suite   2000||Bridgewater,
2|eRay Technologies LLC|1200 Route 22, Suite   2000||Bridgewater
2|ZEALOGICS INC|1200 US HIGHWAY 22 EAST|SUITE 2000|BRIDGEWATER
2|ZEALOGICS LLC|1200 US HIGHWAY 22 EAST|SUITE 2000|BRIDGEWATER
2|ZEALOGICS INC|1200 US HIGHWAY 22E.|SUITE 2000|BRIDGEWATER
2|ZEALOGICS LLC|1200 US HIGHWAY 22E.|SUITE 2000|BRIDGEWATER
2|Navtech Solutions Inc|1200 US-22|Ste 2000|Bridgewater
2|Navtech Solutions Inc|1200 US-22||Bridgewater
2|Primetech Software Services LLC|1208 HOGAN DRIVE||SOUTH PLAINFIELD
2|PRIMETECH SOFTWARE SERVICES LLC|1208 HOGAN DRIVE||SOUTH PLAINFIELD
2|Informetric Systems Inc|121 Chanlon Road|SUITE 320|New Providence
2|Informetric Systems Inc|121 Chanlon Road|Suite 320|New Providence
2|Metro Sport Inc|1221 Valley Road||Stiring
2|Metro Sport Inc|1221 Valley Road||Stirling
2|MARCHETTO HIGGINS STIEVE, PC|1225 WILLOW AVENUE||HOBOKEN
2|MARCHETTO HIGGINS STIEVE PC|1225 WILLOW AVENUE||HOBOKEN
2|Too Express NJ LLC|1226 S 2nd Street||Camden
2|XWAY SOLUTIONS LLC|1226 S 2nd Street||Camden
2|Confinet Solution Inc|1226 US Highway 130|N/A|Robbinsville
2|Xpedite Technologies Inc|1226 US Highway 130|N/A|Robbinsville
2|The Dual Language Charter School|123 Jefferson St||Hoboken
2|Hoboken Dual Language Charter School|123 Jefferson St||Hoboken
2|Hackensack Meridian School of Medicine|123 Metro Boulevard|Suite 3110|Nutley
2|Hackensack Meridian School of Medicine|123 Metro Boulevard|Suite 4110|Nutley
2|Rutgers, The State University of New Jersey|123 Washington Street|n/a|Newark
2|Rutgers, The State University of New Jersey|123 Washington Street|na|Newark
2|VECTOR SYSTEMS INC|1238 ROUTE 34 SOUTH||ABERDEEN
2|KAYTECH INFORMATION SOLUTIONS INC|1238 ROUTE 34 SOUTH||ABERDEEN
2|Patel Healthcare LLC|124 Chelsea Lane|N/A|Colonia
2|Patel Healthcare LLC|124 Chelsea Lane||Colonia
2|MINDSYS INC|1249 S RIVER ROAD|SUITE 102|CRANBURY
2|NUVENTO INC|1249 S RIVER ROAD|SUITE 203|CRANBURY
2|MINDSYS INC|1249 S. RIVER ROAD|SUITE 102|CRANBURY
2|NUVENTO INC|1249 S. RIVER ROAD|SUITE 203|CRANBURY
2|Nuvento Inc|1249 S. River Road|Suite 203|Cranbury
2|AmSpec LLC|1249 S. River Road|Suite 204|Cranbury
2|Fromkin Brothers Inc|125 Clearview Road|Suite 1|Edison
2|Fromkin Brothers Inc|125 Clearview Road||Edison
2|CYGNET INFOTECH LLC|125 VILLAGE BLVD|STE 315|PRINCETON
2|REAL SOFT INC|125 VILLAGE BLVD|SUITE 200|PRINCETON
2|INTERACTION 24 LLC|125 VILLAGE BOULEVAROAD|SUITE 200|PRINCETON
2|CYGNET INFOTECH LLC|125 VILLAGE BOULEVAROAD|SUITE 315|PRINCETON
2|Merck Sharp & Dohme LLC|126 East Lincoln Avenue|P.O. Box 2000|Rahway
2|Merck Sharp & Dohme LLC|126 East Lincoln Avenue||Rahway
2|ADAMS INTERNATIONAL LLC|1275 BLOOMFIELD Ave|Bldg 9 Unit 81|Fairfield
2|ADAMS INTERNATIONAL LLC|1275 BLOOMFIELD Ave|Unit 81|Fairfield
2|ADAMS INTERNATIONAL LLC|1275 Bloomfield Ave|Unit 81|Fairfield
2|HOME EASY LTD|1275 Bloomfield Ave||Fairfield
2|YP Management Inc|1280 NJ-28||Somerville
2|YP MANAGEMENT Inc|1280 NJ-28||SOMERVILLE
2|KBS International LLC|129 Grove Street||Montclaire
2|KBS International LLC|129 Grove Street||Montclair
2|Anestis IT Inc|13 Lakeside Drive North|Suite 101|Piscataway
2|NBS Consult Inc|13 Lakeside Drive North|Suite 101|Piscataway
2|BEST HIGH TECHNOLOGIES LLC|13 ROSZEL ROAD|SUITE C103|PRINCETON
2|BEST HIGH TECHNOLOGIES LLC|13 ROSZEL ROAD|SUITE C204B|PRINCETON
2|BEST HIGH TECHNOLOGIES LLC|13 Roszel Road|STE C204B|Princeton
2|Best High Technologies LLC|13 Roszel Road|Suite C204B|Princeton
2|APOLLO PHARMACY RX LLC|130 SUMMER AVENUE||NEWARK
2|KONICY CORPORATION|130 SUMMER AVENUE||NEWARK
2|PPF Inc|130 Wesley St||South Hackensack
2|Beyond Beauty DMV Inc|130 Wesley St||South Hackensack
2|The Pingry Corporation|131 Martinsville Road||Basking Ridge
2|The Pingry Corporation d/b/a The Pingry School|131 Martinsville Road||Basking Ridge
2|Pinnacle Treatment Centers Inc|1317 Rte 73 N|STE 200|Mount Laurel
2|Pinnacle Treatment Centers Inc|1317 Rte 73 N|Suite 200|Mount Laurel
2|MARYADA TECHNOLOGY GROUP INC|1320 DURHAM AVENUE||SOUTH PLAINFIELD
2|MARYADA TECHNOLOGY GROUP|1320 DURHAM AVENUE||SOUTH PLAINFIELD
2|Jason C. Tarantino Associates Inc|1321 Brunswick Avenue||Lawrence Twp
2|Jason C. Tarantino Associates Inc|1321 Brunswick Avenue||Lawrence Township
2|OPTIMA GLOBAL SOLUTIONS  INC|133 FRANKLIN CORNER ROAD|2ND FLOOR|LAWRENCEVILLE
2|OPTIMA GLOBAL SOLUTIONS INC|133 FRANKLIN CORNER ROAD|2ND FLOOR|LAWRENCEVILLE
2|Titan Engineers, P.C.|1331 Stuyvesant Avenue||Union
2|Titan Engineers PC|1331 Stuyvesant Avenue||Union
2|I BRAIN SOLUTIONS LLC|1340 STELTON ROAD|1ST FLOOR|PISCATAWAY
2|I BRAIN SOLUTIONS LLC|1340 STELTON ROAD|1ST FLOOR|PISCATAWAY TOWNSHIP
2|I BRAIN SOLUTIONS LLC|1340 Stelton Road||PISCATAWAY
2|I Brain Solutions LLC|1340 Stelton Road||Piscataway
2|Metier Enterprise LLC|1346 How Lane|Suite 202|North Brunswick
2|Avira Digital LLC|1346 How Lane|Suite 210|New Brunswick
2|Avira Digital LLC|1346 How Lane, Suite 210||New Brunswick
2|Avira Digital LLC|1346 How Lane, Suite 210||North Brunswick
2|VILS PHARMA COATING INC|135 Glendale Avenue||Edison
2|VILS Pharma Coating|135 Glendale Avenue||Edison
2|AIR WATER GAS SOLUTIONS INC|135 US HIGHWAY 202-206|SUITE 12|BEDMINSTER
2|AMCS CORPORATION|135 US HIGHWAY 202-206|SUITE 12|BEDMINSTER
2|STEAM Works Studio LLC|135 Village Blvd.||Princeton
2|Steam Works Studio LLC|135 Village Blvd.||Princeton
2|ABC Liquidation Inc|137 N Michigan Ave|1|KENILWORTH
2|Mechanic Store Inc|137 N Michigan Ave||Kenilworth
2|Rains Consulting Inc|139 South Street|Suite 101|New Providence
2|Rains Consulting Inc|139 South Street||New Providence
2|Community Health Care Inc|14 N. Pearl Street||Bridgeton
2|Community Health Care Inc d/b/a CompleteCare Health Network|14 N. Pearl Street||Bridgeton
2|Ohm Laboratories Inc, a SUN Pharma company|14 Terminal Road||New Brunswick
2|Ohm Laboratories Inc|14 Terminal Road||New Brunswick
2|FRIENDLY CONSULTANTS INC|14 WASHINGTON ROAD|BUILDING 6, SUITE 623|PRINCETON JUNCTION
2|MERITEK INC|14 WASHINGTON ROAD|SUITE 520|PRINCETON JUNCTION
2|PINTEGRA LLC|140 E. Ridgewood Avenue|Suite 415, South Tower|Paramus
2|Connexions Data Inc|140 E. Ridgewood Avenue|Suite 415, South Tower|Paramus
2|Metis Software Solutions LLC|140 Ethel Road W|STE Unite R|Piscataway
2|Health and Natural Beauty USA|140 Ethel Road W|Ste W|Piscataway
2|WizData Systems Inc|140 Littleton Road|Suite 220|Parsippany
2|Techly Skilled LLC|140 Littleton Road|Suite 310B|Parsippany
2|INGENUS PHARMACEUTICALS NJ LLC|140 New Dutch Lane||Fairfield
2|Ingenus Pharmaceuticals NJ LLC|140 New Dutch Lane||Fairfield
2|NS IT Solutions LLC|1405 Route 18|Suite 101|Old Bridge
2|NS IT Solutions LLC|1405 Route 18|Suite 106|Old Bridge
2|Wide Bandgap EmployCo LLC|141 Mt. Bethel Road||Warren
2|II-VI OptoElectronic Devices Inc|141 Mt. Bethel Road||Warren
2|Excel Therapy of NJ Corp.|141 Powderhorn Drive||Lakewood
2|Excel Therapy of NJ Corp|141 Powderhorn Drive||Lakewood
2|THROTLE INC|141 WEST FRONT STREET|SUITE 312|RED BANK
2|THROTLE INC|141 WEST FRONT STREET|SUITE 410|RED BANK
2|THROTLE INC|141 West Front Street|Suite 312|Red Bank
2|Throtle Inc|141 West Front Street|Suite 312|Red Bank
2|emaestro Technologies Inc|141 new Road|208|parsippany
2|eMaestro Technologies Inc|141 new Road|suite 208|parsippany
2|eMaestro Technologies|141 new road|STE 208|Parsippany
2|eMaestro Technologies Inc|141 new road|suite 208|parsippany
2|Cepham Inc|142 Belmont Drive|STE 14|Somerset
2|Cepham Inc|142 Belmont Drive||Somerset
2|G & H Sheet Metal Works Inc|1423 Chestnut Avenue||Hillside
2|G&H Sheet Metal Works Inc|1423 Chestnut Avenue||Hillside
2|SUSASH CONSULTING SERVICES LLC|1445 US HWY 130|N/A|NORTH BRUNSWICK
2|SUSASH CONSULTING SERVICES LLC|1445 US HWY 130||NORTH BRUNSWICK
2|C & L Global Inc|145 Commerce Road||Carlstadt
2|C & L GLOBAL INC|145 Commerce Road||Carlstadt
2|Valley National Bank|1455 Valley Road||New Jersey
2|Valley National Bank|1455 Valley Road||Wayne
2|E PRO TECHNOLOGIES LLC|1460 US HIGHWAY 9 NORTH|SUITE 303|WOODBRIDGE
2|SENSIPLE INC|1460 US HIGHWAY 9 NORTH|SUITE 303|WOODBRIDGE
2|Patient Care of Hudson County LLC|149 Lefante Way|Suite 144 & 146|Bayonne
2|Patient Care of Hudson County LLC|149 Lefante Way||Bayonne
2|Academy of Rhythmic Gymnastics LLC|149 Ridgedale Avenue||East Hanover
2|Rhythmic Gymnastics LLC|149 Ridgedale Avenue||East Hanover
2|Greens of Cabbarus LLC|15 America Avenue|Suite 304|Lakewood
2|Greens at Gastonia LLC|15 America Avenue|Suite 304|Lakewood
2|FIRST CLOUD TECH INC|15 CORPORATE PL S.|SUITE 148|PISCATAWAY
2|DIGITAL GLOBAL SOLUTIONS INC|15 CORPORATE PL S.|SUITE 301|PISCATAWAY
2|Intellyk Inc|15 CORPORATE PLACE S., SUITE 450||PISCATAWAY
2|INTELLYK INC|15 CORPORATE PLACE S., SUITE 450||PISCATAWAY
2|SoftPath Technologies Inc|15 Corporate Pl South|STE 426A|Piscataway
2|IQ-CONSULTING LLC|15 Corporate Pl South|Suite 343|Piscataway
2|ITGeeks Inc,|15 Corporate Place South,|Suite 419B|Piscataway
2|IT Geeks Inc,|15 Corporate Place South,|Suite 419B|Piscataway
2|IT Gateway LLC|15 Corporate South Place|Suite 406|Piscataway
2|IT GATEWAY LLC|15 Corporate South Place|Suite 406|Piscataway
2|SAFFRON PRIVATE LTD.|15 N WOOD AVE||LINDEN
2|CARERX LLC|15 N WOOD AVE||LINDEN
2|Crestron Electronics Inc|15 Volvo Drive||Rockleigh
2|Crestron Electronics Inc|15 Volvo Drive||ROCKLEIGH
2|INDUS GROUP INC|15 WARREN ST.|SUITE 31|HACKENSACK
2|Indus Group Inc|15 WARREN ST.|SUITE 31|Hackensack
2|Torrent Pharma Inc|150 Allen Road|Suite 102|Basking Ridge
2|Torrent Pharma Inc|150 Allen Road||Basking Ridge
2|INDEGENE INC|150 COLLEGE ROAD WEST|SUITE 104|PRINCETON
2|FREYR INC|150 COLLEGE ROAD WEST|Suite 102|PRINCETON
2|LS ENGINEERING ASSOCIATES CORPORATION|150 RIVER ROAD|BUILDING E SUITE E2|MONTVILLE
2|LS ENGINEERING ASSOCIATES CORPORATION|150 RIVER ROAD|SUITE E2|MONTVILLE
2|ITCAPS LLC|150 River Road, Unit J3A||Montville
2|ITCaps LLC|150 River Road, Unit J3A||Montville
2|Freyr Inc|150 college road west|Suite 102|Princeton
2|Freyr INC|150 college road west|Suite 102|Princeton
2|AK Architecture|151 West Passaic Street|2nd floor|Rochelle Park
2|AK Architecture LLC|151 West Passaic Street|2nd floor|Rochelle Park
2|Lummus Technology LLC|1515 Broad Street|Suite 600|Bloomfield
2|Lummus Technology LLC|1515 Broad Street||Bloomfield
2|THE DEVEREUX FOUNDATION|1515 Burnt Mill Road||Cherry Hill
2|The Devereux Foundation|1515 Burnt Mill Road||Cherry Hill
2|Dynarex Corporation|155 CHESTNUT RIDGE ROAD|STE 2202|Montvale
2|ADVANCED TECHNOLOGY CONSULTING SERVICE INC|155 CHESTNUT RIDGE ROAD|SUITE 108|MONTVALE
2|Sannova Analytical Inc|155 Pierce Street|Suite A|Somerset
2|Sannova Analytical LLC|155 Pierce Street|Suite A|Somerset
2|LIFE RAFT GROUP INC|155 U.S. Highway 46|STE 202|Wayne
2|LIFE RAFT GROUP INC|155 U.S. Highway 46|Suite 202|Wayne
2|Aptimized LLC|155 US-46 West|Suite 108|Wayne
2|Aptimized LLC|155 US-46 West|Suite 200|Wayne
2|EFFEXOFT INC|1553 STATE ROUTE 27|SUITE 1100|SOMERSET
2|VISIO SYSTEMS INC|1553 STATE ROUTE 27|SUITE 1400|SOMERSET
2|eConvergence Inc|1568 US Highway 130|N/A|North Brunswick
2|eConvergence Inc|1568 US Highway 130||North Brunswick
2|Pioneer Software solutions LLC|1581 Route 27|Suite 103|Edison
2|Nirvana Enterprises LLC|1581 Route 27|Suite 107|Edison
2|TEKINSPIRE LLC|1581 Rt 27|Suite 101|Edison
2|TekInspire LLC|1581 Rt 27|Suite 101|Edison
2|NGA GROUP INC|1596 US HIGHWAY 130||NORTH BRUNSWICK
2|NGA Group Inc|1596 US HIGHWAY 130||NORTH BRUNSWICK
2|NGA GROUP INC|1596 US Highway 130||NORTH BRUNSWICK
2|NGA Group Inc|1596 US Highway 130||North Brunswick
2|VIVISE LLC|1599 Hamburg Turnpike|STE B|Wayne
2|VIVISE LLC|1599 Hamburg Turnpike|Suite B|Wayne
2|Rubik Systems LLC|16 Bridge St, Bldg C||Metuchen
2|RUBIK SYSTEMS LLC|16 Bridge St, Bldg C||Metuchen
2|Northeast Energy Conservation Inc|16 CHAPIN ROAD|SUITE 910|PINE BROOK
2|ROYAL MARBLE AND GRANITE LLC|16 CHAPIN ROAD|UNIT 902|PINE BROOK
2|Heritage Pharma Labs Inc|16 Elkins Road||East Brunswick
2|Heritage Pharma Labs Inc d/b/a Avet Pharmaceuticals Labs Inc|16 Elkins Road||East Brunswick
2|ULMA FORM WORKS INC|16-00 Route 208|Suite LL1|Fair Lawn
2|Ulma Form Works Inc|16-00 Route 208|Suite LL4|Fair Lawn
2|Z AND A INFOTEK CORPORATION|160 LITTLETON ROAD|SUITE 300 THIRD FLOOR|PARSIPPANY
2|Z AND A INFOTEK CORPORATION|160 LITTLETON ROAD|THIRD FLOOR, SUITE 300|PARSIPPANY
2|PHIL ART STUDIO SCI TOEFL INC|1605 PALISADES AVE||FORT LEE
2|PHIL ART STUDIO & SCI TOEFL INC|1605 PALISADES AVE||FORT LEE
2|FINDSKILLS INC|1612 ROUTE 27|2ND FLOOR|NORTH BRUNSWICK
2|FINDSKILLS INC|1612 ROUTE 27||NORTH BRUNSWICK
2|Milkyway Education Center Inc|164 Totowa Road||Wayne
2|Milkyway Education Center Inc|164 Totowa Road||wayne
2|iTechStack Inc|1648 Route 130|2nd Floor|North Brunswick
2|iTechstack Inc|1648 Route 130|2nd Floor|North Brunswick
2|Elite Pharmaceuticals Inc|165 Ludlow Ave||Northvale
2|Elite Laboratories Inc|165 Ludlow Ave||Northvale
2|Iskry Inc|165 Passaic Avenue|Suite 205|Fairfield
2|Montaka Global Investments Corporation|165 Passaic Avenue||Fairfield
2|Synerzy Software Solutions Inc|17 S Main St||Marlboro
2|SYNERZY SOFTWARE SOLUTIONS INC|17 S Main St||Marlboro
2|QUANTIFI INC|17 UNION PL|2nd FLOOR|SUMMIT
2|QUANTIFI INC|17 UNION PL||SUMMIT
2|QUANTIFI INC|17 UNION PLACE|2ND FLOOR|SUMMIT
2|QUANTIFI INC|17 UNION PLACE||SUMMIT
2|Nichols & Associates LLC|17 Zabriskie Street||Hackensack
2|NICHOLS & ASSOCIATES LLC|17 Zabriskie Street||Hackensack
2|HRG Management LLC|1719 Route 10|Suite 219|Parsippany
2|TIMEBOX PRO LLC|1719 Route 10|Suite 300|Parsippany
2|Vignetic Inc|174 Nassau Street|Suite 107|Princeton
2|SOSV Investments LLC|174 Nassau Street|Suite 3000|Princeton
2|JCMS Inc|1741 Whitehorse-Mercerville Road|P. O. Box 3223|Mercerville
2|JCMS Inc|1741 Whitehorse-Mercerville Road||Mercerville
2|Delta Intelligent Building Technologies (USA) LLC|178 Bauer Drive||Oakland
2|Amerlux LLC|178 Bauer Drive||Oakland
2|QCWORLDFRUIT LIMITED LIABILITY COMPANY|18 BROMLEY DRIVE|N/A|SICKLERVILLE
2|QCWORLDFRUIT LIMITED LIABILITY COMPANY|18 BROMLEY DRIVE||SICKLERVILLE
2|Somerset Hills Country Club|180 MINE MT ROAD||Bernardsville
2|SOMERSET HILLS COUNTRY CLUB|180 MINE MT ROAD||BERNARDSVILLE
2|Formedics LLC|180 Mount Airy Road|Ste 205|Basking Ridge
2|Physicians Weekly LLC|180 Mount Airy Road|Ste 205|Basking Ridge
2|LIMOSYS LLC|180 SYLVAN AVE|2ND FLOOR|ENGLEWOOD CLIFFS
2|LIMOSYS LLC|180 SYLVAN AVE||ENGLEWOOD CLIFFS
2|French & Parrello Associates, PA|1800 Route 34|Suite 101|Wall
2|KMB Design Group LLC|1800 Route 34|Suite 209|Wall
2|Prabhav Services Inc|181 New road|Suite 304|Parsippany
2|Prabhav Services Inc|181 New road|suite 304|Parsippany
2|LEW ENVIRONMENTAL SERVICES LLC|181 US Highway 46||MINE HILL
2|LEW ENVIRONMENTAL SERVICES LLC|181 US Highway 46||Mine Hill
2|BALUFON OPPORTUNITY FUND LLC|1812 Front Street|Ste 1816-2CF|Scotch Plains
2|Certitude Business Solutions LLC|1812 Front Street||Scotch Plains
2|SOFT 2001 INC|1816 SPRINGDALE ROAD|SUITE 7|CHERRY HILL
2|FOURTH TECHNOLOGIES INC|1816 SPRINGDALE ROAD||CHERRY HILL
2|Tegra118 Wealth Solutions Inc|184 Liberty Corner Road, 3rd Floor|Suite 301|Warren
2|InvestCloud Inc|184 Liberty Corner Road, 3rd Floor|Suite 301|Warren
2|Moomoo Crypto Inc|185 Hudson St|Ste 2601|Jersey City
2|Futu Clearing Inc|185 Hudson St|Suite 2602|Jersey City
2|Engineers Mind Corporation|185 Hudson St.|Ste 2304|Jersey City
2|Engineers Mind Corporation|185 Hudson St.|Suite 2304|Jersey City
2|Habr Brokerage Inc|185 National Road||Edison
2|HABR BROKERAGE INC|185 National Road||Edison
2|Prime Consulting LLC|1870 ROUTE 27|SUITE B5|EDISON
2|PRIME CONSULTING LLC|1870 ROUTE 27|SUITE B5|EDISON
2|Tunza Tulle LLC|1880 Morris Avenue||UNION
2|Tunzatulle LLC|1880 Morris Avenue||UNION
2|Pocas International Corp.|19 Central Blvd||South Hackensack
2|Pocas International Corp|19 Central Blvd||South Hackensack
2|Pocas International Corp|19 Central Blvd.||South Hackensack
2|Pocas International Corp.|19 Central Blvd.||South Hackensack
2|Princeton International School of Mathematics and Science Inc|19 Lambert Drive||Princeton
2|Princeton International School of Mathematics and Science|19 Lambert Drive||Princeton
2|KLICHS, LLP.|19 Sylvan Avenue||Englewood Cliffs
2|KLICHS LLP|19 Sylvan Avenue||Englewood Cliffs
2|WIZCOM CORPORATION|19 WASHINGTON ROAD|N/A|PRINCETON JUNCTION
2|WIZCOM CORPORATION|19 WASHINGTON ROAD||PRINCETON JUNCTION
2|TECH SMART SOLUTIONS LLC|190 ROUTE 27 SUITE 107||Edison
2|TECH SMART SOLUTIONS LLC|190 ROUTE 27 SUITE 107||EDISON
2|Greycell Labs Inc|190 State Route 27|STE 200|Edison
2|Greycell Labs Inc|190 State Route 27|SUITE 200|edison
2|INTERNATIONAL TECHNOLOGY SOLUTIONS INC|190 TAMARACK CIRCLE||SKILLMAN
2|ITS ANALYTICS INC|190 TAMARACK CIRCLE||SKILLMAN
2|Gem Rehab|190 Veterans Drive||NORTHVALE
2|Gem Rehab PT, OT, SLP, PLLC|190 Veterans Drive||Northvale
2|MAREANA INC|190 WITHERSPOON ST.|SUITE 3|PRINCETON
2|MAREANA INC|190 WITHERSPOON ST.||PRINCETON
2|Turtle and Hughes Inc|1900 Lower Road|n/a|Linden
2|Turtle and Hughes Inc|1900 Lower Road||linden
2|ATLANTICARE REGIONAL MEDICAL CENTER|1925 Pacific Avenue|N/A|ATLANTIC CITY
2|ATLANTICARE REGIONAL MEDICAL CENTER|1925 Pacific Avenue||ATLANTIC CITY
2|INTEGRATED TECHNOLOGY STRATEGIES INC|1930 East Marlton Pike|Suite B11|Cherry Hill
2|INTEGRATED TECHNOLOGY STRATEGIES INC|1930 East Marlton Pike|Suite Q48|Cherry Hill
2|INTEGRATED TECHNOLOGY STRATEGIES INC|1930 Marlton Pike East|Suite B11|Cherry Hill
2|INTEGRATED TECHNOLOGY STRATEGIES INC|1930 Marlton Pike East|Suite Q48|Cherry Hill
2|Internal Medicine of Morris County LLC|195 Route 46 West||Minehill
2|Internal Medicine of Morris County|195 Route 46 West||Minehill
2|Faith Group Company|195 Route 9 South|Suite 205 -207|Manalapan
2|Faith Group Company|195 Route 9 South|Suite 205-207|Manalapan
2|Cloud88 Inc|196 Princeton Highstown Road|Buliding 1A, Ste 3|West Windsor Township
2|Technomax LLC|196 Princeton Highstown Road|Suite 12, Bldg 1A|West Windsor Township
2|INFOSOFT SOLUTIONS LLC|196 Princeton Hightstown Road Building 2|Suite 14A|West Windsor Township
2|INFOSOFT SOLUTIONS LLC|196 Princeton Hightstown Road Building 2|Suite 16|West Windsor Township
2|Quantum Integrators Group LLC|196 Princeton Hightstown Road Suite 1B-7||West Windsor
2|Quantum Integrators Group LLC|196 Princeton Hightstown Road Suite 1B-7||West windsor
2|Cloud88 Inc|196 Princeton-Hightstown Road, Building 1A|Ste 3|West Windsor Township
2|Cloud88 Inc|196 Princeton-Hightstown Road, Building 1A||West Windsor Township
2|Tax Technologies INC|196 Woods Avenue||Bergenfield
2|Tax Technologies Inc|196 Woods Avenue||Bergenfield
2|mokSa Technologies Inc|197  State Route 18 South|STE 3000, South Wing|East Brunswick
2|mokSa Technologies Inc|197  State Route 18 South|STE 3000, South Wing|East Brunswik
2|VKAN TECH SOLUTIONS INC|197 Rt 18 South Suite 3000, South Block||East Brunswick
2|VKANTECH SOLUTIONS INC|197 Rt 18 South Suite 3000, South Block||East Brunswick
2|mokSa Technologies Inc|197 State Route 18 South|STE 3000, South Wing|East Brunswick
2|FinTek Solutions LLC|197 State Route 18 South|Suite 3000 South Wing|East Brunswick
2|Kenvue Brands LLC|199 Grandview Road||Skillman
2|Johnson & Johnson Consumer Inc|199 Grandview Road||Skillman
2|Trinity Health and Social Services LLC|1990 Laurel Road|APT AQ358|Lindenwold
2|Trinity Health and Social Services LLC|1990 Laurel Road|AQ 358|Lindenwold
2|DATACLOUD TECHNOLOGIES LLC|1N Johnston Ave|Suite C219-I|Hamilton
2|DATACLOUD TECHNOLOGIES LLC|1N Johnston Ave|Suite C219-I&j|Hamilton
2|Guardian Drug Company Inc|2 Charles Court||Dayton
2|Guardian Drug Company|2 Charles Court||Dayton
2|Experic LLC|2 Clarke Drive||Cranbury
2|MJH Healthcare Holdings LLC|2 Clarke Drive||Cranbury
2|JPC Logistics LLC|2 Clerico Lane|Bldg. 1|Hillsborough
2|JPC LOGISTICS LLC|2 Clerico Lane|N/A|HILLSBOROUGH
2|K Logistics Corp.|2 East Union Ave||East Rutherford
2|K Logistics Corp|2 East Union Ave||East Rutherford
2|Brandon Consulting Associates Inc|2 King Arthur Ct.|Suite A|North Brunswick
2|BRANDON CONSULTING ASSOCIATES INC|2 King Arthur Ct.|Suite A|North Brunswick
2|ENOVATE CONSULTING LLC|2 NORTH AVE WEST|SUITE 301|CRANFORD
2|ENOVATE ENGINEERING LLC|2 NORTH AVE WEST|SUITE 301|CRANFORD
2|Nuvera LLC|2 Ridgedale Avenue|Suite 202|Cedar Knolls
2|New Jersey Manufacturing Extension Program Inc|2 Ridgedale Avenue|Suite 305|Cedar Knolls
2|Tri-K Industries Inc|2 Stewart Court||Denville
2|TRI-K Industries Inc|2 Stewart Court||Denville
2|Ereteam Analytics USA Corp|2 Sylvan Way|Suite 104|Parsippany
2|Macrosoft Inc|2 Sylvan Way||Parsippany
2|Wipro Appirio INC|2 TOWER CENTER BLVD|SUITE 2200|EAST BRUNSWICK
2|WIPRO LIMITED|2 TOWER CENTER BLVD|SUITE 2200|EAST BRUNSWICK
2|Cronus Pharma LLC|2 Tower Center BLVD|Suite 1101|East Brunswick
2|Cronus Pharma LLC|2 Tower Center BLVD|Suite 1101A|East Brunswick
2|SecureKloud Technologies Inc|2 Tower Center Boulevard, 8th Floor|Suite 804|East Brunswick
2|SecureKloud Techologies Inc|2 Tower Center Boulevard, 8th Floor||East Brunswick
2|CQ Fluency Inc|2 University Plaza Drive|Suite 406|Hackensack
2|LiveU Inc|2 University Plaza Drive|Suite 505|Hackensack
2|National Food Trading Corp|2 Van Riper Road||Montvale
2|National Food Trading Corp.|2 Van Riper Road||Montvale
2|Rajbhog Foods (Metro) Inc|20 Amity Street||Jersey City
2|Rajbhog Foods (METRO) Inc|20 Amity Street||Jersey City
2|Biointron Biological USA Inc|20 Bridge Street||Metuchen
2|BIOINTRON BIOLOGICAL USA INC|20 Bridge Street||Metuchen
2|INTELLECT DESIGN ARENA INC|20 CORPORATE PLACE SOUTH||PISCATAWAY
2|VIRTUSA CONSULTING SERVICES PVT., LTD|20 CORPORATE PLACE SOUTH||PISCATAWAY
2|Metis Software Solutions LLC|20 Commerce Dr|135|Cranford
2|Logixal Inc|20 Commerce Dr|Suite 135|Cranford
2|Logixal Inc|20 Commerce Drive|Suite 135|Cranford
2|Viona Pharmaceuticals Inc|20 Commerce Drive|Suite 340|Cranford
2|ExterNetworks Inc|20 Corporate Place||Piscataway
2|Intellect Design Arena Inc|20 Corporate Place||Piscataway
2|ExterNetworks Inc|20 Corporate Place South||Piscataway
2|Intellect Design Arena Inc|20 Corporate Place South||Piscataway
2|MSN Pharmaceuticals Inc|20 Duke Road||Piscataway
2|Novadoz Pharmaceuticals LLC|20 Duke Road||Piscataway
2|Peer Consulting Resources Inc|20 Jefferson Plaza||Princeton
2|DAMA ENTERPRISES LIMITED LIABILITY COMPANY|20 Jefferson Plaza||Princeton
2|Research Diets Inc|20 Jules Lane||Brunswick
2|Research Diets Inc|20 Jules Lane||New Brunswick
2|DGN Pharmacy Inc|20 Murray Hill Parkway|Suite 210|Rutherford
2|DGN Pharmacy Inc|20 Murray Hill Parkway|Suite 210|East Rutherford
2|KASHIV BIOSCIENCES LLC|20 New England Avenue||Piscataway
2|Kashiv BioSciences LLC|20 New England Avenue||Piscataway
2|PACE Claims Services LLC|200 American Metro Boulevard, Suite 129||Hamilton
2|Peterson Asbestos Claims Enterprise LLC|200 American Metro Boulevard, Suite 129||Hamilton
2|BMW of North America LLC|200 BMW Drive|N/A|Woodcliff Lake
2|BMW (US) Holding Corp.|200 BMW Drive|N/A|Woodcliff Lake
2|ARMSTRONG TECHNOLOGIES INC|200 CRAIG ROAD,|SUITE 103|MANALAPAN
2|ARMSTRONG TECHNOLOGIES INC|200 CRAIG ROAD,|SUITE 103,|MANALAPAN
2|Driving Academy Inc|200 East Edgar Road||Linden
2|J Crown Inc|200 East Edgar Road||Linden
2|Signify North America Corporation|200 Franklin Square Drive||Somerset
2|Cooper Lighting LLC|200 Franklin Square Drive||Somerset
2|OGI SHARED SERVICE CENTER-ADVERTISING LLC|200 Hudson Street, 3rd floor|Harborside Financial Center 2|Jersey City
2|OGI Shared Service Center - Advertising LLC|200 Hudson Street, 3rd floor|Harborside Financial Center 2|Jersey City
2|EISAI INC|200 METRO BLVD||NUTLEY
2|Eisai Inc|200 METRO BLVD||NUTLEY
2|IFLOWSOFT SOLUTIONS INC|200 MIDDLESEX ESSEX TPK,|SUITE 203A|ISELIN
2|IFLOWSOFT SOLUTIONS INC|200 MIDDLESEX ESSEX TPK,|SUITE 203A|Iselin
2|VST CONSULTING INC|200 MIDDLESEX ESSEX TPKE.|SUITE 201|ISELIN
2|I28 TECHNOLOGIES CORPORATION|200 MIDDLESEX ESSEX TPKE.|SUITE 210|ISELIN
2|Eisai Inc|200 Metro Blvd||Nutley
2|EISAI INC|200 Metro Blvd||Nutley
2|Globaltek Systems LLC|200 Middlesex Essex Turnpike|Suite - 201A|Iselin
2|Human Resource and Knowledge Inc|200 Middlesex Essex Turnpike|Suite 306H|Iselin
2|ASPIRE SYSTEMS INC|200 PERRINE ROAD|SUITE 204|OLD BRIDGE
2|ASPIRE SYSTEMS INC|200 PERRINE ROAD|UNIT 204|OLD BRIDGE
2|RJ Brands LLC|200 Performance Drive|Suite 207|Mahwah
2|RJ Brands|200 Performance Drive|Suite 207|Mahwah
2|Dassault Falcon Jet Corp.|200 Riser Road||Little Ferry
2|Dassault Falcon Jet Corp|200 Riser Road||Little Ferry
2|Messer LLC|200 Somerset Corp. Blvd.|Suite 7000|Bridgewater
2|Messer North America Inc|200 Somerset Corp. Blvd.|Suite 7000|Bridgewater
2|Messer North America Inc|200 Somerset Corporate Blvd.|Suite 7000|Bridgewater
2|Messer LLC|200 Somerset Corporate Blvd.|Suite 7000|Bridgewater
2|Kering Eyewear USA Inc|200 Somerset Corporate Boulevard|Suite 4002|Bridgewater
2|Messer North America Inc|200 Somerset Corporate Boulevard|Suite 7000|Bridgewater
2|BOOLEAN SYSTEMS INC|200 W State St|Suite 4A|Trenton
2|Boolean Systems INC|200 W State St|Suite 4A|Trenton
2|MERCK SHARP & DOHME CORP.|2000 GALLOPING HILL ROAD|MAILSTOP K1-3017|KENILWORTH
2|Merck Sharp & Dohme Corp.|2000 GALLOPING HILL ROAD||KENILWORTH
2|The College of New Jersey|2000 Pennington Road|P.O. Box 7718|Ewing
2|The College of New Jersey|2000 Pennington Road||Ewing
2|Pharmerit International, LP (an Open Health Company)|2001 Route 46 Waterview Plaza|Suite 310|Parsippany
2|DIACEUTICS INC|2001 Route 46 Waterview Plaza||Parsippany
2|BioCentriq Inc|201 College Road East||Princeton
2|Real Scientific Inc|201 College Road East||Princeton
2|Newark Beth Israel Medical Center|201 Lyons Avenue||Newark
2|Newark Beth Israel Medical Center Inc|201 Lyons Avenue||Newark
2|SGS North America Inc|201 Route 17 North|7th floor|Rutherford
2|Thelios USA Inc|201 Route 17 North|Suite 805|Rutherford
2|Capodagli Property Company LLC|201 South Wood Avenue||Linden
2|Meridia Construction Management LLC|201 South Wood Avenue||Linden
2|Cyber Space Technologies LLC|2015 RT 27 South|STE 234|Edison
2|Cyber Space Technologies LLC|2015 RT 27 South|Suite 234|Edison
2|G3 Soft Inc|2021 Lakeside Pkwy|Suite 100|Flower Mound
2|G3 Soft Inc|2021 Lakeside Pkwy|Suite 100,|Flower Mound
2|CRAVE INFOTECH LLC|2035 LINCOLN HWY|SUITE 3008 D|EDISON
2|LTIMINDTREE Limited|2035 LINCOLN HWY||EDISON
2|Larsen & Toubro Infotech Limited|2035 Lincoln Highway, Edison Square West   Ste. 3000|2035 Lincoln Highway, Edison Square West Suite 3000|Edison
2|Larsen & Toubro Infotech Limited|2035 Lincoln Highway, Edison Square West   Ste. 3000|Suite 3000|Edison
2|SANSAR TEC LLC|204 White Horse Pike,|Ste C|Haddon Heights
2|Sansar Tec LLC|204 White Horse Pike,|Ste C|Haddon Heights
2|AMERICAN SPRAYTECH LLC|205 MEISTER AVENUE||BRANCHBURG
2|AMERICAN SPRAYTECH LLC|205 MEISTER AVENUE||NORTH BRANCH
2|My Life Registry LLC|2050 Center Avenue|Ste 100|Fort Lee
2|MyLifeRegistry LLC|2050 Center Avenue|Suite 100|Fort Lee
2|GSS INFOTECH CT INC|2050 State Route 27|Ste 201|North Brunswick
2|GSS INFOTECH CT INC|2050 State Route 27|Suite 201|North Brunswick
2|Labcorp Drug Development Inc|206 Carnegie Center||Princeton
2|LabCorp Drug Development Inc|206 Carnegie Center||Princeton
2|NNIT Inc|206 Rockingham Row|Forrestal Village, Suite 200 61|Princeton
2|SAAS INFO TECH LLC|206 Rockingham Row|Suite 200|Princeton
2|Adbakx LLC|2088 US 130|Suite 204|Monmouth Junction, NJ
2|Adbakx LLC|2088 US 130|Suite 204|Monmouth Junction
2|Aks Infotech Inc|2088 US HWY 130 North|STE 203|MONMOUTH JUNCTION
2|Aks Infotech inc|2088 US HWY 130 North|STE 203|MONMOUTH JUNCTION
2|Adbakx LLC|2088 US highway 130|Suite 204|Monmouth Junction
2|Apple Inc|2088 US highway 130|Suite 204|Monmouth Junction
2|Samrajya Services LLC|2088 US-130|Suite 106|Monmouth Junction
2|Samrajya Services LLC|2088 US-130||Monmouth Junction
2|Associate Pharm Corp|21 Bridge Street||Metuchen
2|Associate Pharm Corp.|21 Bridge Street||Metuchen
2|DEVSTUTI LLC|21 CORTLAND STREET|N/A|EDISON
2|DEVSTUTI LLC|21 CORTLAND STREET||EDISON
2|The Red Oaks School|21 Cutler Street||Morristown
2|The Red Oaks School Inc|21 Cutler Street||Morristown
2|NAVADISHA LLC|21 Freeman Ln|N/A|Bridgewater
2|NAVADISHA LLC|21 Freeman Ln||Bridgewater
2|CNS ELECTRIC LLC|21 GRAND AVENUE|SUITE 107|PALISADES PARK
2|LAFLARE NY INC|21 GRAND AVENUE|SUITE 204|PALISADES PARK
2|ARCH INSURANCE GROUP INC|210 HUDSON STREET|SUITE 300|JERSEY CITY
2|ARCH INSURANCE GROUP INC|210 HUDSON STREET|SUITE 600|JERSEY CITY
2|Arch Insurance Group Inc|210 Hudson Street|Suite 300|Jersey City
2|Arch Insurance Group Inc|210 Hudson Street|Suite 600|Jersey City
2|Samrajya Services LLC|2107 Goldfinch Boulevard||Princeton
2|Cloud Reboot Inc|2107 Goldfinch Boulevard||Princeton
2|CLINVERSE INC|211 CARNEGIE CENTER DRIVE||PRINCETON
2|BIOCLINICA INC|211 CARNEGIE CENTER DRIVE||PRINCETON
2|Software Galaxy Systems LLC|211 College Road East|Suite 306|Princeton
2|SGS Consulting|211 College Road East|Suite 306|Princeton
2|ALPHADATUM|211 WARREN STREET||NEWARK
2|ALPHADATUM LLC|211 WARREN STREET||NEWARK
2|BioCentriq|211 Warren Street||Newark
2|New Jersey Innovation Institute|211 Warren Street||Newark
2|MAKS ENGINEERS, PC|2115 HAMILTON AVE|SUITE 203|HAMILTON TOWNSHIP
2|DAWTEK CONSULTING INC|2115 HAMILTON AVE|SUITE 204|HAMILTON TOWNSHIP
2|Cross River Bank|2115 Linwood Avenue|4th Floor|Fort Lee
2|Lawfully Inc|2115 Linwood Avenue|Suite 500|Fort Lee
2|WCG Clinial Inc|212 Carnegie Center|Suite 301|Princeton
2|WCG Clinical Inc|212 Carnegie Center|Suite 301|Princeton
2|Sys-Tech Solutions Inc|214 Carnegie Center|Suite 101|Princeton
2|Guerbet LLC|214 Carnegie Center|Suite 300|Princeton
2|CorePharma LLC|215 Wood Avenue||Middlesex
2|Core Pharma LLC|215 Wood Avenue||Middlesex
2|Silverline Developers LLC|2160 N Central Road|Suite 108|Fort Lee
2|Kim and Bae, P.C.|2160 N Central Road|Suite 303|Fort Lee
2|INFOVILLE INC|2162 ROUTE 206|2ND FLOOR|MONTGOMERY TOWNSHIP
2|INFOVILLE INC|2162 ROUTE 206|2ND FLOOR|MONTGOMERY
2|Innovatech Solutions Inc|2162 Route 206 , Suite 8|Second Floor|Belle Mead
2|Innovatech Solutions Inc|2162 Route 206 , Suite 8|Second Floor|Montgomery
2|Innovatech Solutions Inc|2162 Route 206, Suite 8|Second Floor|Montgomery
2|Innovatech Solutions Inc|2162 Route 206, Suite 8|Second Floor|Montgomery Twp
2|TRV MECHANICAL CONTRACTORS LLC|217 Market Street||Kenilworth
2|TRV Mechanical Contractors LLC|217 Market Street||Kenilworth
2|WYNDHAM HOTEL GROUP LLC|22 SYLVAN WAY||PARSIPPANY
2|WYNDHAM HOTEL GROUP INC|22 SYLVAN WAY||Parsippany
2|HEART AND VASCULAR ASSOCIATES OF NORTHERN NEW JERSEY, P.A.|22-18 BROADWAY|SUITE 201|FAIR LAWN
2|HEART AND VASCULAR ASSOCIATES OF NORTHERN JERSEY, P.A.|22-18 BROADWAY|SUITE 201|FAIR LAWN
2|Comar LLC|220 Laurel Road|Suite 201|Voorhees
2|Comar LLC|220 Laurel Road||Voorhees
2|ValueMomentum Inc|220 OLD NEW BRUNSWICK ROAD|1ST FLOOR|PISCATAWAY
2|VALUEMOMENTUM INC|220 OLD NEW BRUNSWICK ROAD||PISCATAWAY
2|RPI Industries Inc|220 Route 70|Ste A|Medford
2|RPI Industries Inc|220 Route 70|Suit A|Medford
2|OVEARSEAS FOOD TRADING LTD|2200 FLETCHER AVENUE|3RD FLOOR|Fort Lee
2|OVEARSEAS FOOD TRADING LTD|2200 FLETCHER AVENUE|7th FLOOR|Fort Lee
2|VTH Solutions LLC|2200 Fletcher Avenue|4th Floor|Fort Lee
2|Park Avenue Capital LLC|2200 Fletcher Avenue|Suite 506|Fort Lee
2|Innovative JOGO Physical Therapy Inc|2204 Route 18 North||Old Bridge
2|Innovative JOGO Physical Therapy LLC|2204 Route 18 North||Old Bridge
2|NCS Pearson Inc|221  River Street||Hoboken
2|NCS Pearson Inc, an indirect wholly-owned subsidiary of Pearson plc|221  River Street||Hoboken
2|THE HAIN CELESTIAL GROUP INC|221 River St|12th Floor|HOBOKEN
2|Because Tech Consulting Corp|221 River St|Floor 9|Hoboken
2|Semperis Inc|221 River St.|9th Floor|Hoboken
2|Fandl Tax Services LLC|221 River St.|suite 9144|Hoboken
2|HANSOL CPAS LLP|222 BRUCE REYNOLDS BLVD|SUITE 310|FORT LEE
2|USP MANAGEMENT INC|222 BRUCE REYNOLDS BLVD|SUITE 530|FORT LEE
2|SEIL LLP|222 Bruce Reynolds Blvd|Ste 300|Fort Lee
2|Seil LLP|222 Bruce Reynolds Blvd|Suite 300|Fort Lee
2|NUWAY SOLUTIONS LLC|2227 US HWY 1|SUITE 219|NORTH BRUNSWICK
2|THE PRINCIPAL CONSULTING INC|2227 US HWY 1|SUITE 310|NORTH BRUNSWICK
2|NUWAY SOLUTIONS LLC|2227 US HWY.  1|SUITE 219|NORTH BRUNSWICK
2|THE PRINCIPAL CONSULTING INC|2227 US HWY.  1|SUITE 310|NORTH BRUNSWICK
2|NUWAY SOLUTIONS LLC|2227 US HWY. 1|SUITE 219|NORTH BRUNSWICK
2|THE PRINCIPAL CONSULTING INC|2227 US HWY. 1|SUITE 310|NORTH BRUNSWICK
2|Vonage Business Inc|23 Main Street||Holmdel
2|Vonage America LLC|23 Main Street||Holmdel
2|Nayak Corporation Inc|23 Orchard Road|Suite 202|Skillman
2|Healios Labs LLC|23 Orchard Road|Suite 205|Skillman
2|3T Services LLC|23 Weathervane Circle||cream ridge
2|3T Services LLC|23 Weathervane Circle||Cream Ridge
2|PACIFIC CONTROLS INC|230 Davidson Ave||Somerset
2|Quantum Systems Group Inc|230 Davidson Ave||Somerset
2|Interplex NAS Inc|232 Pegasus Avenue||Northvale
2|Ennovi Advanced Mobility Solutions New Jersey Inc|232 Pegasus Avenue||Northvale
2|PRECISION MANAGEMENT GROUP INC|233 MOUNT AIRY ROAD|STE 100|BASKING RIDGE
2|DUALITYBIO INC|233 MOUNT AIRY ROAD|STE 182|BASKING RIDGE
2|DUALITYBIO INC|233 MT. AIRY ROAD|STE 182|BASKING RIDGE
2|PRECISION MANAGEMENT GROUP INC|233 MT. AIRY ROAD|SUITE 100|BASKING RIDGE
2|Katal Tech Inc|233 Mt Airy Road|Ste 144|Basking Ridge
2|Katal Tech Inc|233 Mt Airy Road|Suite 114|Basking Ridge
2|Metal Green Recycling Industries|2339 Center Square Road||Swedesboro
2|Metal Green Recycling Industries Inc|2339 Center Square Road||Swedesboro
2|Fastech Consulting LLC|235 Moore Street|Suite 103|Hackensack
2|Fastech Consulting LLC|235 Moore Street||Hackensack
2|FUERA EMERGING TECH INC|237 DURHAM AVENUE||SOUTH PLAINFIELD
2|DATA WAREHOUSE LABS INC|237 DURHAM AVENUE||SOUTH PLAINFIELD
2|BRISEA Group Inc|239 New Road, Building A|Suite 315|Parsippany
2|BRISEA International Development Inc|239 New Road, Building A|Suite 315|Parsippany
2|pvalue communications LLC|240 CEDAR KNOLLS ROAD|STE 200|CEDAR KNOLLS
2|p-value communications LLC|240 CEDAR KNOLLS ROAD|STE 200|CEDAR KNOLLS
2|SmartLinx Solutions LLC|240 Middlesex Turnpike|348|Iselin
2|SmartLinx Solutions LLC|240 Middlesex Turnpike|Suite 348|Iselin
2|NILA PROFESSIONAL SERVICES LLC|241 FORSGATE DR.|SUITE 205B|JAMESBURG
2|NILA PROFESSIONAL SERVICES.|241 FORSGATE DR.|SUITE 205B|JAMESBURG
2|AM Fresh North America Inc|243 US-130||Pedricktown
2|AM FRESH North America Inc|243 US-130||Pedricktown
2|Hetu Construction LLC|245 Correja Ave||iselin
2|Hetu Construction LLC|245 Correja Ave||Iselin
2|Las Vegas Veterinary Referral Center, Critical and Emergency Care LLC|246 Industrial Way West||Eatontown
2|Hikma Pharmaceuticals USA Inc|246 Industrial Way West||Eatontown
2|Diamond Universe LLC|2460 Lemoine Avenue, Suite 302||Fort Lee
2|Iottie Inc|2460 Lemoine Avenue, Suite 302||Fort Lee
2|Madagoni LLC|247 East Front Street|Ste 109|Trenton
2|Madagoni LLC|247 East Front Street|Suite 109|Trenton
2|Conversant Capital LLC|25 Deforest Avenue|3rd Floor|Summit
2|Seqirus Inc|25 Deforest Avenue||Summit
2|Krazy Kat Sportswear LLC|25 East Union Ave|Suite 100|East Rutherford
2|Krazy Kat Sportswear LLC|25 East Union Ave||East Rutherford
2|Atorus Research LLC|25 Glen Road||Mountain Lakes
2|Atorus Research Inc|25 Glen Road||Mountain Lakes
2|LTIMINDTREE Limited|25 Independence Blvd., Ste 401|Suite 3000|Warren
2|LTIMINDTREE Limited|25 Independence Blvd., Ste 401||Warren
2|ARMY CONSTRUCTION LLC|25 LAFAYETTE STREET||PATERSON
2|DEVILS ARENA ENTERTAINMENT LLC|25 LAFAYETTE STREET||NEWARK
2|LAWYER.COM INC|25 Mountainview Blvd|Suite 206|Basking Ridge
2|CLMB Inc|25 Mountainview Blvd|Suite 206|Basking Ridge
2|Managed Health Care Associates Inc|25-A Vreeland Road|STE 200|Florham Park
2|Managed Health Care Associates Inc (Roper Entity)|25-A Vreeland Road|Suite 200|Florham Park
2|COMPEST SOLUTIONS INC|250 LACKLAND DRIVE|SUITE 4|MIDDLESEX
2|COMPUTE TECH INC|250 LACKLAND DRIVE|SUITE 5|MIDDLESEX
2|SOIMEX DENIMAGIC INC|250 PEHLE AVENUE|SUITE 200|SADDLE BROOK
2|DTG CONSULTING SOLUTIONS INC|250 PEHLE AVENUE|SUITE 211|SADDLE BROOK
2|CX Management Services Inc|2500 Plaza 5|25th Floor|Jersey City
2|Penrose Tech Co|2500 Plaza 5|25th Floor|Jersey City
2|Accelsior Corporation|2500 Plaza 5 The Waterfront|25th Floor|Jersey City
2|Cabicash Solutions Inc|2500 Plaza 5 The Waterfront|25th Floor|Jersey City
2|Apex Technology Systems Inc|2509 Park Ave|Suite 2A|South Plainfield
2|Apex Technology Systems Inc|2509 Park Ave|Suite 2A|SOUTH PLAINFIELD
2|Euclid Technologies LLC|2525 US Route 130, Building E||Cranbury
2|Masterex Technologies Inc|2525 US Route 130, Building E||Cranbury
2|SAINT PETERS UNIVERSITY HOSPITAL INC|254 EASTON AVENUE||NEW BRUNSWICK
2|SAINT PETERS UNIVERSITY HOSPITAL|254 EASTON AVENUE||NEW BRUNSWICK
2|A4 SOFTECH LLC|255 BALDWIN ROAD|SUITE 205|PARSIPPANY
2|EPEOPLE TECHNOLOGIES INC|255 BALDWIN ROAD|SUITE 205|PARSIPPANY
2|NextAICFO LLC|2564 US Highway 1|Office 205ResCO-Work02|Lawrence
2|Solvay USA LLC|2564 US Highway 1||Lawrence
2|Primera Analytical Solutions Corp.|259 Wall Street||Princeton
2|Primera Analytical Solution Corp.|259 Wall Street||Princeton
2|AZCO Corporation|26 Just Road||Fairfield
2|AZCO CORPORATION|26 Just Road||Fairfield
2|Tonix Pharmaceuticals Inc|26 Main Street|Suite 101|Chatham
2|R. Seelaus & Co. Inc|26 Main Street|Suite 300|Chatham
2|Twintron Data Systems Inc|26 Woodbrook Road||Voorhees
2|Twintron Data Systems lnc.|26 Woodbrook Road||VOORHEES
2|Saint Peters University|2641 John F Kennedy Blvd|N/A|Jersey City
2|Saint Peters University|2641 John F Kennedy Blvd||Jersey City
2|LabVantage Solutions Inc|265  Davidson Avenue|STE 220|Somerset
2|LabVantage Solutions Inc|265  Davidson Avenue|Suite 220|Somerset
2|PCB APPS LLC|265 DAVIDSON AVENUE|SUITE 215|SOMERSET
2|TCG DIGITAL SOLUTIONS LLC|265 DAVIDSON AVENUE|SUITE 220|SOMERSET
2|Sphere Management Inc|265 Davidson Ave|Suite 110|Somerset
2|PCB APPS LLC|265 Davidson Ave|Suite 215|SOMERSET
2|Ying Cao Law LLC|27 Bleeker Street|Suite 202|Millburn
2|Pionex Prime Inc|27 Bleeker Street||Millburn
2|GalaxE.Solutions Inc|270 DAVIDSON AVENUE||SOMERSET
2|GalaxE.Solutions Inc|270 DAVIDSON AVENUE||Somerset
2|Blue Sage Solutions LLC|270 Sylvan Avenue|Suite 1150|Englewood Cliffs
2|W Concept USA Inc|270 Sylvan Avenue|Suite 2240|Englewood Cliffs
2|Faith Home Healthcare LLC|271 US HIGHWAY 46|STE B201|FAIRFIELD
2|CITTACORE TECHNOLOGIES INC|271 US HIGHWAY 46|SUITE C 104|FAIRFIELD
2|Jewish Renaissance Medical Center|275 Hobart Street||Perth Amboy
2|Central Jersey Medical Center|275 Hobart Street||Perth Amboy
2|Aurora Wealth LLC|28 Cottage Street|Suite 316|Jersey City
2|PS Elite Construction LLC|28 Cottage Street||Jersey City
2|AMS HEALTH, CORP.|28 Lake Drive West||Wayne
2|AMS Health, Corp.|28 Lake Drive West||Wayne
2|Alacriti Payments LLC|28 Masters Blvd||Piscataway
2|Alacriti Inc|28 Masters Blvd||Piscataway
2|Huff and Puff Sounds COFA A NJ Nonprofit Corporation|280 Marin Blvd|20G|Jersey City
2|Huff and Puff Sounds COFA|280 Marin Blvd|20G|Jersey City
2|Westlock Controls Corporation|280 N Midland Avenue|Ste 258|Saddle Brook
2|Westlock Controls Corporation|280 N Midland Avenue|Suite 258|Saddle Brook
2|YOTTA SYSTEMS INC|281 FRANKLIN AVENUE|SUITE 200|NUTLEY
2|YOTTA SYSTEMS INC|281 FRANKLIN AVENUE|SUITE 200|Nutley
2|LEADING EDGE SOLUTIONS CORP.|281 SUMMERHILL ROAD|SUITE 209A|EAST BRUNSWICK
2|LEADING EDGE SOLUTIONS LLC|281 SUMMERHILL ROAD|SUITE 209A|EAST BRUNSWICK
2|Schock USA Inc|281 Witherspoon Street|Suite 110|Princeton
2|Van Leeuwen & Company LLC|281 Witherspoon Street|Suite 220|Princeton
2|Rochwarger and Company LLC|286B Cedarbridge Avenue||Lakewood
2|Rochwarger & Company LLC|286B Cedarbridge Avenue||Lakewood
2|Maes Solutions INC|29 Leahy drive|Wood-ridge|Wood-ridge
2|Maes Solutions INC|29 Leahy drive||Wood-ridge
2|CoreWeave Inc|290 W Mt Pleasant Ave|Ste 4100|Livingston
2|CoreWeave Inc|290 W Mt Pleasant Ave|Suite 4100|Livingston
2|CoreWeave Inc|290 W Mt Pleasant Avenue|Ste 4100|Livingston
2|CoreWeave Inc|290 W Mt Pleasant Avenue|Suite 4100|Livingston
2|SHAH ANUJ MD PC|293 PASSAIC STREET||PASSAIC
2|SHAH ANUJ MD PC|293 PASSAIC STREET||PASSAIC ST
2|USA TOUR|295 Johnston Ave|Suite 274|Jersey City
2|USA TOUR CORORATION|295 Johnston Ave|Suite 274|Jersey City
2|Reddy Infosys Inc|295 Princeton Hightstown Road|Unit 11-354|Princeton
2|Veg Treat LLC|295 Princeton Hightstown Road||West Windsor
2|Princeton Global Syntheses Inc|3 Crossman Road South||Sayreville
2|Princeton Global Syntheses Inc|3 Crossman Road South||Sayreville,
2|COMPAS INC|3 Executive Campus|SUITE 430|CHERRY HILL
2|Lassonde Pappas and Company Inc|3 Executive Campus|Suite 200|Cherry Hill
2|Flavors & Fragrance Specialties Inc|3 Industrial Ave||Mahwah
2|Flavor & Fragrance Specialties Inc (Lucta company)|3 Industrial Ave||Mahwah
2|Gridspan Corporation|3 MONMOUTH DRIVE||MONMOUTH JUNCTION
2|GRIDSPAN CORPORATION|3 MONMOUTH DRIVE||MONMOUTH JUNCTION
2|PAULUS, SOKOLOWSKI AND SARTOR LLC|3 Mountainview Road||Warren
2|Matheson Tri-Gas Inc|3 Mountainview Road||Warren
2|Horizon Healthcare Services|3 Penn Plaza East||Newark
2|Horizon Blue Cross Blue Shield of New Jersey|3 Penn Plaza East||Newark
2|Construction Specialties Inc|3 Werner Way||Lebanon
2|Construction Specialties LLC|3 Werner Way||Lebanon
2|AMERIMAX ADVANCE LLC|3 Wexford Ct.||Mendham
2|AmeriMax Advance LLC|3 Wexford Ct.||Mendham
2|Lord, Abbett & Co. LLC|30 Hudson St.||Jersey City
2|Lord Abbett & Co.|30 Hudson St.||Jersey City
2|IT BY DESIGN INC|30 MONTGOMERY ST|4TH FLOOR, SUITE 440|JERSEY CITY
2|Scientech Research LLC|30 MONTGOMERY ST|STE 310|JERSEY CITY
2|Bluevine Inc|30 Montgomery St.|14th Floor|Jersey City
2|Scientech Research LLC|30 Montgomery St.|Suite 310|Jersey City
2|Avancer Corporation|30 N Main Street|Ste 201|Cranbury
2|Avancer Corporation|30 N Main Street|Suite 201|Cranbury
2|GLOBE SERVE LLC|30 THOMAS DRIVE||ROBINSVILLE
2|GLOBE SERVCE LLC|30 THOMAS DRIVE||ROBBINSVILLE
2|MediTech Media, Ltd.|300 American Metro Boulevard|Suite 140|Hamilton
2|Dodge Data & Analytics LLC|300 American Metro Boulevard|Suite 185|Hamilton
2|R&G US Inc|300 Atrium Dr|Ste 304|Somerset
2|R&G US Inc|300 Atrium Dr|Ste 400|Somerset
2|Groupsoft US Inc|300 Carnegie Ctr|Ste 150|Princeton
2|Digital Dhara LLC|300 Carnegie Ctr|Suite 150|Princeton
2|Grand Supercenter Inc|300 Chubb Avenue||Lynhurst
2|Grand Supercenter Inc|300 Chubb Avenue||Lyndhurst
2|Marlin Leasing Corporation|300 Fellowship Road||Mount Laurel
2|Marlin Business Services Corporation|300 Fellowship Road||Mount Laurel
2|Interstate Waste Services Inc|300 Frank W Burr Blvd|Suite 39|Teaneck
2|Auramet International Inc|300 Frank W Burr Blvd||Teaneck
2|Odin Pharmaceuticals LLC|300 Franklin Square Drive||Somerset
2|Somerset Pharma LLC|300 Franklin Square Drive||Somerset
2|Childsmiles PC Holdings NJ PA|300 Harmon Meadow Blvd|2nd Floor|Secaucus
2|Vitamin Shoppe Industries Inc|300 Harmon Meadow Blvd|Floor 5|Secaucus
2|Rastelli Bros Inc|300 Heron Drive||Swedesboro
2|Rastelli Brothers Inc|300 Heron Drive||Swedesboro
2|Professional Orthopedic & Sports Physical Therapy|300 Knickerbocker Road|Floor 1 Suite 1600|Cresskill
2|Endurance Group LLC|300 Knickerbocker Road||Cresskill
2|CRC Associates Inc|300 MAPLE AVENUE|SUITE 101|SOUTH PLAINFIELD
2|CRC ASSOCIATES INC|300 MAPLE AVENUE|SUITE 101|SOUTH PLAINFIELD
2|Cosmax USA Corporation|300 Milik St||Carteret
2|Cosmax USA Inc|300 Milik St||Carteret
2|Rethink Learning Inc|300 Tice Boulevard|Ste 103|Woodcliff
2|Rema Tip Top North America Inc|300 Tice Boulevard|Suite 250|Woodcliff Lake
2|AFC Digital LLC|3000 Atrium Way, Suite 200|N/A|Mount Laurel
2|Alpha 3 Consulting LLC|3000 Atrium Way, Suite 200||Mount Laurel
2|Novelstar Pharmaceuticals Inc|3000 Eastpark Blvd|Ste 300|Cranbury
2|Novelstar Pharmaceuticals Inc|3000 Eastpark Blvd|Suite 300|Cranbury
2|Birdotech Lab U.S. Co., Limited|3000 Eastpark Boulevard|Suite 500A|Cranbury
2|Exemplify BioPharma Inc|3000 Eastpark Boulevard|Suite 500A|Cranbury
2|J-Star Research Inc|3001 Hadley Road|Units 1-5A|South Plainfield
2|J-Star Research Inc|3001 Hadley Road||South Plainfield
2|JINVANI MATA L.L.C.|301 CENTRAL AVE|UNIT 3|CLARK
2|JINVANI MATA L.L.C.|301 CENTRAL AVE|Unit 3|CLARK
2|EMX Digital Inc|301 Carnegie Center|Suite 301|Princeton
2|Slayback Pharma LLC|301 Carnegie Center|Suite 303|Princeton
2|Mylar Consulting LLC|301 Route 17 North|Suite 800|Rutherford,
2|Tek Redefine Inc|301 Route 17 North|Suite 800|Rutherford
2|G&J Steel & Tubing Inc|301 Roycefield Road||Hillsborough
2|G & J Steel & Tubing Inc|301 Roycefield Road||Hillsborough
2|Cyprotex US LLC|301C College Road East||Princeton
2|Evotec (US) Inc|301C College Road East||Princeton
2|PolyGone Systems Inc|303A College Road E||Princeton
2|Tendo Technologies Inc|303A College Road E||Princeton
2|Evotec (US) Inc|303B College Road East||Princeton
2|Cyprotex US LLC|303B College Road East||Princeton
2|GRACE SPACE ARCHITECT LLC|307 16 ST|2ND FL|UNION CITY
2|GRACE SPACE ARCHITECT LLC|307 16 ST|2ND FLOOR|UNION CITY
2|THE LAKEWOOD GROUP LLC|310 Passaic Avenue, Building B|Suite 201|Fairfield
2|THE LAKEWOOD GROUP LLC|310 Passaic Avenue, Building B|Suite 204A|Fairfield
2|7FORMATION INC|312 KENNEDY STREET||ISELIN
2|7FORMATIONS INC|312 KENNEDY STREET||ISELIN
2|ZEALOGICS INC|3121 US HIGHWAY 22||BRANCHBURG
2|ZEALOGICS LLC|3121 US HIGHWAY 22||BRANCHBURG
2|B & W Tek|313 Enterprise Dr.||Plainsboro
2|Metrohm Spectro Inc|313 Enterprise Dr.||Plainsboro
2|JNIT Technologies Inc|3145 BOROADENTOWN AVE|SUITE D1|PARLIN
2|JNIT TECHNOLOGIES INC|3145 BOROADENTOWN AVE|SUITE D1|PARLIN
2|VEDIC CONSULTING INC|319 SPOTSWOOD GRAVEL HILL ROAD||MONROE TOWNSHIP
2|TEKPLANT INC|319 SPOTSWOOD GRAVEL HILL ROAD||MONROE TOWNSHIP
2|NAMO TECHNOLOGIES LLC|321 Main Street|Suite 3|Woodbridge
2|NAMO TECHNOLOGIES LLC|321 Main Street||Woodbridge
2|InterLand Development Corporation|323 Main St.|Floor 2|Chatham
2|Eutectix LLC|323 Main St.|Ste B|Chatham
2|GLOBE SERVE LLC|3240 E. State St.|Suite 103|Hamilton
2|GLOBE SERVE LLC|3240 E. State St.|Suite 203|Hamilton
2|Bressler Amery & Ross, P.C.|325 Columbia Turnpike|Suite 301|Florham Park
2|Bressler, Amery & Ross P.C.|325 Columbia Turnpike||Florham Park
2|OL Warehouse LLC|326 Smith Street||Keasbey
2|OL WAREHOUSE LLC|326 Smith Street||Keasbey
2|PGP Glass-USA Inc|329 Herrod Blvd||Dayton
2|PGP Glass USA Inc|329 Herrod Blvd||Dayton
2|TEKNOZION INC|33 S WOOD AVE|STE 449|ISELIN
2|TEKNOZION INC|33 S WOOD AVE||ISELIN
2|Ephicacy Consulting Group Inc|33 Wood Avenue S.|Suite 600|Iselin
2|Reqhire Inc|33 Wood Avenue S.|Suite 641|Iselin
2|mokSa Technologies Inc|33 Wood Avenue South, Suite 600|No. 654, Iselin-Metropark|Iselin
2|Asamanta Technologies LLC|33 Wood Avenue South, Suite 600||Iselin
2|Passaic Arts and Science Charter School|33-00 BROADWAY|SUITE 301|FAIR LAWN
2|ILEARN SCHOOLS INC|33-00 BROADWAY|SUITE 301|FAIR LAWN
2|ARIVA INFOTECH LLC|330 CHANGEBRIDGE ROAD|SUITE 101|PINE BROOK
2|AZZO USA LLC|330 CHANGEBRIDGE ROAD|SUITE 101|PINE BROOK
2|Heart In Hand Psychotherapy LLC|330 Washington Street|181|Hoboken
2|Heart In Hand Psychotherapy LLC|330 Washington Street|Unit 181|Hoboken
2|Dataquest Corp Inc|3322 US Highway - 22|Suite 1001|Branchburg
2|Dataquest Corp|3322 US Highway - 22|Suite 1001|Branchburg
2|GRAND BK CORP|333 STARKE ROAD||CARLSTADT
2|GRAND BK CORP.|333 STARKE ROAD||CARLSTADT
2|Grand BK Corp.|333 Starke Road||Carlstadt
2|Grand BK Corp|333 Starke Road||Carlstadt
2|BCT CONSULTING INC|333 THORNALL STREET|1ST FLOOR|EDISON
2|BCT CONSULTING INC|333 THORNALL STREET|FLR. 1ST|EDISON
2|Fi-Tek LLC|333 Thornall Street|2nd Fl.|Edison
2|Orion Systems Integrators LLC|333 Thornall Street|Suite 703|Edison
2|Empowered Hospitality|336 Park Avenue|Apt 2|Hoboken
2|Empowered Hospitality LLC|336 Park Avenue|Apt 2|Hoboken
2|StratG Inc|339 Princeton- Hightstown Road|Building B|East Windsor
2|StratG Inc|339 Princeton- Hightstown Road|Building C|East Windsor
2|iStar Jewelry LLC|34 Maple Avenue|205|Pine Brook
2|DingZing Advanced Materials USA LLC|34 Maple Avenue|Ste 207|Pine Brook
2|Super technology Solutions Inc|34 Ridge Road||Green Brook
2|Super Technology Solutions Inc|34 Ridge Road||Green Brook
2|MPP Engineers LLC|34 South Main Street|Suite D|Allentown
2|MPP Engineers LLC|34 South Main Street||Allentown
2|Adcend Athletics LLC|344 Alaire Avenue||Leonia
2|Ascend Athletics LLC|344 Alaire Avenue||Leonia
2|Heard Media LLC|344 GROVE ST|UNIT 1258|JERSEY CITY
2|Heard Media LLC|344 GROVE ST|UNIT 1258|Jersey City
2|Strength Of Saad|344 Grove St.|825|Jersey City
2|Peak 62 Consultancy Services LLC|344 Grove St.|Suite 182|Jersey City
2|Quality Home Care Providers Inc|345 Grand Avenue||Leonia
2|Direct Meds Camden Inc|345 Grand Avenue||Leonia
2|Sparc Technology Services Inc|345 High St|Suite 3|Burlington
2|Sparc Technology Services Inc,|345 High St||Burlington
2|DVR Softek Inc|345 Plainfield Avenue|Suite 301|Edison
2|RAYVEN IT Solutions LLC|345 Plainfield Avenue|Suite 303|Edison
2|Certide Inc|347 Plainfield Ave, Ste 107|ste 107|Edison
2|Certide Inc|347 Plainfield Ave, Ste 107||Edison
2|Scadea Software Solutions Inc|3490 U.S. Hwy 1|Suite 11|Princeton
2|Scadea Software Solutions|3490 U.S. Hwy 1|Suite 11|Princeton
2|Archimedis Digital LLC|3495 US Highway 1|Suite 34, 1177|Princeton
2|Hoot Health Inc|3495 US Highway 1|Suite 34, Room 1126|Princeton
2|Panacea Direct Inc|35 Journal Square, Suite 459|N/A|Jersey City
2|Panacea Direct Inc|35 Journal Square, Suite 459||Jersey City
2|Seva Construction Inc|35 Norwood Pl||Edison
2|Seva Engineering Services LLC|35 Norwood Pl||Edison
2|SUN CHEMICAL CORPORATION|35 WATERVIEW BLVD.||Parsippany
2|SUN CHEMICAL CORPORATION|35 WATERVIEW BLVD.||PARSIPPANY
2|MCKINSOL CONSULTING INC|35-37 PROGRESS ST|STE B1|EDISON
2|TRIUM AI SOLUTIONS INC|35-37 PROGRESS ST|UNIT A4|EDISON
2|NJ Bio Inc|350 Carter Road||Princeton
2|NJ Biopharmaceuticals LLC|350 Carter Road||Princeton
2|Mistry Design LLC|350 Clark Drive|Suite 101|Budd Lake
2|Vislink LLC|350 Clark Drive|Suite 125|Mount Olive
2|Melody Institute of Music and Art Inc|350 Market Street|Suite 7|Saddle Brook
2|Melody Institute of Music and Art Inc|350 Market Street|Suite A|Saddle Brook
2|Swyfft Holdings LLC|350 Mount Kemble Avenue||Morristown
2|Avaya Inc|350 Mount Kemble Avenue||Morristown
2|Avaya Inc|350 Mt Kemble Ave||Morristown
2|Avaya LLC|350 Mt Kemble Ave||Morristown
2|Automated Control Concepts LLC|3535 State Route 66|Building 6|Neptune
2|InflexionPoint LLC|3535 State Route 66|Building 6|Neptune
2|TOP RACK TECHNOLOGY INC|355 New Albany Road|Suite B|Moorestown
2|OnGuard Fence Systems, Ltd.|355 New Albany Road||Moorestown
2|Drew University|36 Madison Avenue||Madison
2|INTO NEW YORK AT DREW LLC|36 Madison Avenue||Madison
2|Techno Pro Solutions Inc|36 Oping Road|N/A|Pompton Plains
2|TECHNO PRO SOLUTIONS INC|36 Oping Road||Pompton Plains
2|Beamline Contracting LLC|36 Seabury Street||Newark
2|Top Link Contracting LLC|36 Seabury Street||Newark
2|ARTECH LLC|360 MT. KEMBLE AVENUE|SUITE 2000|MORRISTOWN
2|Artech LLC|360 MT. KEMBLE AVENUE|SUITE 2000|MORRISTOWN
2|Alpha Consulting LLC|360 Mt. Kemble Ave|Suite 2000|Morristown
2|Alliant Technolgies LLC|360 Mt. Kemble Ave||Morristown
2|American Innovative Technologies Corp|3600 State Route 66|Suite 150|Neptune
2|American Innovative Technologies Inc|3600 State Route 66|Suite 150|Neptune
2|Edward Clark Landscape Architect|362 US-206||Flanders
2|EDWARD CLARK LANDSCAPE ARCHITECT|362 US-206||FLANDERS
2|Max Tech Solutions Inc|365 West Passaic Street|Suite 128|Rochelle Park
2|ZRG Partners LLC|365 West Passaic Street|Suite 465|Rochelle Park
2|AI Intelligence Inc|37 Easton Avenue|Suite 200|New Brunswick
2|Ubicloud Inc|37 Easton Avenue|Suite 200|New Brunswick
2|Runfine Groups Inc|37 Leslie Court|Suite 37|Hanover
2|Runfine Groups Inc|37 Leslie Court||Whippany
2|Qualitas Infotech Inc|37 Station Dr.,|Ste D|Princeton JCT
2|Qualitas Infotech Inc|37 Station Dr.,|Suite D|Princeton Junction
2|KAPSTONE TECHNOLOGIES LLC|370 CAMPUS DRIVE|SUITE 108|SOMERSET
2|HOPE HOME CARE LLC|370 CAMPUS DRIVE|SUITE 123|SOMERSET
2|Innovateclin Solutions Inc|370 Campus Dr, Suite 139||somerset
2|Innovateclin Solutions Inc|370 Campus Dr, Suite 139||Somerset
2|MP ENGINEERS P.C.|3700 ROUTE 27|SUITE 101|PRINCETON
2|SJH ENGINEERING, P.C.|3700 ROUTE 27|SUITE 201|PRINCETON
2|SJH Engineering, P.C.|3700 Route 27|Suite 201|Princeton
2|SJH Engineering, PC|3700 Route 27|Suite 201|Princeton
2|SRM Tech Inc|3705 Quakerbridge Road|Suite 211|Hamilton
2|Global Technical Software Services Inc|3705 Quakerbridge Road|Suite 212|Hamilton
2|SKYSOL LLC|371 HOES LN|SUITE 200|PISCATAWAY
2|SKY TECH SERVICES INC|371 HOES LN|SUITE 200, A5|PISCATAWAY
2|FIRST TEK INC|371 Hoes Lane, Suite 201,||Piscataway,
2|FIRST TEK, DOS LLC|371 Hoes Lane, Suite 201,||Piscataway,
2|INRIKA INC|3759 US HIGHWAY 1|SUITE 103|MONMOUTH JUNCTION
2|Epickx Inc|3759 US HIGHWAY 1|SUITE 103|MONMOUTH JUNCTION
2|Epickx Inc|3759 US Highway 1|Suite 103|Monmouth Junction
2|Inrika Inc|3759 US Highway 1|Suite 103|Monmouth Junction
2|Inrika Inc|3759 US highway 1|Suite 103|Monmouth Junction
2|Inrika Inc|3759 US highway 1|Suite 103|monmouth Junction
2|Aequor Technologies LLC|377 Hoes Lane|Suite 300|Piscataway
2|Aequor Technologies Inc|377 Hoes Lane|Suite 300|Piscataway
2|Isite Technologies Inc|379 PRINCETON HIGHTSTOWN ROAD|BUILDING 3 SECOND FLOOR|EAST WINDSOR
2|Isite Technologies Inc|379 PRINCETON HIGHTSTOWN ROAD|BUILDING 3 SECOND FLOOR STE 3203|EAST WINDSOR
2|V Group Inc|379 Princeton Hightstown Road,|Building 3 Suite 2A|Cranbury
2|V Group Inc|379 Princeton Hightstown Road,|Building 3 Suite 2A|East Windsor
2|PIONEER CONSULTING LLC|379 Princeton Hightstown Road, Building 1, Second Floor|SUITE A|Cranbury
2|PIONEER CONSULTING LLC|379 Princeton Hightstown Road, Building 1, Second Floor|Suite A|Cranbury
2|Birlasoft Inc|379 Thornall St|Fl 12|Edison
2|Birlasoft Consulting Inc|379 Thornall St|Floor 12|Edison
2|Morris Anesthesia Group. P.A.|3799 Route 46|Suite 301|Parsippany
2|Morris Anesthesia Group, PA|3799 Route 46||Parsippany
2|Sivers Semiconductors Inc|383 Main Street|Suite 202|Chatham
2|Sivers Semiconductors Inc|383 Main Street||Chatham
2|Skanska USA Building Inc|389 Interpace Parkway|5th Floor|Parsippany
2|SAX LLP|389 Interpace Parkway|Ste 3|Parsippany
2|INVENIO Digital Inc|39 DELWICK LN||Short Hills
2|Invenio Digital Inc|39 DELWICK LN||Short Hills
2|Narinder Alliance LLC|39 Greene|Suite 203|Jesrsey City
2|Narinder Alliance LLC|39 Greene|Suite 203|Jersey City
2|BKC CPAs PC|39 State Route 12|Suite 2|Flemington
2|BKC, CPAs, PC|39 State Route 12|Suite 2|Flemington
2|Shenoy Engineering, PC|39 US Highway 46 East|Ste 802|Pine Brook
2|Shenoy Engineering, PC|39 US Highway 46 East|Suite 802|Pine Brook
2|Shenoy Engineering, PC|39 US Highway, 46 East|Ste 802|Pine Brook
2|Shenoy Engineering, PC|39 US Highway, 46 East|Suite 802|Pine Brook
2|Sapiens Americas Corporation|395 West Passaic Street|SUITE 490|Rochelle Park
2|Sapiens Americas Corporation|395 West Passaic Street|Suite 490|Rochelle Park
2|Sapiens Americas Corporation|396 West Passaic Street|STE 490|Rochelle Park
2|Sapiens Americas Corporation|396 West Passaic Street|Suite 490|Rochelle Park
2|COMPUTER MANAGEMENT AND INFORMATION SOLUTIONS INC|397 RIDGE ROAD|SUITE 4|DAYTON
2|AMERICAN IT MINDS INC|397 RIDGE ROAD|SUITE 6A|DAYTON
2|Mead Johnson Company LLC|399 Interpace Parkway||Parsippany
2|RB Health (US) LLC|399 Interpace Parkway||Parsippany
2|Orison Solutions LLC|3rd Floor, Suite 306,|1 West State Street|Trenton
2|Orison Solutions LLC|3rd Floor, Suite 306,||Trenton
2|SAFREL PHARMACEUTICALS LLC|4 CORPORATE DR||Cranbury
2|NEEYAAN LLC|4 CORPORATE DR||Cranbury
2|TIGER ADVISORY ASSOCIATES LLC|4 Campus Drive|STE 110|Parsippany
2|Flash Global Logistics Inc|4 Campus Drive|Suite 302|Parsippany
2|Integrated Resources Inc|4 Ethel Road|Suite 403B|Edison
2|Connecting Talent 2 Opportunity LLC|4 Ethel Road|Suite 404A|Edison
2|Planet Networks Inc|4 Park Place||Newton
2|Planet Networks INC|4 Park Place||Newton
2|PHARMALINE TECHNOLOGIES INC|40 BRUNSWICK AVE|STE 206|EDISON
2|VYSoft Solutions Inc|40 BRUNSWICK AVE|SUITE 205|EDISON
2|Selective Insurance Company of America|40 Wantage Avenue||Branchville
2|Selective Insurance Company of America Inc|40 Wantage Avenue||Branchville
2|Luzsana Biotechnology US Inc|400 Alexander Park|3rd Floor|Princeton
2|Bionpharma Inc|400 Alexander Park|Suite 2-4B|Princeton
2|NORRIS McLAUGHLIN, PA|400 CROSSING BOULEVAROAD|8TH FLOOR|BRIDGEWATER
2|Cooper Lighting LLC|400 CROSSING BOULEVAROAD|SUITE 600|BRIDGEWATER
2|Teva Pharmaceuticals USA Inc|400 Interpace parkway|3|Parsippany
2|Baxter Pharmaceutical Solutions LLC|400 Interpace parkway||Parsippany
2|SONG LAW FIRM LLC|400 KELBY ST|19 FL|FORT LEE
2|SONG LAW FIRM LLC|400 KELBY ST|STE 1900|FORT LEE
2|SHANDEX CORPORATION|400 KELBY STREET|17TH FLOOR|FORT LEE
2|SONG LAW FIRM LLC|400 KELBY STREET|19TH FLOOR|FORT LEE
2|EKCL LLC|400 Kelby St|Suite 1002|Fort Lee
2|Ray America Inc|400 Kelby St|Suite 1500|Fort Lee
2|Kennedy Medical Group Practice PC|400 Laurel Oak Road|Suite 105|Voorhees
2|Kennedy Medical Group Practice, P.C.|400 Laurel Oak Road|Suite 105|Voorhees
2|Enhance Therapies Master Payco LLC|400 NJ-70||Lakewood
2|Tender Touch Rehab Services LLC|400 NJ-70||Lakewood
2|Bausch Health US LLC|400 Somerset Corporate Blvd||Bridgewater
2|Bausch Health|400 Somerset Corporate Blvd||Bridgewater
2|Bausch Health US LLC|400 Somerset Corporate Boulevard||Bridgewater
2|Bausch & Lomb Americas Inc|400 Somerset Corporate Boulevard||Bridgewater
2|KollaSoft Inc|400 South Avenue|7|Middlesex
2|Lorhan Corporation Inc|400 South Avenue|Ste 9|Middlesex
2|AUTOMOTIVE RENTALS INC|4001 LEADENHALL ROAD||MT. LAUREL
2|AUTOMOTIVE RENTALS INC D/B/A AUTOMOTIVE RESOURCE|4001 LEADENHALL ROAD||MT. LAUREL
2|METASENSE INC|403 COMMERCE LANE|SUITE 5|WEST BERLIN
2|METASENSE INC|403 COMMERCE LANE||WEST BERLIN
2|Metasense Inc|403 Commerce Lane|Suite 5|West Berlin
2|MetaSense Inc|403 Commerce Lane|Suite 5|West Berlin
2|OPTIMER INC|403 Skillman Road|Suite 300|Skillman
2|OPTIMER INC|403 Skillman Road||Skillman
2|Ipivot LLC|405 Ridge Road||Dayton
2|iPivot LLC|405 Ridge Road||Dayton
2|Taylor Farms New Jersey Inc|406 Heron Drive|Suite A|Swedesboro
2|Taylor Farms New Jersey Inc|406 Heron Drive||Swedesboro
2|SAMJAN GROUP INC|40E COTTERS LANE|SUITE A|East Brunswick
2|Pioneer Life Science LLC|40E COTTERS LANE|SUITE A|East Brunswick
2|Vita-Pure Inc|410 W 1st Avenue||Roselle
2|VitaPure Nutra LLC|410 W 1st Avenue||Roselle
2|NINFO SYSTEMS INC|4105 US Route 1|Suite 14|Monmouth Junction
2|NInfo Systems Inc|4105 US Route 1|Suite 14|Monmouth Junction
2|Swaratech Inc|411 Hackensack Ave|Suite 200|Hackensack
2|CEF SOLUTIONS INC|411 Hackensack Ave|Suite 800|Hackensack
2|Konica Minolta Healthcare|411 Newark Pompton Tpk.||Wayne
2|Konica Minolta Healthcare Americas Inc|411 Newark Pompton Tpk.||Wayne
2|AETREX INC|414 ALFRED AVENUE||TEANECK
2|AETREX WORLDWIDE INC|414 ALFRED AVENUE||TEANECK
2|Ignite Innovationz Inc|414 N Midland Ave|Apt 11|Saddle Brook
2|Ignite Innovationz Inc|414 N Midland Ave|Apt 11|Saddlebrook
2|TD Bank, National Association|4140 Church Road|N/A|Mount Laurel
2|TD Bank, National Association|4140 Church Road||Mount Laurel
2|Arborsys Group LLC|422 Executive Drive|Building 4|Princeton
2|ArborSys Group LLC|422 Executive Drive||Princeton
2|Distinct Engineering Solutions Inc, P.C. in NY & PA|425 Old Georges Road||North Brunswick
2|Distinct Engineering Solutions Inc|425 Old Georges Road||North Brunswick
2|ALPHA IT CONSULTING CORPORATION.|4250  Route 1|Suite 103|South Brunswick Township
2|ALPHA IT CONSULTING CORPORATION|4250  Route 1|Suite 103|South Brunswick Township
2|ALPHA IT CONSULTING CORPORATION|4250 ROUTE1|SUITE 103|SOUTH BRUNSWICK TOWNSHIP
2|ALPHA IT CONSULTING CORPORATION|4250 ROUTE1|SUITE103|SOUTH BRUNSWICK TOWNSHIP
2|Nubis Communications Inc|430 Mountain Avenue|Suite 301|New Providence
2|Effective School Solutions LLC|430 Mountain Avenue|Suite 304|New Providence
2|BAYADA Home Health Care Inc|4300 Haddonfield Road||Pennsauken
2|Bayada Home Health Care Inc|4300 Haddonfield Road||Pennsauken
2|Barsan Global Logistics Inc|432 Bergen Blvd|Ste D|Ridgefield
2|Barsan Global Logistics Inc|432 Bergen Blvd|Unit D|Ridgefield
2|Santec U.S.A. Corporation|433 Hackensack Avenue||Hackensack
2|Suave Brands Company LLC|433 Hackensack Avenue||Hackensack
2|ASB RESOURCES|4365 Route 1 S|Suite 102|PRINCETON
2|ASB RESOURCES|4365 Route 1 S|Suite 205|PRINCETON
2|FINACLE SOFT INC|4365 US HIGHWAY 1|SUITE 203|PRINCETON
2|ZENITH SERVICES INC|4365 US HIGHWAY 1|SUITE 210|PRINCETON
2|Zenith Services Inc|4365 US Highway 1|STE 210|Princeton
2|Zenith Services Inc|4365 US Highway 1|Suite 210|Princeton
2|COMPUNNEL SOFTWARE GROUP INC|4390 Route 1 North|Suite 302|Princeton
2|Technovators INC|4390 Route 1 North|Suite 310|Princeton
2|COMPUNNEL SOFTWARE GROUP INC|4390 Route 1 North,|Suite 302|Princeton
2|Technovators Inc|4390 Route 1 North,|Suite 310|Princeton
2|INGENWORKS LLC|4390 US HIGHWAY 1|SUITE 305|PRINCETON
2|STELLENT PROFESSIONALS LLC|4390 US HIGHWAY 1|Suite 234|Princeton
2|JP Glassware Inc|44 Colonial Drive||Piscataway
2|J.P. Glassware Inc|44 Colonial Drive||Piscataway
2|Latentview Analytics Corporation|44 Nassau Street||Princeton
2|LatentView Analytics Corporation|44 Nassau Street||Princeton
2|Berkeley College|44 Rifle Camp Road||Woodland Park
2|BERKELEY EDUCATIONAL SERVICES OF NEW YORK|44 Rifle Camp Road||Woodland Park
2|SAMP ENGINEERING INC|440 NJ-17|SUITE 2|HASBROUCK HEIGHTS
2|Samp Engineering Inc|440 NJ-17|Ste 2|Hasbrouck Heights
2|Amarin Pharma Inc|440 Route 22|Suite 300|Bridgewater
2|Amarin Pharma Inc|440 Route 22||Bridgewater
2|ANS Geo|4405 South Clinton Ave|Suite A|South Plainfield
2|ANS Geo|4405 South Clinton Ave||South Plainfield
2|ANS Consultants Inc|4405 South Clinton Avenue||South Plainfield
2|ANS Geo|4405 South Clinton Avenue||South Plainfield
2|Golden Meadow Investments LLC|444 Washington Blvd|Apt 1505|Jersey City
2|IMMI CONSULTING INC|444 Washington Blvd|Apt 1505|Jersey City
2|STARK PHARMA TECHNOLOGY INC|4475 SOUTH CLINTON AVENUE|SUITE 230|SOUTH PLAINFIELD
2|ARNI MEDICA INC|4475 SOUTH CLINTON AVENUE|SUITE 230|SOUTH PLAINFIELD
2|ERPMARK INC|4478 ROUTE 27|SUITE 102|KINGSTON
2|PIORION SOLUTIONS INC|4478 ROUTE 27|SUITE 201-A|KINGSTON
2|VSB TECH CONSULTING SERVICES LLC|4478 Route 27 , Suite 201-E||KINGSTON
2|VSB TECH CONSULTING SERVICE LLC|4478 Route 27 , Suite 201-E||KINGSTON
2|Denise Albanese|44a Reynolds Ave||Parsippany
2|Denise A Albanese|44a Reynolds Ave||Parsippany
2|RESTRUCTURING PARTNERS & ASSOCIATES LLC|45 Eisenhower Dr.|Suite 560|Paramus
2|RESTRUCTURING PARTNERS & ASSOCIATES LLC|45 Eisenhower Dr.||Paramus
2|Tinkercast LLC|45 Watchung Ave|Suite 312|Montclair
2|Tinkercast LLC|45 Watchung Ave||Montclair
2|DSM Food Specialties USA Inc|45 Waterview Blvd.||Parsippany
2|DSM Nutritional Products LLC|45 Waterview Blvd.||Parsippany
2|QSI Services Inc|450 Amwell Road|Second Floor Suite 5|Hillsborough
2|QSI Services Inc|450 Amwell Road|Second Floor, Suite 5|Hillsborough
2|Logic Planet Inc|4525 Route 27||Princeton
2|IMR Soft LLC|4525 Route 27||Princeton
2|BERGEN MARBLE AND GRANITE INC|453 BROAD AVE|N/A|RIDGEFIELD
2|BERGEN MARBLE AND GRANITE INC|453 BROAD AVE||RIDGEFIELD
2|Towne Nursing Staff Inc|4547 US Highway 9 North|Suite Q|Howell
2|Grandison Management Inc|4547 US Highway 9 North|Suite Q|Howell
2|RevereIT LLC|45640 Willow Pond Plaza|200|Sterling
2|RevereIT LLC|45640 Willow Pond Plaza|200|OLD BRIDGE
2|FUTURE GROUP USA LLC|459 SOMERSET ST|UNIT 2|SOMERSET
2|FUTURE GROUP USA ENTERPRISE INC|459 SOMERSET ST|UNIT 3|SOMERSET
2|June Jacobs Labs LLC|46 Graphic Place||Moonachie
2|June Jacobs Laboratories|46 Graphic Place||Moonachie
2|SVT INC|47 Brookdale Road|Suite C|Watchung
2|Business Technology Inc|47 Brookdale Road|Suite D|Watchung
2|CILICANT INC|475 WALL ST.|SUITE 138|PRINCETON
2|LOTUSDATA, LLP.|475 WALL ST.||PRINCETON
2|VIZTECH LLC|476 TIVOLI CT||MORGANVILLE
2|VIZTECH LLC|476 TIVOLI CT||MONMOUTH
2|MAXWAY COMMERCE LLC|479 Route 520|Ste B201|Marlboro
2|Dheeyo LLC|479 Route 520|Suite B201|Marlboro
2|Alkin Compressors Inc|48 Industrial W||Clifton
2|Alkin Compressors|48 Industrial W||Clifton
2|MNM Consultant LLC|48 S New York Road|Suite A-2|Galloway
2|MNM Consultant LLC|48 S New York Road|Suite A2|Galloway
2|SG AMERICAS OPERATIONAL SERVICES INC|480 WASHINGTON BLVD.||Jersey City
2|SG AMERICAS OPERATIONAL SERVICES LLC|480 WASHINGTON BLVD.||Jersey City
2|Springpoint Senior Living Inc|4814 Outlook Drive|SUITE 201|Wall Township
2|Springpoint Senior Living|4814 Outlook Drive|Suite 201|Wall Township
2|TENAZX INC|485 E ROUTE 1 SOUTH WOODBRIDGE CORPORATE PLAZA|SUITE 100|ISELIN
2|IT TRAILBLAZERS LLC|485 E ROUTE 1 SOUTH WOODBRIDGE CORPORATE PLAZA|SUITE 100|ISELIN
2|Biocon Generics Inc|485 U.S. Highway 1(S)|Suite B-305|Iselin
2|Biocon Generics Inc|485 U.S. Highway 1(S)||Iselin
2|3B Staffing LLC|485B US Highway 1 S|STE 300|ISELIN
2|3B Staffing LLC|485B US Highway 1 S|STE 300|Iselin
2|Nachman and Associates, P.C.|487 Goffle Road|Visaserve Plaza|Ridgewood
2|NPZ Law Group PC|487 Goffle Road|Visaserve Plaza|Ridgewood
2|Scientific Design LLC|49 Industrial Avenue||Little Ferry
2|Scientific Design Company Inc|49 Industrial Avenue||Little Ferry
2|EDISON LABS INC|49 NAPOLEON CT||SOMERSET
2|APICORE US LLC|49 NAPOLEON CT||SOMERSET
2|Rachael H Grochowski, Architecture & Design Limited Liability Company|491 Bloomfield Avenue|Suite 201|Montclair
2|Sitetracker Inc|491 Bloomfield Avenue|Suite 301|Montclair
2|TCM Groups Inc|495 Plainfield Ave|Suite C|Berkeley Heights
2|TCM Groups Inc|495 Plainfield Ave|suite C|Berkeley Heights
2|TekAllianz Corporation|499 Ernston Road|SUITE A-11|PARLIN
2|TekAllianz Corporation|499 Ernston Road|Suite A11|Parlin
2|Tokio Marine Management Inc|499 Washington Blvd|Suite 1500|Jersey City
2|Forbes Media LLC|499 Washington Blvd||Jersey City
2|IVIEW Therapeutics Inc|5 Cedar Brook Drive|Suite 2|Cranbury
2|Tulex Pharmaceuticals Inc|5 Cedar Brook Drive||Cranbury
2|MANE Concept Inc|5 Ethel Blvd.|Suite 200|Wood-Ridge
2|Mane Concept Inc|5 Ethel Blvd.|Suite 200|Wood-Ridge
2|Altura Stone and Tile Inc|5 Gardner Road||Fairfield
2|Altura Stone and Tile LLC|5 Gardner Road||Fairfield
2|GalaxE.Solutions LLC|5 Hilltop Road||Mendham Borough
2|Endava Solutions LLC|5 Hilltop Road||Mendham Borough
2|NATIONAL CONSULTING GROUP INC|5 Independence Way,|Suite 300|Princeton
2|NATIONAL CONSULTING GROUP INC|5 Independence Way,|Suite 434|Princeton
2|VRK IT VISION INC|5 Independence Way, 3rd Floor, Suite 300B|N/A|Princeton
2|VRK IT Vision Inc|5 Independence Way, 3rd Floor, Suite 300B||Princeton
2|Semperis Inc|5 Marine View Plaza|Suite 102|Hoboken
2|QPhoton Inc|5 Marine View Plaza|Suite 201|Hoboken
2|Laxai Inc|5 ROLLING CT||KENDALL PARK
2|VM GLOBAL PARTNERS LLC|5 ROLLING CT||KENDALL PARK
2|Groupsoft US Inc|5 Vaughn Dr|Ste 150|Princeton
2|Groupsoft US Inc|5 Vaughn Dr|Suite 150|Princeton
2|Groupe SEB USA|5 Wood Hollow Road|2nd Floor|Parsippany
2|Ascensia Diabetes Care US Inc|5 Wood Hollow Road||Parsippany
2|Code Ace Solutions Inc|50 Cragwood Road,|Suite 217|South Plainfield
2|Saiana Technologies Inc|50 Cragwood Road,|ste 104,|South Plainfield
2|Unisoft Solutions LLC|50 Division St,|Suite 501|Somerville
2|Unisoft Solutions LLC|50 Division St,|Suite 501,|Somerville,
2|KJ Info LLC|50 Harrison St|PH 540|Hoboken
2|SAMHWA USA INC|50 Harrison St|Suite 216|Hoboken
2|Link Trans Logistics NJ INC|50 Jiffy Road||Somerset
2|Link Trans Logistics NJ Inc|50 Jiffy Road||Somerset
2|American Designers Corp.|50 Louis Court||South Hackensack
2|American Designers Corp|50 Louis Court||South Hackensack
2|SILICON STAFF IT SERVICES INC|500 ALEXANDER PARK  DRIVE|SUITE 102|PRINCETON
2|SILICON STAFF IT SERVICES INC|500 ALEXANDER PARK  DRIVE||PRINCETON
2|SILICON STAFF IT SERVICES INC,|500 ALEXANDER PARK DRIVE|SUITE 102|PRINCETON
2|SILICON STAFF IT SERVICES INC|500 ALEXANDER PARK DRIVE|SUITE 102|PRINCETON
2|Apex IT Services LLC|500 Alexander Park Dr|Suite 102|Princeton
2|Apex IT Services|500 Alexander Park Dr|Suite 102|Princeton
2|Take Enterprise Services Inc|500 Alexander Park Drive|Suite 102|Princeton
2|Apex IT Services LLC|500 Alexander Park Drive|Suite 102|Princeton
2|DATAGAMA INC|500 COLLEGE ROAD E|2ND FLOOR SUITE 205|PRINCETON
2|TK-CHAIN LLC|500 COLLEGE ROAD E|STE 202|PRINCETON
2|DATAGAMA INC|500 COLLEGE ROAD E.|2ND FLOOR - SUITE 205|PRINCETON
2|DATAGAMA INC|500 COLLEGE ROAD E.|2ND FLOOR, SUITE 205|PRINCETON
2|Pionex Inc|500 College Park Road East|Suite 120|Princeton
2|Pionex Inc|500 College Park Road East|Suite 240|Princeton
2|Agam Capital Management LLC|500 Frank W. Burr Boulevard|4th Floor, Ste 16|Teaneck
2|EOS Accountants LLP|500 Frank W. Burr Boulevard|Suite 380|Teaneck
2|QUEST DIAGNOSTICS INCORPORATED|500 PLAZA DRIVE|N/A|SECAUCUS
2|QUEST DIAGNOSTICS INCORPORATED|500 PLAZA DRIVE||SECAUCUS
2|ASDCENT AUTO INTERIOR LLC|500 VALLEY ROAD|SUITE 101|WAYNE
2|ASCENT AUTO INTERIOR LLC|500 VALLEY ROAD|SUITE 101|WAYNE
2|Cenntro Automotive Corporation|501 Okerson Road||Freehold
2|CENNTRO AUTOMOTIVE CORPORATION|501 Okerson Road||Freehold
2|VERTICAL RELEVANCE INC|51 JFK PARKWAY|1ST FLOOR WEST|SHORT HILLS
2|RELATIONSHIP CAPITAL PARTNERS INC|51 JFK PARKWAY||SHORT HILLS
2|Rightpoint LLC|51 JFK Parkway, 1st Fl West|Suite 129|Short Hills
2|Rightpoint Consulting LLC|51 JFK Parkway, 1st Fl West|Suite 129|Short Hills
2|Genpact LLC|51 JFK Parkway, 1st floor West|Suite 129|Short Hills
2|Headstrong Services LLC|51 JFK Parkway, 1st floor West|Suite 129|Short Hills
2|Scale Microgrid Solutions Mgmt LLC|51-53 South Broad Street||Ridgewood
2|Scale Microgrid Solutions Management LLC|51-53 South Broad Street||Ridgewood
2|Onix Networking Corp.|510 Carnegie Center|Suite 110|Princeton
2|Kyowa Kirin Inc|510 Carnegie Center|Suite 600|Princeton
2|THOUGHT BYTE INC|510 FRANKLIN AVENUE|SUITE 2 & 3|NUTLEY
2|SWANKTEK INC|510 FRANKLIN AVENUE|SUITE 6,7 & 8|NUTLEY
2|KODERZLAB INC|510 THORNAL STREET|SUITE 230|EDISON
2|KODERZLAB INC|510 THORNAL STREET|SUITE 320|EDISON
2|NEO TECH SOLUTIONS INC|515 Plainfield Ave, Suite 204|Suite 204|Edison
2|NEO TECH SOLUTIONS INC|515 Plainfield Ave, Suite 204||Edison
2|Forge Technologies Inc|515 Plainfield Avenue|Suite 102|Edison
2|Mejenta Systems Inc|515 Plainfield Avenue|Suite 201A|Edison
2|ITCAPS LLC|515 Washington Road|Suite 1|Parlin
2|ITCaps LLC|515 Washington Road|Suite 1|Parlin
2|ITCaps LLC|515A Washington Road||Parlin
2|ITCAPS LLC|515A Washington Road||Parlin
2|Intellectt Inc|517  Route 1 South|1115|Iselin
2|BI Labs Inc|517  Route 1 South|Ste 1116|Iselin
2|Richards Mfg. Co. Sales LLC|517 Lyons Avenue||Irvington
2|Bleema Manufacturing Corporation|517 Lyons Avenue||Irvington
2|Priamba Soft LLC|517 RT1 S|STE1193|ISELIN
2|Priamba Soft LLC|517 RT1 S|SUITE 1193|ISELIN
2|Intellectt Inc|517 Rte 1 South|1115|Iselin
2|Intellectt Inc|517 Rte 1 South||Iselin
2|Priamba Soft LLC|517 US HIGHWAY 1 S|SUITE 1193|ISELIN
2|Priamba Soft LLC|517 US HIGHWAY 1 S|SUITE 1193|Iselin
2|Acquavella, Chiarelli, Shuster, LLP|517 US Highway 1 South|Suite 3102|Iselin
2|PuraCap Pharmaceutical LLC|517 US Highway 1 South|Suite 4002|Iselin
2|EVERLAST INTERIOR CONSTRUCTION INC|52 N Main St|Building C Suite 5/6|Marlboro
2|EVERLAST INTERIOR CONSTRUCTION INC|52 N Main St||Marlboro
2|Net2Phone 2-0 America Inc|520 Broad Street||Newark
2|IDT Corporation|520 Broad Street||Newark
2|ACQUIFIN LLC|525 MILLTOWN ROAD|SUITE 103|NORTH BRUNSWICK
2|CORPORATE BIZ SOLUTIONS INC|525 MILLTOWN ROAD|SUITE 208|NORTH BRUNSWICK
2|StratEdge IT Consulting Inc|525 Route 73 North|Suite 104|Marlton
2|Ant Team Service Corp|525 Route 73 North|Suite 104|Marlon
2|GOLDEN PEAR FUNDING OPCO LLC|525 WASHINGTON BLVD|SUITE 2450|JERSEY CITY
2|INOSSEM INC|525 WASHINGTON BLVD|SUITE 2600|JERSEY CITY
2|REALPHA TECH CORP.|525 WASHINGTON BLVD.|300|JERSEY CITY
2|CCA CONSTRUCTION INC|525 WASHINGTON BLVD.|31ST FLOOR|JERSEY CITY
2|VENTECHSOFT Inc|53 Knights bridge Road|Suite 277|Piscataway
2|VENTECHSOFT INC|53 Knights bridge Road|Suite 277|Piscataway
2|VENTECHSOFT INC|53 knights bridge Road|Suite 277|Piscataway
2|Ventechsoft Inc|53 knights bridge Road|Suite 277|Piscataway
2|Custom Calibration Solutions LLC|535 US Highway 130||Hamilton
2|Custom Calibration Solutions LLC|535 US Highway 130||Robbinsville
2|Health East Medical Alliance|54 South Dean Street||Englewood
2|Health East Medical Alliance LLC|54 South Dean Street||Englewood
2|FAYMAN FOOD GROUP LLC|545 BECKETT ROAD|SUITE 204|LOGAN TOWNSHIP
2|FAYMAN FOOD GROUP LLC|545 BECKETT ROAD|SUITE 204|SWEDESBORO
2|Khoj Information Technology Inc|545 Island Road|Suite 3C|Ramsey
2|KHOJ INFORMATION TECHNOLOGY INC|545 Island Road|Suite 3C|Ramsey
2|MENTOUR CORPORATION|55 CARTER DRIVE|SUITE L2|EDISON
2|MENTOUR CORPORATION|55 CARTER DRIVE||EDISON
2|Continuity Logic LLC|55 Lane Road|Ste 303|Fairfield
2|Early Stage Solutions LLC|55 Lane Road|Suite 310|Fairfield
2|Super Technology Solutions Inc|55 Mountain Blvd|2nd Floor|Warren
2|Super Technology Soutions Inc|55 Mountain Blvd|2nd Floor|Warren
2|Fayman Food Group LLC|553 Beckett Road|Suite 403|Logan
2|Fayman Food Group LLC|553 Beckett Road|Suite 403|Logan Township
2|MUNICH RE AMERICA SERVICES INC|555 COLLEGE ROAD EAST||PRINCETON
2|MUNICH REINSURANCE AMERICA INC|555 COLLEGE ROAD EAST||PRINCETON
2|Munich Re America Services Inc|555 College Road E||Princeton
2|Munich Reinsurance America Inc|555 College Road E||Princeton
2|ClientServer Technology Solutions LLC|555 US 1 HIGHWAY|STE 220|Iselin
2|CLIENTSERVER TECHNOLOGY SOLUTIONS LLC|555 US 1 HIGHWAY|SUITE 220|ISELIN
2|Century Design Corp|558 Paulison Ave|apt 01|Passaic
2|Century Design Corp|558 Paulison Ave||Passaic
2|Hatteras Press Inc|56 Park Road||Tinton Falls
2|HATTERAS Press Inc|56 Park Road||Tinton Falls
2|Hammonton Public School District|566 Old Forks Road||Hammonton
2|Hammonton Board of Education|566 Old Forks Road||Hammonton
2|Peri Software Solutions Inc|570 Broad Street|Floor 6|Newark
2|Aryming Asset Management LLC|570 Broad Street|Suite 900|Newark
2|The Depository Trust and Clearing Corporation|570 Washington Blvd.||Jersey City
2|The Depository Trust & Clearing Corporation|570 Washington Blvd.||Jersey City
2|PROTAX & FINANCIAL ADVISORS LLC|572 Amboy Ave||Woodbridge
2|Protax & Financial Advisors LLC|572 Amboy Ave||Woodbridge
2|G & G Drugs LLC|575 Central Avenue||East Orange
2|G & G Drugs|575 Central Avenue||East Orange
2|Eastern Appliances Inc|58 Richboynton Road||Dover
2|Banfi Advisory Co|58 Richboynton Road||Dover
2|OTICON INC|580 Howard Ave||Somerset
2|Audiology Services Company USA LLC|580 Howard Ave||Somerset
2|Audiology Services Company USA LLC|580 Howard Avenue||Somerset
2|Oticon Inc|580 Howard Avenue||Somerset
2|Sharemoney Inc|580 Sylvan Avenue|Ste LL-A|Englewood Cliffs
2|MG Architecture Urbanism LLC|580 Sylvan Avenue|Suite 2C|Englewood Cliffs
2|Plymouth Rock Management Company of New Jersey|581 Main Street|400|Woodbridge
2|Plymouth Rock Management Company of New Jersey|581 Main Street|Suite 400|Woodbridge
2|DISCOVERY SCM USA LTD|587 Industrial Road||Carlstadt
2|Discovery SCM USA LTD|587 Industrial Road||Carlstadt
2|VSLN International Inc|591 Summit Ave,|Suite 524|JERSEY CITY
2|VSLN International Inc|591 Summit Ave,|Suite 526|JERSEY CITY
2|CONSIGA TECHNOLOGIES INC|591 Summit Avenue, Ste 505|SUITE D|Jersey City
2|CONSIGA TECHNOLOGIES INC|591 Summit Avenue, Ste 505||Jersey City
2|VSLN International Inc|591 summit ave,|Suite 526|JERSEY CITY
2|SPLN INTERNATIONAL LLC|591 summit ave,|suite 524|JERSEY CITY
2|SPLN International LLC|591 summit ave, suite 524||Jersey City
2|SPLN INTERNATIONAL LLC|591 summit ave, suite 524||JERSEY CITY
2|Laksan Technologies LLC|6 Bridge Street|Bldg. C|Metuchen
2|Laksan Technologies LLC|6 Bridge Street|Building C|Metuchen
2|Porton USA LLC|6 Cedarbrook Drive||Cranbury
2|Eternity Bioscience Inc|6 Cedarbrook Drive||Cranbury
2|VEDIC CONSULTING INC|6 LINWOOD DRIVE||MONROE TOWNSHIP
2|TEKPLANT INC|6 LINWOOD DRIVE||MONROE
2|Wizard Services Inc|6 Sylvan Way||Parsippany
2|Avis Budget Car Rental LLC|6 Sylvan Way||Parsippany
2|EXXAT LLC|6 Thomas Jefferson Dr||Warren
2|EXXAT INC|6 Thomas Jefferson Dr||Warren
2|Rajbhog Foods NJ Inc|60 Amity Street||Jersey City
2|Rajbhog Foods (NJ) Inc|60 Amity Street||Jersey City
2|INFO TRAN ENGINEERS & ARCHITECTS, P.C.|60 EVERGREEN PLACE|SUITE 301|EAST ORANGE
2|INFOTRAN ENGINEERS & ARCHITECTS, P.C.|60 EVERGREEN PLACE|SUITE 301|EAST ORANGE
2|Infotran Engineers, P.C|60 Evergreen Pl|Suite 301|East Orange
2|InfoTran Engineers & Architects, PC|60 Evergreen Pl|Suite 301|East Orange
2|IDEAL HEALTH CARE LLC|60 LINCOLN HWY|ROUTE 27|EDISON
2|Ideal Health Care LLC|60 LINCOLN HWY|ROUTE 27|EDISON
2|AMA Global Technology Inc|600 International Dr.||Flanders
2|AMA Global Technology Inc|600 International Dr.||Budd Lake
2|Nokia of America Corporation|600 Mountain Avenue|Room 6D-401E|Murray Hill
2|Nokia of America Corporation|600 Mountain Avenue||Murray Hill
2|Porven Ltd.|600 Route 17 North||Ramsey
2|Porven, Ltd.|600 Route 17 North||Ramsey
2|Suthra Technologies Inc|600 Somerdale Road|Suite 209|Voorhees
2|Suthra Technologies|600 Somerdale Road|Suite 209|Voorhees
2|SOLAR LANDSCAPRE ORIGINATION LLC|601 BANGS AVENUE|SUITE 301|ASBURY PARK
2|SOLAR LANDSCAPE ORIGINATION LLC|601 BANGS AVENUE|SUITE 301|ASBURY PARK
2|Solar Landscape LLC|601 Bangs Avenue|Suite 301|Asbury Park
2|Solar Landscape Origination LLC|601 Bangs Avenue|Suite 301|Asbury Park
2|FO-MART LLC|601 Chestnut St|Corner Str|Union
2|FO-MART LLC|601 Chestnut St|Corner Street|Union
2|March Associates Construction Inc|601 Hamburg Turnpike|SUITE 300|Wayne
2|March Associates Construction Inc|601 Hamburg Turnpike|Suite 300|Wayne
2|NEW CREATION INC OF NEW YORK|610 GRAND AVE||RIDGEFIELD
2|NEW WORLD CREATION INC OF NEW YORK|610 GRAND AVE||RIDGEFIELD
2|Robert Palumbo Enterprises Inc|612 Ridge Road|North Arlington|North Arlington
2|Robert Palumbo Enterprises Inc|612 Ridge Road||North Arlington
2|Brunswick Engineering PLLC|614 U.S. 130|Suite B1|East Windsor
2|BrunswickEngg PLLC|614 U.S. 130|Suite B1|East Windsor
2|MOBIREY LLC|614 US-130 S|Suite 2B|East Windsor
2|MOBIREY LLC|614 US-130 S||East Windsor
2|HAJ Studio LLC|615 Pavonia Avenue|Apt. 4209|Jersey City
2|HAJ STUDIO LLC|615 Pavonia Avenue|Suite 4209|Jersey City
2|Onal Gallant Bayram and Amin PC|619 RIVER DR|STE 340|Elmwood Park
2|Onal Gallant Bayram and Amin PC|619 RIVER DR|STE 340|ELMWOOD PARK
2|TECHMATRIX INC|622 GEORGES ROAD|SUITE 102|NORTH BRUNSWICK
2|TECH MATRIX INC|622 GEORGES ROAD|SUITE 102|NORTH BRUNSWICK
2|Cerbrec Inc|625 Broad Street|Suite 240|Newark
2|NJ Edge.Net Inc|625 Broad Street|Suite 260|Newark
2|CLS Distributors LLC|625 Montrose Ave||South Plainfield
2|CLS Brands LLC|625 Montrose Ave||South Plainfield
2|NEC Advanced Networks Inc|630 Central Avenue|Floor 1|New Providence
2|All Purpose Networks Inc|630 Central Avenue||New Providence
2|True Script Corporation|634 Summit Avenue||Jersey City
2|Highrise Construction Solutions Inc|634 Summit Avenue||Jersey City
2|BOUJEE LLC|64 Pinehill Drive||Upper Saddle River
2|BOUJEE LLC|64 Pinehill Drive||Uppersaddle River
2|P3 Cycles Inc|65 Bergen Ave|APT 2P|RIDGEFIELD PARK
2|p3 cycles, inc|65 Bergen Ave|APT 2P|RIDGEFIELD PARK
2|ALPHABLUE MEDICAL INC|65 CHALLENGER ROAD|STE 200|RIDGEFIELD PARK
2|SEJONG LLP|65 CHALLENGER ROAD|SUITE 250|RIDGEFIELD PARK
2|Access Bio Inc|65 Clyde Road|Suite A|Somerset
2|Star Micronics America Inc|65 Clyde Road|Suite G|Somerset
2|PRUDIGM ENGINEERING LLC|66 York Street|Suite 4|Jersey City
2|PRUDIGM ENIGINEERING LLC|66 York Street|Suite 4|Jersey City
2|Educational Testing Service|660 Rosedale Road|N/A|Princeton
2|Educational Testing Service|660 Rosedale Road||Princeton
2|Ascendia Pharmaceuticals Inc|661 US Highway 1|Unit B|North Brunswick
2|Ascendia Pharmaceuticals Inc|661 US Highway 1||North Brunswick
2|Nityo Infotech Corp|666  Plainsboro Road|STE 1285|Plainsboro
2|Nityo Infotech Corporation|666  Plainsboro Road|Suite 1285|Plainsboro
2|AXIOMSCIENCES LLC|666 PLAINSBORO ROAD SUITE 656||PLAINSBORO
2|AXIOM SCIENCES LLC|666 PLAINSBORO ROAD SUITE 656||PLAINSBORO
2|ENIN SYSTEMS INC|666 Plainsboro road|Suite 624|Plainsboro
2|ENIN SYSTEMS INC|666 Plainsboro road|Suite 648|Plainsboro
2|MML Consulting LLC|672 US Highway 202 /206 North|Suite 206|Bridgewater
2|MML Consulting Inc|672 US Highway 202 /206 North|Suite 206|Bridgewater
2|Specialty MedConsultants LLC|6725 Ventnor Avenue|Suite C|Ventnor
2|Specialty Medconsultants LLC|6725 Ventnor Avenue|Suite C|Ventnor
2|RHK PHARMACY MANAGEMENT LLC|680 BROADWAY|STE 108|PATERSON
2|RHK PHARMACY MANAGEMENT LLC|680 BROADWAY|SUITE 108|PATERSON
2|Micro Tech Training Center Inc,|684 Newark Avenue||Jersey City
2|Micro Tech Training Center|684 Newark Avenue||Jersey City
2|cyberThink Inc|685 ROUTE 202 / 206|STE 101|BRIDGEWATER
2|cyberThink Inc|685 ROUTE 202 / 206|SUITE 101|BRIDGEWATER
2|Infucare RX Inc|695 Route 46 West|Suite 100|Fairfield
2|Associated Technology Inc|695 Route 46 West|Suite 102|Fairfield
2|Avier Care LLC|699 S Church Street||Mount Laurel
2|Avier Care LLC|699 S Church Street||Mt. Laurel
2|Goldenhome International Inc|7 Corporate Dr|Ste 4|Cranbury
2|Goldenhome International Inc|7 Corporate Dr|Suite 4|Cranbury
2|Diligence Systems Inc|7 Lincoln Highway|Suite 200|Edison
2|Avventis Inc|7 Lincoln Highway|Suite 210B|Edison
2|KSOFT SYSTEMS INC|7 SOUTH MAIN STREET,|SUITE E,|MARLBORO
2|VIRINCHI LIMITED|7 SOUTH MAIN STREET,|SUITE E,|MARLBORO
2|Ferrero USA Inc|7 Sylvan Way||Parsippany
2|Fervalue USA LLC|7 Sylvan Way||Parsippany
2|Tiburon Lockers Inc|70 Hilltop Road|Ste 2400|Ramsey
2|NeuraFlash|70 Hilltop Road|Suite 3020|Ramsey
2|Valley National Bank|70 Speedwell Avenue|4th Floor|Morristown
2|Valley National Bank|70 Speedwell Avenue||Morristown
2|M C FUHRMAN AND ASSOCIATES LLC|70 Tanner Street||Haddonfield
2|M.C. Furman & Associates LLC|70 Tanner Street||Haddonfield
2|Public Clothing Company Inc|70 Triangle Boulevard||Carlstadt
2|Public Clothing Comany|70 Triangle Boulevard||Carlstadt
2|EAST WEST HAULING INC|700 1ST STREET|2ND FLOOR|HARRISON
2|EAST WEST HAULING INC|700 1ST STREET||HARRISON
2|NutraStar Inc|700 Central Avenue||Farmingdale
2|Nutra Star Inc|700 Central Avenue||Farmingdale
2|S&E Bridge Scaffold LLC|700 Commercial Avenue||Carlstadt
2|Safway Atlantic LLC|700 Commercial Avenue||Carlstadt
2|Advanced International Freight Inc|700 Penhorn Avenue|Suite 1|Secaucus
2|Advanced International Freight Inc|700 Penhorn Avenue|Unit 1|Secaucus
2|Technogym U.S.A Corporation|700 Rt. 46 East||Fairfield
2|Technogym U.S.A. Corporation|700 Rt. 46 East||Fairfield
2|Samsung Electronics America Inc|700 Sylvan Ave||Englewood Cliffs
2|Unilever United States Inc|700 Sylvan Ave||Englewood Cliffs
2|ST. JOSEPHS UNIVERSITY MEDICAL CENTER|703 MAIN STREET|SG115|PATERSON
2|ST. JOSEPHS UNIVERSITY MEDICAL CENTER|703 MAIN STREET||PATERSON
2|Globe 2 Technologies Inc|704 Ginesi Drive|STE 29|Morganville
2|Globe 2 Technologies Inc|704 Ginesi Drive|Suite 29|Morganville
2|C-Star SFR Advisors LLC|709 Eagles Chase Dr||Lawrence Township
2|C-Star Realty LLC|709 Eagles Chase Dr||Lawrenceville
2|Triveni Group, LLP|71 Union Avenue|Suite 208|Rutherford
2|Triveni Group LLP|71 Union Avenue|Suite 208|Rutherford
2|American Furniture Rental|720 Hylton Road||Pennsauken
2|American Furniture Rentals Inc|720 Hylton Road||Pennsauken
2|SVF New Jersey Inc|7201 Weymouth Road||Hammonton
2|Atlantic Blueberry Company|7201 Weymouth Road||Hammonton
2|JC Food System Inc|722 FRELINGHUYSEN AVE||NEWARK
2|LEE & GIANT FOOD SYSTEM INC|722 FRELINGHUYSEN AVE||NEWARK
2|PARK LAW GROUP PC|725 GRAND AVE|STE 301|Ridgefield
2|HUDSON ONE USA LLC|725 GRAND AVE|SUITE 104|RIDGEFIELD
2|A SUNGIL NOH CPA|725 Grand Avenue, Suite 205||Ridgefield
2|A SUNGIL NOH CPA PC|725 Grand Avenue, Suite 205||Ridgefield
2|ZYDUS PHARMACEUTICALS USA INC|73 ROUTE 31 NORTH||PENNINGTON
2|Zydus Pharmaceuticals (USA) Inc|73 ROUTE 31 NORTH||PENNINGTON
2|LS Solutions Inc|731 Alexander Road|Suite 101|Princeton
2|LS Solutions|731 Alexander Road|Suite 101|Princeton
2|Fakhab Healthcare Services LLC|733 18TH AVE||IRVINGTON
2|Fakhab Healthcare Services LLC|733 18TH AVE||Irvington
2|KK DENTAL ASSOCIATES LLC|746 LIVINGSTON AVENUE||NORTH BRUNSWICK
2|KK DENTAL ASSOCIATES LLC|746 LIVINGSTON AVENUE||NORTH BRUNSWICK TOWNSHIP
2|DRC SYSTEMS USA LLC|75 Lincoln Hwy||Iselin
2|DRC Systems USA LLC|75 Lincoln Hwy||Iselin
2|PGIM Quantitative Solutions LLC|751  Broad Street||Newark
2|PGIM Inc|751  Broad Street||Newark
2|GRYPHON CONSTRUCTION INC|757 RIDGEWOOD AVENUE|1ST FLOOR|NORTH BRUNSWICK
2|MORPHIC CORP|757 RIDGEWOOD AVENUE||NORTH BRUNSWICK
2|NEWARK BOARD OF EDUCATION|765 Broad Street||Newark
2|Newark Board of Education|765 Broad Street||Newark
2|New York Mutual Trading Inc|77 Metro Way|Suite 1|Secaucus
2|New York Mutual Trading Inc|77 Metro Way||Secaucus
2|Creative Logic Services LLC|773 Cranbury South River Road|Suite 100|Monroe Township
2|Creative Logistic Services LLC|773 Cranbury South River Road|Suite 100|Monroe Township
2|RISKVAL FINANCIAL SOLUTIONS LLC|777 Alexander Road|Suite 102|Princeton
2|RiskVal Financial Solutions LLC|777 Alexander Road|Suite 102|Princeton
2|KEYPIXEL SOFTWARE SOLUTIONS LLC|777 WASHINGTON ROAD,|SUITE 1|PARLIN
2|KEYPIXEL SOFTWARE SOLUTIONS LLC|777 WASHINGTON ROAD,|SUITE 1,|PARLIN
2|APPISOFT INC|79 Lincoln Highway||Edison
2|Appisoft Inc|79 Lincoln Highway||Edison
2|Community Pharmacy Rx Inc|79 Monticello Ave||Jersey city
2|COMMUNITY PHARMACY & SURGICAL INC|79 Monticello Ave||Jersey City
2|Industrial Projects Services USA Corp|7905 Browning Road|214|Pennsauken
2|Industrial Projects Services Corporation|7905 Browning Road|Suite 214|Pennsauken
2|ULTIMATE TECHNOLOGY SOLUTIONS INC|8 CAMPUS DR,|STE 105|PARSIPPANY
2|ULTIMATE TECHNOLOGY SOLUTIONS INC|8 CAMPUS DR,|STE 105,|PARSIPPANY
2|TMS LLC|8 CAMPUS DR.|SUITE 105|PARSIPPANY
2|DAFTARNOW INC|8 CAMPUS DR.|SUITE 105|PARSIPPANY
2|BinTech Group LLC|8 Campus Dr|Suite 105|Parsippany
2|BinTech Group LLC|8 Campus Dr|Suite 105|PARSIPPANY
2|AARKISH Pharmaceuticals NJ Inc|8 Commerce Road||Fairfield
2|AARKISh Pharmaceuticals NJ Inc|8 Commerce Road||Fairfield
2|GLOBAL GASTROENTROLOGY LLC|8 SHERWOOD ROAD||EDISON
2|NORTH AMERICA GASTROENTEROLOGY|8 SHERWOOD ROAD||EDISON
2|AA LOGISTICS INC|8 Taylor Road|Suite 2|Edison
2|AA Logistics Inc|8 Taylor Road||Edison
2|Edge Physical Therapy and Sports Medicine LLC|80 Route 4 East|Suite 100|Paramus
2|Metal Improvement Company LLC|80 Route 4 East||Paramus
2|Forefront Inc|800 River Road||Fair Haven
2|800 River Road Operating Company LLC|800 River Road||New Milford
2|Digipulse Technologies Inc|811 CHURCH ROAD, STE. 169||CHERRY HILL
2|DIGIPULSE TECHNOLOGIES INC|811 CHURCH ROAD, STE. 169||CHERRY HILL
2|Maestro Soccer LLC|812 CENTRAL AVENUE|SUITE 4|Westfield
2|Maestro Soccer LLC|812 CENTRAL AVENUE|Suite 4|Westfield
2|Currie & Brown Inc|821 ALEXANDER ROAD|SUITE 206|PRINCETON
2|WONDERBOTZ LLC|821 ALEXANDER ROAD|SUITE 206|PRINCETON
2|INVIXON TECHNOLOGIES INC|825 Georges Road, Third Floor|Suite 1A|North Brunswick
2|Profusion Systems Inc|825 Georges Road, Third Floor|Suite 1A|North Brunswick
2|UNIVERSAL DELIVERY SOLUTIONS LLC|838 GREEN STREET|SUITE 102A|ISELIN
2|SUNIL J. SHAH, CPA , P.C|838 GREEN STREET|SUITE 201|ISELIN
2|Samsung Electronics America Inc|85 CHALLENGER ROAD||RIDGEFIELD PARK
2|SAMSUNG ELECTRONICS AMERICA INC|85 CHALLENGER ROAD||RIDGEFIELD PARK
2|SEDNA CONSULTING GROUP INC|860 ROUTE 1 NORTH|SUITE 101|EDISON
2|SEDNA CONSULTING GROUP INC|860 ROUTE 1 NORTH|SUITE 102|EDISON
2|SMALLARC INC|860 US HIGHWAY 1|SUITE 103|EDISON
2|CYBERMINDS INC|860 US HIGHWAY 1|SUITE 203 A|EDISON
2|Core Development Group|860 Wyckoff Ave|Suite 200|Mahwah
2|Core Development Group|860 Wyckoff Ave||Mahwah
2|Citygurus Inc|87 Main Street|Suite 201|Matawan
2|City Gurus Inc|87 Main Street|Suite 201|Matawan
2|Glenn Tech LLC|870 Green Street||Iselin
2|Complete Health Care LLC|870 Green Street||Iselin
2|Fareportal Inc DBA CheapOair|88 Clifton Place|Apartment 506|Jersey City
2|Fareportal|88 Clifton Place|Apartment 506|Jersey City
2|Acepoint Medical Services LLC|881 Allwood Road|Suit 102|Clifton
2|Acepoint Medical Services LLC|881 Allwood Road|Suite 102|Clifton
2|HighCamp Compliance LLC|89 Headquarters Plaza North|1438|Morristown
2|Helio Health Group LLC|89 Headquarters Plaza North|Ste 1443|Morristown
2|Oishii Farm Corporation|9 Basin Drive|Suite 110|Kearny
2|Oishii Farm Corporation|9 Basin Drive|Suite 110|KEARNY
2|FLYSOFT INC|9 DAVISON AVE|SUITE 11|JAMESBURG
2|INVOTECK INC|9 DAVISON AVE|SUITE 5|JAMESBURG
2|RELYCOM INC|9 Davison Ave|Suite 15|Jamesburg
2|RELYCOM INC|9 Davison Ave|Suite 6|Jamesburg
2|Praxgen Pharmaceuticals LLC|9 Deer Park Drive|Suite J10|Monmouth Junction
2|Mycometrics LLC|9 Deer Park Drive|Suite K18|Monmouth Junction
2|Chi Sisters Limited Liability Company|9 Homestead Place|Apt. 1701|Jersey City
2|DOUALSPARK INC|9 Homestead Place|Suite 302|Jersey City
2|Matchpoint Table Tennis Center LLC|9 Whippany Road, Building A1|Unit 1A|Whippany
2|Matchpoint Table Tennis Center|9 Whippany Road, Building A1||Whippany
2|NOVASOFT USA INC|90 BAYAROAD ST|SUITE 2B|NEW BRUNSWICK
2|Novasoft USA Inc|90 BAYAROAD ST|SUITE 2B|NEW BRUNSWICK
2|Lord Abbett & Co.|90 Hudson St.|Floor 12|Jersey City
2|Lord, Abbett & Co. LLC|90 Hudson St.|Floor 12|Jersey City
2|FLOWDIFF Trading and Consulting Group Inc|900 Haddon Ave|Suite 408|Collingswood
2|FLOWDIFF Trading and Consulting Group|900 Haddon Ave|Suite 408|Collingswood
2|ARMO CONSULTANTS LLC|900 Landex Plaza|,Suite 240|Parsippany
2|ARMO CONSULTANTS LLC|900 Landex Plaza|Suite 240|Parsippany
2|Fortune Plastic & Metal Inc|900 Leesville Ave||Rahway
2|Brookspan Development LLC|900 Leesville Ave||Rahway
2|AJ Worldwide Services Inc|901 Penhorn Avenue|Suite 6|Secaucus
2|AJ Worldwide Services Inc|901 Penhorn Avenue|Unit 6|Secaucus
2|Durand Glass Manufacturing Company|901 S Wade Blvd||Millville
2|Durand Glass Manufacturing Company LLC|901 S Wade Blvd||Millville
2|Above and Beyond - Business Tools and Services for Entrepreneurs Inc|902 Carnegie Center|Suite 160|Princeton
2|EMX Digital Inc|902 Carnegie Center|Suite 220|Princeton
2|BA2CC SOLUTIONS INC|904 OAK TREE AVE|SUITE O|SOUTH PLAINFIELD
2|BA2CC SOLUTIONS INC|904 OAK TREE AVE|SUITE O|South Plainfield
2|United Pharma Technologies Inc|908 Oak Tree Avenue|Suite A|South Plainfield
2|United Pharma Technologies inc|908 Oak Tree Avenue|Suite A|South Plainfield
2|United Pharma Technologies Inc|908 Oak Tree Avenue, Suite A||South Plainfield
2|UNITED PHARMA TECHNOLOGIES INC|908 Oak Tree Avenue, Suite A||SOUTH PLAINFIELD
2|SPL TECHNOLOGIES LLC|91 MARCY STREET||SOMERSET
2|S P L TECHNOLOGIES LLC|91 MARCY STREET||SOMERSET
2|Asentech LLC|92 East Main Street|Suite 401|Somerville
2|Procal Technologies Inc|92 East Main Street|Suite 405|Somerville
2|LONG FINCH TECHNOLOGIES LLC|924 US HIGHWAY 9|SUITE 105|SOUTH AMBOY
2|NILA PROFESSIONAL SERVICES|924 US HIGHWAY 9|SUITE 311|SOUTH AMBOY
2|TECHPOD INNOVATIONS INC|934 EDPAS ROAD||NEW BRUNSWICK
2|TECHLOGIC INNOVATIONS INC|934 EDPAS ROAD||NEW BRUNSWICK
2|Creative Management Inc|935 Route 34|Ste 3-A|Matawan
2|Creative Management Inc|935 Route 34|Suite 3-A|Matawan
2|OwnCompany Inc|940 Sylvan Avenue||Englewood Cliffs
2|OwnBackup Inc|940 Sylvan Avenue||Englewood Cliffs
2|HireBeat Inc|95 Christopher Columbus Dr|16TH FLOOR|Jersey City
2|Theheman LLC|95 Christopher Columbus Dr|16th FL|Jersey City
2|IO Connect Services LLC|95 Mount Bethel Road|Suite 4B|Warren
2|Falcon Engineering Co., L.L.C.|95 Mount Bethel Road||Warren
2|Techpro IT Solutions Inc|959 Rt 46 East|Suite 303|Parsippany
2|Techpro IT Solutions Inc|959 Rt 46 East|Suite 303 A|Parsippany
2|JZN Engineering, PC.|959 S. Springfield Avenue|Suite 100|Springfield
2|JBI Engineering LLC|959 S. Springfield Avenue|Suite 100|Springfield
2|MALHOTRA & PATEL LLC|960 HOLMDEL ROAD|BLDG 2|HOLMDEL
2|MALHOTRA & PATEL LLC|960 HOLMDEL ROAD|SUITE 202|HOLMDEL
2|DriveWealth Technologies LLC|97 Main Street|Second Floor|Chatham
2|RC Jones Road Holdco LLC|97 Main Street|Ste 209|Woodbridge
2|AAVAS INC|984 Route 9 South|Suite 6|Parlin
2|AAVAS Inc|984 Route 9 South|Suite 6|Parlin
2|BRIGHT VISION TECHNOLOGIES LLC|991 Route 22 West|Suite 200|Bridgewater
2|eG Innovations Inc|991 Route 22 West|Suite 200|Bridgewater
2|BRIGHT VISION TECHNOLOGIES|991 US HIGHWAY 22 WEST|SUITE 200|BRIDGEWATER
2|Bright Vision Technologies|991 US HIGHWAY 22 WEST|SUITE 200|BRIDGEWATER
2|NEOITEK SYSTEMS INC|999 Riverview Drive|Suite 201|Totowa, NJ
2|Neoitek Systems Inc|999 Riverview Drive|Suite 201|Totowa
2|Neoitek Systems Inc|999 Riverview Drive, Suite 201||Totowa
2|NEOITEK SYSTEMS INC|999 Riverview Drive, Suite 201||Totowa, NJ
2|Tris Pharma Inc|Brunswick Business Park, 2033 U.S. Highway 130|Suite D|Monmouth Junction
2|Tris Pharma Inc|Brunswick Business Park, 2033 U.S. Highway 130||Monmouth Junction
2|VIRTUA MEDICAL GROUP, PA|C/O  LEGAL, 303 LIPPINCOTT DRIVE|3rd FLOOR|MARLTON
2|VIRTUA MEDICAL GROUP, PA|C/O  LEGAL, 303 LIPPINCOTT DRIVE|4TH FLOOR|MARLTON
2|TRADWEB MARKETS LLC|HARBORSIDE 5, 185 HUDSON STREET|SUITE 2200|JERSEY CITY
2|TRADEWEB MARKETS LLC|HARBORSIDE 5, 185 HUDSON STREET|SUITE 2200|JERSEY CITY
2|Flipt LLC|Harborside Plaza 3, 210 Hudson Street|Suite 803|Jersey City
2|BetMGM LLC|Harborside Plaza 3, 210 Hudson Street||Jersey City
2|SML INTELLIGENT INVENTORY SOLUTIONS LLC|ONE HARMON PLAZA|SUITE 610|SECAUCUS
2|SML (USA) Inc|ONE HARMON PLAZA|SUITE 610|SECAUCUS
2|Stevens Institute of Technology|One Castle Point Terrace|Howe Center, 9th Floor|Hoboken
2|Stevens Institute of Technology|One Castle Point Terrace||Hoboken
2|New Jersey State Bar Association|One Constitution Square||New Brunswick
2|New Jersey State Bar Foundation|One Constitution Square||New Brunswick
2|Global Information Technology Inc|One Cragwood Road|101|South Plainfield
2|Global Information Technology Inc|One Cragwood Road|Suite 101|South Plainfield
2|NNIT INC|One Crossroads Drive|Suite 301B|Bedminster
2|NNIT Inc|One Crossroads Drive|Suite 301B|Bedminster
2|Celltrion USA Inc|One Evertrust Plaza|Unit 1207|Jersey City
2|Evergreen Shipping Agency America Corporation|One Evertrust Plaza||Jersey City
2|Intuity Technologies LLC|One Gateway Center, Suite 2600|N/A|Newark
2|Intuity Technologies LLC|One Gateway Center, Suite 2600||Newark
2|PKB Engineering Corporation|One Harmon Plaza|Suite 300|Secaucus
2|SML (USA) INC|One Harmon Plaza|Suite 610|Secaucus
2|LS Power Development LLC|One Tower Center|21st Floor|East Brunswick
2|LS Power Development LLC|One Tower Center||East Brunswick
2|Antenna Group LLC|One University Plaza|Suite 605|Hackensack
2|Stein Saks, PLLC|One University Plaza|Suite 620|Hackensack
2|QuantaBricks LLC|QuantaBricks LLC|211 Warren Street|Newark
2|QuantaBricks LLC|QuantaBricks LLC|613 Washington Blvd. 1055|Jersey City
2|SAAS Technologies Inc|Spacion Business Center, 15 Corporate Place South|Suite 419|Piscataway
2|SAAS Technologies Inc|Spacion Business Center, 15 Corporate Place South|Suite 419 A|Piscataway
2|Dassault Falcon Jet|TETERBORO AIRPORT|200 Riser Road|Little Ferry
2|Dassault Falcon Jet Corp.|TETERBORO AIRPORT|200 Riser Road|Little Ferry
2|KSOFT SYSTEMS INC|THE GREEN HOUSE, 7 SOUTH MAIN STREET,|SUITE E,|MARLBORO
2|VIRINCHI LIMITED|THE GREEN HOUSE, 7 SOUTH MAIN STREET,|SUITE E,|MARLBORO
2|Dassault Falcon Jet|Teterboro Airport, 200 Riser Road|N/A|Little Ferry
2|Dassault Falcon Jet|Teterboro Airport, 200 Riser Road||Little Ferry
2|NFI Interactive Logistics LLC|Triad 1828 Centre|2 Cooper Street|Camden
2|NFI Management Services LLC|Triad 1828 Centre|2 Cooper Street|Camden
1|DataEdge Consulting Inc|01 Morgan Ln|Suite 203B|Plainsboro
1|ADP TECHNOLOGY SERVICES INC|1 ADP BLVD.||ROSELAND
1|EJ & JUN LLC|1 AMERICAN DREAM WAY|STE C338|EAST RUTHERFORD
1|YEXLE DIGITAL SERVICES INC|1 AUER Ct|SUITE A, Room 1|EAST BRUNSWICK
1|VERACITY SOFTWARE INC|1 AUSTIN AVE, 1ST FLOOR||ISELIN
1|Global Engineering and Materials Inc|1 Airport Place|Suite 1|Princeton
1|Rearc LLC|1 Alluvial Drive||Chesterfield
1|United Premium Foods LLC|1 Amboy Avenue||Woodbridge
1|Ameream LLC|1 American Dream Way||East Rutherford
1|US Beverage Packers LLC|1 Arizona Way||Keasbey
1|Aethon Solutions LLC|1 Arnold Lane||Robbinsville
1|T-STONE TECHNOLOGIES INC|1 Auer Court|Flr 2|East Brunswick
1|NIVASOFT INC|1 Auer Ct, 2nd Floor||East Brunswick
1|PROTAX & FINANCIAL ADVISORS LLC|1 BEEKMAN ROAD|5-A|KENDALL PARK
1|COESYS SOLUTIONS INC|1 BRIDGE PLAZA|2ND Floor|FORT LEE
1|AWESUNG TECH INC|1 BROADWAY ROAD|STE 1|CRANBURY
1|Lawrence Operator LLC|1 Bishops Drive||Lawrence Township
1|Euroimmun US Inc|1 Bloomfield Ave||Mountain Lakes
1|ODK SHOP INC|1 Brg Plz N Central ROAD|Suite 510|Fort Lee
1|W Concept USA Inc|1 Bridge Plaza North Central Road|Ste 675|Fort Lee
1|NEMO LIGHTING INC|1 CAPE MAY STREET|SUITE 270|HARRISON
1|CIT Bank, N.A.|1 CIT Dr||Livingston
1|XL IMPEX INC|1 CLYDE ROAD|SUITE 201|SOMERSET
1|GLASS GROUP LLC|1 COUNTY ROAD|SUITE A12|SECAUCUS
1|NEO TECH SOLUTIONS INC|1 CRAGWOOD ROAD|SUITE 301|SOUTH PLAINFIELD
1|RD TECH SYSTEMS INC|1 CUBBERLY CT||CRANBURY
1|GAF Energy LLC|1 Campus Dr||Parsippany
1|Stevens Institute of Technology|1 Castle Point Terrace|Howe Center, 9th Floor|Hoboken
1|Jiaherb Inc|1 Chapin Road|Unit 1|Pine Brook
1|XL Impex Inc|1 Clyde Road|Suite 201|Somerset
1|Lassonde Pappas and Company Inc|1 Collins Drive|Suite 200|Carneys Point
1|Comar LLC|1 Comar Place||Buena
1|Commvault Systems Inc|1 Commvault way||Tinton City
1|Direct Meds Camden Inc|1 Cooper Plaza||Camden
1|CMC Steel US LLC|1 Crossman Road North||Sayreville
1|MedChemExpress LLC|1 Deer Park Dr., Suite F||Monmouth Junction
1|MedChemExpress LLC|1 Deer Park Dr., Suite Q||Monmouth Junction
1|Elucida Oncology Inc|1 Deer Park Drive|Suite E|Monmouth Junction
1|MedChemExpress LLC|1 Deer park drive suite Q||Monmouth Junction
1|Nanonex Corporation|1 Deerpark|STE O|Monmouth Junction
1|Essenlix Corporation|1 Deerpark Dr|Suite R|Monmouth Junction
1|Kanvas Biosciences Inc|1 Deerpark Dr, Suite G-5||Monmouth Junction
1|Nanonex Corporation|1 Deerpark Dr.|STE O|Monmouth Junction
1|Kanvas Biosciences Inc|1 Deerpark Dr., Ste. G-5||Monmouth Junction
1|Biophore Pharma Inc|1 Deerpark Drive, Suite F-8||Monmouth Junction
1|Dynamic Biologics Inc|1 Deerpark Drive, Suite L-4||Monmouth
1|Essenlix Corporation|1 Deerpark Drive, Suite R||Monmouth Junction
1|Biocon Generics Inc|1 Duncan Drive||Cranbury
1|INSTITUTE FOR ADVANCED STUDY|1 EINSTEIN DRIVE||PRINCETON
1|CRYSTAL DATA LLC|1 EVES DRIVE, SUITE 145||MARLTON
1|Palmyra Pharmacy LLC|1 East Broad Street||Palmyra
1|Shore Memorial Physicians Group, PC|1 East New York Avenue||Somers Point
1|Oishii Farm Corporation|1 Eastern Road|Suite 5|Kearny
1|Thea Energy Inc|1 Eastern Road, Building 197|3-04|Kearny
1|Institute for Advanced Study|1 Einstein Drive||Princeton
1|Princeton Optronics, A Member of AMS Group|1 Electronics Drive||Mercerville
1|CLOUDFRONT LLC|1 Eves Dr|Suite 111|Marlton
1|CLOUDFRONT LLC|1 Eves Drive|Suite 111|Marlton
1|Southern Jersey Family Medical Centers Inc|1 Executive Drive|Suite 400|Marlton
1|Techno-Comp Inc|1 Executive Drive, Ste 250||Somerset
1|The Cooper Health System|1 Federal Street|S-400|Camden
1|TIXBASE, CO|1 Franklin Ave||Ridgewood
1|ALLIED CARE PT PC|1 GRAULICH DRIVE||MILLTOWN
1|Itopia Inc|1 Gabriella Lane|2nd Floor|Warren
1|Atlanta Trading & Engineering Consulting LLC|1 Gatehall Dr|Suite 306|Parsippany
1|Atlanta Trading & Eng. Consulting LLC|1 Gatehall Dr.|Suite 306|Parsippany
1|Atlanta Trading & Eng. Consulting LLC|1 Gatehall Dr., Suite 306||Parsippany
1|Atlanta Trading & Engineering Consulting LLC|1 Gatehall Drive, Suite 202||Parsippany
1|Atlanta Trading & Engineering Consulting LLC|1 Gatehall Drive, Suite 306||Parsippany
1|Datascope Corp.|1 Geoffrey Way||Wayne
1|AB Energy USA LLC|1 Gold Mine Road||Flanders/Roxbury Township
1|Erixmar USA Inc|1 Harmon Plaza|STE 220|Secaucus
1|Hankin Environmental Systems Inc|1 Harvard Way|Suite 6|Hillsborough
1|Fields Grade Development Company LLC|1 Henderson St||Hoboken
1|Logical Design Solutions Inc|1 High Street Court|Suite 7|Morristown
1|Holtec International|1 Holtec Blvd||Camden
1|Holtec International|1 Holtec Blvd.||Camden
1|Holtec International|1 Holtec Boulevard||Camden
1|GDB International Inc|1 Home News Row||New Brunswick
1|ORANGE SOFTWARE CONSULTING INC|1 INDIAN LAKE DRIVE||LITTLE FERRY
1|SRNL International Inc|1 INTERNATIONAL BLVED|SUITE 275|FORT LEE
1|MULTI CREATIONS NJ INC|1 JOCAMA BLVD|SUITE 1A|OLD BRIDGE
1|Delta Group USA Inc|1 Jake Brown Road||Old Bridge
1|CAMBRIDGE PAVERS INC|1 Jerome Avenue||Lyndhurst
1|CAREPLUS NJ|1 KALISA WAY||PARAMUS
1|ARCARI & IOVINO ARCHITECTS, P.C.|1 KATHERINE ST||LITTLE FERRY
1|Microwize Technology Inc|1 Kalisa Way|Ste 101|Paramus
1|Kenvue Brands LLC|1 Kenvue Way||Summit
1|KAIZEN TECHNOLOGIES INC|1 LINCOLN HIGHWAY|SUITE 10|EDISON
1|KAYTECH INFORMATION SOLUTIONS INC|1 LYSBETH LN||MATAWAN
1|RICHMOND GREEN INC|1 Lincoln Highway,|Suite 16,|Edison,
1|JESDIT INFUSION LLC|1 MAPLE STREET||ANDOVER
1|MetrixLab US Inc|1 Main Street|Suite 205|Chatham
1|Wees Beyond Products Corp|1 Market St, Building 25|Suite 6, 2nd Floor|Passaic
1|Scepter Systems Inc|1 Meadowlark Dr||Plainsboro
1|Radwell International LLC|1 Millennium Drive||Willingboro
1|Datacurate Corp.|1 Mount Olive Road|Unit 172|Budd Lake
1|Crook & Marker LLC|1 N Johnston Avenue||Hamilton Township
1|Southern Jersey Family Medical Centers Inc|1 N White Horse Pike||Hammonton
1|Montclair State University|1 Normal Avenue||Montclair
1|ENDOMEDIX INC|1 Normal Avenue, CELS 404||Montclair
1|CONVEX NORTH AMERICA INSURANCE SERVICES LLC|1 PALMER SQUARE E|SUITE 441|PRINCETON
1|MEGED FUNDING GROUP CORP|1 PRINCETON AVE||Brick
1|Master Roofing & Siding Inc|1 Paragon Dr|Suite 122|Montvale
1|Master Roofing & Siding Inc|1 Paragon Drive|Suite 122|Montvale
1|Princeton Healthcare System|1 Plainsboro Road||Plainsboro
1|Boll & Branch LLC|1 Prospect Street|N/A|Summit
1|Renuka Bhimarasetty LLC|1 Quaker Ridge Ct||Monroe Township
1|Staff Machine Learning Research Engineer|1 River Ct|Apartment Apt 2402|Jersey City
1|CM & Associates Construction Management LLC|1 Riverfront Plz|Suite 1610|Newark
1|Soaring Heights Charter School Inc|1 Romar Avenue||Jersey City
1|Gram Equipment America Inc|1 S Gould Drive||Hamilton
1|LITTLE SERVANT SISTERS OF THE IMMACULATE CONCEPTION|1 ST. JOSEPHS TERRACE||WOODBRIDGE
1|South Jersey Industries Inc|1 South Jersey Plaza||Folsom
1|Bristol-Myers Squibb Company|1 Squibb Drive||New Brunswick
1|Galaxy Surfactants Americas Inc|1 Stewart Court||Denville
1|PBF Holding Company LLC|1 Sylvan Way|2nd Floor|Parsippany
1|AMPERICON INC|1 TAMARON COURT||MONMOUTH JUNCTION
1|FINANCEBOX INC|1 TOWER CENTER BLVD|SUITE 1510-7|EAST BRUNSWICK
1|Community Pure Water Foundation Inc|1 Tall Pines Road||Morristown
1|BKYS APPAREL INC|1 Teaneck Road||Ridgefield Park
1|Helix Wireless Inc|1 Tower Center BLVD, Suite 1910||East Brunswick
1|One Kosmos Inc|1 Tower Center Blvd.|Suite 1510-17|East Brunswick
1|BCT Partners LLC|1 Tower Center Boulevard|Suite 1510|East Brunswick
1|DataCloud Technologies LLC|1 Tower Centre Blvd,|Suite 1510-06|East Brunswick
1|Migali Industries Inc|1 Triangle Lane||Blackwood
1|Migali Industries Inc|1 Triangle lane||Blackwood
1|Cascades Containerboard Packaging - Piscataway|1 Turner Place||Piscataway
1|BLACKROCK FINANCIAL MANAGEMENT INC|1 UNIVERSITY SQUARE DRIVE|5TH FLOOR|PRINCETON
1|MEDOCITY INC|1 UPPER POND ROAD, BLDG D|3RD FLOOR|PARSIPPANY
1|MEDOCITY INC|1 UPPER POND ROAD, BLDG. D|3RD FLOOR|PARSIPPANY
1|Shield Line LLC|1 University Plaza|Suite 514|Hackensack
1|BLACKROCK FINANCIAL MANAGEMENT INC|1 University Square Drive  5th Floor||Princeton
1|BlackRock Financial Management Inc|1 University Square Drive -|5th Floor|Princeton
1|BLACKROCK FINANCIAL MANAGEMENT INC|1 University Square Drive -  5th Floor||Princeton
1|BlackRock Financial Management Inc|1 University Square Drive - 5th Flr||Princeton
1|BlackRock Institutional Services Inc|1 University Square Drive - Flr 5||Princeton
1|BLACKROCK FINANCIAL MANAGEMENT INC|1 University Square Drive, 5th Floor||Princeton
1|Provenir Inc|1 Upper Pond Road,|Building F, 4th Floor|Parsippany
1|Medocity Inc|1 Upper Pond Road, Bldg. D|3rd Floor|Parsippany
1|Clark Transportation Consulting & Services LLC|1 Vail Lane||Flemington
1|MAESTRO TECHNOLOGIES INC|1 W STATE STREET|2ND FLOOR|TRENTON
1|Orison Solutions LLC|1 W State St|Suite 306|Trenton
1|Maestro Technologies Inc|1 WEST STATE STREET|2nd Floor|TRENTON
1|PLM Systems LLC|1 WOODS EDGE||ROBBINSVILLE
1|Wacoal America Inc|1 Wacoal Plaza||Lyndhurst
1|Agilis Chemicals Inc|1 Washington Pl, Seventh Floor||Newark
1|Clockwork Logistics Systems Inc|1 Washington Place|7th Floor|Newark
1|American Water Works Service Company Inc|1 Water St||Camden
1|American Water Works Services Company Inc|1 Water St,||Camden
1|American Water Works Services Company Inc|1 Water St.||Camden
1|American Water Resources LLC|1 Water Street||Camden
1|KAL Design LLC|1 West Main Street|1st Floor|Freehold
1|The Pharmacy at Bergen Medical LLC|1 West Ridgewood Ave|Suite 100|Paramus
1|Alderoc LLC|1 White Horse Pike||Barrington
1|Integrated Chemistry Services Inc|1 Whittendale Drive|Suite E|Moorestown
1|General Foundries INC|1, Progress Road||North Brunswick
1|Desai & Desai Inc|1-7 Laurence Parkway||Laurence Harbor
1|ORION RESOLUTION AND RESOURCES LLC|1.TOWER CENTER BLVD|SUITE-1510|EAST BRUNSWICK
1|CGS Technology Associates Inc|10 Austin Ave|2nd Floor|Iselin
1|Intone Networks Inc|10 Austin Avenue, , NJ||Iselin
1|Diligene LLC|10 Bayberry Drive||Princeton
1|APTEK SOLUTIONS INC|10 CENTER DRIVE||MONROE
1|SUNRAY INFORMATION TECHNOLOGIES INC|10 CENTRE DRIVE|SUITE 219|MONROE
1|SUNRAY INFORMATION TECHNOLOGIES INC|10 CENTRE DRIVE, SUITE 219||MONROE
1|Pillar of Fire|10 Chapel Drive||Zarephath
1|Dara Food LLC|10 Commerce Road|UNIT 10D|FAIRFIELD
1|Sivantos Inc|10 Constitution Avenue||Piscataway
1|OK2 HEALTH APPS LLC|10 Eisenhower Drive||Robbinsville
1|Variscale Services & Engineering Inc|10 Enterprise Avenue N||Secaucus
1|Mallika Ashwin Maya Corporation|10 Hastings Ct||Bridgewater
1|ANYWELL INC|10 Heaton CT||Closter
1|Assist2Code Corporation|10 Huron Ave|2F|Jersey City
1|Inductotherm Corporation|10 Indel Ave|P.O. Box 157|Rancocas
1|Pharming Healthcare Inc|10 Independence Blvd.|Suite 401|Warren
1|Pharming Healthcare Inc|10 Independence Drive|Suite 401|Warren
1|Kessler Ellis Products Co|10 Industrial Way East|STE 109|Eatontown
1|GARDEN STATE PHYSICIANS PC|10 JEFFERSON PLAZA|SUITE 100|PRINCETON
1|Legend Biotech USA Inc|10 Knightsbridge Road|N/A|Piscataway
1|JetBrains Americas Inc|10 Lake Center Drive|Suite 203|Marlton
1|Solix Inc|10 Lanidex Plaza West||Parsippany
1|Para Engineers LLC|10 Lily Road||Edison
1|The Corella & Bertram F. Bonner Foundation Inc|10 Mercer Street||Princeton
1|BAY AREA HOTEL MANAGEMENT LLC|10 PEGASUS DRIVE||TINTON FALLS
1|CARECAM INTERNATIONAL INC|10 PLOG ROAD||FAIRFIELD
1|First Environment Inc|10 Park Place, Bldg. 1A.|Suite 504|Butler
1|SPRINGCARE USA LLC|10 Plainfield Avenue|Suite 3|Piscataway
1|Autellicom LLC|10 Rossmore Ter||Livingston
1|CLICK SOFT TECHNOLOGIES LLC|10 SETH PL||DAYTON
1|CLICK SOFT TECHNOLOGIES LLC|10 SETH PL.||DAYTON
1|REVISION TECHNOLOGIES INC|10 STATION PLACE|SUITE 12|METUCHEN
1|COALESCENT SYSTEMS LLC|10 STUYVESANT AVENUE||LYNDHURST
1|Lekserve Management Corporation|10 Schalks Crossing Road|Suite 501A-300|Plainsboro
1|Cyber Marathon Solutions LLC|10 Sheep Rock Road||Kinnelon
1|Revision Technologies inc|10 Station place|Suite 12|Metuchen
1|Xogene Services Limited Liability Company|10 Sterling Blvd., Suite 301||Englewood
1|Coalescent Systems LLC|10 Stuyvesant Av||Lyndhurst
1|Coalescent Systems LLC|10 Stuyvesant Avenue||Lyndhurst
1|CENTROME INC|10 TAFT ROAD|N/A|TOTOWA
1|Centrome Inc|10 Taft Road||Totowa
1|Mincing Trading Corporation|10 Tower Road, KN Building||Dayton
1|Command Nutritionals LLC|10 Washington Avenue||Fairfield
1|M2S Consulting LLC|10 William Feather Dr||Voorhees
1|Knack Systems LLC|10 Wodbridge Center Drive|Suite 425|Woodbridge
1|Dental Health Associates, P.A.|10 Woodbridge Center Dr.|Suite 520|Woodbridge
1|Revision Technologies inc|10 station Place|suite 12|Metuchen
1|Mavi Jeans Inc|10-50 Charles St.|Unit 50|Westwood
1|ASIUS LLC|100  FRANKLIN SQUARE DR|SUITE 471|SOMERSET
1|ASIUS LLC|100  FRANKLIN SQUARE DR  400|SUITE 471|SOMERSET
1|SIARP Technologies LLC|100  Powell Place|STE 1210|Nashville
1|Community Loan Fund of New Jersey|100 Albany Street|Suite 250|New Brunswick
1|Bayer U.S. LLC|100 Bayer Blvd||Whippany
1|Freedom Management Services LLC|100 Brick Road|Suite 315|Marlton
1|ALTARE PUBLISHING INC|100 CAMPUS TOWN CIRCLE SUITE 103  2036||EWING
1|I-EXCEED TECHNOLOGY SOLUTIONS INC|100 CANAL POINTE BLVD|SUITE 115|PRINCETON
1|SUMAS CORPORATION|100 CANAL POINTE BLVD.|SUITE 204|PRINCETON
1|INTERACTION 24 LLC|100 CARL BRASHEAR DRIVE|SUITE 2|BAYONNE
1|PTC THERAPEUTICS INC|100 CORPORATE COURT||SOUTH PLAINFIELD
1|GEONET COMMUNICATIONS GROUP INC|100 CORPORATE DRIVE|SUITE 106|LEBANON
1|Wiss and Company, LLP|100 Campus Dr , Suite 400||Florham Park
1|Incedo Inc|100 Campus Drive, 4th Floor|Suite 420|Florham Park
1|INCEDO INC|100 Campus Drive, 4th floor|Suite 420|Florham Park
1|Incedo Inc|100 Campus Driver, 4th Floor|Suite 420|Florham Park
1|Lemongrass Consulting US Inc|100 Campus Town Circle|Suite 103|Ewing
1|Delaware Hotel Group LLC|100 Century Pkwy|Suite 110|Mount Laurel
1|Samsung SDS America Inc|100 Challenger Road 6th Floor||Ridgefield Park
1|Samsung SDS America Inc|100 Challenger Road, 6th FL||Ridgefield Park
1|Output Services Group Inc|100 Challenger Road, Suite 303||Ridgefield Park
1|EDISON AIR CORP|100 Clifton Place||Jersey City
1|Sandoz Inc|100 College Road West||Princeton
1|PTC Therapeutics Inc|100 Corporate Court||South Plainfield
1|Scherer Design Group LLC|100 Corporate Dr.|Suite 202|Lebanon
1|CARESOFT INC|100 DAVIDSON AVENUE|UNIT B15|SOMERSET
1|CLASSIC COMPUTERS CORPORATION|100 Davidson Ave|Ste 210|Somerset
1|Vision Research Inc|100 Dey Road||Wayne
1|Glaston America Inc|100 Dobbs Lane|Suite 102|Cherry Hill
1|ZEE HOLDING INC|100 E CLINTON AVE||TENAFLY
1|ZEE HOLDING INC|100 EAST CLINTON AVENUE||TENAFLY
1|Everest Global Services Inc|100 Everest Way||Warren
1|RICONPHARMA LLC|100 FOROAD ROAD, SUITE 9||DENVILLE
1|PROCOM INC|100 FRANKLIN SQUARE DR  400|SUITE 471|SOMERSET
1|CLASSIC COMPUTERS CORPORATION|100 FRANKLIN SQUARE DR.|SUITE 207|SOMERSET
1|GEA Mechanical Equipment US Inc|100 Fairway Court||Northvale
1|RiconPharma LLC|100 Ford Raod|Suite 9|Denville
1|Empower Professionals Inc|100 Franklin Square Dr,|Ste 104|Somerset
1|Sigma Construction Inc|100 Franklin Square Dr.|Suite 207|Somerset
1|Advent Intermodal Solution LLC|100 Franklin Square Drive, Suite 400||Somerset
1|ICS Corporation|100 Friars Boulevard||West Deptford
1|Wu & Associates Inc|100 GAITHER DRIVE|SUITE C|MOUNT LAUREL
1|Wu & Associates Inc|100 Gaither Drive|Suite C|Mount Laurel
1|IFUSION INC|100 HORIZON CENTER BLVD|SUITE 201|HAMILTON
1|INFOMATRIX INC|100 HORIZON CENTER BOULEVAROAD|SUITE 105|HAMILTON TOWNSHIP
1|Davinci LLC|100 Harrison Avenue||Harrison
1|Jia Yu Supply Chain Management US Holdings Inc|100 Herrod Blvd||Dayton
1|GMB North America Inc|100 Herrod Blvd.||Dayton
1|Ferring Pharmaceuticals Inc|100 Interpace Parkway||Parsippany
1|ATHREYA INC|100 JERSEY AVENUE|SUITE B-201|NEW BRUNSWICK
1|Jaguar Land Rover North America LLC|100 Jaguar Land Rover Way||Mahwah
1|Emerson Convalescent Center|100 Kinderkamack Road||Emerson
1|Prodes E&T Inc|100 Lakeview Dr|Ste 4C|Jamesburg
1|STG INC|100 MENLO PARK|SUITE 317|EDISON
1|ITAMERICA INC|100 METROPLEX DR SUITE 207||EDISON
1|Baanyan Software Services Inc,|100 METROPLEX DRIVE,|Suite 100|EDISON
1|HSC Acquisition LLC|100 Main St.||Gladstone
1|Vybes App Inc|100 Marshall Street|Suite 204|Hoboken
1|BAANYAN SOFTWARE SERVICES INC|100 Metoplex Drive|First Floor Suite 100|Edison
1|Ralph Lauren Corporation|100 Metro Boulevard||Nutley
1|Baanyan Software Services Inc|100 Metroplex  Drive|Suite 100|Edison
1|TRIGYN TECHNOLOGIES INC|100 Metroplex Drive, Ste 301||Edison
1|Baanyan Software Services Inc|100 Metroplex Drive, Suite 100||Edison
1|Sanofi US Services Inc|100 Morris St||Morristown
1|Miles Technologies|100 Mount Holly Bypass||Lumberton
1|Strato Inc|100 New England Ave||Piscataway
1|STAFFLABS INC|100 OVERLOOK CENTER, 2ND FL||PRINCETON
1|STAFFLABS INC|100 OVERLOOK CENTER, 2ND FLOOR||PRINCETON
1|STAFFLABS INC|100 OVERLOOK CENTER, 2nd Floor||PRINCETON
1|AMARTAM SOLUTIONS LLC|100 OVERLOOK CTR|FL 2|PRINCETON
1|CURIO DIGITAL THERAPEUTICS INC|100 OVERLOOK DR|SECOND FLOOR|PRINCETON
1|Best Overstocks LLC|100 Outwater Ln||Garfield
1|IbexLabs LLC|100 Overlook Center, Floor 2||Princeton
1|Stafflabs Inc|100 Overlook center, 2nd Fl||Princeton
1|BASF CORPORATION|100 PARK AVENUE||FLORHAM PARK
1|BEM SYSTEMS INC|100 PASSAIC AVENUE||CHATHAM
1|CINERGY TECHNOLOGY INC|100 PLAINFIELD AVENUE|SUITE 7|EDISON
1|ALNA CONSTRUCTION CORP.|100 PLAZA CENTER||SECAUCUS
1|Reworld Projects LLC|100 Park Ave||Florham Park
1|EliteUS Software Solutions LLC|100 Plainfield Ave|STE 7|Edison
1|Emgenex Inc|100 Princeton South Corp Ctr.,|Suite 100|Ewing
1|Antares Pharma Inc|100 Princeton South, Suite 300||Ewing
1|QUICKMART PHARMACY AND CONVENIENCE LLC|100 RYDERS LANE||MILLTOWN
1|Analytical Wizards Inc|100 S Wood Ave  Suite   208||Iselin
1|Adroit Associates Inc|100 S. Wood Avenue|Suite 108|Iselin
1|PORZIO, BROMBERG & NEWMAN, P.C.|100 SOUTHGATE PARKWAY||MORRISTOWN
1|Technology Dynamics Inc|100 School St||Bergenfield
1|Oracle Financial Services Software Inc|100 Somerset Corporate Blvd., 2nd Floor||Bridgewater
1|Oracle Financial Services Software Inc|100 Somerset Corporate Blvd., Suite 300||Bridgewater
1|Porzio, Bromberg & Newman, P.C.|100 Southgate Parkway|PO Box 1997|Morristown
1|Porzio Life Sciences LLC|100 Southgate Parkway, Suite 101||Morristown
1|Swaratech Inc|100 State St|329|Hackensack
1|Keller North America Inc|100 Stickle Avenue||Rockaway
1|Summit Import Corporation|100 Summit Place||Jersey City
1|INDIACAST US LTD|100 TOWN SQUARE PLACE, SUITE 401||JERSEY CITY
1|Eisai Inc|100 Tice Boulevard||Woodcliff Lake
1|KCLOUD LLC|100 VAIL ROAD||PARSIPPANY
1|Optessa USA Inc|100 Village Court|Suite 301|Hazlet
1|Paragon Group USA LLC|100 W FOREST AVE|UNIT A TO C|ENGLEWOOD
1|BrenBri Properties LLC|100 WILMORE ROAD||LITTLE FALLS
1|SATYA MARG SOLUTIONS INC|100 WOOD AVE S|Suite 202|ISELIN
1|HAN IT STAFFING INC|100 WOOD AVENUE S|SUITE 102|ISELIN
1|KSI Trading Corporation|100 Wade Avenue||South Plainfield
1|Analytical Wizards Inc|100 Wood Ave S  Suite   208||Iselin
1|Redeemsoft LLC|100 Wood Ave S Suite|107|Iselin
1|Analytical Wizards Inc|100 Wood Ave South  Suite   208||Iselin
1|Redeemsoft LLC|100 Wood Avenue|Suite 107|Iselin
1|Adroit Associates Inc|100 Wood Avenue South|Suite 108|Iselin
1|The Bessemer Group Incorporated|100 Woodbridge Center Drive|N/A|Woodbridge
1|Baanyan Software Services Inc|100 metroplex Dr|Suite 100|Edison
1|Drone Go Home LLC|1000  Sanger  Avenue|Suite 18|Oceanport
1|American Water Resources LLC|1000 Bishops Gate|Suite 300|Mount Laurel
1|MODULAR SOFTWARE CONSULTING LLC|1000 CRAWFOROAD PL.|SUITE 200|MOUNT LAUREL
1|LITTLE SERVANT SISTERS OF THE IMMACULATE CONCEPTION|1000 CROPWELL ROAD||CHERRY HILL
1|Misfits Market Inc|1000 Coopertown Road||Delanco
1|Crux Digital Inc|1000 Crawford Place|Suite 180|Mount Laurel
1|Stoncor Group Inc|1000 E Park Ave||Maple Shade
1|ONSITE MEDICAL PROVIDERS PC|1000 HADDONFIELD BERLIN ROAD, SUITE 210||Voorhees
1|Onsite Medical Providers, PC|1000 Haddonfield - Berlin Road|STE 210|Voorhees
1|Onsite Medical Providers, PC|1000 Haddonfield- Berlin Road|Suite 210|Voorhees
1|Management Planning Inc|1000 Lenox Drive|Suite 300|Lawrenceville
1|K & K ENTERPRISES INC|1000 MAXWELL LANE|7TH FLOOR|HOBOKEN
1|NETLINE TECHNOLOGIES LLC|1000 ROUTE 9 N|SUITE 102|WOODBRIDGE
1|NETLINE TECHNOLOGIES LLC|1000 ROUTE 9 N.|SUITE 102|WOODBRIDGE
1|EUCLID ELEMENTZ INC|1000 ROUTE 9 NORTH|SUITE 303|WOODBRIDGE
1|EIA TECHNOLOGIES INC|1000 ROUTE 9N.|SUITE 102 A|WOODBRIDGE
1|TECHNIQORE SOLUTIONS INC|1000 RT 34, SUITE 305||MATAWAN
1|General Devices LLC|1000 River Street||Ridgefield
1|Fitwel Pharmacy LLC|1000 Route 70|Suite 7|Lakewood Township
1|Drone Go Home LLC|1000 Sanger Ave|Suite 18|Oceanport
1|TetherView LLC|1000 Sanger Avenue|1st Floor|Oceanport
1|Kromatex LLC|1000 Taylors Lane|Unit 3|Cinnaminson
1|DePuy Synthes Sales Inc|1000 US-202 South||Raritan
1|IDEAL EDUCATION A NJ NONPROFIT CORPORATION|1000 W WASHINGTON AVE||PLEASANTVILLE
1|JOB 4 AMERICANS INC|1000 W Washington Avenue||Pleasantville
1|M2 Resources Inc|1000 White Horse Road|Suite 404|Voorhees
1|MGK International Inc|1000 Woodbridge Center Drive|Suite 203|Woodbridge
1|HSC Acquisition LLC|1000 Wyckoff Ave||Mahwah
1|Dynatech Systems Inc|10000 Lincoln Dr E|Suite 201|Marlton
1|Dynatech Systems Inc|10000 Lincoln Dr. E|Suite 201|Marlton
1|Xtel Communications Inc|10000 Midlantic Drive|Suite 410E|Mount Laurel
1|Enterprise Software Solutions Inc|1001 Durham Avenue|Suite 204|South Plainfield
1|Burke Contracting LLC|1001 Hopewell Ave||Ocean Township
1|Ortho-Clinical Diagnostics Inc|1001 Route 202||Raritan
1|FM Sylvan Inc|1001 State Street||Perth Amboy
1|Ortho Clinical Diagnostics Inc|1001 US 202||Raritan
1|Ortho-Clinical Diagnostics Inc|1001 US Route 202||Raritan
1|Exemplify BioPharma Inc|1002 Eastpark Boulevard||Cranbury
1|NAVI-SHORE TECHNOLOGIES LLC|1005, Rivendell Way||Edison
1|Eastern Dental of Woodbury Heights LLC|1006B Mantua Pike|Suite 1|Woodbury Heights
1|Kellman Brown Academy|1007 Laurel Oak Road||Voorhees
1|Diversified Glass Films|1008 Industrial Drive|Suite C|West Berlin
1|TekAllianz Corporation|1008 Route 34|Suite 6|Matawan
1|FACTOR SYSTEMS LLC|1009 LENOX DRIVE|SUITE 101|LAWRENCEVILLE
1|CBIZ Valuation Group LLC|1009 Lennox Drive|Suite 105|Lawrenceville
1|CBIZ Valuation Group LLC|1009 Lenox Drive|Suite 105|Lawrenceville
1|TWO SIGMA INSURANCE QUANTIFIED, LP|101 Avenue of the Americas||New York
1|OurMemos LLC|101 Bollen Court||Pennington
1|ISO SERVICES INC|101 Burr Ridge Parkway|Suite 300|Burr Ridge
1|PENMARK GLOBAL GROUP INC|101 CLARIDGE CT.|SUITE 7|PRINCETON
1|APLOMB TECHNOLOGIES INC|101 COLLEGE ROAD E|SUITE 301|PRINCETON
1|DATA DYNAMICS INC|101 Cedar Lane NJ||Teaneck
1|Nova Law Group LLC|101 Cedar Ln|Suite 304|Teaneck
1|I Builders LLC|101 Chase Avenue||Lakewood
1|Aplomb Technologies Inc|101 College Road East, 3rd Floor|Suite 301|Princeton
1|Cosette Pharmaceuticals Inc|101 Coolidge Street||South Plainfield
1|Joy Systems Inc|101 Cottontail Ln||Somerset
1|Zais Group LLC|101 Crawfords Corner Road, Suite 1206||Holmdel
1|Vydia Inc|101 Crawfords Corner Road, Suite 4204||Holmdel
1|J. Fletcher Creamer & Son Inc|101 E. Broadway||Hackensack
1|Edmund Optics Inc|101 E. Gloucester Pike||Barrington
1|Blinds To Go (U.S.) Inc|101 E. State Rt. 4||Paramus
1|MERKSCORP INC|101 EISENHOWER PKWY|SUITE 300|ROSELAND
1|Blinds to Go (U.S.) Inc|101 East State Route 4||Paramus
1|OPENTECHS US CORPORATION|101 Eisenhower Pkwy, Suite 300||Roseland
1|IT HUB INC|101 Farnsworth Ave|Suite 310|Bordentown
1|MERITEK INC|101 Grovers Mill Road|SUITE 101|Lawrenceville
1|MERITEK INC|101 Groves Mill Road|SUITE 101|Lawrenceville
1|Brendan W. Furlong, MVB, Equine Veterinarian, PA|101 Homestead Road||Oldwick
1|Joy Mental Fitness LLC|101 Hudson St, 21st Fl||Jersey City
1|Z&X CPAs LLC|101 Hudson St. FL 21, STE 2100||Jersey City
1|TO THE NEW INC|101 Hudson Street  2100||Jersey City
1|BENECIAS LLC|101 INTERCHANGE PLZ .|SUITE 102A|CRANBURY
1|Oishii Farm Corporation|101 Linden Ave E||Jersey City
1|Oishii Farm Corporation|101 Linden Avenue E||Jersey City
1|Oishii Farm Corporation|101 Linden Avenue East||Jersey City
1|PRINCETON ENGINEERING SERVICES, PC|101 MORGAN LANE, STE 205||PLAINSBORO
1|TECHMINDS GROUP LLC|101 MORGAN LANE, SUITE 210||PLAINSBORO
1|Medth Global C Corp|101 McKinley Ave||Lodi
1|Accelerated Technologies Inc|101 Morgan  Lane|Suite 205|Plainsboro
1|Wizsolution LLC|101 Morgan Lane,  Suite 302||Plainsboro
1|Benjamin Moore & Co.|101 Paragon Drive||Montvale
1|SICL AMERICA INC|101 ROUTE 130 S|SUITE 411|CINNAMINSON
1|SICL AMERICA INC|101 ROUTE 130S|SUITE 411|CINNAMINSON
1|SICL AMERICA INC|101 Route  130 S|SUITE 411|CINNAMINSON
1|SICL AMERICA|101 Route 130 S,|STE 411|Cinnaminson
1|SICL AMERICA|101 Route 130 S, STE   304& 411||Cinnaminson
1|SICL AMERICA|101 Route 130 S, STE  411||Cinnaminson
1|Yes Technologies LLC|101 Route 130S|Suite 456|Riverton
1|Quality Fruit Surveys Inc|101 S. King Street, Holt Terminal||Gloucester City
1|SICL AMERICA INC|101 US 130 S|SUITE 411|CINNAMINSON
1|SICL AMERICA INC|101 US 130S|SUITE 411|CINNAMINSON
1|Adam Diagnostic Lab L.L.C.|101 US HIGHWAY 46|Ste 130|Pine Brook
1|Stockton University|101 Vera King Farris Drive||Galloway
1|Lantelme, Kurens & Associates, PC|101 West Street|Suite 9|Hillsdale
1|Konica Minolta Sensing Americas Inc|101 Williams Dr||Ramsey
1|Lucosky Brookman LLP|101 Wood Ave South|5th Floor|Iselin
1|M Digital LLC|101 college Road E, 3rd floor|Suite 303|Princeton
1|KMA Consulting Engineers Inc|1010 Berlin Road||Cherry Hill
1|FUTURE TECHNOLOGIES INC|1010 PARK AVENUE||PLAINFIELD
1|Future Technologies Inc|1010 Park Avenue||Plainfield
1|WOODBRIDGE HOSPITALITY GROUP LLC|1010 US HIGHWAY 9 NORTH||WOODBRIDGE
1|OCNJ LIMO LLC|1011 HUDSON AVE|SUITE 205|RIDGEFIELD
1|COD Research USA Inc|1011 US Route 22||Bridgewater
1|iContracts|1011 US-22|Suite 104|Bridgewater
1|Precision Electronic Glass Inc|1013 Hendee Road||Vineland
1|Prestige Institute LLC|101B Broad Ave||Palisades Park
1|Xerimis Inc|102 Executive Drive||Moorestown
1|Epsom Global Consulting LLC|102 Oakmont Dr||Moorestown
1|Fluid Filtration Corp|102 Van Winkle Avenue||Garfield
1|Alle Imports Inc|1021 HUDSON AVE  4A||Ridgefield
1|Smiling Molar Dental PA|1024 Park Ave|Suite 6C|Plainfield
1|Smiling Molar Dental PA|1024 Park Avenue|Suite 6C|Plainfield
1|Archer & Greiner, P.C.|1025 Laurel Oak Road||Voorhees
1|Final Project LLC|1029 Hudson Ave Bldg 6||Ridgefield
1|NITEOSOFT INC|103 CARNEGIE CENTER DR|SUITE 300|PRINCETON
1|SENSEBRAIN TECHNOLOGY LIMITED LLC|103 CARNEGIE CENTER, SUITE 300||Princeton
1|ARAXIS SYSTEMS INC|103 CARNEGIE CTR.|SUITE 300|PRINCETON
1|IH ENGINEERS, P.C|103 COLLEGE ROAD EAST|1ST FLOOR|PRINCETON
1|IH ENGINEERS, P.C|103 COLLEGE ROAD EAST, 1ST FLOOR||PRINCETON
1|Galaxy International Group LLC|103 Carnegie Center STE 300||Princeton
1|Siaraa Technologies Inc|103 College Road E||Princeton
1|Siaraa Technologies Inc|103 College Road E Level 1||Princeton
1|Dun & Bradstreet Inc|103 JFK Parkway||SHORT HILLS
1|COMPUNNEL SOFTWARE GROUP INC|103 MORGAN LANE|SUITE 102|PLAINSBORO
1|Hao Restaurant Group LLC|103 Montgomery Street||Jersey City
1|WeatherWorks Consulting Meteorologists LLC|103 Mountain Ct||Hackettstown
1|HomeWise Inc|103 Route 70 East|Suite 2|Marlton
1|IB SYSTEMS INC|1030 STELTON ROAD, SUITE 203|N/A|PISCATAWAY
1|VANTEZ SYSTEMS INC|1030 Stelton Road|Suite 202|Piscataway
1|Protech Info Solutions Inc|1030 Stelton Road, Ste  204||Piscataway
1|Camber Pharmaceuticals Inc|1031 CENTENNIAL AVENUE||PISCATAWAY
1|EXCELL INTERNATIONAL GROUP INC|1031 ROUTE 22|SUITE 302|BRIDGEWATER
1|SPI Cloud Systems LLC|1031 U.S. Highway 22|Suite 103|Bridgewater
1|Inventiv Matrix Inc|1031 US 22|Suite 304|Bridgewater
1|Dataplus Pharma Services Inc|1031 US Highway 22|Suite 103|Bridgewater
1|eRay Technologies LLC|1031 US Route 22, Suite 105||Bridgewater
1|Silicon Hills Info Solutions LLC|1031 US-22|Suite 306|Bridgewater Township
1|Solaris Pharma|1031G Route 202/206|Bldg. G, Suite 200|Bridgewater,  NJ
1|Solaris Pharma|1031G Route 202/206 South||Bridgewater,  NJ
1|Camden City School District|1033 Cambridge Street||Camden
1|MATRIS HOLDING LLC|1034 Edgewood Lane||Fort Lee
1|HETERO USA INC|1035 CENTENNIAL AVENUE||PISCATAWAY
1|Sills, Cummis & Gross, P.C.|1037 Raymond Blvd||Newark
1|AMG TECHNOLOGY|103B, 12 Lincoln Blvd.,||Emerson
1|Fosun Pharma USA Inc|104 Carnegie Center Dr|Ste 204|Princeton
1|Stro Realty Inc|104 Chestnut Street|Suite 300|Ridgewood
1|JDV PROCESS EQUIPMENT CORP|104 Fulto St||Boonton
1|JDV PROCESS EQUIPMENT CORP|104 Fulton St.||Boonton
1|ESU FARM LLC|104 Grand Avenue|1st Floor|Englewood
1|Well Luck Co. Inc|104 Harbor Drive||Jersey City
1|Kolkata Chai Co|104 Palisade Ave|Apt C1|Jersey City
1|Softcom Systems Inc|104 Tamarack Circle||Skillman
1|BEACONFIRE STAFFING SOLUTIONS INC|104 WINDSOR CENTER DR.|SUITE 400|EAST WINDSOR
1|Shuttleworth Law P.C.|1040 Mantua Pike||Wenonah
1|NHS US LLC|1041 US 202||Bridgewater
1|NHS U.S. LLC|1041 US HIGHWAY 202/206||BRIDGEWATER
1|Design Display Group LLC|105 Amor Avenue||Carlstadt
1|COSMAX USA Corporation|105 Challenger Road 8th FL||Ridgefield Park
1|Daekyo America Inc|105 Chellenger Road||Ridgefield Park
1|New Jersey Society of Certified Public Accountants|105 Eisenhower Parkway|Suite 300|Roseland
1|Sunrise Systems Inc|105 Fieldcrest Avenue|Suite 504|Edison
1|ID Care LLC|105 Raider Blvd|Ste 101|Hillsborough
1|Akoya Solutions LLC|105 W Elmwood Drive||South Plainfield
1|Parade Enterprises LLC|105 White Oak Lane|Suite 201B|Old Bridge
1|Ambrosia Parade Restaurant LLC|105 White Oak Ln|Suite 201B|Old Bridge
1|Ambrosia Parade Restaurant LLC|105 White Oak Ln, Suite 201B|N/A|Old Bridge
1|KESSLER INSTITUTE FOR REHABILITATION INC|1050 WALL STREET WEST|SUITE 200|LYNDHURST
1|OAK LEAF ENGINEERING CORP.|1050 Wall St. W. Ste 203 Lyndhurst, New Jersey 07071|Suite 203|Lyndhurst
1|Kessler Institute for Rehabilitation Inc|1050 Wall Street Road|Suite 200|Lyndhurst
1|ALFVO LLC|1055 PARSIPPANY BLVD.|SUITE 309|PARSIPPANY
1|TIGER ADVISORY ASSOCIATES LLC|1055 Parsippany BLVD|Suite 303|Parsippany
1|Geo Cash & Carry Inc|1059 West Side Avenue||New Jersey
1|Torrent Pharma Inc|106 Allen Road|Suite 305|Basking Ridge
1|Itsmello Inc|106 Christie||Edison
1|Assumption of Holy Virgin Church|106 Jackson St.||Trenton
1|OTG NEW YORK INC|106 Stonehurst Ct||Northvale
1|HAMILTON PHARMACY AND MEDICAL COMPANY INC|1060 WHITEHORSE MERCELVILLE ROAD||HAMILTON
1|Specto Technology LLC|1061 E Elizabeth Ave||Linden
1|Cheveux Corporation|1061 Slocum Avenue||Ridgefield
1|Gozel Law Firm PC|1066 Clifton Ave|Ste 201|Clifton
1|APLLET LLC|107 AUTH AVENUE||ISELIN
1|CYGNET TECHNOLOGIES INC|107 CEDAR GROVE LANE|STE 103H|SOMERSET
1|CYGNET TECHNOLOGIES INC|107 CEDAR GROVE LN|SUITE 103H|SOMERSET
1|DR. REDDYS LABORATORIES INC|107 COLLEGE ROAD EAST||PRINCETON
1|Cygnet Technologies Inc|107 Cedar Grove Lane|Suite 103H|Somerset
1|TRN SYSTEMS INC|107 FAIRWAY TERRACE||MOUNT LAUREL
1|Zeta Analytics|107 Fairway Ter||Mount Laurel
1|ARTIEL SYSTEMS INTEGRATION LLC|107 Main Street||Whitehouse Station
1|European Plus Inc|107 NJ-31 North||Pennington
1|SLV Pharmacy|107 Rt. 10 E||Succasunna
1|AMERICAN DREAM HOME GOODS INC|107 Trumbull St., Bldg. A5|4th Floor|Elizabeth
1|Pitman Dental Inc|107 W Jersey Avenue||Pitman
1|NJ NY METRO AREA TAX & ACCOUNTING SERVICES INC|1070 CLIFTON AVENUE|SUITE 2|CLIFTON
1|Irvington Pharmacy LLC|1070 Springfield Ave||Irvington
1|Irvington Pharmacy LLC|1070 Springfield Avenue||Irvington
1|Symbastech Corp|1075 Easton Ave|Tower 2, Std 6|Somerset
1|COMPTECH ASSOCIATES INC|1075 Easton Ave, Tower 1|Suite 4|Somerset
1|Menzo Technologies Corp|1075 Easton Avenue Tower  2|Suite 8D|Somerset
1|TruMinds Technologies Inc|1075 Easton Avenue Tower 3|Suite 2|Somerset
1|Menzo Technologies Corp|1075 Easton Avenue, Tower 2|Suite No 8D|Somerset
1|TruMinds Technologies Inc|1075 Easton Avenue, Tower 3|Suite 2|Somerset
1|Attunesys LLC|108 Cardinal Court||North Brunswick
1|Atlantic Subsea Inc|108 FERRY ROAD|P.O. BOX 714|Bridgeport
1|INTEGRATION INTERNATIONAL INC|1081 PARSIPPANY BLVD|SUITE 101|PARSIPANNY
1|WRG Engineering, P.C.|1086 Teaneck Road|Suite 4F|Teaneck
1|Tega Design LLC|1087 Smith Manor Boulevard||West Orange
1|QUICK RX LLC|1089 ELIZABETH AVENUE|STORE 5|ELIZABETH
1|QUICKRX LLC|1089 ELIZABETH AVENUE, STORE 5||ELIZABETH
1|DIAMONDPICK INC|109 BLOOMFIELD AVENUE||ISELIN
1|DOWA METALS & MINING AMERICA INC|109 Connecticut Drive||Burlington
1|Man Door Corp.|109 Kero Road||Carlstadt
1|IT IDEOLOGY LLC|109 SOUTH MAIN STREET|SUITE 16|CRANBURY
1|Kasentex Inc|109 Stryker Ln, Ste 3||Hillsborough
1|VVR DEVELOPERS LLC|109 WALNUT ST||ROSELLE PARK
1|LTS Associate Inc|109 West Park Dr.|Ste C|Mount Laurel
1|LOGIXtech Solutions LLC|1090 KINGS GEORGES POST ROAD|SUITE 1201|EDISON
1|TSR Consulting Services Inc|1090 King Georges Post Road|Suite 1201|Edison
1|Momentum Resource Solutions LLC|1090 King Georges Post Road, Suite 804||Edison
1|TEKPLANT INC|1092 STELTON ROAD||PISCATAWAY
1|THE KOENIG GROUP LLC|1093 RAITAN ROAD|SUITE 2|CLARK
1|Wang Technology LLC|1095 Cranbury South River Road|Suite 2|Jamesburg
1|MINDLANCE INC|1095 MORRIS AVE|SUITE 101 A|UNION
1|Mindlance Inc|1095 Morris Ave|Suite 101A|Union
1|Mindlance Inc|1095 Morris Avenue.|Suite 101A|Union
1|INDECS CORPORATION|1099 WALL STREET WEST|SUITE 317|LYNDHURST
1|Infervision US Inc|1099 Wall St W|Ste 352|Lyndhurst
1|NAVAC Inc|1099 Wall Street W|Suite 179|Lyndhurst
1|TADCO Engineering and Environmental Services LLC|1099 Wall Street West|Suite 275|Lyndhurst
1|Meecalf Co. Inc|10A Great Meadow Lane||East Hanover
1|Garonit Pharmaceuticals|10A MADISON ROAD||FAIRFIELD
1|Garonit Pharmaceutical Inc|10A Madison Road||Fairfield
1|Garonit Pharmaceutical Inc|10A-B Madison Road||Fairfield
1|QaaTrade LLC|11 Ackerman Avenue||Emerson
1|Gravity5. LLC|11 Boulder Brook Court||Belle Mead
1|ENIAC SYSTEMS INC|11 Bridge St|Building C|Metuchen
1|SUVIP SOLUTIONS INC|11 COMMERCE DRIVE|SUITE 202|CRANFORD
1|Topche & Company LLC|11 Commerce Drive||Cranford
1|AAEON Electronics Inc|11 Crown Plaza||Hazlet
1|KENOX PHARMACEUTICALS INC|11 DEERPARK DRIVE|SUITE 128, PRINCETON CORPORATE PLAZA|MONMOUTH JUNCTION
1|SILVER OAK TECHNOLOGIES LLC|11 DRUM HILL DRIVE||SUMMIT
1|Ned Stevens Holding Corp|11 Daniel Road||Fairfield
1|Sciecure Pharma Inc|11 Deerpark Drive|Suite 120|Monmouth Junction
1|Silver Oak Technologies LLC|11 Drum Hill Dr||Summit
1|Silver Oak Technologies LLC|11 Drum Hill Dr.||Summit
1|Wisesorbent Technology LLC|11 E Stow Road||Marlton
1|SportsCare of America PC|11 Eagle Rock Avenue||East Hanover
1|Justin Alexander Inc|11 Edison Place||Springfield
1|White Toque LLC|11 Enterprise Avenue North||Secaucus
1|IPA|11 HIGH ST||Closter
1|Triad RF Systems Inc|11 Harts Lane|Suite I|East Brunswick
1|Procedyne Corp.|11 Industrial Drive||New Brunswick
1|Medin Technologies Inc|11 Jackson Road||Totowa
1|SILK SENSATION INC|11 Jane Place||Edison
1|LUXWEAVE INC|11 Jules Ln|Suite C|New Brunswick
1|Advaita Technology Corporation|11 Kay Ct||Monroe
1|John Chris Taylor Construction & Design LLC|11 Marcy Street||Freehold
1|SCube Infotech Inc|11 May Road||East Brunswick
1|Millennium Communications Group Inc|11 Melanie Lane, Unit 13||East Hanover
1|Oxford Communications Inc|11 Music Mountain Boulevard||Lambertville
1|This is 42 LLC|11 Old Quarry Road||Cedar Grove
1|COLDX INC|11 PHARIS PL||UPPER SADDLE RIVER
1|Quagen Pharmaceuticals LLC|11 Patton Drive||West Caldwell
1|Freehold Regional High School District|11 Pine Street||Englishtown
1|Globus Express LLC|11 Reston Road||Wayne
1|SOFTONE TECHNOLOGIES LLC|11 SKILLMAN AVENUE||JERSEY CITY
1|Sairav Consulting Inc|11 Scenic Way||Monroe Township
1|IndopolTech LLC|11 Sherbone Place,||Sayreville
1|FACTOR SYSTEMS LLC|11 South Gold Drive|SUITE D|Hamilton Township
1|Project Control Associates Inc|11 South Street||Morristown
1|A-TECH CONCRETE CO. INC|11 TAYLOR ROAD||Edison
1|One Point O LLC|11 US Highway 1|Unit 230|New Brunswick
1|PCS Wireless LLC|11 Vreeland Road||Florham Park
1|Duality Technologies Inc|11 Warren Street||Newark
1|Yawal USA Inc|11 West Hudson Ave||Engelwood
1|Kaizen Homes LLC|11 Woodbine St||Bergenfield
1|VALIANCE PARTNERS LLC|110 ALLEN ROAD, SUITE 402||BASKING RIDGE
1|KWC PARTNERS, LLP|110 CHARLOTTE PLACE|THIRD FLOOR|ENGLEWOOD CLIFFS
1|Emergency Medicine Business Intelligence Inc|110 Cornelia Street, Suite 2A|(Mailing address PO Box 47, Parsippany, NJ 07054)|Boonton
1|AT LAST SPORTSWEAR INC|110 ENTERPRISE AVE S||SECAUCUS
1|AT LAST SPORTSWEAR INC|110 ENTERPRISE AVENUE S||SECAUCUS
1|Navtech Solutions Inc|110 Fieldcrest Ave 3rd floor||Edison
1|Chuisini Inc|110 First Street Store 3||Jersey City
1|SITA CORP.|110 JARED DRIVE||NORTH BRUNSWICK
1|Tiger Cub Immersion School L.L.C.|110 Main Street||Chatham
1|Jay Bhagwan LLC|110 Market St|Suite 100|Saddle brook
1|Diaco Contracting Inc|110 Pennsylvania Avenue||Paterson
1|DATA DYNAMICS INC|110 Pleasant Ave||Upper Saddle River
1|GEM & LAB LLC|110 Prospect Ave||Dumont
1|Orb Labs Inc|110 River Drive|Apt 907|Jersey City
1|Cuddlytails Inc|110 River Drive south|1906|Jersey City
1|Bett-A-Way Administrative Services LLC|110 Sylvania Place||South Plainfield
1|Complete Mechanical Solutions LLC|110 Taylortown Road||Boonton
1|APN CONSULTING INC|1100 CORNWALL ROAD, SUITE 205||MONMOUTH JUNCTION
1|Integra LifeSciences Corporation|1100 Campus Road||Princeton
1|United Business Solutions Inc|1100 Cornwall Road.|SUITE 100|Monmouth Junction
1|Community Smiles of Elizabeth PA|1100 N Broad St.||Hillside
1|TWO95 INTERNATIONAL|1101 N. KINGS HIGHWAY, SUITE 200||CHERRY HILL
1|EverLink International Corporation|1101 Tonnelle Ave||North Bergen
1|Mejwaani LLC|1103 Inman Avenue||Edison
1|Nationwide Property & Appraisal Services LLC|1103 Laurel Oak Road|Suite 160|Voorhees
1|eConvergence Inc|1105 Cottonwood Ct|N/A|North Brunswick
1|MERCY CENTER CORPORATION|1106 MAIN STREET||ASBURY PARK
1|Mercy Center, CORP|1106 Main Street||Asbury Park
1|AQUA KITCHEN AND BATH DESIGN CENTER INC|1107 RT 23 SOUTH||WAYNE
1|Canoe Brook Country Club|1108 Morris Turnpike||Summit
1|LG CNS America Inc|111  Sylvan Avenue South Building L2||Englewood Cliffs
1|APCER Life Sciences Inc|111  Town Square Place|STE 860|Jersey City
1|Ansell Healthcare Products LLC|111  Wood Avenue South||Iselin
1|PRIME HEALTHCARE SERVICES - ST. MICHAELS LLC|111 CENTRAL AVENUE||NEWARK
1|Komar-Jets LLC|111 Charles A. Linbergh Dive|Suite 52|Teterboro
1|K Logistics Corp.|111 Charlotte Pl|Suite 306|Englewood Cliffs
1|World Carp Inc|111 Charlotte Place|Suite 104|Englewood Cliffs
1|Cosette Pharmaceuticals Inc|111 Coolidge Street||South Plainfield
1|Across International LLC|111 Dorsa Ave||Livingston
1|Across International LLC|111 Dorsa Avenue||Livingston
1|DEREX TECHNOLOGIES INC|111 FRANK E RODGERS BLVD. S.|SUITE 306|HARRISON
1|DEREX TECHNOLOGIES INC|111 FRANK E. RODGERS BLVD. S.|SUITE 306|HARRISON
1|Bentley Laboratories LLC|111 Fieldcrest Ave||Edison
1|East West Systems Inc|111 Howard Blvd., Suite  101||Mount Arlington
1|East West Systems Inc|111 Howard Boulevard, Suite 101||Mount Arlington
1|Frontall USA LLC|111 Jefferson Ave||Elizabeth
1|AADG Inc|111 Kero Road||Carlstadt
1|The Nephrology Group, P.A.|111 Northfield Avenue|Suite 311|West Orange
1|ATYPON SYSTEMS LLC|111 RIVER STREET||HOBOKEN
1|Epion Health Inc|111 River St.|STE 1230|Hoboken
1|DEREX TECHNOLOGIES INC|111 S FRANK E RODGERS BLVD.|SUITE 306|HARRISON
1|DEREX TECHNOLOGIES INC|111 S FRANK E. RODGERS BLVD.|SUITE 306|HARRISON
1|DEREX TECHNOLOGIES INC|111 S. FRANK E. RODGERS BLVD.|SUITE 306|HARRISON
1|VITACARE PHARMA LLC|111 SKYLINE DRIVE||SOUTH PLAINFIELD
1|GIIR AMERICA INC|111 SYLVAN AVE, SOUTH BLDG|3RD FL|ENGLEWOOD CLIFFS
1|LG CNS AMERICA INC|111 SYLVAN AVENUE South Building L2||ENGLEWOOD CLIFFS
1|GIIR AMERICA INC|111 SYLVAN AVENUE, SOUTH BLDG|2ND FLOOR|ENGLEWOOD CLIFFS
1|Ansell Healthcare Products LLC|111 South Wood Avenue||Iselin
1|GIIR America Inc|111 Sylvan Avenue 2nd Fl South Building||Englewood Cliffs
1|GIIR America Inc|111 Sylvan Avenue 2nd Floor South Building||Englewood Cliffs
1|GIIR America Inc|111 Sylvan Avenue L3||Englewood Cliffs
1|LX PANTOS AMERICA INC|111 Sylvan Avenue South Bldg L2||Englewood Cliffs
1|Global Association of Risk Professionals Inc|111 Town Square|Floor 14|Jersey City
1|Financial Sciences Corporation|111 Town Square Place - Suite 1224|Newport Financial Center|Jersey City
1|Xenon Health of New Jersey LLC|111 Town Square Place, Suite 420||Jersey City
1|SHAKTI RESTAURANTS LLC|111 US HIGHWAY 46||PARSIPPANY
1|KEANE SOFT INC|111 Union Valley Road|Suite 206|Monroe Township
1|A Hunts Mills Associates LLC|111 West Main Street||Clinton
1|Ansell Healthcare Products LLC|111 Wood Ave S||Iselin
1|New Jersey Laboratories|1110 Somerset Street||New Brunswick
1|Pythus Technologies LLC|1111 Jamie Brooks Lane||West Windsor
1|INNOVATION LABS INC|1111 MACARTHUR BOULEVAROAD||MAHWAH
1|CAPACITY LLC|1112 CORPORATE ROAD||NORTH BRUNSWICK
1|Ambient Flooring Inc|1116 Edgewater Ave||Ridgefield
1|The Pennington School|112 W. Delaware Ave||Pennington
1|YUMI INC|1120 OCEAN AVE||SEA BRIGHT
1|NIWO PARTNERS INC|1120 US HIGHWAY 22||BRIDGEWATER
1|Nightsea Inc|1120 US Highway 22||Bridgewater
1|NYCG.COM INC|1125 Garden St||Hoboken
1|Jet Aviation Holdings USA Inc|113 Charles A. Lindbergh Drive||Teterboro
1|Samrajya Services LLC|113 Preservation Blvd||Chesterfield
1|Minestone Construction LLC|113 Weston Road||Hillsborough
1|MintexRX|1130 Somerset St., Unit 101||New Brunswick
1|HUNTINGRIDGE SOLUTIONS LLC|1130 US 46|SUITE 12|PARSIPPANY
1|Huntingridge Solutions LLC|1130 US HIGHWAY 46|Suite 12|Parsippany
1|Research & Manufacturing Corp. of America|1130 W Elizabeth Ave||Linden
1|VISION FINANCIAL GROUP CPAS|1131 CAMPUS DRIVE W||MORGANVILLE
1|VISION FINANCIAL GROUP CPAS|1131 Campus Drive W||Morganville
1|Manders Merighi Portadin Farrell Architects LLC|1138 East Chestnut Ave|4|Vineland
1|COMMON CENTS DISTRIBUTORS LLC|114 Clinton Road|NA|Fairfield
1|Zebra Logistics Inc|114 Melrich Road|Ste E & F|Cranbury
1|SIMPLESOLVE INC|114 TITUS MILL ROAD|BUILDING A, UNIT 101|PENNINGTON
1|Micro Strategies Inc|1140 Parsippany Blvd||Parsippany
1|Aadhick Solutions Inc|1140 Stelton Road|Suite 204|Piscataway
1|R&R COSMETICS LLC|1140, RANDOLPH AVENUE||Rahway
1|Sana Global Inc|1145 Main Ave||Clifton
1|SPRUCE TECHNOLOGY INC|1149 BLOOMFIELD AVENUE|SUITE G|CLIFTON
1|Spruce Technology Inc|1149 Bloomfield Avenue|Suite G|Clifton
1|Silver Touch Technologies Inc|1149 Green Street||Iselin
1|Liberty Physical Therapy PC|115 Christopher Columbus Dr.|STE 300|Jersey City
1|Liberty Physical Therapy PC|115 Columbus Dr.|Ste 300|Jersey City
1|GENEWIZ LLC|115 Corporate Blvd.||South Plainfield
1|Galleros Robinson CPAs LLP|115 Davis Station Road||Cream Ridge
1|Little Spring Learning Center Inc|115 E Grove Street||Westfield
1|PNC Inc|115 East Centre St||Nutley
1|PNC Inc|115 East Centre Street||Nutley
1|LEGAL SCALE LLP|115 Garden Street|Suite 3B|Hoboken
1|Madura Rx LLC|115 N Broadway||South Amboy
1|INGENWORKS LLC|115 N GOLD DRIVE|SUITE 201|ROBBINSVILLE
1|Glenmore Industries LLC|115 Newfield Avenue|Suite E|Edison
1|Mangrove AI Inc|115 PHILADELPHIA AVE||EGG HARBOR CITY
1|Structural Workshop LLC|115 Route 46|Suite C23|Mountain Lakes
1|Structural Workshop LLC|115 Route 46, Suite C3, Mountain Lakes, NJ 07046|250 Matthews Drive|Newark
1|Dr. Panda Education|115 Seton Place||South Orange
1|GATTEFOSSE CORPORATION|115 W CENTURY ROAD - PLAZA I|SUITE 340|PARAMUS
1|Piazza Consulting Group LLC|115 W Century Road|Suite 115|Paramus
1|NUVOLO TECHNOLOGIES CORPORATION|115 W. CENTURY ROAD|SUITE 380|PARAMUS
1|SONY ELECTRONICS INC|115 WEST CENTURY ROAD|Suite 250|PARAMUS
1|Bond Street Mortgage LLC|115 West  Century Road|Suite 115|Paramus
1|MS Integrated Psychotherapy and Counseling|1157 Main Ave||Clifton
1|SCMiND CONSULTING LLC|116  VILLAGE BOULEVAROAD||PRINCETON
1|Hypinx Consulting LLC|116 Bedford Ave||Iselin
1|VILWAA LLC|116 VILLAGE BLVD STE 200||PRINCETON
1|DATASYS CONSULTING & SOFTWARE INC|116 VILLAGE BLVD.|SUITE 240|PRINCETON
1|DATASYS CONSULTING & SOFTWARE INC|116 VILLAGE BOULEVAROAD|SUITE 240|PRINCETON
1|RUBICON IT SOLUTIONS LLC|116 VILLAGE ROAD|SUITE 200|PRINCETON
1|Addteq Inc|116 Village Blvd Ste 200||Princeton
1|Eish Technologies Inc|116 Village Blvd, Suite 200||Princeton
1|Neuland Laboratories Inc|116 Village Blvd, Suite 312||Princeton
1|Hecta Data LLC|116 Village Blvd., Suite 200||Princeton
1|Aroopa Inc|116 Village Boulevard,|Ste 200|Princeton
1|NNIT Inc|116 Village Boulevard, Suite 200-61||Princeton
1|AGILE HEALTHCARE LLC|116 W 21ST STREET||BALTIMORE
1|FCS Group LLC|1160 Route 22 West||Mountainside
1|Gusmer Enterprises Inc|1165 Globe Ave||Mountainside
1|Gusmer Enterprises Inc|1165 Globe Avenue||Mountainside
1|Gusmer Enterprises Inc|1167 Globe Avenue||Mountainside
1|SBP CONSTRUCTION LLC|117 BROOKVIEW TERRACE||BERGENFIELD
1|American Instants Inc|117 Bartley Flanders Road||Flanders
1|AGILE SQUAD INC|117 KINDERKAMACK ROAD|SUITE 107|RIVER EDGE
1|Agile Squad Inc|117 Kinderkamack ROAD|Suite 107|River Edge
1|Avance Technology Services Inc|1170 Rt 22|Suite 301|Bridgewater
1|AVANCE TECHNOLOGY SERVICES INC|1170 Rt 22 Bridgewater|Suite 301|somerset
1|NJ Smiles of Woodbridge LLC|1170 St. Georges Avenue||Avenel
1|URL Systems Inc|1170 US  HIGHWAY 22 E|SUITE 100|BRIDGEWATER
1|URL Systems Inc|1170 US  Highway 22 E|Suite 100|Bridgewater
1|Prodware Solutions LLC|1170 US 22|Suite 103|Bridgwater
1|NJS ASSOCIATES COMPANY|1170 US HIGHWAY 22|SUITE 209|BRIDGEWATER
1|NJS ASSOCIATES COMPANY|1170 US HIGHWAY 22,  SUITE 209||BRIDGEWATER
1|NJS ASSOCIATES COMPANY|1170 US HIGHWAY 22, SUITE 209||BRIDGEWATER
1|ONCORRE INC|1170 US HWY 22 EAST|SUITE 307|BRIDGEWATER
1|URL SYSTEMS INC|1170 US Highway 22 E|Suite 100|Bridgewater
1|MML Consulting LLC|1170 US Hwy 22|Suite 307|Bridgewater
1|MML Consulting LLC|1170 US Hwy 22 East|Suite 307|Bridgewater
1|Oncorre Inc|1170 US Hwy 22 East, Suite 307|N/A|Bridgewater
1|Y INTERNATIONAL USA INC|1170 VALLEY BROOK AVENUE||LYNDHURST
1|FEI YUE PRESCHOOL CORPORATION|1171 TERRIL ROAD|N/A|SCOTCH PLAINS
1|FEI YUE PRESCHOOL CORPORATION|1171 TERRILL ROAD||SCOTCH PLAINS
1|FEI YUE PRESCHOOL CORPORATION|1171 TERRILl ROAD||SCOTCH PLAINS
1|Raritan Valley Community College|118 Lamington Road||Branchburg
1|Paul Otto Building Co.|118 North Avenue West|Suite 201|Cranford
1|TheraPhysical LLC|118 Outwater Lane||Garfield
1|SUNUS LLC|118 Tamarack Circle||Skillman
1|Ksqure LLC|1180 MAIN ST|81|RIVER EDGE
1|Lyons USA LLC|1180 Raymond Boulevard|Suite 28 D|Newark
1|INFORMATION TECHNOLOGY AND MANAGEMENT CONSULTING INC|1181 NEW ROAD|SUITE 304|PARSIPPANY
1|Maywood Physical Therapy LLC|119 E. Passaic St||Maywood
1|Maywood Physical Therapy LLC|119 East Passaic St.||Maywood
1|Maywood Physical Therapy LLC|119 East Passaic Street||Maywood
1|PLT Health Solutions Inc|119 HEADQUARTERS PLAZA||MORRISTOWN
1|CANBIS LLC|119 MOUNTAIN ROAD||JERSEY CITY
1|Andrew Wozniak|119 Matlack Drive||Maple Shade
1|Perry Systems Inc|119 North Livingston Avenue||Livingston
1|SRI SRINIVASA PHARMA INC|119 OCEAN AVENUE||JERSEY CITY
1|SRI SRINIVASA PHARMA INC|119 Ocean Ave||Jersey city
1|Discovery Semiconductors Inc|119 Silvia Street||Ewing
1|Retail Insights LLC|119 South Cliff Road||Colonia
1|GSN Consulting Services LLC|1190 Green St|N/A|Iselin
1|RAMPS INTERNATIONAL INC|1199 AMBOY AVE|SUITE 2F|EDISON
1|MEGATRENDZ MEDIA USA INC|1199 AMBOY AVENUE|SUITE 2H|EDISON
1|Mochi Ring Donut LLC|1199 Amboy Ave|Lotte Market FC1|Edison
1|FACTOR SYSTEMS LLC|11D S. Gold Drive||Hamilton Township
1|Cloudsistems.com LLC|12 Bird Ave||Iselin
1|IPKEYS POWER PARTNERS INC|12 CHRISTOPHER WAY|SUITE 301|EATONTOWN
1|JellyJoy INC|12 DANIEL ROAD|STE 328|FAIRFIELD
1|IMT TRADING LLC|12 Daniel Road STE318-5D||Fairfield
1|STAR CYBER SECURITY TECHNOLOGIES LLC|12 English Ave||ELMWOOD PARK
1|I-FE APPAREL INC|12 HORIZON BLVD||SOUTH HACKENSACK
1|Panorama Consulting and Engineering Inc|12 Hazelwood Court||Warren
1|Panorama Consulting and Engineering Inc|12 Hazelwood Ct||Warren
1|Haverly Systems Inc|12 Hinchman Ave|P.O. Box 1110|Denville
1|The Morris Project|12 Hudson Place|Suite 102|Hoboken
1|Granulation Technology Inc|12 Industrial Road||Fairfield
1|TRIKA TECHNOLOGIES INC|12 JENNIFER LANE||WARREN
1|Cogent Solutions Inc|12 Jasmine Drive||Monroe
1|Trika Technologies Inc|12 Jennifer Lane||Warren
1|Bitemetric Inc|12 KNIGHTS BRIDGE DR||RANDOLPH
1|AMG TECHNOLOGY|12 Lincoln Blvd|103b|Emerson
1|QUANTGEN TECHNOLOGIES INC|12 MAGNOLIA COURT||MONMOUTH JUNCTION
1|INFINITY TECH GROUP INC|12 N ROUTE 17|SUITE 201|PARAMUS
1|TreadStone Technologies Inc|12 Perrine Road|Suite 107|Monmouth Junction
1|FIRST TIER TECHNOLOGY LLC|12 ROSZEL ROAD, SUITE B101||PRINCETON
1|ITC INFOTECH (USA) INC|12 ROUTE 17 NORTH|SUITE 303|PARAMUS
1|IAQ Systems Inc|12 Reinman Road||Warren
1|Fortune Advanced Technologies LLC|12 Roszel Road STE C103||Princeton
1|Cibo Vita Inc|12 Vreeland Ave||TOTOWA
1|NOVASOFT USA INC|12 WOLFE DR||HILLSBOROUGH
1|MaxLite Inc|12 York Avenue||West Caldwell
1|TRIANGLE HOME FASHIONS LLC|120  TICES  LANE||EAST BRUNSWICK
1|KESSLER FOUNDATION|120 EAGLE ROCK AVENUE|SUITE 100|EAST HANOVER
1|Dataalpha AI Inc|120 Greenwood Dr||Millburn
1|Share My Meals|120 John Street||Princeton
1|The Wellness Group of Bayonne LLP|120 Lefante Way||Bayonne
1|Barnes & Noble Education Inc|120 Mountain View Boulevard||Basking Ridge
1|Kennedys CMK LLP|120 Mountainview Blvd||Basking Ridge
1|Samuel Romano DMD PC|120 Park Avenue||Madison
1|Unlimited Capital Advisors LLC|120 Prospect Street||Somerset
1|NIWO PARTNERS INC|120 RASKULINECZ ROAD||CARTERET
1|Home Easy Ltd|120 Route 46 West||Parsippany
1|SHOOLIN INC|120 S WOOD AVENUE|SUITE 611|ISELIN
1|S & S Brokerage Inc|120 S Wood Ave|Suite 408|Iselin
1|Shoolin Inc|120 S. Wood Avenue|611|Iselin
1|S & S Brokerage Inc|120 South Wood Ave|Suite 605|Iselin
1|HDM Tax Group Inc|120 State Street|2nd Floor|Hackensack
1|Mercom Inc|120 Striker Lane|Apt. 403A|Hillsborough
1|Zion Acupuncture LLC|120 Sylvan Avenue|Suite 203|Englewood Cliffs
1|TRIANGLE HOME FASHIONS LLC|120 TICES LANE||EAST BRUNSWICK
1|Softcom Systems Inc|120 Tamarack Circle||Skillman
1|SHOOLIN INC|120 WOOD AVENUE S.|SUITE 611|ISELIN
1|UNITED PHARMA TECHNOLOGIES INC|120 WOOD AVENUE SOUTH|SUITE 406|ISELIN
1|Primoris Academy|120 Washington Avenue||Westwood
1|Shoolin Inc|120 Wood Aenue|611|Iselin
1|1Kosmos Inc|120 Wood Ave S|Suite 404|Iselin
1|Shoolin Inc|120 Wood Avenue|611|Iselin
1|Shoolin Inc|120 Woods AVenue S|Suit 611|Iselin
1|Shoolin Inc|120 Woods Aenue S|Suite 611|Iselin
1|Shoolin Inc|120 wood Avenue S|611|Iselin
1|Shoolin Inc|120 woods Avenue S|611|Iselin
1|ZAASS LLC|120-122 WEST 35TH STREET||BAYONNE
1|USA FORMULATIONS LLC|1200 AIRPORT ROAD|UNIT C|NORTH BRUNSWICK
1|ENGLERT INC|1200 AMBOY AVENUE||PERTH AMBOY
1|Joseki Technologies Incorporated|1200 Avenue at Port Imperial|Suite 315|Weehawken
1|Seaview Orthopaedics & Medical Associates, LLP|1200 Eagle Avenue||Ocean
1|Princeton NuEnergy Inc|1200 Florence Columbus Road||Bordentown
1|Narravance Inc|1200 Harbor Blvd|Floor 10|Weehawken
1|Adare Pharmaceuticals Inc|1200 Lenox Drive|Suite 100|Lawrenceville
1|HIGH 5 GAMES LLC|1200 MacArthur Boulevard||MAHWAH
1|International Business Solutions, Ltd|1200 ROUTE 22 E|SUITE 2000|BRIDGEWATER
1|eRay Technologies LLC|1200 Route 22|Suite 2000|Bridgewater,
1|New Datatech LLC|1200 Route 22 East|Suite 2000|Bridgewater
1|New Datatech LLC|1200 Route 22 East Suite 2000||Bridgewater
1|Benecard Services Inc|1200 Rt 46 W||Clifton
1|CyberMed Health Inc|1200 Tices Ln|Suite 104|East Brunswick
1|ZEALOGICS INC|1200 US HIGHWAY 22E|SUITE 2000|BRIDGEWATER
1|LedgerHub Inc|1200 US Highway 22E|Suite 2000|Bridgewater
1|IBASE CONSULTING OF FAIRFIELD COUNTY LLC|1200 US Route 22|Suite 12|Bridgewater
1|Thrive Wellness & Mediation LLC|1201 Maplecrest Road||Edison
1|Sterling Adult Medical Day Care Center LLC|120North Center Dr||North Brunswick
1|Informetric Systems Inc|121 CHANLON ROAD|Suite 320|NEW PROVIDENCE
1|Stafford Communications Group Inc|121 Chanlon Road, Suite  G4||New Providence
1|Universal Business Consulting Inc|121 Commons Way||Princeton
1|Deaglo Inc|121 E Washington Ave||Atlantic Highlands
1|Somfy Systems Inc|121 Herrod Blvd.||Dayton
1|Diversified Foam Products Inc|121 High Hill Road||Swedesboro
1|Cen-Med Enterprise|121 Jersey Ave||New Brunswick
1|Dawn Scientific Inc|121 Liberty Street||Metuchen
1|Keller Engineers of New Jersey LLC|121 Market Street||Camden
1|TERRACYCLE INC|121 NEW YORK AVENUE||TRENTON
1|Celsius Network LLC|121 River St|PH 05|Hoboken
1|JOB 4 AMERICANS INC|121 S MAIN STREET||PLEASANTVILLE
1|UNITED PHARMA TECHNOLOGIES INC|121 Wood Avenue South|SUITE 406|Iselin
1|Paheli Indian Cuisine|1210 Hamburg|Turnpike|Wayne
1|DENDEN FINANCIAL SERVICE LLC|1210 US 130 N|Ste 1412|Cinnaminson
1|Invahealth Inc|1212 Cranbury South River Road||Cranbury
1|BRIDGE INTELLIGENCE LLC|1215 LIVINGSTON AVE, SUITE 308||NORTH BRUNSWICK
1|Area Engineering Inc|1215 Livingston Avenue|Suite 303|North Brunswick
1|Quad M Solutions Inc|122 Dickinson Ave||Toms River
1|Quad M Solutions Inc|122 Dickinson Avenue||Toms River
1|REAL TREASURE LLC|122 LINCOLN AVE||NORTH ARLINGTON
1|Hero Construction LLC|122 Main Street||West Orange
1|Bits of Bliss LLC|122 Old Hoboken Road||Hackensack
1|TATHASTU TRADING LLC|122 TICES LN|SUITE B|EAST BRUNSWICK
1|ZAASS LLC|122 WEST 35TH||BAYONNE
1|MUFG FUND SERVICES (USA) LLC|1221 Avenue of the Americas|10th Floor|New York
1|Rich Mark Developer Group INC|1222 Anderson Ave||Fort Lee
1|Bergen County Career Advancement Training-BCCAT INC|1224 Anderson Avenue|Suite 8|Fort Lee
1|Bellevue Parfums USA LLC|123 Lehigh Drive||Fairfield
1|Colonial Surety Company|123 Tice Blvd|suite 250|Woodcliff Lake
1|I.D. Systems Inc|123 Tice Boulevard|Suite 101|Woodcliff Lake
1|Rutgers, The State University of New Jersey|123 Washinton Street|n/a|Newark
1|Marketfair Commerce Inc|1230 Highway 34||Aberdeen
1|Alpine Dental Care LLC|1230 S Main Street||Phillipsburg
1|METASENSE INC|1233 HADDONFIELD BERLIN ROAD|SUITE 8|VOORHEES
1|Metasense Inc|1233 Haddonfield-Berlin Road|Suite 8|Voorhees
1|Futran Solutions Inc|1235 US highway 1 South|Suite 2100|Edison
1|Pro Healthcare and Rehab Services LLC|1236 US-46||Parsippany
1|VETERINARY SERVICES OF NJ PC|1237 BLOOMFIELD AVE||FAIRFIELD
1|BUSINESS DATA MANAGEMENT LLC|1239 US-130|Suite 201|Robbinsville
1|PMY CONSTRUCTION CORP.|124  PARK AVENUE,||LYNDHURST
1|Consultina Corporation|124 Fiat Ave||Iselin
1|White Globe LLC|124 Little Falls ROAD, SUITE 205||FAIRFIELD
1|Future Diagnostic Services LLC|124 Little Falls Road|Suite E|Fairfield
1|PMY CONSTRUCTION CORP.|124 PARK AVENUE||LYNDHURST
1|PMY Construction Corp.|124 Park Avenue||Lyndhurst
1|Canyons Structural Inc|1245 E Brickyard Road|Suite 200|Salt Lake City
1|ARC FINANCIAL SOLUTIONS LLC|1245 WHITEHORSE-MERCERVILLE ROAD|STE 409|TRENTON
1|ICH Consulting Inc|1245 Whitehorse Mercerville Road|Suite 423|Hamilton Township
1|EG&R ENGINEERING PC|1249 SOUTH RIVER ROAD, SUITE 111||Cranbury
1|People Tech Group Inc|125  Village Boulevard|Suite 308|Plainsboro
1|Orchard Yarn & Thread Company Inc|125 Chubb Ave|Suite 300 S|Lyndhurst
1|The City of Paterson|125 Ellison Street||Paterson
1|YOY Technologies LLC|125 Essex Ave E|Apt 310|Avenel
1|For Wellness Labs Inc|125 Glenridge Drive|Suite 1575|Montclair
1|Astrix Software Technology Inc|125 Half Mile Road, Ste. 200||Red Bank
1|ProcessQ Inc|125 Independence Way|Suite 300|Princeton
1|LMW Engineering Group LLC|125 Lexington Ave||Linden
1|LMW Engineering Group LLC|125 Lexington Avenue||Linden
1|GRANT INDUSTRIES INC|125 MAIN AVE||ELMWOOD PARK
1|GSS Matawan Dental LLC|125 Main Street||Matawan
1|Edison Hotel Operation LLC|125 Raritan Center Parkway||Edison
1|P9 LLC|125 River Road|Suite 203|Edgewater
1|Ready Warehousing & Logistics LLC|125 Seaview  Drive||Secaucus
1|NY Daily News Enterprises LLC|125 Theodore Conrad Drive||Jersey City
1|WONDERBOTZ LLC|125 VILLAGE BLVD.|SUITE 302|PRINCETON
1|GLOBAL RESOURCE MANAGEMENT INC|125 Village Blvd , suite 270||Princeton
1|Real Soft Inc|125 Village Blvd, Suite 200||Princeton
1|Data Glove Inc|125 Village Blvd, Suite 270||Princeton
1|Global Resource Management Inc|125 Village Blvd.|Suite 270|Princeton
1|Cygnet Infotech LLC|125 Village Boulevard|Suite 315|Princeton
1|Data Glove Inc|125 Village blvd|Suite 270|Princeton
1|LARKEN ASSOCIATES LP|1250 NJ-28|SUITE 101|BRANCHBURG
1|HOP Industries Corporation|1251 Valley Brook Avenue||Lyndhurst
1|Surark Pharma Bottles & Closures LLC|1253 New market Ave|Suite A|South Plainfield
1|Bancroft Neurohealth|1255 Caldwell Road||Cherry Hill
1|Weiler Labeling Systems LLC|1256 N Church St|Suite 7|Moorestown
1|Weiler Labeling Systems LLC|1256 N. Church Street|Suite 7|Moorestown
1|RR SOLUTIONS LLC|1259 ROUTE 46|BLDG 2, SUITE 258|PARSIPPANY
1|RR Solutions Inc|1259 ROUTE 46 BLDG 2||PARSIPPANY
1|Admera Health LLC|126 Corporate Blvd.||South Plainfield
1|EyeBiotech Inc|126 E. Lincoln Ave|RY33-230B|Rahway
1|Merck Sharp & Dohme LLC|126 East Lincoln Ave||Rahway
1|Merck Sharp & Dohme LLC|126 East Lincoln Avenue, P.O. Box 2000||Rahway
1|American Christian School Society|126 S. Hillside Street||Succassunna
1|Revere Partners RF LLC|126 Vernon Terrace|N/A|Westfield
1|Emonics LLC|1260 Centennial Ave|Suite 1A|Piscataway
1|Emonics LLC|1260 Centennial Ave 1A||Piscataway
1|EP Design Services LLC|1260 Stelton Road||Piscataway
1|Beyond Radix LLC|1265 Paterson Plank Road|Suite 3C|Secaucus
1|PLANET HEALTH PHARMACY CORP.|127 Hawkins Pl||BOONTON
1|SHIPCO TRANSPORT INC|127 MAIN STREET||CHATHAM
1|Shipco Transport Inc|127 Main Street||Chatham
1|Daynur LLC|1271 Paterson Plank Road||Secaucus
1|Home Easy Ltd|1275 Bloomfield Ave 16-141||Fairfield
1|Home Easy Ltd|1275 Bloomfield Ave Building 16-141||Fairfield
1|Adams International LLC|1275 Bloomfield Ave Unit 81||Fairfield
1|AME Inc|1275 Bloomfield Avenue|Bldg. 2, Suite 17B|Fairfield
1|A.M.E. Inc|1275 Bloomfield Avenue, Bldg 2, Ste 17B||Fairfield
1|PUNHANI LAW FIRM LLC|1279 ROUTE 46|BUILDING C, SUITE 202|PARSIPPANY
1|PUNHANI LAW FIRM LLC|1279 ROUTE 46 EAST|BUILDING C, SUITE 202|PARSIPPANY
1|Tranz Business Center Group of Companies LLC|127B Baldwin St||New Brunswick
1|RR SOLUTIONS LLC|1280 ROUTE 46|SUITE 8|PARSIPPANY
1|Durst Corporation Inc|129 Dermody Street||Cranford
1|Manteio Capital LLC|129 Magnolia Avenue|Apt. 401|Jersey City
1|Kim Intellectual Property Law Group|129 W Evesham Road||Voorhees
1|TEKFORTUNE INC|1297 CENTENNIAL AVENUE|SUITE 5-300|PISCATAWAY
1|HS Holdings LLC|1298 Forest Ave||Lakewood
1|HEXACORP LLC|13 CLYDE ROAD|SUITE 201|SOMERSET
1|HAO BRANDS INC|13 Jensen Dr.|Suite B|Somerset
1|HAO BRANDS INC|13 Jensen Drive|Suite B|Somerset
1|NBS Consult Inc|13 Lakeside dr N|Suite 101|Piscataway
1|Laser District LLC|13 Lambiance Court||Highland Park
1|Nivid Systems LLC|13 Liberty Way||MONROE TOWNSHIP
1|Finspirit Inc|13 Lovell Drive||Plainsboro
1|futureproofAI Inc|13 Norfolk Ave||Maplewood
1|futureproofAI Inc|13 Norfolk Avenue||Maplewood
1|FORTUNATO ARCHITECTURE|13 TAMARACK CIRCLE||SKILLMAN
1|GETIDA LLC|13-45 Queen Anne Road||Teaneck
1|William Grant & Sons Inc|130 Fieldcrest Avenue||Edison
1|BANSI PHARMACY INC|130 NJ-33  6||MANALAPAN
1|Bound Brook Board of Education|130 West Maple Street||Bound Brook
1|Valcourt Exterior Building Services of NJ LC|1300 Rike Drive||Millstone
1|Spartan Business Solutions|1301 State Route 36|Building 2, Suite 15|Hazlet
1|WAYWAY LOGISTICS INC|1301 W ELIZABETH AVE|Unit A|LINDEN
1|Bay Speed Aerokit LLC|1301 W Elizabeth Ave|Unit A|Linden
1|MindQ Inc|1306 Cheryl Drive||Iselin
1|EPROSOFT AMERICA INC|1307 WHITE HORSE ROAD|BUILDING F, SUITE 602|VOORHEES
1|Eprosoft America Inc|1307 White Horse Road Building F|Suite 602|Voorhees
1|A1 Associates LLC|1309 Charleston Dr,||Monroe,
1|Global Glass Equipment Engineering Company Inc|131 2nd Road||Hammonton
1|Co-Existential Architecture Lab LLC|131 Continental Dr|Suite 305|Newark
1|MASTERBUILT INDUSTRIES LLC|131 DOCKS CORNER ROAD||DAYTON
1|ARCH INTERNATIONAL GROUP INC|131 GAITHER DRIVE|SUITE H|MOUNT LAUREL
1|PLANET HEALTH PHARMACY CORP.|131 HAWKINS PL||BOONTON
1|Brighton Beach Group LLC|131 Oak Street||Weehawken
1|Agnezar Life Sciences LLC|131 S Main St,||Hightstown,
1|F. T. P. Inc|131 White Oak Lane||Old Bridge
1|M. De Groote & Co.|1310 Abbott Blvd||Fort Lee
1|Daekyo America Inc|1310 Palisade Avenue||Fort Lee
1|Eagle Systems of Ocean Inc|1310 S. Roller Road||Ocean
1|Pinnacle Treatment Centers Inc|1317 Rte. 73 N.|SUITE 200|Mount Laurel
1|Cumberland Nephrology Associates, PA|1318 South Main Road Bldg 4A||Vineland
1|Cumberland Nephrology Associates, PA|1318 South Main Road, Bldg. 4A||Vineland
1|Jason C. Tarantino Associates Inc|1321 BRUNSWICK AVENUE||LAWRENCE TWP
1|Everest Spice LLC|133 Idlewild Road||Edison
1|Maxim Sulla DDS Professional Association|1330 HOW LN||N BRUNSWICK
1|FLEXY CUSTOM APPAREL LLC|1335 MOUNT HOLLY ROAD||EDGEWATER PARK
1|Kalyan Jewelers Inc|1337-1339 Oak Tree Road||Iselin
1|NK THIND DDS EAST ORANGE PA|134 EVERGREEN PL.|SUITE 101|EAST ORANGE
1|ENL MECHANICAL INCORPORATED|134 WEST END AVENUE||SOMERVILLE
1|NRIT Software Solutions LLC|1340 Hwy 36|20|Hazlet
1|Dorothea L. Conlin|1347 Rt 9 North||Cape May Court House
1|MALABAR GOLD & DIAMONDS NJ LLC|1348 OAK TREE ROAD||ISELIN
1|MALABAR GOLD & DIAMONDS NJ LLC|1348-1350 OAK TREE ROAD|FLOOR 2|ISELIN
1|S44 LLC|135 Chestnut Ridge Road|Suite 1100|Montvale
1|METALICO INC|135 DERMODY STREET||CRANFORD
1|Metalico Inc,|135 Dermody St.||Cranford
1|Fuwa Labs LLC|135 Grand Street||Carlstadt
1|Kyowa Kirin Inc|135 Route 202/206, Suite 6||Bedminster
1|ITI Inc|135 US 202/206|Suite 6|Bedminster
1|SDG Consulting US Inc|135 US Highway 202 206|Suite 1|Bedminster
1|SDG Consulting US Inc|135 US Highway 202/206|Suite 1|Bedminster
1|STEAM WORKS STUDIO|135 VILLAGE BLVD||PRINCETON
1|TeamVH Brands LLC|135 Windsor Circle||Washington Township
1|York Telecom Corporation|1350 Campus Parkway|Suite 202|Wall
1|Care One at Birchwood LLC|1350 Inman Ave||Edison
1|Ramco Systems Corporation|136 Main Street (Forrestal Village)|Suite 305|Princeton
1|Bricklane Jersey City LLC|136 Newark Avenue||Jersey City
1|Blazneize IT Consulting Inc|136 Whitehead Avenue||Sayreville
1|DIA GENERAL CONSTRUCTION INC|1360 CLIFTON AVENUE|PMB SUITE 218|CLIFTON
1|Enfotech & Consulting Inc|1368 How Lane||North Brunswick
1|ABC LIQUIDATION INC|137 N MICHIGAN AVE|1|KENILWORTH
1|Paris Baguette Bon Doux Inc|137 West Commercial Ave||Moonachie
1|Nostrum Pharmaceuticals LLC|1370 Hamilton Street||Somerset
1|Conductv Brands LLC|138 Fairfield Road||Fairfield
1|CLOUD SECURITY ENABLERS INC|138 LINDA LANE||EDISON
1|BIOACTIVE SERVICES LLC|138 SYLVANIA PLACE||SOUTH PLAINFIELD
1|Sparc Networks Corporation|1381 Route 1 South||Edison
1|Smile Plus Dental PC|139 Lincoln Hwy.||Edison
1|Smile Plus Dental PC|139 Lincoln Hwy. (Route 27)||Edison
1|Boro Sawmill & Timber Co. Inc|139 Ryerson Avenue||Wayne
1|NFI CO. INC|139 VAN WINKLE AVE||GARFIELD
1|NFI CO. Inc|139 Van Winkle Avenue||Garfield
1|Golden Source Kitchen and Bath Inc|1390 Main Avenue||Clifton
1|MEGHA INFO LLC|14 BRECKENRIDGE CT.||BELLE MEAD
1|Greymatter Innovationz LLC|14 Belleview Ter.||Princeton
1|Alliance Health Systems LLC|14 Cliffwood Avenue|Suite 310|Matawan
1|Chinmay Pharma Consulting Services LLC|14 Crest Road||East Brunswick
1|SKAPS Solutions Inc|14 FABER ROAD|STE110|PRINCETON
1|SKAPS Solutions Inc|14 Faber Road,  Suite   110||Princeton
1|CAT TECHNOLOGY INC|14 INDUSTRIAL AVENUE|SUITE 3|MAHWAH
1|DATAX SYSTEMS LLC|14 L AMOUR CT||DAYTON
1|TECH SMART SOLUTIONS LLC|14 LEWIS AVE,   1||JERSEY CITY
1|COMPLETECARE HEALTH NETWORK|14 N PEARL STREET||BRIDGETON
1|Renewable Energy Brokerage & Advisory LLC|14 Nassau Street||Princeton
1|Ridgewood Energy Corporation|14 Philips Parkway||Montvale
1|Hycrete Inc|14 Spielman Road||Fairfield
1|Tomorrow Agency LLC|14 Stockton Lake Blvd||Manasquan
1|SMEC AMERICA CORP|14 W. FOREST AVE|N/A|ENGLEWOOD
1|ASSOCIATES SYSTEMS LLC|14 Wall St||Princeton
1|Dextro Software Systems Inc|14 Washington Road|Suite 501|Princeton Junction
1|Paladin Cloud Inc|14 Whitenack Road||Califon
1|Durrani Total Car Care LLC|140 Carriage Lane||Delran
1|Aromatic Technologies Inc|140 Centennial Avenue||Piscataway
1|Windy Bay Power LLC|140 Deerfield Drive||Tenafly
1|Pintegra LLC|140 E Ridgewood|Suite 415 South Tower|Paramus
1|PINTEGRA LLC|140 E Ridgewood Ave Suite 415||Paramus
1|ALQUIEM INC|140 E. RIDGEWOOD AVENUE|SUITE 415, SOUTH TOWER|PARAMUS
1|MidAtlantic Neonatology Associates. P.A.|140 East Hanover||Cedar Knolls
1|Raare Solutions LLC|140 East Ridgewood Ave|Suite 415 South Tower|Paramus
1|Abon Pharmaceuticals LLC|140 Legrand Avenue||Northvale
1|Sensor Edge Inc|140 Littleton Road, Suite 220||Parsippany
1|Zako LLC|140 Mount Holly Bypass|Suite 6|Lumberton
1|KeRi Engineering PC|140 Mountain Ave|Ste 303|Springfield
1|EIC Associates Inc|140 Mountain Avenue|Suite 303|Springfield
1|TGL International Inc|140 N State Route 17|Ste 313|Paramus
1|INGENUS PHARMACEUTICALS NJ LLC|140 NEW DUTCH LANE||Fairfield
1|ACRONOTICS INC|140 OLD SHORT HILLS ROAD||SHORT HILLS
1|ACRONOTICS INC|140 Old Short Hills Road||Short Hills
1|ABLE C&C US Inc|140 Sylvan Avenue, STE 104||Englewood Cliffs
1|BYLADA FOODS LLC|140 WEST COMMERCIAL AVENUE||MOONACHIE
1|BYLADA FOODS LLC|140 West Commercial Avenue||MOONACHIE
1|Nettlinx Inc|1400 Kennedy Blvd|STE 1|Union City
1|NETTLINX INC|1400 Kennedy Boulevard||Union City
1|Basic Home Infusion LLC|1401 Valley Road||Wayne
1|APPEX SYSTEMS INC|1404 OAK TREE ROAD|STE 213|ISELIN
1|LAST WORD CONSULTING INC|1405 CHEWS LANDING ROAD|Suite 51|LAUREL SPRINGS
1|NS IT SOLUTIONS LLC|1405 ROUTE 18|SUITE 106|OLD BRIDGE
1|COMPREHENSIVE RESOURCES INC|1405 RT 18|SUITE 207|OLD BRIDGE
1|COMPREHENSIVE RESOURCES INC|1405 RT.  18|SUITE 207|OLD BRIDGE
1|COMPREHENSIVE RESOURCES INC|1405 RT. 18|SUITE 207|OLD BRIDGE
1|Saddlehill Cellars LLC|1407 White Horse Road||Voorhees Township
1|PIntegra LLC|140E. Ridgewood Avenue suite 415||Paramas
1|JDS AMERICA INC|141 LANZA AVE|STE 3D|GARFIELD
1|Solid Trade LLC|141 Lanza Ave|Bldg 18D|Garfield
1|TMO HOME FURNITURE LLC|141 NJ-17||Paramus
1|emaestro Technologies Inc|141 New  Road|suite 208|parsippany
1|eMaestro Technologies Inc|141 New Road, suite 208||parsippany
1|eMaestro Technologies Inc|141 New Rod|suite 208|parsippany
1|Viscofan USA Inc|141 Southside Avenue||Bridgewatrer
1|Deutsche Telekom North America Inc|141 West Front Street , Ste. 415||Red Bank
1|NJR Service Corporation|1415 Wyckoff Road||Wall
1|Lawn Doctor Inc|142 Highway 34||Holmdel
1|Sparc Technology Services Inc,|1421 Sierra Drive||Hamilton
1|MARCHETTO HIGGINS STIEVE, PC|1422 GRAND ST||HOBOKEN
1|ROYAL PLAZA DRUG LLC|1424 BERGEN BLVD||FORT LEE
1|Eastern Millwork Inc|143 Chapel Avenue||Jersey City
1|TF Cusanelli Architects P.C.|143 TERRACE ST||HAWORTH
1|VITALAXIS INC|1433 Hooper Ave|Ste 320|Toms River
1|Division 10 Inc|144 Lexington Ave||Hackensack
1|JK SOLUTION INC|145  Liberty Street||Hackensack
1|Biotech Dental LLC|145 Cedar Lane|Suite 205|Englewood
1|C&L Global Inc|145 Commerce ROAD||Carlstadt
1|C&L Global Inc|145 Commerce Roads||Carlstadt
1|EARTH STONE & TILE INC|145 DIVISION STREET||ELIZABETH
1|A BELLE USA INC|145 INDUSTRIAL AVE|SUITE H|LITTLE FERRY
1|Alpha Engineered Composites LLC|145 Lehigh Ave||Lakewood
1|RELIANCE ELECTRONICS INC|145 SHEPHEROADS LANE||TOTOWA
1|Reliance Electronics Inc|145 Shepherds Lane||Totowa
1|Reliance Electronics Inc|145 Shepperds Ln||Totowa
1|GLOBAL SOLUTIONS SERVICES|145 W 31st street|2F|Bayonne
1|Cumberland Internal Medicine PA|1450 E Chestnut Ave|Suite 3A|Vineland
1|Veolia Water New Jersey Inc|1451 Route 37 W|Suite 2|Toms River
1|Mental Health Center of Passaic|1451 Van Houten Avenue||Clifton
1|KGR Distribution Corp.|1453 Jersey Ave||North Brunswick
1|World Finer Foods LLC|1455 Broad Street|4th Floor|Bloomfield
1|Allport Cargo Services USA Inc|1455 Broad Street, Ste. 410||Bloomfield
1|Diocese of Metuchen|146 Metlars Lane||Piscataway
1|SUNWISE SOLUTIONS INC|146 TAMARACK CIRCLE|N/A|SKILLMAN
1|Consulting & Municipal Engineers LLP|1460 Route 9 South||Howell
1|Saddle River Day School|147 Chestnut Ridge Road||Saddle River
1|BRIDGE TECHNOLOGIES LLC|148 East 5th St||Bayonne
1|APICORE LLC|148 PRINCETON HIGHTSTOWN ROAD||EAST WINDSOR
1|BioTillion LLC|148 Tamarack Circle||Skillman
1|CONTECH SYSTEMS INC|1480 ROUTE 9, SUITE 206||Woodbridge
1|PH Business Office Inc|1480 US 9 N|Suite 203|Woodbridge
1|LUCENT JEWELERS INC|149 PARK AVE||LYNDHURST
1|Edgeboro International Inc|149 S. Main St.||Milltown
1|TASTEYBITES LLC|149 WOOD AVE||EDISON
1|Piccadilly Dental Alliance Inc|149-151 Jefferson Ave||Elizabeth
1|NAVINTA LLC|1499 LOWER FERRY ROAD||EWING
1|Navinta LLC|1499 Lower Ferry Road||Ewing
1|3EDGEUSA GROUP LLC|15  CORPORATE PLACE SOUTH|444|PISCATAWAY
1|Arcsine Analytics LLC|15 Amira Lane||Kinnelon
1|Design Ideas Group Architecture and Planning LLC|15 Bethany Street||New Brunswick
1|3EDGEUSAINCCOM|15 CORPORATE LACE SOUTH  444||PISCATAWAY
1|MEGA DATA ANALYTICS LLC|15 CORPORATE PL.|SUITE 212|PISCATAWAY
1|REALTECH SERVICES LLC|15 CORPORATE PL. S|SUITE 145|PISCATAWAY
1|INTELLYK INC|15 CORPORATE PLACE S, SUITE 450||PISCATAWAY
1|CRAVE INFOTECH LLC|15 CORPORATE PLACE SOUTH  104||PISCATAWAY
1|CRAVE INFOTECH LLC|15 CORPORATE PLACE SOUTH 104||PISCATAWAY
1|OPTIKS SOLUTIONS INC|15 CORPORATE PLACE SOUTH, SUITE 105||PISCATAWAY
1|IQUBETECHNOLOGIES INC|15 CORPORATE PLS|SUITE 353|PISCATAWAY TOWNSHIP
1|US 1 TELEVISION INC|15 Corporate PI S|Suite 316|Piscataway
1|Saiana Technologies Inc|15 Corporate Pl S,  333A,||Piscataway
1|Intellyk Inc|15 Corporate Pl S, Suite  450||Piscataway
1|The Rapids Group Inc|15 Corporate Pl S, Suite 419B||Piscataway
1|Vakula Technologies Inc|15 Corporate Place S.,|Suite 333B|Piscataway
1|HSK Technologies Inc|15 Corporate Place South , Suite 213B||Piscataway
1|Primesoft Inc|15 Corporate Place South Suite 416||Piscataway
1|HSK Technologies Inc|15 Corporate Place South, 213B||Piscataway
1|3EDGEUSA GROUP LLC|15 Corporate Place South, Suite   444||Piscataway
1|FUTURE PROMISE EDUCATIONAL SERVICES INC|15 Corporate Place South, Suite 150||Piscataway
1|Element Technologies Inc|15 Corporate Place South, Suite 209||Piscataway
1|HSK Technologies Inc|15 Corporate Place South, Suite 213B||Piscataway
1|Seva Engineering Services LLC|15 Corporate Place South, Suite 352||Piscataway
1|FUTURE PROMISE EDUCATIONAL SERVICES INC|15 Corporate Place South, Suite 404||Piscataway
1|Alpha Clinical Systems Inc|15 Corporate Place South, Suite 420|Suite 420|PISCATAWAY
1|HSK Technologies Inc|15 Corporate Place South, suite 213B||Piscataway
1|HSK Technologies Inc|15 Corporate Place south, Suite 213B||Piscataway
1|Primesoft Inc|15 Corporate Place, South|Suite 416|Piscataway
1|Alpha Clinical Systems Inc|15 Corporate Place, South, Suite 420||Piscataway
1|Primesoft Inc|15 Corporate place South Suite 416||Piscataway
1|HSK Technologies Inc|15 Corporate place South, Suite 213B||Piscataway
1|Primesoft Inc|15 Corporate place South, Suite 416||Piscataway
1|US 1 TELEVISION INC|15 Corporation PI S|Suite 316|Piscataway
1|SAVVAS LEARNING COMPANY LLC|15 E MIDLAND AVE|STE 502|PARAMUS
1|Savvas Learning Company LLC, formerly known as Pearson K12 Learning LLC|15 E. Midland Avenue|SUITE 502|Paramus
1|Creative Management Services LLC dba MC2|15 East Midland Avenue|Suite 2B|Paramus
1|Valley Physician Service, PC|15 Essex Road|Suite 303|Paramus
1|Bachi.Tech Corporation|15 Exchange Pl|STE 1110|Jersey City
1|AACE Pharmaceuticals Inc|15 Gardner Road||Fairfield
1|Mitsui Sumitomo Marine Management (USA)|15 Independence Blvd||Warren
1|TOORAK CAPITAL PARTNERS LLC|15 Maple Street|2nd Floor West|Summit
1|Eurus Solutions Corp|15 Parrott Mill Road, Suite 101||Chatham
1|Advanced Data Systems Corporation|15 Prospect Street||Paramus
1|Iris Soft Solutions Corporation|15 Red Shaw Blvd.,||OldBridge
1|Iris Soft Solutions Corporation|15 Redshaw Blvd.,||OldBridge
1|Metro Exhibits LLC|15 Riverside Drive||Pine Brook
1|TROOPER SOLUTIONS INC|15 SHEFFIELD COURT||NORTH BRUNSWICK
1|People Look Inc|15 Triangle Blvd||Carlstadt
1|GREEN REALTORS LLC|15 WILKINSON AVENUE||JERSEY CITY
1|Indus Group Inc|15 Warren Street, Suite 31|N/A|Hackensack
1|HSK Technologies Inc|15 corporate Place South Sutie 213b||Piscataway
1|Torrent Pharma Inc|150 ALLEN ROAD|STE 102|BASKING RIDGE
1|AMERICAN CRAFT BEER LLC|150 BAY ST.,  2A||JERSEY CITY
1|Indegene Inc|150 College Road W.|Suite 104|Princeton
1|Freyr Inc|150 College Road West|Suite 102|Princeton
1|Freyr Inc|150 College Road west|Suite 102|Princeton
1|Freyr Inc|150 College Road. West|Ste 102|Princeton
1|Prince street productions|150 East 34th Street|806|Ewing Township
1|Bon Opus Biosciences LLC|150 Essex Street|Suite 301|Millburn
1|Devpocket LLC|150 Hickory Ave||Tenafly
1|Ashley Stewart Inc|150 Meadowlands Parkway|Suite 403|Secaucus
1|G K Trading LLC|150 Meadowlands Pkwy|4th Floor|Secaucus
1|Myriad360 LLC|150 Mid Atlantic Parkway||West Deptford
1|Childrens Specialized Hospital|150 New Providence Road||Mountainside
1|ITCaps LLC|150 River Road,|Unit J3A|Montville
1|Pinnacle Solutions Incorporated|150 River Road, Bldg. O-4||Montville
1|emeteors Technology Inc|150 River Road, G3B||Montville
1|Delice Global Inc|150 Roosevelt Pl||Palisades Park
1|Auris Health Inc|150 Shoreline Drive||New Brunswick
1|Dartronics Inc|150 William Street||Perth Amboy
1|Freyr INC|150 college Road West|Suite 102|Princeton
1|Freyr INC|150 college Road west|Suite 102|Princeton
1|eMeteors Technology Inc|150 river Road|suite g3b|Montville
1|Belle Nails and Spa Inc|1500 Almonesson Road|Suite A2|Woodbury
1|Atlantic Physical Therapy Center|1500 Meetinghouse Road||Sea Girt
1|Hi-Tech Health LLC|1500 Route 517|Suite 200|Hackettstown
1|AG Door Industries Inc|1500 West Blancke St.||Linden
1|Metal Doors Inc|1500 West Blancke Street||Linden
1|Oil Technologies Services Inc|1501 Grandview Avenue||West Deptford
1|APPLIED DYNAMIC SOLUTIONS LLC|1501 MAIN STREET||RAHWAY
1|Dialight Corporation|1501 Route 34 South||Farmingdale
1|SANTHIGRAM KERALA AYURVEDIC CO. OF US INC|1503 FINNEGAN LANE||NORTH BRUNSWICK
1|Tecneto Inc|1504 Timber Oaks Road||Edison
1|DELTA FREIGHT CORPORATION|1506 JONATHAN COURT||PRINCETON
1|DELTA FREIGHT CORPORATION|1506 JONATHAN CT||PRINCETON
1|Lambertville Pharmacy Corp|1509 Route 179||Lambertville
1|Betancourt, Greco & Evans LLC|151 Bodman Place|Suite 200|Red Bank
1|The Housing Project LLC|151 Grant Street||Ridgewood
1|Care One at Madison Avenue LLC|151 Madison Avenue||Morristown
1|Midas Chain Inc|151 Veterans Dr||Northvale
1|RIG CONSTRUCTION GROUP LLC|151 WEST PASSAIC STREET, 2nd Floor||ROCHELLE PARK
1|RIG CONSTRUCTION GROUP LLC|151 WEST PASSAIC STREET, SUITE 32||ROCHELLE PARK
1|Piscataway Board of Education|1515 Stelton Road||Piscataway
1|Modern Design Center Inc|1517 Haddonfield-Berlin Road||Cherry Hill
1|DHABA 999 LLC|1521 US-46||Parsippany
1|SOURCING TALENT LLC|1524 GREENWOOD DRIVE||PISCATAWAY
1|PATEL CONSULTANTS CORPORATION|1525 MORRIS AVENUE||UNION
1|Envocare Environmental and Facility Management LLC|1527 Route 27, Suite 105||Somerset
1|Giovanna Apparel Corp.|153 Linden Street||Passaic
1|APTAPHARMA INC|1533 UNION AVENUE||PENNSAUKEN
1|AptaPharma Inc|1533 Union Avenue||Pennsauken
1|MASTER BOND INC|154 HOBART STREET||HACKENSACK
1|Master Bond Inc|154 Hobart Street||Hackensack
1|SYSSOL INC|154 STELTON ROAD|SUITE 3|PISCATAWAY
1|Arim Inc|154 W Edsall Blvd||Palisades Park
1|EON Foods Inc|154 Woodbridge Avenue||Highland Park
1|KDC AGRIBUSINESS LLC|1545 US Highway 206|Suite 100|Bedminster
1|VOTO CONSULTING LLC|1549 FINNEGAN LANE, 2ND FLOOR, SUITE B||NORTH BRUNSWICK
1|Voto Consulting LLC|1549 Finnegan Lane|2nd Floor, Suite B|North Brunswick
1|Voto Consulting LLC|1549 Finnegan Lane, 2nd Floor, Suite B|N/A|North Brunswick
1|The City of Paterson|155  Market Street||Paterson
1|DVORA LIFE LLC|155 2ND STREET||JERSEY CITY
1|ToBlue Aviation Digital Inc|155 2nd St|Ste 212|Jersey City
1|Bloomfield Board of Education|155 Broad Street||Bloomfield
1|Friends Of Indus Hospital|155 Cedar LN||Teaneck
1|Friends of Indus Hospital|155 Cedar Lane||Teaneck
1|Alpine Ocean Seismic Survey Inc|155 Hudson Avenue||Norwood
1|Malesardi, Quackenbush, Swift & Company LLC|155 North Dean Street|Suite 5|Englewood
1|SEYITHAN LAW PC|155 PASSAIC AVE STE 410||Fairfield
1|CHO LAW LLC|155 Passaic Ave|Ste 300|Fairfield
1|CHO LAW LLC|155 Passaic Avenue|Ste 300|Fairfield
1|Character Biosciences Inc|155 Second St||Jersey City
1|Interfold Inc|155 Second Street|Suite 217|Jersey City
1|Kani Solutions Inc|155 Village Boulevard|Suite 205|Princeton
1|MEGA DATA ANALYTICS LLC|155 WILLOWBROOK BLVD|STE 110|WAYNE
1|MEGA DATA ANALYTICS LLC|155 WILLOWBROOK BLVD.|SUITE 110|WAYNE
1|The Alpha Finance Inc|155 Willowbrook Blvd|Ste 110|Wayne
1|JNTECH RENEWABLE ENERGY LTD LIABILITY CO|155 Willowbrook Blvd, STE 110  3051||Wayne
1|Prestige Rehab LLC|155 Willowbrook Blvd.|Suite 110, 2731|Wayne
1|Iprime Education LLC|1550 Lemoine Ave|208|Fort Lee
1|Alacriti Inc|1551 South Washington Ave|Suite 130|Piscataway
1|MU Health Inc|1553 NJ-27|STE 3700|Somerset
1|MU HealthIT INC|1553 NJ-27  3700||Somerset
1|Signin Soft Inc|1553 Route 27|Suite 1000|Somerset
1|EFFEXOFT INC|1553 STATE ROUTE 27,|SUITE 1100|SOMERSET
1|STEMCivics Charter School|1555 PENNINGTON ROAD||EWING
1|STEMCivics|1555 Pennington Road||Ewing
1|TESMODE CONSULTING LLC|156 RIDGEWOOD AVE||NEWARK
1|FORT LEE PHARMACY & SURGICALS INC|1562 LEMOINE AVE||FORT LEE
1|eConvergence Inc|1568 US HIGHWAY 130 Lake Farrington Plaza|N/A|North Brunswick
1|eConvergence Inc|1568 US Highway 130 Unit 2|N/A|North Brunswick
1|Aarmohi LLC|1577 Livingston Avenue||North Brunswick
1|WellCare International Inc|1578 Sussex Tpk, BLD 3|Suite 13 to 16|Randolph
1|Digital Prototype Systems Inc|158 Edison Road||Lake Hopatcong
1|ASTRA SURFACES LLC|1580 LOWER ROAD|SUITE B|LINDEN
1|Nirvana Enterprises LLC|1581 Route 27, Suite 107||Edison
1|JKC IT Solutions Inc|1581 Route-27|STE 103|Edison
1|TekInspire LLC|1581 Rt 27, Suite 101||Edison
1|Quadtree Technologies Inc|1585 Oak Tree Road|Unit 204|Iselin
1|NGA GROUP INC|1588 US HIGHWAY 130|SUITE D|NORTH BRUNSWICK
1|TECH PUNDITS INC|1592 ROUTE 130|SUITE 310|NORTH BRUNSWICK
1|JXG Incorporation|16 Bellevue Avenue||Bloomfield
1|Tahari LLC|16 Bleeker Street||Millburn
1|Rubik Systems LLC|16 Bridge St Bldg C||Metuchen
1|Queens Carbon Inc|16 Chapin Road|Suite 912|Pine Brook
1|Heritage Pharma Labs Inc|16 Elkins Lane||East Brunswick
1|YP Management Inc|16 Fieldstone Drive||Clinton
1|CBV Inspections LLC|16 Granite Lane||Carneys Point
1|MAYNIT CORPORATION|16 MERSHON LN.||PLAINSBORO
1|AEIS LLC|16 Monsey Road||Flemington
1|The Phoenix Center Inc|16 Monsignor Owens Place||Nutley
1|Embleema Inc|16 Pearl Street|Suite 110|Metuchen
1|QE Solar LLC|16 South Avenue W|Suite 207|Cranford
1|Recombinator LLC|16 Wing Drive||Cedar Knolls
1|MOCAP NYC LLC|160 19TH ST||UNION CITY
1|MOCAP NYC LLC|160 19th Street||Union City
1|TEKCARD INC|160 CHUBB AVE|STE 203|LYNDHURST
1|MDX MEDICAL INC DBA SAPPHIRE DIGITAL|160 CHUBB AVENUE|SUITE 301|LYNDHURST
1|S&N BUSINESS SERVICES INC|160 CORIELL AVENUE||FANWOOD
1|Emonics LLC|160 Centennial Ave 1A||Piscataway
1|Tekcard Inc|160 Chubb Ave|Suite 203|Lyndhurst
1|Park Plus Inc|160 E Union Ave||East Rutherford
1|McGowan Builders Inc|160 East Union Avenue||East Rutherford
1|Sharp Management LLC|160 Essex Street, 2nd Floor||Lodi
1|Nassau Lens Co. Inc|160 LeGrand Avenue||Northvale
1|Northern Burlington County Regional School District|160 Mansfield Road East||Columbus
1|Interlink Transport Technologies Inc|160 Mount Bethel Road||Warren
1|New Jersey Music School LLC|160 Paris Ave|Suite 8|Northvale
1|ASCO, L.P.|160 Park Avenue||Florham Park
1|Hillmann Consulting LLC|1600 East Route 22|Ste 107|Union
1|Health Pharma USA LLC|1600 Hart Street||Rahway
1|BLUE COMMERCE INC|1600 LOWER ROAD||LINDEN
1|China Direct Intl Corp|1600 Lower Road|Suite 5|Linden
1|UNION CATHOLIC REGIONAL HIGH SCHOOL|1600 MARTINE AVE||SCOTCH PLAINS
1|Vijaya Solutions Inc|1600 Perrinville Road|Suite 2-107|Monroe Township
1|Hillmann Consulting LLC|1600 Route 22 E||Union
1|Hillmann Consulting LLC|1600 Route 22 E Union||Union
1|Hillmann Consulting LLC|1600 Route 22 East|Ste 107|Union
1|MASCOT SOFTWARES LLC|1600 US HIGHWAY 130|OFFICE 3|NORTH BRUNSWICK
1|SUSASH CONSULTING SERVICES LLC|1600 US HWY 130|SUITE 200|NORTH BRUNSWICK
1|RUDHRA INFO SOLUTIONS INC|1604 US HIGHWAY 130||NORTH BRUNSWICK
1|RUDHRA INFO SOLUTIONS INC|1604 US High Way 130||North Brunswick
1|TVS Next Inc|1604 US Hwy 130||North Brunswick
1|White Globe LLC|1605 JOHN ST, SUITE 200||FORT LEE
1|INVIZIBLE INC|1605 John Street|Suite 118|Fort Lee
1|STIRA PHARMACEUTICALS LLC|161 DWIGHT PLACE||FAIRFIELD
1|GSS North Brunswick Dental LLC|1612 NJ-27||North Brunswick
1|Geo-Chem Americas LLC|1622 South Wood Avenue||Linden
1|S GOVER CPA LLC|1628 OAK TREE ROAD|SUITE 7|EDISON
1|Neelam Construction Corp.|163 A Paris Avenue||Northvale
1|NEELAM CONSTRUCTION CORP.|163 A, PARIS AVENUE||NORTHVALE
1|Ducont Systems Inc|163 Madison Ave|Suite 220 - 14|Morristown
1|Dreamrs Technology Inc|163 Shaw Ave||Irvington
1|Packetalk LLC|163 Stuyvesant Ave||Lyndhurst
1|YUM & CHILL MANAGEMENT LLC|163 WASHINGTON VALLEY ROAD|SUITE 104|WARREN
1|Sunrise Food Trading Inc|163 Washington Valley Road|Suite 103|Warren
1|AmeriCare Physical Therapy LLC|1631 Larkspur Drive||Mountainside
1|NSV Construction LLC|1632 Anderson Ave|Suite B|Fort Lee
1|My Specialty Rx LLC|1636 Stelton Road Unit  305||Piscataway
1|Application Consulting Group Inc|1639 Route Ten East|107|Parsippany
1|Neelam Construction Corp.|163A Paris Avenue||Northvale
1|A&J CONSULTING ENGINEERING SERVICES, P.C.|164 BRIGHTON ROAD||CLIFTON
1|TOLAN MACHINERY CO INC|164 FRANKLIN AVE||ROCKAWAY
1|PROFICIENT CONSULTING GROUP LLC|164 OLD BEEKMAN ROAD||MONMOUTH JUNCTION
1|GREENHILL PHARMACY CORPORATION|164 PARSIPPANY ROAD||PARSIPPANY
1|CLEAR LASER SKIN CLINIC LLC|1640 SCHLOSSER STREET|SUITE C-3|FORT LEE
1|ITECHSTACK INC|1648 ROUTE 130|2ND FLOOR|NORTH BRUNSWICK
1|HOMETOWN DRUG INC|164B PARSIPPANY ROAD||PARSIPPANY
1|Inspira Health Network Medical Group, PC|165 Bridgeton Pike||Mullica Hill
1|MEDICAL IMAGING PARTS SALES AND SERVICES|165 Central Avenue||Farmingdale
1|EVERGREEN HEALTH RX LLC|165 FERRY ST||NEWARK
1|MONTAKA GLOBAL INVESTMENTS CORPORATION|165 PASSAIC AVENUE||FAIRFIELD
1|Core e-business Solutions LLC|165 Passaic Avenue, Suite 206||Fairfield
1|Unified Door and Hardware Group LLC|1650 Suckle Hwy.||Pennsauken
1|QUICK TRAVEL INC|1655 OAK TREE ROAD|SUITE 278|EDISON
1|International Television Broadcasting LLC|1655 Oakdale Road|Suite 155|Edison
1|International Television Broadcasting LLC|1655 Oaktree Road|Suite 155|Edison
1|Euro Auto Motors LLC|1659 W Front St||Plainfield
1|Euro Auto Motors LLC|1659-65 W Front St||Plainfield
1|Logicgate Technologies Inc|166 Bunn Dr|Unit 106|Princeton
1|Logicgate Technologies Inc|166 Bunn Dr.|Suite 106|Princeton
1|Shah & Sokoloff LLC|166 Main Street|Suite 2|Lincoln Park
1|Arrowhead Health & Racquet Club LLC|166 Penn Lyle Road||Princeton Jct
1|Prodware Solutions LLC|1661 Route 22 West|Suite 206|Bound Brook
1|M&M Moghul II LLC|1665-195 Oak Tree Road|Mehtani Way|Edison
1|SSANJRX INC|1668 NORTH OLDEN AVE||EWING
1|ssanj rx inc|1668 North Olden Ave||Ewing
1|CUBE CONSTRUCTION SERVICES LLC|167 MAIN STREET||WOODBRIDGE
1|Information Boulevard LLC|167 Memorial Lane||Mount Laurel
1|Infinite Future Tennis|167 Newcomb Road||Tenafly
1|Asha Enterprises LLC|1670 A Oak Tree Road||Edison
1|Ascon Soft Inc|1675 Whitehorse, Mercerville ROAD|Suite 208|Hamilton
1|Jconnect Infotech Inc|168 Barclay Center|Suite 347|Cherry Hill
1|ndVOR Solutions LLC|168 Franklin Corner Road, Bldg 2|Suite 230|Lawrenceville
1|Formosa Engineering Inc|168 US Highway 1||Edison
1|SHAH PRIMARY CARE LLC|1680 23N|SUITE 160|WAYNE
1|4Sight Supply Chain Group|1680 State Route 23|Suite 340|Wayne
1|MEGATRENDZ MEDIA USA INC|1681 STATE ROUTE 27|SUITE 3|EDISON
1|SANTHIGRAM KERALA AYURVEDIC CO. OF US INC|1681, NJ-27||EDISON
1|Edenbridge Pharmaceuticals LLC|169 Lackawanna Avenue|Suite 110|Parsippany
1|GLOBAL INFORMATION TECHNOLOGY INC|169 RAMAPO VALLEY ROAD|STE ML104|OAKLAND
1|COMMUNITY REHABILITATION CENTER LLC|1692 OAK TREE ROAD||EDISON
1|Community Rehabilitation Center LLC|1692 Oak Tree Road||Edison
1|KDC Group LLC|1695 W Garden Road||Vineland
1|Thinqloud Solutions Americas Inc|17 Aldrich Road||Kendall Park
1|SWARN INC|17 Arcadian Way|Suite 102|PARAMUS
1|Lingua Prime INC|17 Chestnut St|3rd flr|Ridgewood
1|American Structural Engineering LLC|17 Gloria Lane||Monroe
1|Algoworks Inc|17 S Franklin Turnpike|2-2|Ramsey
1|SIRI HEIGHTS LLC|17 S MAIN ST||MARLBORO
1|Synerzy Software Solutions Inc|17 S. Main Street||Marlboro
1|Legal Gateway Inc|17 Sunset Park||Montclair
1|Skycliff IT LLC|17 Van Nostrand Avenue||Englewood
1|GMP Engineering Inc|17 Watchung Ave|Unit 202|Chatham
1|Pharmvista Gummy LLC|17 West Street||East Hanover
1|KYODO SHIPPING & TRADING CORPORATION USA|17-01 POLLITT DRIVE|SUITE 1|FAIRLAWN
1|Micron Systems Inc|17-17 Route 208 North||Fair Lawn
1|Manna Organics Inc|170 Avenue L||Newark
1|Siemens Financial Services Inc|170 S Wood Avenue||Iselin
1|MANNA BASKET GLOBAL CORPORATION|170 SOUTH VAN BRUNT ST||ENGLEWOOD
1|Flexible Architecture & Simplified Technology Inc|170 South Wood Avenue|Floor 4|Iselin
1|APPLIED WATER MANAGEMENT INC|170 TOWNSHIP LANE ROAD|BUILDING C|HILLSBOROUGH
1|APPLIED WATER MANAGEMENT INC|170 TOWNSHIP LINE ROAD|BUILDING C|HILLSBOROUGH
1|Applied Water Management Inc|170 Township Line Road|Bldg C|Hillsborough
1|Fipsar Inc|170 TownshipLine Road,|Suite B2A,|Hillsborough
1|RCG Global Services Inc|170 Wood  Avenue South|4th Floor|Iselin
1|Devi Manor Home LLC|1700 Galloping Hill Road|N/A|Kenilworth
1|VERNUS TECHNOLOGIES INC|1700 OAK TREE ROAD|SUITE 5H|EDISON
1|EGGS HUNGERS GROUP LLC|1700 OAKTREE ROAD|STE 19|EDISON
1|Harvey Nash Inc|1700 Route 23 North|Suite 100|Wayne
1|Harvey Nash Inc|1700 Route 23N|Suite 100|Wayne
1|ImprimisRx LLC|1705 Route 46|Suite 6|Ledgewood
1|ImprimisRx LLC|1705 Rt. 46 W.||Ledgewood
1|NJ Aaron Burnett Dental PC|1708 Route 47||Rio Grande
1|BESTMARK NATIONAL LLC|171 COIT ST.||IRVINGTON
1|EVAN M. CHAIT, P.T., P.A.|171 LAKE STREET||RAMSEY
1|Saytek Inc|1711 Ginesi Dr, Suite 5||Freehold
1|SIYA 999 LLC|1714 EASTON AVE||SOMERSET
1|Aloe Semiconductor Inc|1715 New Jersey 35|Suite 304|Middletown
1|Bluewave Technology Group LLC|1719 Route 10 E|Suite 313|Parsippanyu
1|Pharmerit International, LP|1719 Route 10 East|Suite 300|Parsippany
1|FUTURE PROOF TEKNOLOGIES LLC|172 FOX HILL CT||LAKE HOPATCONG
1|CDC Group Inc|172 Glenridge Avenue|Z9|Montclair
1|Alpha Metro Realty Corp|172 Newark Ave FL3||Jersey City
1|ALPHA METRO REALTY CORP|172 Newark Avenue|3rd Floor|Jersey City
1|Hall Construction Co. Inc|1720 Route 34||Wall
1|Amerilink International Corp.|1727 Route 130||North Brunswick
1|CareServices 173 LLC|173 Bridge Plaza North||Fort Lee
1|RTW Retailwinds Acquisition LLC|1735 Jersey Avenue||North Brunswick
1|SOCIAL BY DHABA 999 LLC|1735 US-46||Parsippany
1|Rock Creek Advisors LLC|1738 Belmar Blvd.||Belmar
1|RADI TECH LLC|174 BROWER AVENUE||EDISON
1|Computer Solutions and Technologies LLC|174 Brower Avenue||Edison
1|NTEGRAL TECHNOLOGY SOLUTIONS INC|174 CARSON COURT||SOMERSET
1|SOSV INVESTMENTS LLC|174 NASSAU STREET||PRINCETON
1|GRAYCELL INC|174 Parsonage Road||Edison
1|ASKINDOSYS Inc (S Corp)|174 Prospect Plains Road||Monroe TWP
1|RAJSHREE GLOBAL FOODS AND SPICES|174 RIDGE ROAD|SUITE C|DAYTON
1|Rajshree Global Foods and Spices LLC|174 Ridge Road||Dayton
1|Hydrotechnology Consultants Inc|174 Washington St|Suite 4E|Jersey City
1|ATA CPA GROUP LLC|1740 ROUTE 27||EDISON
1|ATA CPA GROUP LLC|1740 Route 27||Edison
1|JCMS Inc|1741 WHITEHORSE-MERCERVILLE ROAD||Mercerville
1|Health & Fitness Professionals LLC|1744 East 2nd Street||Scotch Plains
1|WISDOM USA INC|175 BROAD ST.||CARLSTADT
1|Advantage Rehabilitation Services LLC|175 Belgrove Drive||Kearny
1|LAURIA CRISCIONE NETWORKS INC|175 FAIRFIELD AVENUE|SUITE 2D|WEST CALDWELL
1|ALS Group LLC|175 Main Street||Woodbridge
1|JBSJC Inc|175 Newark Ave|Floor 3|Jersey City
1|JBSJC Inc|175 Newark Avenue|3rd Fl|Jersey City
1|JBSJC Inc|175 Newark Avenue 3rd Fl||Jersey City
1|PALISADE Ave Pharmacy LLC|176 Palisade Ave||Jersey City
1|Hudson Hospital OPCO LLC d/b/a CarePoint Health - Christ Hospital|176 Palisade Avenue||Jersey City
1|Hyper Bicycle Inc|177 Malaga Park Drive||Malaga
1|Oncology & Hematology Associates of Central New Jersey|177 Oak Tree Road|Suite 104|Edison
1|Bexon Clinical Consulting LLC|177 Union Street||Montclair
1|LAKEWOOD RESOURCE AND REFFERAL CENTER|1771 MADISON AVENUE||LAKEWOOD
1|ARRIA NLG USA INC|1776 ON THE GREEN, 67 EAST PARK PLACE||MORRISTOWN
1|Luan-Yu Trade Inc|1778 ROUTE 27||EDISON
1|Future Textiles Inc|178 Ridge Road|Suite A|Dayton
1|IOS NATURALS LLC|179 LINCOLN AVENUE|UNIT F1-F2-F7|ORANGE CITY
1|BBB Pharmacy Inc|179 US Highway 46|Ste 13|Rockaway
1|Acceledev Chemical LLC|18 Apple Lane||Wayne
1|QCWORLDFRUIT LIMITED LIABILITY COMPANY|18 BROMELY DRIVE||SICKLERVILLE
1|Atlantis Health USA Inc|18 Bank Street|Suite 100|Summit
1|QCWORLDFRUIT LIMITED LIABILITY COMPANY|18 Bromley Drive||SICKLERVILLE
1|BETH CHRISTINA ROBINSON|18 Church St.|Unit 387|Denville
1|Divit Technologies Inc|18 Coleridge Drive||Marlboro
1|Excelize Services Inc|18 Donlonton Circle||Chesterfield
1|IAQ Systems Inc|18 Geiger Lane||Warren
1|LULA INC|18 HANCOCK CT||VOORHEES
1|QUANTIG IBIZLLINE INC|18 HERITAGE DRIVE||HOWELL
1|Fortuna Tech Consulting Inc|18 Haypress Road|409|Cranbury
1|Unretire Group Inc|18 Hereford Drive||Princeton Junction
1|Roxy Display Inc|18 Kennedy Blvd.||East Brunswick
1|AustarPharma LLC|18 Mayfield Avenue||Edison
1|Dheeyo LLC|18 Monarch Path||Morganville
1|CYBER 1 ARMOR INC|18 Nostrand Road||Cranbury
1|Progressive Technologies Inc|18 Searing Avenue||East Newark
1|Jersey Travel Inc|18 Sheppard Place|Suite C|Edison
1|Gurudev Imports Inc|18 Spruce Meadows Drive||Monroe
1|Criterion Software LLC|18 Stream Bank Dr||Freehold
1|Criterion Software LLC|18 Streambank Drive||FREEHOLD
1|Zufall Health Center Inc|18 W Blackwell Street||Dover
1|Forever Young Medical Daycare LLC|18 Worlds Fair Drive||Somerset
1|GREAT IT GROUP LLC|18-20 LACKAWANNA PLZ|STE 300|MONTCLAIR
1|Great IT Group LLC|18-20 Lackawanna PLZ|STE 300|Montclair
1|ACCU-SEAL RUBBER NJ INC|18-F HOME NEWS ROW||NEW BRUNSWICK
1|Golden Iceberg LLC|180 Broadway||Jersey City
1|New Direct Cabinets LLC|180 Herrod Boulevard||South Brunswick
1|Intercontinental Construction Contracting Inc|180 Lexington Avenue|2nd Floor|Passaic
1|Precision Management Group Inc|180 Mt. Airy Road|Suite 100|Basking Ridge
1|INFORMATION ASSET LLC|180 OLD TAPPAN ROAD||OLD TAPPAN
1|Maersk Warehousing & Distribution Services USA LLC|180 Park Avenue, Building 105||Florham Park
1|Wallpaper Imports Inc|180 Passaic Avenue||Fairfield
1|Master Niu Express|180 River Drive||Jersey City
1|Specialty Program Group LLC|180 River Road|2nd Floor|Summit
1|Environetics Group Architects, P.C.|180 Sylvan Avenue||Englewood Cliffs
1|Limosys LLC|180 Sylvan Avenue, 2nd Floor||Englewood Cliffs
1|Timeback Incorporated (DBA Reflex Robotics)|180 Talmadge Road  386||Edison
1|Lemongrass Consulting US Inc|180 Talmadge Road, IGO Bldg|Stuite 798|Edison
1|Tvisha Technologies Inc|180 Talmadge Road, Unit  373||Edison
1|DataCloud Technologies LLC|1800 E State Street|GH10|Hamilton
1|GreenBlu Inc|1800 E. State Street|Suite 148|Hamilton
1|Law Office Constantine Bardis|1800 Main Street|Law Suite|Belmar
1|Velocity Portfolio Group Inc|1800 Route 34 N Building 3 Suite 305||Wall
1|The Walter R. Earle Corporation|1800 State Route 34|Building 2 - Suite 205|Wall Township
1|Oak Tree Ventures LLC|1802 Oak Tree Road|Suite 202|Edison
1|HEALING JOINTS PHYSICAL THERAPY LLC|1804 OAK TREE ROAD|SUITE 2|EDISON
1|Patel Healthcare LLC|1804 Oak Tree Road||Edison
1|NATIONAL WATER MAIN CLEANING CO|1806 NEWARK TURNPIKE||KEARNY
1|National Water Main Cleaning Company|1806 Newark Turnpike||Kearny
1|Stonegate Technologies LLC|1808 Georgetown dr||Monroe
1|Prabhav Services Inc|181  New Road|Suite 304|Parsippany
1|Mydogie USA Inc|181 Bergen Blvd.||Fairview
1|Prabhav Services Inc|181 New Road,|Suite 304|Parsippany
1|MICROTURN SYSTEM INC|181 New Road, SUITE 304|SUITE 304|PARSIPPANY
1|Flaster Greenberg, P.C.|1810 Chapel Avenue West||Cherry Hill
1|Air Traffic Engineering Co LLC|1810 shore road||Northfield
1|Certitude Business Solutions LLC|1812 Front St||Scotch Plains
1|Certitude Business Solutions llc.,|1812 Front Street,||Scotch Plains,
1|Primetech Software Services LLC|1812 Raspberry Ct||Edison
1|SPINE AND JOINT PAIN CENTER LLC|1814 E 2ND ST||SCOTCH PLAINS
1|SOFT 2001 INC|1816  SPRINGDALE ROAD|SUITE 7|CHERRY HILL
1|EXTENDIME SOFTWARE SOLUTIONS INC|1816 ENGLISHTOWN ROAD|SUITE 203-B|OLD BRIDGE
1|SOFT 2001 INC|1816 SPRINGDALE ROAD,|SUITE 7|CHERRY HILL
1|NEAROBJECTS INC|1818 Old Cuthbert Road|Suite 311|Cherry Hill
1|Navikenz INC|182 Nassau St|Suite 301|Princeton
1|Global IDs|182 Nassau Street|Ste 202|Princeton
1|Phone.Com Inc|184 S. Livingston Avenue|Suite 9-222|Livingston
1|PEAK TECH SOLUTIONS LLC|185 Bridge Plaza N|Suite 300|FORT LEE
1|CDG Architects LLC|185 Bridge Plaza North|Suite 205|Fort Lee
1|CDG Architects LLC|185 Bridge Plaza North, Suite 205||Fort Lee
1|VOLANTE TECHNOLOGIES INC|185 HUDSON STREET|SUITE 1605|JERSEY CITY
1|SID Computer Group|185 Hudson St., Harborside 5|Ste 1440|Jersey City
1|D & A Technologies LLC|185 Hudson Street, Ste 2340||Jersey City
1|VISEO USA Inc|185 Hudson Street, Suite 2500||Jersey City
1|NUCROGENE INC|185 INDUSTRIAL PARKWAY, SUITE   E||BRANCHBURG
1|Nucrogene Inc|185 Industrial Parkway|Suite E|Branchburg
1|Y-AXIS INC|186 PRINCETONHIGHTSTOWN ROAD|BUILDING 4A SECOND FLOOR|WEST WINDSOR
1|Zenovate Inc|186 Princeton Hightstown ROAD BLDG 3|STE 11|West Windsor Township
1|Cloud88 Inc|186 Princeton Hightstown Road|Building 3B, Suite 12|West Windsor
1|Zenovate Inc|186 Princeton Hightstown Road bldg 3 suite 11||West Windsor Township
1|Crystal Smile Medical Solutions Inc|186 Princeton-Hightstown Road|Windsor Business Park Building 3A Suite 106|West Windsor
1|Brenntag Solutions and Services LLC|186 Wood Avenue|Suite LL1|Iselin
1|Khachaturian Engineering Associates Inc|186 Wood Avenue South|First Floor|Iselin
1|SMART SOLUTIONS TECHNOLOGIES NJ LLC|1870 NJ-27||EDISON
1|PRIME CONSULTING LLC|1870 ROUTE 27 ,|SUITE - B5|EDISON
1|PRIME CONSULTING LLC|1870 ROUTE 27 , SUITE B5||EDISON
1|PRIME CONSULTING LLC|1870 ROUTE 27, SUITE B5||EDISON
1|Prime Consulting LLC|1870 Route 27|Suite B5|Edison
1|PRIME CONSULTING LLC|1870 Route 27, Suite - B5||EDISON
1|Prime Consulting LLC|1870 Route 27, Suite B5||EDISON
1|Prime Consulting LLC|1870 route 27|suite B5|Edison
1|UVN TECHNOLOGIES INC|1876 Route 27|Suite 205|Edison
1|DS Consultancy Group Co.|188 Jefferson Street|Unit 1093|Newark
1|Prysm Capital LLC|188 Nassau Street, Suite 1||Princeton
1|Visiting Therapy Services LLC|188 Newark Pompton Turnpike||Little Falls
1|TUNZA TULLE LLC|1880 MORRIS AVENUE||UNION
1|Eureka Information Services Inc|189 Beaumonte Way|Suite A|Bridgewater
1|Opus Plastics LLC|189 Meister Avenue||Branchburg
1|Krishna Innovation LLC|19 Arnold Dr.||Parsippany
1|QuadSci.ai Inc|19 Beech Street||Garden City
1|gSource LLC|19 Bland Street||Emerson
1|POCAS INTERNATIONAL CORPORATION|19 CENTRAL BLVD||SOUTH HACKENSACK
1|POCAS INTERNATIONAL CORP|19 CENTRAL BOULEVAROAD||South Hackensack
1|ALLIED BUSINESS CONSULTING INC|19 CLYDE ROAD|SUITE 201|SOMERSET
1|Castle Point Learning Systems Corporation|19 Capstan Road||West Milford
1|Pocas International, Corp.|19 Central Boulevard||South Hackensack
1|ANIL K AGRAWAL LLC|19 High Meadow Ln||Basking Ridge
1|Strive Pharmaceuticals Inc|19 Lexington Avenue||East Brunswick
1|Global Digital Mercantile Holdings Limited|19 Lynn Dr||Englewood Cliffs
1|NVRD Systems LLC|19 Mary Ln||Robbinsville
1|Cloudlabs Inc|19 Opal Drive||Robbinsville
1|NVRD Systems LLC|19 Ross Way||Marlton
1|Mision Carismatica Internacional|19 Silleck St||Clifton
1|Charles Cummins O.D.P.A.|19 Spaulding Place||Monmouth Beach
1|Tier II Landscape Design Inc|19 Spear Road|Ste 203|Ramsey
1|Christies International Real Estate North Jersey Inc|19 Spear Road, Ste 305||Ramsey
1|LIVE DIGITAL TECHNOLOGIES LLC|19 Springhill DR||Princeton Junction
1|Dextro Software Systems Inc|19 Washington Road|N/A|Princeton Junction
1|Pharmvista Gummy LLC|19 West Street||East Hanover
1|COLUMBIA BANK|19-01 ROUTE 208 NORTH||FAIR LAWN
1|Columbia Bank|19-01 Route 208 North||Fair Lawn
1|La Fermiere Inc|190 Christopher Columbus Drive|Suite 4A|Jersey City
1|Amazing Vitamins LLC|190 JONY DRIVE||Carlstadt
1|Amazing Vitamins LLC|190 Jony Drive||Carlstadt
1|Commiitt LLC|190 Lincoln Hwy Ste 304||Edison
1|HSC Acquisition LLC|190 Main St.||Gladstone
1|CIGNEX INC|190 Middlesex Turnpike|Suite 405|Iselin
1|Citimed Complete Medical Care PC|190 Midland Avenue||Saddle Brook
1|Au Plaisir Corporation|190 Oak Creek Road||East Windsor
1|SCUBEL LLC|190 STATE ROUTE 18|SUITE 101|EAST BRUNSWICK
1|Seesaw Vision EB LLC|190 State Route 18, Suite 302||East Brunswick
1|Prodirect Dental Lab LLC|190 Sylvan Avenue|Suite C7|Englewood Cliffs
1|INTERNATIONAL TECHNOLOGY SOLUTIONS INC|190 TAMARACK CIR.||SKILLMAN
1|International Technology Solutions Inc|190 Tamarack Cir.||Skillman
1|International Technology Solutions Inc|190 Tamarack Circle||SKILLMAN
1|Sefam Inc|190 US Highway 9||Englishtown
1|Sefam Inc|190 US Highway 9, Englishtown, NJ, 07726||Englishtown
1|MAREANA INC|190 WITHERSPOON STREET|SUITE 3|PRINCETON
1|Mareana Inc|190 Witherspoon Street|Suite 3|Princeton
1|Infineum USA Inc|1900 E. Linden Avenue||Linden
1|Prabhav EGlobal Services|1901 North Olden Avenue|Suite 7|Ewing
1|Supply Chain Technologies LLC|1901 Rt71|Suite 1C|Wall
1|Keypress Group PC|1903 Atlantic Ave|Bldg A|Manasquan
1|Keypress Group PC|1903 Atlantic Avenue|Bldg A|Manasquan
1|Dynamic Engineering Consultants, PC|1904 Main Street||Lake Como
1|AQUABLUE CORP|1906B GRAND CENTRAL AVENUE||LAVALLETTE
1|Health Concepts LLC|190A Jony Dr||Carlstadt
1|PINCHme.com Inc|191 Central Ave||Newark
1|The Musial Group PA|191 Mill Lane||Mountainside
1|PAIN AND DISABILITY INSTITUTE P. C|191 PALISADE AVE||JERSEY CITY
1|Jill Pharmacy Corp|191 Rock Road||Glen Rock
1|Albea Americas Inc|191 Route 31 N||Washington
1|Quality Fruit Surveys Inc|1916 Wayne Ave - S1||Haddon Heights
1|Sage Residential Management LLC|192 Headquarters Plaza|East Tower, 6th Floor|Morristown
1|Varitronics Consulting Inc|1924 US Highway 22 East||Bound Brook
1|ATLANTICARE REGIONAL MEDICAL CENTER|1925 PACIFIC AVENUE|N/A|ATLANTIC CITY
1|Radin Consulting Inc|193 W Hobart Gap Road||Livingston
1|Radin Consulting Inc|193 W. Hobart Gap Road|N/A|Livingston
1|ATHENA DOYENS LLC|1930 E Marlton Pike|STE Q-20|Cherryhill
1|MRS BPO LLC|1930 Olney Ave||Cherry Hill Township
1|RAMARK SYSTEMS INC|194 NORTH HARRISON STREET||PRINCETON
1|SMARTPOOL LLC|1940 Rutgers University Boulevard||Lakewood
1|INTUPOINT INC|1941 OAK TREE ROAD|SUITE 104|EDISON
1|IntuPoint Inc|1941 Oak Tree Road|Suite 104|Edison
1|Anichem Inc|195 Black Horse Lane||North Brunswick
1|Sakar International Inc|195 Carter Drive||Edison
1|Mistras Group Inc|195 Clarksville Road||Princeton Junction
1|The DAK Group, Ltd.|195 Route 17 South||Rochelle Park
1|Luo& Long General Partner LLC|195 Rt. 9|Suite 205|Manalapan
1|Luo & Long General Partner LLC|195 US-9|Suite 205|Manalapan
1|Logicgate Technologies Inc|196  Princeton Hightstown Road|Building 1, Suite 13|West Windsor
1|INFOSOFT SOLUTIONS LLC|196 Princeton Hightstown Road Building 2 Second Floor|Suite 14A|West Windsor Township
1|INFOSOFT SOLUTIONS LLC|196 Princeton Hightstown Road Building 2A|Suite 14A|West Windsor Township
1|INFOSOFT SOLUTIONS LLC|196 Princeton Hightstown Road Building 2A, 2nd Floor|Suite 14A|West Windsor Township
1|Quantum Integrators Group LLC|196 Princeton Hightstown Road Suite 1A-1||West Windsor
1|Cloud88 Inc|196 Princeton-Hightstown Road,|Building 1A|West Windsor Township
1|INFOSOL SOLUTIONS LLC|196 Princeton-Hightstown Road, Building 2 Second Floor|Suite 16|West Windsor Township
1|Paterson Charter School for Science and Technology|196 West Railway Ave||Paterson
1|Tax Technologies Inc|196 Woods Ave||Bergenfield
1|CORUS SOFT INC|1967 LINCOLN HWY|SUITE 32B|EDISON
1|CORUS SOFT INC|1967 LINCOLN HWY.|SUITE 32B|EDISON
1|IT BUSINESS MANAGEMENT SOLUTIONS INC|1967 ROUTE 27|SUITE 27|EDISON
1|IT Business Management Solutions Inc|1967 Route 27|Suite 27|Edison
1|FUNCTION EDGE ASSOCIATES INC|197 NJ-18|SUITE 3000|EAST BRUNSWICK
1|Doyen Square Technologies Inc|197 ROUTE 18|STE 308|E BRUNSWICK
1|VKANTECH SOLUTIONS INC|197 RT 18 SOUTH, SUITE 3000|SOUTH WING|EAST BRUNSWICK
1|FAQ Systems INC|197 Route 18 South  Suite 3000|South Tower|East Burnswick
1|Faq Systems INC|197 Route 18 South Suite 3000, South Tower||East Brunswick
1|FAQ SYSTEMS INC|197 Route 18 South Suite 3000, South Tower  ,||East Brunswick
1|Tetrus Corp.|197 Route 18 South, Suite 207N||East Brunswick
1|Slyon Technologies LLC|197 Route 18 South, Suite 3000||East Brunswick
1|VKANTECH SOLUTIONS INC|197 Rt 18 South Suite 3000|South Block|East Brunswick
1|ALL-WIN GROUP LLC|197 STATE ROUTE 18 S|SUITE 208 N|EAST BRUNSWICK
1|MOKSA TECHNOLOGIES INC|197 STATE ROUTE 18 SOUTH|SUITE 3000, SOUTH WING|EAST BRUNSWICK
1|Doyen Square Technologies Inc|197 State Route 18|Suite 308|East Brunswick
1|Doyen Square Technologies Inc|197 State Route,18|Suite 308|East Brunswick
1|COMFYLIFE LLC|1970 Old Cuthbert Road||CHERRY HILL
1|Sai Chandi Pharmacy LLC|198 Market St.||Newark
1|Bemi Care Human Services LLC|1980 Springfield Ave|suite 9C|Maplewood
1|Johnson & Johnson Consumer Inc|199  Grandview Road||Skillman
1|Lorvin Technologies Inc|199 Main Street|Suite 104|Woodbridge
1|American Surgical Arts PC|199 Mullica Hill Road||Mullica Hill
1|Easy Data Access|199 New Road|Suite 68|Linwood
1|Dealer Owned Warranty Company LLC|199 Pomeroy Road||Parsippany
1|The Bannett Group LTD|1998 Springdale Road Ste 101||Cherry Hill
1|LOGAN INSTRUMENTS CORP.|19C SCHOOLHOUSE ROAD||SOMERSET
1|LOGAN INSTRUMENTS CORP|19C Schoolhouse Road||Somerset
1|Glasbilt LLC|1A Henderson Street||Hoboken
1|SRINY Inc|1A Masar Road||Boonton
1|Unisoft Solutions LLC|1N JOHNSTON AVE|SUITE D201|HAMILTON
1|EGROVE SYSTEMS CORPORATION|2 AUER COURT|SUITE G|EAST BRUNSWICK
1|Schoeck USA Inc|2 Advantage Court||Bordentown
1|Schock USA Inc|2 Advantage Ct||Bordentown
1|Ampliflex Inc|2 Alpine Drive||Closter
1|United States Cold Storage Inc|2 Aquarium Drive|Suite 400|Camden
1|Stage One NY LLC|2 Aspen Pl||Passaic
1|ClientServer Technology Solutions LLC|2 Austin Avenue|2nd Floor|Iselin
1|MED ADVANTAGE LLC|2 BROAD STREET|SUITE 401|BLOOMFIELD
1|Meruksha LLC|2 Beechtree Ln||Plainsboro
1|Hoppecke Batteries Inc|2 Berry Drive||Hainesport
1|Prowess IT Solutions LLC|2 Brier Hill Court|2B Building F|East Brunswick
1|House of Jeans Inc|2 Broad Street||Clifton
1|Liberty Packaging Inc|2 Burma Road||Jersey City
1|GUARDIAN DRUG COMPANY INC|2 CHARLES COURT||DAYTON
1|ACCODIAN LLC|2 CLERICO LANE|SUITE 207|HILLSBOROUGH
1|Princeton Critical Minerals Inc|2 Cedar Street, 9th Floor||Newark
1|Experic LLC|2 Clark Drive||Cranbury
1|MJH Healthcare Holdings LLC|2 Commerce Drive||Cranbury
1|Adallen Nutrition Inc|2 Corporate Drive||Cranbury
1|Zelis Healthcare LLC|2 Crossroads Drive||Bedminster
1|Linden Public Schools|2 E. Gibbons Street||Linden
1|Tomita Pharmaceutical Co., Ltd.|2 Executive Drive|Suite 435|Fort Lee
1|G-INFOTECH INC|2 GALLOP LANE||SOMERSET
1|VKC Systems Inc|2 Getty Avenue||Clifton
1|Vytalize Health Inc|2 Hudson Pl.|Flr. 6th|Hoboken
1|Vytalize Health Inc|2 Hudson Pl.,|Flr. 6th|Hoboken
1|Vytalize Health Medical 2 LLC|2 Hudson Street|Flr. 6|Hoboken
1|CENTER FOR PHARMACEUTICAL CLEANING INNOVATION CORP|2 ILENE CT|BLDG 1, UNIT 4|HILLSBOROUGH
1|CENTER FOR PHARMACEUTICAL CLEANING INNOVATION LLC|2 Ilene Ct|Building 1, Unit 4|Hillsborough
1|The Center for Pharmaceutical Cleaning Innovation|2 Ilene Ct.|Bldg. 1, Unit 4|Hillsborough
1|Sun Pharmaceutical Industries Inc|2 Independence Way||Princeton
1|Promise Care of Hudson County LLC|2 Jefferson Avenue||Jersey City
1|Brandon Consulting Associates Inc|2 King Arthur Court|Suite A|North Brunswick
1|AMERICAN CAR LIFT SERVICE LLC|2 LAUREL DR|SUITE A|FLANDERS
1|SAMITI TECHNOLOGY INC|2 LINCOLN HIGHWAY|SUITE 401|EDISON
1|Magnolia Academy LLC|2 Lake Drive||Whitehouse Station
1|Anagh Technologies Inc|2 Lakeview Ave|Suite 310|Piscataway
1|SRUTHAM TECHNOLOGIES INC|2 MONTICELLO AVENUE||MONROE
1|U & S Engineers, P.C.|2 Milkhouse Lane||Lambertville
1|FLX DISTRIBUTION INC|2 Morristown Road||Bernardsville
1|The Hutton Group Inc|2 Myrtle Avenue,  77||Allendale
1|Independent Sheet Metal Co. Inc|2 N. Corporate Dr.||Riverdale
1|Independent Sheet Metal Co. Inc|2 North Corporate Drive||Riverdale
1|Sunshine USA Produce Inc|2 North Road|Suite 1|Warren
1|DAVION INC|2 PROGRESS ROAD||NORTH BRUNSWICK
1|RAY S.F. Inc|2 Paddock Street||Woodbridge
1|DeLonghi America Inc|2 Park Way|Suite 3A|Upper Saddle River
1|American Star Alliance Inc|2 Peak Ln||Hillsborough
1|Cinchseal Associates Inc|2 Pin Oak Lane|Suite 200|Cherry Hill
1|Davion Inc|2 Progress Road||North Brunswick
1|CITIUSTECH INC|2 RESEARCH WAY, 2ND FLOOR|N/A|PRINCETON
1|CitiusTech Inc|2 Research way|2nd Floor|Princeton
1|Kinly Inc|2 Ridgedale Ave||Cedar Knolls
1|KS Engineers, PC|2 Riverfront Plaza, 3rd Floor||Newark
1|PANASONIC ENERGY CORPORATION OF NORTH AMERICA|2 Riverfront Plz||Newark
1|MACROSOFT INC|2 SYLVAN WAY||PARSIPPANY
1|Cape Physicians Associates, PA|2 Stone  Harbor Blvd.||Cape May Court House
1|Cape Physicians Associates, PA|2 Stone Harbor Blvd.||Cape May Court House
1|TDL innovations LLC|2 Stout Road||Princeton
1|EVONIK CORPORATION|2 TURNER PLACE||PISCATAWAY
1|Securekloud Technologies Inc|2 Tower  Center Boulevard|Floor 8|East Brunswick
1|Rising Pharma Holdings Inc|2 Tower Center Blvd , Suite 1401A||East Brunswick
1|Strides Pharma Inc|2 Tower Center Blvd.|Suite 1102|East Brunswick
1|Casper Pharma LLC|2 Tower Center Blvd. Suite 1101C||East Brunswick
1|Casper Pharma LLC|2 Tower Center Blvd. Suite 1401||East Brunswick
1|Blockedge Technologies Inc|2 Tower Center Boulevard, Suite 804|8th Floor|East Brunswick
1|LERPAL INC|2 UNIVERSITY PLAZA|SUITE 100|HACKENSACK
1|Chai Stop Restaurant & Lounge LLC|2 Vincent Court||Edison
1|Stratosphere Capital LLC|20 2nd Street|Suite 2006|Jersey City
1|MANAGE MY DREAM LLC|20 Abbington Ln||Princeton Junction
1|HCP Management Operations Inc|20 Avenue at the Common||Shrewsbury
1|ENGLEWOOD LAB INC|20 CAMPUS ROAD||TOTOWA
1|D&S Restoration Inc|20 California Avenue||Paterson
1|Solytics Partners LLC|20 Calvert Ave W||Edison
1|Fortune Plastic & Metal Inc|20 Carbon Pl||Jersey City
1|Fortune Plastic & Metal Inc|20 Carbon Place||Jersey City
1|NNA Enterprise LLC|20 Carey Road||Succasunna
1|CM&E CON INC|20 Corrielle Street,||Fords
1|KAL Design LLC|20 Court St.|3rd Floor|Freehold
1|Advanced Sciences & Technologies (AS&T) LLC|20 E Taunton Road|Suite 301|Berlin
1|ACRISON INC|20 EMPIRE BLVD||MOONACHIE
1|ADVANCED INTERNATIONAL FREIGHT INC|20 ENTERPRISE AVE N||SECAUCUS
1|Advanced Sciences & Technologies LLC|20 East Taunton Road|Suite 301|Berlin
1|Advanced Warehouse Inc|20 Enterprise Ave N||Secaucus
1|Advanced International Freight Inc|20 Enterprise Avenue North||Secaucus
1|Customized Distribution Services Inc|20 Harry Shupe Blvd||Wharton
1|Wilmington Paper LLC|20 Hook Mountain Road|104|Pine Brook
1|PEER CONSULTING RESOURCES|20 JEFFERSON PLAZA||SOUTH BRUNSWICK
1|Peer Consulting Resources Inc|20 Jefferson Plz||Princeton
1|GenScript ProBio USA Inc|20 Kingsbridge Road||Piscataway
1|Sabinsa Corporation|20 Lake Drive||East Windsor
1|Oxford Contracting Co. Inc|20 Millway Road||Lumberton
1|USA Architects, Planners and Interior Designers, Ltd.|20 North Doughty Avenue||Somerville
1|Learning Ally Inc|20 Roszel Road||Princeton
1|Yajur Solutions Inc|20 Second Street||Jersey City
1|RM Info Solutions LLC|20 Setter Pl||Kendall Park
1|Glatt Air Techniques Inc|20 Spear Road||Ramsey
1|Computechsale LLC|20 Troy Road|Suite 1|Whippany
1|RCM TECHNOLOGIES (USA) INC|20 WATERVIEW BLVD.||PARSIPPANY
1|RCM Technologies (USA) Inc|20 Waterview Blvd|4th Floor|Parsippany
1|RCM Technologies (USA) Inc|20 Waterview Blvd.||Parsippany
1|Schindler Elevator Corporation|20 Whippany Road||Morristown
1|AIV SOLUTIONS LLC|20,000 Horizon Way|Suite 100|Mount Laurel
1|IPolarity LLC|200  Centennial Avenue|Suite 204|Piscataway
1|Childrens Specialized Hospital|200  Somerset Street||New Brunswick
1|DTS 287 LLC|200 Atrium Drive||Somerset
1|Alliance Advisors LLC|200 Broadacres Dr.||Bloomfield
1|ACEQUEST CORPORATION|200 CENTENNIAL|SUITE 123|PISCATAWAY
1|HANCE INCORPORATED|200 CENTENNIAL AVENUE.|SUITE 202|PISCATAWAY
1|SUNBIRD SOFTWARE INC|200 COTTONTAIL LANE|B106E|SOMERSET
1|Designity Inc|200 Cambridge Way|Apt 51|Weehawken
1|Datacor Inc|200 Campus Drive|Suite 100|Florham Park
1|IPolarity LLC|200 Centennial  Avenue|Suite 204|Piscataway
1|CR Medicon Research Inc|200 Centennial Ave STE 210||Piscataway
1|Flexasoft LLC|200 Centennial Ave Suite 203||Piscataway
1|IPOLARITY LLC|200 Centennial Avneue|Suite 204|Piscataway
1|BMW of North America LLC|200 Chestnut Ridge Road|N/A|Woodcliff Lake
1|Software Galaxy Systems LLC|200 College Road East|Suite 306|Princeton
1|Powell Electronics Inc|200 Commodore Drive||Logan Township
1|Breckenridge Pharmaceutical Inc|200 Connel Drive|Suite 4200|Berkeley Heights
1|English Technologies Group LLC|200 Connell Corp Drive|Suite RT Studio|Berkeley Heights
1|Hikma Pharmaceuticals USA Inc|200 Connell Drive, 4th floor||Berkeley Heights
1|AudioCodes Inc|200 Cottontail Lane|Suite A101E|Somerset
1|Armstrong Technologies Inc|200 Craig  Road|Suite 103|Manalapan
1|Catalent Pharma Solutions|200 Crossing Blvd.|7th Floor|Bridgewater
1|Mills and Schnoering Architects LLC|200 Forrestal Road|Suite 3A|Princeton
1|Richard A. Alaimo Associates|200 High Street||Mount Holly
1|Gamma USA Inc|200 Hudson St|Ste 900|Jersey City
1|Gamma USA Inc|200 Hudson St.|Ste 900|Jersey City
1|OGI Shared Service Center-Advertising LLC|200 Hudson Street, 3rd Floor|Harborside Financial Center 2|Jersey City
1|WOODHAVEN LUMBER & MILLWORK INC|200 JAMES STREET||LAKEWOOD
1|PSKW LLC|200 Jefferson Park||Whippany
1|Corcentric LLC|200 Lake Drive East|Suite 200|Cherry Hill
1|PRECISION TEXTILES LLC|200 MALTESE DRIVE||TOTOWA
1|EISAI INC|200 METRO BLVD.||NUTLEY
1|BRILLIANT INFOTECH INC|200 METROPLEX DR.|SUITE 414|EDISON
1|NAIK CONSULTING GROUP, P.C.|200 METROPLEX DRIVE, SUITE   403||EDISON
1|IFlowsoft Solutions Inc|200 MIDDLESEX ESSEX  TPK|SUITE 203A|ISELIN
1|i28 TECHNOLOGIES CORPORATION|200 MIDDLESEX ESSEX TPK.|SUITE 210|ISELIN
1|INVICTUS INFOTECH LLC|200 MIDDLESEX TOURNPIKE|SUITE 306 C|ISELIN
1|INVICTUS INFOTECH LLC|200 MIDDLESEX TURNPIKE|SUITE 306 C|ISELIN
1|Precision Textiles LLC|200 Maltese Drive||Totowa
1|Frontage Clinical Services Inc|200 Meadowlands Parkway||Secaucus
1|Eisai Inc|200 Metro Blvd.||Nutley
1|SecurView Inc|200 Metroplex DR|STE 301|Edison
1|Freemen Nutra Group LLC|200 Metroplex Dr|Suite 402|Edison
1|Iris Software Inc|200 Metroplex Drive, Suite 200||Edison
1|Iris Software Inc|200 Metroplex Drive, Suite 300||Edison
1|Brilliant Infotech Inc|200 Metroplex Drive, Suite 414||Edison
1|VST CONSULTING INC|200 Middlesex Essex TPK STE 201||ISELIN
1|ASPIRE SYSTEMS INC|200 PERRINE ROAD,|UNIT 204|OLD BRIDGE
1|Asembia LLC|200 Park Avenue|Suite 300|Florham Park
1|InvestM Technology LLC|200 Paterson Ave Suite  2D||East Rutherford
1|RJ Brands LLC|200 Performance Dr||Mahwah
1|ZT Group Intl Inc|200 Plaza Dr.|3rd Floor|Secaucus
1|ZT Group Intl Inc|200 Plaza Drive,|Floor 3|Secaucus
1|ZT Group Intl Inc|200 Plaza Drive.|Floor 3|Secaucus
1|Ellkay LLC|200 Riverfront Blvd|Floor 3|Elmwood Park
1|Ellkay LLC|200 Riverfront Blvd, Floor 3||Elmwood Park
1|Ellkay LLC|200 Riverfront Blvd, Suite 301||Elmwood Park
1|Messer North America Inc|200 Somerset Corporate Blvd|Ste 7000|Bridgewater
1|Kam Man Supermarket LLC|200 State Route 10 West||East Hanover
1|Messer North America Inc|200 Sumerset Corp. Blvd.|Suite 7000|Bridgewater
1|SRICOM INC|200 W SOMEROADALE ROAD|STE B|VOORHEES
1|BOOLEAN SYSTEMS INC|200 W STATE ST|SUITE 4A|TRENTON
1|SRICOM INC|200 W Somerdale Road|Ste B|Voorhees
1|VALUE PHARMA INC|200 WASHINGTON STREET||NEWARK
1|Bachi.Tech Corporation|200 Washington St|FL 4|Hoboken
1|Bachi.Tech Corporation|200 Washington St, FL 4||Hoboken
1|White Star Logistics Inc|200 Whitehead Road|Ste 213|Hamilton
1|Siemens Corporation|200 Wood Ave South||Iselin
1|International Technology Solutions Inc|2000 Cornwall Road|Suite 220|Monmouth Junction
1|PHH Mortgage Corporation|2000 Midlantic Drive|Suite 410|Mount Laurel
1|THE COLLEGE OF NEW JERSEY|2000 PENNINGTON ROAD|P.O. BOX 7718|EWING
1|Sparta Systems Inc|2000 Water View Drive|Suite 300|Hamilton
1|Sparta Systems Inc|2000 Waterview Drive, Suite 300||Hamilton
1|FINBOT TECHNOLOGIES INC|2001 ROUTE 46 -WATERVIEW PLAZA|SUITE 310|PARSIPPANY
1|TRIVION TECHNOLOGIES INC|2001 ROUTE 46 WATERVIEW PLAZA|SUITE 310|PARSIPPANY
1|FINBOT TECHNOLOGIES INC|2001 ROUTE 46-WATERVIEW PLAZA|SUITE 310|PARSIPPANY
1|SWIFT SOLUTIONS INC|2001 RT 46, SUITE 310||PARSIPPANY
1|ISQUAREINFO LLC|2001 Route 46, Waterview Plaza|SUITE 310|Parsippany
1|Pro Tech Data Solutions LLC|2001 Rt 46, Suite 310||Parsippany
1|Data Wave Technologies Inc|2001 US Highway 46|Suite 310|Parsippany
1|KSM TECHNOLOGIES LLC|2001 US ROUTE 45|SUITE 310|PARSIPPANY
1|KSM TECHNOLOGIES LLC|2001 US ROUTE 46E|SUITE 310|PARSIPPANY
1|MUKE GROUP INC|2001 US-46|SUITE 310|PARSIPPANY
1|Titan Engineers PC|2003 Morris Avenue|Suite 2A|Union
1|Burlington Coat Factory Warehouse Corporation|2006 Route 130 North||Burlington
1|Computer Doc Associates Inc|2007 Washington Valley Road||Martinsville
1|Christian School Association of North Central Jersey|2008 Ethel Road||Piscataway
1|Platinum Derivatives Homes|2009 Forest View Drive||Avenel
1|On The Spot Media LLC|200B Meadowlands Pkwy.||Secaucus
1|Food Express International Inc|201 Circle Drive North|Suite 108|Piscataway
1|BlockFi Inc|201 MONTGOMERY STREET|Suite 263|Jersey City
1|Rowan University|201 MULLICA HILL ROAD||GLASSBORO
1|Hana Bank USA, National Association|201 Main St.||Fort Lee
1|Synergy Microwave Corporation|201 McLean Boulevard||Paterson
1|EMR Management Services LLC|201 N. Front Street||Camden
1|OPTUM MEDICAL CARE OF NEW JERSEY, P.C.|201 NJ-17|Suite 1202|Rutherford
1|SIKA CORPORATION|201 POLITO AVENUE||LYNDHURST
1|Sika Corporation|201 Polito Avenue||Lyndhurst
1|SGS NORTH AMERICA INC|201 ROUTE 17 NORTH|7th Floor|RUTHERFORD
1|Meridia Construction Management LLC|201 S Wood Avenue||Linden
1|SKY EDGE SYSTEMS LLC|201 ST PAULS AVE|SUITE 1D|JERSEY CITY
1|Curalta Health LLC|201 St RT17N|suite 604|Rutherford
1|The Saban Engineering Group Inc|201 Stuyvesant Avenue||Lyndhurst
1|Trenton Country Club|201 Sullivan Way||West Trenton
1|Montclair Kimberley Academy Foundation|201 Valley Road||Montclair
1|TreadStone Technologies Inc|201 Washington Road||Princeton
1|JD Audio & Video Design Inc|2010 Jones Road||Fort Lee
1|ILKEM MARBLE AND GRANITE INC|2010 SPRINGDALE ROAD||CHERRY HILL
1|USR SYSTEMS LLC|2015  LINCOLN HIGHWAY|SUTE 210|EDISON
1|Mintex Tech Inc|2015 Lincoln Highway Suite 180||Edison
1|Cyber Space Technologies LLC|2015 STATE RT 27 SOUTH|SUITE 234|EDISON
1|Tsumura USA Inc|202 Carnegie Ctr|Suite 306|Princeton
1|LLI ADVISORY GROUP|202 North Ave East||Cranford
1|MOBIREY LLC|2025  US-130|Bldg-C, Suite-4|Cranbury
1|GLOBAL PHARMATEK LLC|2025 LINCOLN HIGHWAY|SUITE 225A|EDISON
1|Global Pharmatek LLC|2025 Lincoln Highway  225A||Edison
1|Global Pharmatek LLC|2025 Lincoln Highway Suite 225A||Edison
1|Comprehensive Healthcare Systems Inc|2025 Lincoln Highway-State Route 27|Suite 340|Edison
1|DATAGLIDES LLC|2025 US-130|Bldg-E, Suite-103|CRANBURY
1|TAE I KIM ARCHITECT, P.A.|2029 LEMOINE AVE|STE 302|FORT LEE
1|DWM Dance Studios LLC|2029 Lemoine Avenue|Suite 201|Fort Lee
1|Alba Management Inc|203 Godwin Ave||Ridgewood
1|MaxisIT Inc|203 Main Street||Metuchen
1|Mountolive Technology LLC|203 US 206|Bldg 1 Unit 8|Flanders
1|Tris Pharma Inc|2031 U.S. Highway 130||Monmouth Junction
1|Tris Pharma Inc|2033 Brunswick Business Park, 2033 U.S. Highway 13|Suite D|Monmouth Junction
1|Tris Pharma Inc|2033 Brunswick Business Park, 2033 U.S. Highway 130|Suite D|Monmouth Junction
1|Tris Pharma Inc|2033 U.S. Highway 130||Monmouth Junction
1|LTIMINDTREE Limited|2035 LINCOLN HIGHWAY, STE 3004|STE 3004|EDISON
1|LTIMINDTREE Limited|2035 LINCOLN HIGHWAY,STE 3004||Edison
1|PeopleStrategy Inc|2035 Lincoln Highway  1080||Edison
1|LTIMindtree Limited|2035, Lincoln Highway, Edison Square West|Suite 3000|Edison
1|ITON INC|204 ARK ROAD|SUITE 208-O|MOUNT LAUREL
1|Adaloy LLC|204 Haledon Ave||Prospect Park
1|MINNO & WASKO ARCHITECTS AND PLANNERS P.C.|204 N. UNION STREET|SUITE 1|LAMBERTVILLE
1|DatChat Inc|204 Neilson St.||New Brunswick
1|Dilip Patel & Company LLP|2042 Morris Avenue|Unit 3|Union
1|DGL Group Ltd|2045 Lincoln Hwy|3rd Floor|Edison
1|CDJ XPRESS OF SPRINGFIELD LLC|205 Morris Ave||Springfield
1|REAL ENGINEERING SERVICES LLC|205 ROUTE 46, STE 1||TOTOWA
1|Real Engineering Services LLC|205 Route 46, Ste 1||Totowa
1|VLV ORANGE PHARMACY INC|205 SOUTH ESSEX AVENUE||ORANGE
1|European Football Coaching|205 Terrill Road||Fanwood
1|New York Auto Depot Inc|205 Woodbridge Ave||Highland Park
1|New York Auto Depot Inc|205 Woodbridge Avenue||Highland Park
1|INFOVISION TECHNOLOGIES INC|2050 BRUNSWICK PZ -1|HIGHWAY 27, SUITE 201|NORTH BRUNSWICK
1|My Life Registry LLC|2050 Center Ave|Suite 100|Fort Lee
1|Sandstone Structures|2050 Center Ave, Suite 630||Fort Lee
1|Everest Spice LLC|2050 Lincoln Hwy||Edison
1|ITTDIGITAL LLC|2050 ROUTE 27|SUITE 106|NORTH BRUNSWICK
1|COMPU-VISION CONSULTING INC|2050 ROUTE 27 SOUTH|SUITE 202|NORTH BRUNSWICK
1|INFOVISION TECHNOLOGIES INC|2050, BRUNSWICK PLAZA - 1|HIGHWAY 27, SUITE 201|NORTH BRUNSWICK
1|PERSISTENT SYSTEMS LIMITED|2055 LAURELWOOD ROAD|SUITE 210|SANTA CLARA
1|Remington & Vernick Engineers II|2059 Springdale Road||Cherry Hill
1|Urban Tandoor LLC|206 Harrison Ave||Harrison
1|Vas Nair Leadership Consulting LLC|206 Shearwater Ct W|Unit 14|Jersey City
1|SABII LLC|206-16 WEST SHEARWATER CT||JERSEY CITY
1|ORION HEALTHCARE LLC|2060 MILLBURN AVENUE||MAPLEWOOD
1|Indravadan T. Patel M.D.P.A.|2060 Oak Tree Road||Edison
1|Project Merz Inc|207 Heritage Road||Cherry Hill
1|SCHRODER INVESTMENT MANAGEMENT NORTH AMERICA INC|207 VAN VORST STREET|APT 819|NEW JERSEY
1|Key Element Newport LLC|207 Van Vorst Street||Jersey City
1|Action Title Research LLC|208 Boulevard|Suite D|Hasbrouck
1|Everest USA Corp.|208 Huyler St.||South Hackensack
1|Packageman LLC|208 PASSAIC AVE||FAIRFIELD
1|SYSTEMS PLUS SOLUTIONS USA LLC|208 WEST STATE STREET||TRENTON
1|Rider University|2083 Lawrenceville Road||Lawrenceville
1|AdbaKx LLC|2088 US 130 Suite 204||Monmouth Junction
1|ADBAKX LLC|2088 US HIGHWAY 130|SUITE 204|MONMOUTH JUNCTION
1|AKS INFOTECH INC|2088 US HIGHWAY 130, SUITE  203||MONMOUTH JUNCTION
1|COLSH CONSULTANTS LLC|2088 US HWY 130|SUITE 211|MONMOUTH JUNCTION
1|COLSH CONSULTANTS LLC|2088 US HWY. 130|SUITE 211|MONMOUTH JUNCTION
1|COLSH CONSULTANTS LLC|2088 US HWY.130|SUITE 211|MONMOUTH JUNCTION
1|ADBAKX LLC|2088 US Highway 130,|Suite 204|Monmouth Junction
1|Samrajya Services LLC|2088 US RT-130|Suite 106|Monmouth Junction
1|Epickx Inc|2088 US highway 1|Ste 306|Monmouth Junction
1|SSAM Rx Inc|209 Applegarth Road|Suite 105|Monroe Township
1|SSAM Rx Inc|209 Applegarth Road  105||Monroe Township
1|320 Life Solutions LLC|209 Philadelphia Avenue||Egg Harbor City
1|French Academy of Jersey City Limited Liability Company|209 Third Street||Jersey City
1|French Academy of Jersey City LLC|209 third street||Jersey City
1|DOVER PUBLIC SCHOOL DISTRICT|21 Belmont Avenue||Dover
1|FirstService Residential MidAtlantic LLC|21 Christopher Way|N/A|Eatontown
1|Heritage Pharma Labs Inc|21 Cotters Lane||East Brunswick
1|Hycloud Technologies LLC|21 DOGWOOD DR||Edison
1|Hycloud Technologies LLC|21 Dogwood DR||Edison
1|Nova Law Group LLC|21 Fulton Street||Newark
1|Dfocus America Inc|21 Grand Ave|Suite 108|Palisades Park
1|Solos Construction LLC|21 Grand Avenue|Suite 604B|Palisades Park
1|NORTH AMERICA GASTROENTEROLOGY|21 JEFFERSON PLZ||PRINCETON
1|NEW MILLENIUM CONSULTING LLC|21 MERRY LANE||EAST HANOVER
1|College Achieve Paterson Charter School|21 Market Street||Paterson
1|Raptim Research LLC|21 Pineview CT||Skillman
1|FRAUSCHER SENSOR TECHNOLOGY USA INC|21 ROSZEL ROAD|Suite 115|Princeton
1|Palindrome Technologies Inc|21 Roszel Road|Suite 105|Princeton
1|MobileFuse LLC|21 Running Cedar Road||Princeton
1|GNS Trading Corp|21 Smith St||Englewood
1|Chattem Inc|21 South Street||Morristown
1|SRI TECHNOLOGY SERVICES INC|21 Torbet ROAD||Hillsborough
1|Independent Technologies LLC|210  South Street||New Providence
1|The Scandinavian School of Jersey City LLC|210 9th Street|Suite 1|Jersey City
1|HM Hospitality Management LLC|210 E Montgomery ave||Wildwood
1|Penn 1 Resturant Manager LLC|210 E Rt 4|Floor 5|Paramus
1|GEOMATRIX SOFTWARE SERVICES INC|210 EAST HIGH STREET||BOUND BROOK
1|Hary Manufacturing Inc|210 Grove Ave||Woodbridge
1|ARCH INSURANCE GROUP INC|210 HUDSON STREET, SUITE 300||JERSEY CITY
1|Arch Insurance Group Inc|210 Hudson St.|Suite 600|Jersey City
1|BetMGM LLC|210 Hudson Street, Harborside Plaza 3|Suite 602|Jersey City
1|Laural Home LLC|210 Knickerbocker Road|2nd FL|Cresskill
1|KEEGAN TECHNOLOGY AND TESTING ASSOCIATES INC|210 MAPLE PLACE||KEYPORT
1|Pharmaspectra US LLC|210 Main Street|Suite 2|Madison
1|EOI CONSULTING GROUP LLC|210 RIVEREDGE ROAD||TINTON FALLS
1|Hanul Corporation|210 Riser Road||Little Ferry
1|EOI Consulting Group LLC|210 Riveredge Road||Tinton Falls
1|Gantrade Corporation|210 Summit Avenue|Suite B5|Montvale
1|BEAUTY PLUS TRADING CO. INC|210 W. COMMERCIAL AVE|N/A|MOONACHIE
1|Beauty Plus Trading Co. Inc|210 W. Commercial Avenue||Moonachie
1|Shri Sai Tech LLC|2100 US Highway 1 North||North Brunswick
1|Legend Biotech Corporation|2101  Cottontail Lane||Somerset
1|Bay Speed Aerokit LLC|2102 83rd Street||North Bergen
1|Landis Rising Stars Academy|2106 W Landis Avenue||Vineland
1|FORTE CONSULTING LLC|2107 GOLDFINCH BLVD.|SUITE 6050|PRINCETON
1|BELLUS MANTRA INC|2107 Goldfinch Blvd||PRINCETON
1|Forte Consulting LLC|2107 Goldfinch Blvd.|Suite 6050|Princeton
1|COLUMBIA DENTAL OF HAMILTON PA|2108 S BROAD ST.||HAMILTON
1|Columbia Dental of Hamilton PA|2108 S Broad St||Hamilton
1|SOFTWARE GALAXY SYSTEMS LLC|211 COLLEGE ROAD EAST|SUITE 306|PRINCETON
1|LEXORA INC|211 County Avenue||Secaucus
1|Milcots LLC|211 Island Road||Mahwah
1|DAIICHI SANKYO INC|211 MT. AIRY ROAD||BASKING RIDGE
1|HiveIO Holdings LLC|211 River Road|Flr. 9th|Hoboken
1|CHRISTIE ENGINEERING, P.C.|211 SOMERVILLE ROAD||BEDMINSTER
1|Templeton Capital LLC|211 Slocum Way||Fort Lee
1|One Stop Dental PA|211 W. Front Street|Suite 114|Plainfield
1|NUMEN International LLC|211 Warren St||Newark
1|Kenyi Technologies Inc|211 Warren St.||Newark
1|Novozen Healthcare LLC|2110 Maple Avenue|STE B1|South Plainfield
1|MAKS ENGINEERS, PC|2115 HAMILTON AVENUE|SUITE 203|HAMILTON TOWNSHIP
1|MAKS Engineers, PC|2115 Hamilton Avenue, Suite 203||Hamilton Township
1|Colavo Inc|2115 Linwood Ave|Ste 500|Fort Lee
1|Eastern Dental of Union LLC|2115 US Highway 22 West,  3||Union
1|WCG Clinical Inc|212 Carnegie Center Drive|Suite 301|Princeton
1|Mad Microbe Studios Inc|212 E Pine Street||Wenonah
1|PANPAC LLC|212 N. Virginia Avenue||CARNEYS POINT
1|The Body Shop Tattoo and Piercing Lounge|212 new jersey 18|suite 210A|East Brunswick
1|ADMARU NETWORK LLC|2125 CENTER AVENUE|STE 412|FORT LEE
1|TUDOR CONSULTANTS USA INC|213 BERMUDA DR|NESHANIC STATION|BRANCHBURG
1|PENMARK GLOBAL GROUP INC|213 CARNEGIE CTR.|3326|PRINCETON
1|nRich Data LLC|213 Carnegie Center Drive, Unit 3266||Princeton
1|Tailorbird Inc|213 Nassau Street||Princeton
1|MA United Corp|213 Riva Avenue||Milltown
1|BBDOTQ USA Inc|2134 N. Central Road||Fort Lee
1|RELIANT TECH INC|2137 STATE ROUTE 35|SUITE 365|HOLMDEL
1|United Consulting Hub Inc|214 Bridge Street||Metuchen
1|Sys-Tech Solutions Inc|214 Carnegie Centre|Suite 101|Princeton
1|Doka USA, Ltd.|214 Gates Road||Little Ferry
1|Diadema Partners LP|2140 Headquarters Plaza|East Tower, 2nd Floor|Morristown
1|ATANE Engineers, Architects and Land Surveyors, P.C.|2147 NJ-27, Suite 102||Edison
1|M Management Inc|215 Coles Street||Jersey City
1|PsychoGenics Inc|215 College Road||Paramus
1|Advanced Power Technologies LLC|215 State Route 10|Building 2|Randolph
1|Bluefox Technologies LLC|216 Stelton Road e1||Piscataway
1|INFOVILLE INC|2162 ROUTE 206 2ND FLOOR||Belle Mead
1|Infoville Inc|2162 Route 206 ,Flr 2|Suite 2|Belle Mead
1|Infoville Inc|2162 Rte 206|2nd FL Suite 2|Belle Mead
1|MINTEX TECH INC|2163 OAK TREE ROAD|SUITE 204|EDISON
1|Law Office of Abhisha Parikh|2163 Oak Tree Road|Suite 205|Edison
1|New Frontier Chodae Church|217 E. Madison Avenue||Cresskill
1|TRV MECHANICAL CONTRACTORS LLC|217 MARKET STREET||KENILWORTH
1|Regional Cancer Care Associates LLC|2177 Oak Tree Road|Suite 104|Edison
1|Polymer Processing Institute|218 Central Avenue|NJIT, GITC Building, Suite 1201|Newark
1|FAMILY TOUCH INC|218 MAIN STREET||LITTLE FERRY
1|PINTEGRA LLC|218 ROUTE 17N|SUITE 400|ROCHELLE PARK
1|PIntegra LLC|218 Route 17N|Suite 400|Rochelle Park
1|Essex Fells Country Club|219 Devon Road||Essex Fells
1|MAD PROPERTY AND TECH LLC|219 SOUTH STREET, SUITE 105||NEW PROVIDENCE
1|BIOZEN THERAPEUTICS INC|22 ABEEL ROAD||MONROE TOWNSHIP
1|Health Care Delivery Corp.|22 Alpha Avenue||Voorhees
1|Malic Corp Inc|22 Church St.|Suite 7|Ramsey
1|Becht Engineering Co. Inc|22 Church Street||Liberty Corner
1|AMEIST LLC|22 ELLSWORTH DR||WARREN
1|Pathlight Management II LLC (f/k/a Exponent Generation Management LLC)|22 Glen Oaks Ct||Old Bridge
1|HEALTHY SOCIETY LLC|22 HIGH ST||MOUNT HOLLY
1|Entrans Inc|22 Henry Road||Branchburg
1|Real Essentials Corp|22 Jackson Drive||Cranford
1|Asset Management & Analyst Corp.|22 Julie Ct.||Somerset
1|Pace Packaging LLC|22 Madison Road||Fairfield
1|VIRTUAL INFRASTRUCTURE SERVICES LLC|22 NEWMAN ROAD||KENDALL PARK
1|RESOURCE SEARCH COMPANY INC|22 PARIS AVENUE|SUITE 201|ROCKLEIGH
1|Consus Chemicals LLC|22 Pine Tree Drive||Wayne
1|Star 22 Home Improvement LLC|22 Plainfield Avenue||Piscataway
1|Golden Rail Pub LLC|22 Rockage Road||Warren
1|QPharma Inc|22 South Street||Morristown
1|Applied Dynamic Solutions LLC|22 Springwood Dr.||Monroe Township
1|The Petey Greene Program Inc|22 Stockton Street||Princeton
1|Bonim Realty LLC|22 Van Winkle Ave||Passaic
1|COMPUTOMIC SOFTWARE AND CONSULTING LLC|22 W Dante Road|Suite 300|MONROE TOWNSHIP
1|Techer Solutions LLC|22 WINCHESTER DR||EAST WINDSOR
1|Flybar Inc|220 Centennial Ave|Ste 2|Piscataway
1|Humanscale Corporation|220 Circle Drive North||Piscataway
1|ACEOLUTION INC|220 DAVIDSON AVE,|Ste 406|SOMERSET
1|KHAYAINFOTECH LLC|220 DAVIDSON AVENUE, SUITE   317||SOMERSET
1|VERGLAS TECHNOLOGIES INC|220 DAVIDSON AVENUE, SUITE 316||SOMERSET
1|Micro Labs USA Inc|220 Davidson Avenue, Suite 402||Somerset
1|NT Trading Inc|220 Goffle Road||Hawthorne
1|TheraAide Rehab LLC|220 Litlleton Road|Apt. G12|Parsippany
1|Dynamic Physical Therapy and Sports Rehabilitation|220 Livingston Street|Suite 108|Northvale
1|Arete Solutions Inc|220 Van Zandt||Skillman
1|Dabby Investments LLC / Dabby Management LLC|2200 Fletcher Ave|Suite 705|Fort Lee
1|MG LLC|2200 Fletcher Avenue,|4th Fl|Fort Lee
1|HOONARTEK INC|2204 MORRIS AVE|SUITE 204|UNION
1|HOONARTEK INC|2204 MORRIS AVENUE|SUITE 204|UNION
1|ACTIMIZE INC|221 RIVER STREET, 10TH FLOOR||HOBOKEN
1|Markerr Inc|221 River St,, 9th Fl||Hoboken
1|LiveVox Inc|221 River Street, 10th & 11th Floors||Hoboken
1|Actimize Inc|221 River Street, 10th Floor||Hoboken
1|Insight Health Analytics Inc|221 River Street, 9th Floor||Hoboken
1|Insight Health Analytics Inc|221 River Street, Suite 9||Hoboken
1|NEW MILLENNIUM BANK|222 BRUCE REYNOLDS BLVD STE 400||FORT LEE
1|NEW MILLENNIUM BANK|222 BRUCE REYNOLDS BLVD STE. 400||FORT LEE
1|NEW MILLENNIUM BANK|222 BRUCE REYNOLDS BLVD STE400||FORT LEE
1|New Millennium Bank|222 Bridge Plaza|South 400|Fort Lee
1|ACME Plastics of New Jersey Inc|222 Browertown Road||Woodland Park
1|UFlex Packaging Inc|222 Bruce Reynolds Blvd.|Suite 700|Fort Lee
1|USP Management Inc|222 Bruce Reynolds Blvd. Ste 530||Fort Lee
1|Apartment Rehabilitation Corporation|222 Haddon Avenue|Suite 100|Haddon Township
1|Klug Group LLC|222 Mt. Airy Road||Basking Ridge
1|GMK Pharmacy Inc|222 Union Ave||Paterson
1|I2C BUSINESS SOLUTIONS INC|2227 US - 1|SUITE 101|NORTH BRUNSWICK
1|THE FIDELIS GROUP|223 GATES ROAD|UNIT A|LITTLE FERRY
1|THE FIDELIS GROUP INC|223 GATES ROAD, UNIT A||LITTLE FERRY
1|The Fidelis Group Inc|223 Gates Road|Unit A|Little Ferry
1|DATAMONK SOLUTIONS INC|223 SANDCASTLE KEY|N/A|SECAUCUS
1|Presto Packaging Solutions LLC|223 South Dean Street||Englewood
1|New Jersey Festival Orchestra|224 East Broad Street, Suite 6||Westfield
1|Arc Home LLC|224 Strawbridge Drive|Suite 200|Moorestown
1|Armor Beauty LLC|225 Chosin Few Way|Apt 3232|Bayonne
1|Anjaneya Drugs LLC|225 E State Street|Suite 4|Trenton
1|Brunswick Hills Tennis Operations|225 Hwy 18 South||East Brusnwick
1|United States Technologies Communications Corporation|225 Raritan Center Parkway||Edison
1|Kyocera Document Solutions America Inc|225 Sand Road||Fairfield
1|Trinitas Regional Medical Center/ RWJ Barnabas Health|225 WILLIAMSON STREET|N/A|ELIZABETH
1|Jersey Mikes Franchise Systems LLC|2251 Landmark Place||Manasquan
1|Enhatch Inc|226 Boulevard||Hasbrouck Heights
1|Monarch Housing Associates Inc|226 North Avenue West||Cranford
1|ARCOOM LLC|226 Orangeburgh Road||Old Tappan
1|SV Pharma Inc|227 Ocean Ave||Jersey city
1|CABALLERO & ASSOCIATES LLC|228 BRIDGE STREET||METUCHEN
1|Caballero & Associates LLC|228 Bridge St.|2nd Floor|Metuchen
1|Caballero & Associates LLC|228 Bridge Street||Metuchen
1|Saint James Health Inc|228 Lafayette Street|2nd Floor|Newark
1|JOY IMPORT & WHOLESALE INC|228 RIVERVALE ROAD||RIVER VALE
1|BRAMH CONSULTING LLC|228 ROUTE 34 , SUITE 206||MATAWAN
1|Joy Import & Wholesale Inc|228 Rivervale Road||River Vale
1|AIT GLOBAL INC|228 STATE ROUTE 34|SUITE 5|MATAWAN
1|Tabula Rasa HealthCare Group Inc|228 Strawbridge Drive||Moorestown
1|Ekait LLC|2280 Hamburg Turnpike|Suite F|Wayne
1|Ekait LLC|2282 Hamburg Turnpike|Suite F|Wayne
1|Sabert Corporation|2288 Main Street||Sayreville
1|Sabert Corporation|2288 Main Street Extension||Sayreville
1|Plainview Growers Inc|229 Farm Road||Pompton Plains
1|CROWN VETERINARY SPECIALISTS LLC|23 BLOSSOM HILL ROAD||LEBANON
1|Crown Veterinary Specialists LLC|23 Blossom Hill Road||Lebanon
1|Greater Essex Dental LLC|23 Branford Pl||Newark
1|KJ Gilmore LLC|23 Center Street||Chatham
1|GO Rehab PT, PC|23 Dickinson Road||Kendall Park
1|KMK CONSULTING INC|23 HEADQUARTERS PLAZA|NORTH TOWER, 7TH FLOOR|MORRISTOWN
1|STACKLOGY INC|23 S MAIN STREET, SUITE 5||MANVILLE
1|Comito Associates PC Architecture|23 Warren Street||Newark
1|Paradise Adult Day Healthcare LLC|23 Worlds Fair Dr||Somerset
1|Paradise Adult Day Healthcare|23 Worlds Fair Drive||Somerset
1|Steps To Success VIII LLC|23-20 Broadway||Fair Lawn
1|Bergen New Bridge Medical Center|230 East Ridgewood Avenue||Paramus
1|KGL Networks USA Inc|230 Pegasus Ave||Northvale
1|D3UC LIMITED LIABILITY COMPANY|230 SPRINGFIELD AVE||RUTHERFORD
1|Allen Flavors Inc|230 St. Nicholas Avenue||South Plainfield
1|River Dell Regional Board of Education|230 Woodland Avenue||River Edge
1|S & J Electrical Contractors INC|230-234 E. 11th  Avenue||Roselle
1|FINITECH US LLC|2301 Stillbrook Ln||Princeton
1|New Jersey Conference of Seventh-day Adventists|2303 Brunswick Avenue||Lawrenceville
1|Lucid Technologies LLC|231 Clarksville Road|Suite 4B|West Windsor
1|MAIN STREET HOTEL LLC|231 MAIN STREET||NORTH BRUNSWICK
1|BOUGH CONSULTING LLC|231 PORTSIDE DRIVE||EDGEWATER
1|Bough Consulting LLC|231 Portside Drive||Edgewater
1|250W Fashion Group|231 W. 29th Street|Suite 401|New York
1|MEDSINBOX LTC LLC|2319-2321 FEDERAL STREET||CAMDEN
1|Advanced Care Physical Therapy, P.C.|232 Broad Avenue|Suite 201|Palisades Park
1|AMAZON PRODUCE NETWORK L.L.C|2321 INDUSTRIAL WAY|SUITE A|VINELAND
1|CDC Plus Inc|2325 Plainfield Ave Suite 2||South Plainfield
1|AZEND PHARMA LLC|2325 Plainfield Ave, Second Floor|Suite 2H|South Plainfield
1|Hennis International Inc|233 Broad St||Summit
1|Maurice Clothing Inc|233 Lodi St.||Hackensack
1|Rachit Drug Inc|233 Lyons Ave||Newark
1|DUALITYBIO INC|233 Mt. Airy Road Ste 182||Basking Ridge
1|American Financial Alliance Inc|233 Mt. Airy Road, 1st Floor||Basking Ridge
1|Peninsula Pacific Entertainment Development LLC|2330 NEW ROAD||NORTHFIELD
1|CONSULTANTS IN KIDNEY DISEASES, P.A.|2333 WHITEHORSE MERCERVILLE ROAD|SUITE 3|HAMILTON
1|EcoTerra Consulting LLC|234 STELTON ROAD|Suite 2B|Piscataway
1|Kawi Energy Group, Corp.|235 4th Street||Saddle Brook
1|FASTECH CONSULTING LLC|235 MOORE STREET|SUITE 103|HACKENSACK
1|Thai Village PP INC|235 Nassau St|Unit C|Princeton
1|IOTTIE INC|235 PEGASUS AVE||NORTHVALE
1|Give Chances Inc|235 Pegasus Ave||Northvale
1|Iottie Inc|235 Pegasus Avenue||Northvale
1|Heyer Gruel & Associates, PA|236 Broad Street||Red Bank
1|Space Auto Group LLC|236 State Route 18||East Brunswick
1|Hetu Construction LLC|236220|245 Correja Ave|Iselin
1|DATA WAREHOUSE LABS INC|237 DURHAM AVE||SOUTH PLAINFIELD
1|Idea Fusion LLC|238 Beacon Avenue|First Floor|Jersey City
1|Ext-Tech LLC|238 High Street|Unit B|Hackensack
1|Ciputra Corp|238 Lindbergh Pl  300||Paterson
1|SIKHI SOLUTIONS INC|2380 US 9 HIGHWAY S|CHERRYTREE PLAZA SUITE 12-1A|HOWELL
1|Riviera Consulting LLC|239 New Road, Suite B205||Parsippany
1|AMPAL Group LLC|239 US Highway 22 East|Suite 307|Green Brook
1|Varitronics Consulting Inc|239 US Hwy 22|Suite 301|Green Brook
1|SOFTSTANDARD SOLUTIONS LLC|239 US-22|201|GREEN BROOK TOWNSHIP
1|CORP2CORP INC|239 WASHINGTON STREET|SUITE 408|JERSEY CITY
1|Golden Meadow Investments LLC|239 Washington St||Jersey City
1|IMMI EDUCATION INC|239 Washington Street|Unit 304|Jersey City
1|Cinchseal Associates|23B Roland Avenue||Mount Laurel
1|Cognac Systems Inc|24 Bridge Street|Building B|Metuchen
1|Lina Trade LLC|24 Commerce Road|Ste P|Fairfield
1|Nelson & Associates PC|24 Commerce St Suite 1300||Newark
1|Law Office of Michelle Labayen PC|24 Commerce Street Suite 1300||Newark
1|Moofwd, inc.|24 Courtside Lane||Princeton
1|Fine Line Consulting Ltd.|24 Duck Pond Road||Demarest
1|BELS Consulting LLC|24 Emerald Road||Robbinsville
1|Law Offices of Paolo P. Bruno LLC|24 Emerson Plaza West|Unit B1|Emerson
1|Samp Engineering Inc|24 Kaufman Avenue|FL 2|Little Ferry
1|Merit Properties LLC|24 Lamp Post Ln.||Cherry Hill
1|Opaida Inc|24 Priory Road||Princeton Junction
1|Wise Ways Consulting LLC|24 River Road  8||Clifton
1|OsteoFit LLC|24 Sherwood Lane||Fairfield
1|JD CORPORATE INC|24 TEN EYCK PI||Edison
1|Matrix Payment Services LLC|24 W Railroad Avenue|Suite 296|Tenafly
1|CONSIGA TECHNOLOGIES INC|24 WERNIK PLACE|SUITE D|METUCHEN
1|Haystack Software Inc|24 Weaver Drive||Martinsville
1|G3 Business Services LLC|24 Whispering Way||Warren
1|Ferag America Inc|24 Worlds Fair Drive|Unit G|Somerset
1|Sinai Special Needs Institute|240 Frisch Court|Suite 100|Paramus
1|Axis InfoTech LLC|240 HARMON COVE||SECAUCUS
1|AXIS INFOTECH LLC|240 HARMON COVE TOWER||SECAUCUS
1|Future Pediatric Group Inc|240 N 8th Street||Prospect Park
1|Yashdeep Services LLC|240 PIERMONT ROAD||NORWOOD
1|Rema Tip Top North America Inc|240 Pegasus Avenue||Northvale
1|SUBURBAN PROPANE PARTNERS, L.P.|240 ROUTE 10 WEST||WHIPPANY
1|The Bedens Brook Club|240 Rolling Hill Road||Skillman
1|American Medical & Dental Supplies Inc|240 W Grand Avenue||Montvale
1|JEHDHUN LLC|240 WILLIAMSON STREET|SUITE 203|ELIZABETH
1|American Medical & Dental Supplies Inc|240 West Grand Avenue||Montvale
1|Aurolife Pharma LLC|2400 Route 130 North||Dayton
1|JAK Diversified II Inc|241 Clinton Road|Unit B|West Caldwell
1|SAMSON SOFTWARE SOLUTIONS INC|241 FORSGATE DRIVE|SUITE 106|JAMESBURG
1|Ubuntu Research Inc|241 Forsgate Drive|Suite 101|Jamesburg
1|Onekey LLC|241 Hudson Street||Hackensack
1|Westfield CPAs LLC|241 North Avenue West|Suite 200|Westfield
1|Apex Infrastructure Consultants LLC|2419 Cedar Street||Manasquan
1|ACI INFOTECH INC|242 OLD NEW BRUNSWICK  ROAD|SUITE 110|PISCATAWAY
1|MPOWER LOGIC INC|242 OLD NEW BRUNSWICK ROAD, SUITE  360||PISCATAWAY
1|ITLIZE GLOBAL LLC|242 OLD NEW BRUNZICK ROAD|SUITE 250|PISCATAWAY
1|Specification Lighting Sales LLC|242 Old New Brunswick Road suite 230c||Piscataway
1|SOFTEK INTERNATIONAL INC|242 Old New Brunswick Road, Suite 320||Piscataway
1|Technumen Inc|242 Old Newbrunswick Road|Suite 310|Piscataway
1|ICA Engineering LLC|2424 Morris Ave|Suite 205|Union
1|Kenzo Infotech LLC|243 Sherman Ave||Jersey City
1|Capespan North America LLC|243 U.S. 130||Pedricktown
1|Capespan North America LLC|243 U.S. Highway 130||Pedricktown
1|AM FRESH NORTH AMERICA|243 US 130 Highway||Pedricktown
1|Capespan North America LLC|243 US Highway 130||Pedricktown
1|Srijan Technologies USA Inc|2430 Highway 34 Building B|Suite 22|Manasquan
1|KEBABS & KURRIES 999 LLC|244 US-46|UNIT 6|Fairfield
1|ECHO MEDICAL TRANSPORTATION SERVICES|244 WALL AVENUE||PATERSON
1|GHANGHEI LLC|2444 MORRIS AVE|STE 214|UNION
1|Trinity Apparel LLC|245 4TH ST|BUILDING 4, BOX 18|PASSAIC
1|ARISTACARE LLC|245 BIRCHWOOD AVENUE||CRANFORD
1|PRAVCO INC|245 WESCOTT DRIVE||RAHWAY
1|Ultra Comprehensive Physical Therapy LLC|246 Clifton Ave||Clifton
1|Ultra Comprehensive Physical Therapy LLC|246 Clifton Avenue|Suite 5|Clifton
1|North Jersey Nephrology Associates, PA|246 Hamburg Turnpike|Suite 207|Wayne
1|A4G SOLUTIONS LLC|246 NEW ROAD||MONMOUTH JUNCTION
1|A4G Solutions LLC|246 New Road||Monmouth Jn,
1|iOttie Inc|2460 Lemoine Ave|Suite 302|Fort Lee
1|RV Global Solutions Inc|247 E Front St.|Suite 1|Trenton
1|RV Global Solutions Inc|247 E Front Street|Suite 1|Trenton
1|MURCHISON-SMITH LLC|247 Fairmount Ave||Chatham
1|Kessel Paving & Concrete Inc|248 Thomas Street||Newark
1|Center for Advanced Pain Management|249 Bridge Street||Metuchen
1|AppSecCl INC|249 Roseville Ave|Apt 3|Newark
1|NJ Aaron Burnett Dental PC|2495 Brunswick Pike|Suite 33A|Lawrence Township
1|CLOUD INTEGRATION SERVICES LLC|24E Reading Road||Edison
1|JLM SYSTEMS INC|25 BROAD AVENUE SUITE 201||PALISADES PARK
1|Halcyon Still Water LLC|25 Broad Street|2nd Floor|Red Bank
1|Wifhat Inc|25 CHRISTOPHER COLUMBUS DR|1818|JERSEY CITY
1|ANDA CHIEF CONSTRUCTION INC|25 COMMERCE ROAD|UNIT A|FAIRFIELD
1|Hedgedemia Capital LLC|25 Christopher Columbus Dr|Ste 3012|Jersey City
1|Hedgedemia Capital LLC|25 Christopher Columbus Drive|Ste 3012|Jersey City
1|An Da Clean Energy Inc|25 Commerce Road|Unit A&B|Fairfield
1|PARTY CITY CORPORATION|25 GREEN POND ROAD|SUITE 1|ROCKAWAY
1|Datacor Inc|25 Hanover|Suite 300B|Florham Park
1|LTIMINDTREE Limited|25 INDEPENDENCE BLVD,|SUITE 401|WARREN
1|LTIMINDTREE Limited|25 INDEPENDENCE BLVD, STE. 401||WARREN
1|LTIMINDTREE Limited|25 INDEPENDENCE BLVD,STE. 401||WARREN
1|MINDTREE LIMITED|25 INDEPENDENCE BLVD.|SUITE 401|WARREN
1|G&L Scientific Inc|25 INDEPENDENCE BOULEVAROAD|4TH FLOOR, SUITE 404|WARREN
1|Mindtree Limited|25 Independence  Blvd.|Suite 401|Warren
1|LTIMindtree Limited|25 Independence Blvd,|Suite 401|Warren
1|NINFO SYSTEMS INC|25 JEFFERSON PLAZA|SUITE B|PRINCETON
1|NInfo Systems Inc|25 Jefferson Plaza|Suite B|Princeton
1|Industrial Staffing Services Inc|25 Kennedy Boulevard|Suite 200|East Brunswick
1|ARMY CONSTRUCTION LLC|25 LAFAYETTE ST||PATERSON
1|New Meta Entertainment Inc|25 Lafayette St||Newark
1|New Meta Entertainment Inc|25 Lafayette Street||Newark
1|Army Construction LLC|25 Lafayette st.||Paterson
1|Yinghua International School A NJ Nonprofit Corporation|25 Laurel Ave||Kingston
1|YingHua International School|25 Laurel Avenue||Kingston
1|New Jersey Office of the Attorney General - Division of Law|25 Market St|P.O. Box 116 - 2nd Fl., Tort Litigation|Trenton
1|New Jersey Office of the Attorney General - Division of Law|25 Market St; P.O. Box 116|2nd Fl., Tort Litigation|Trenton
1|IMMI EDUCATION INC|25 McCaffrey Ln||Boonton
1|Immi Education Inc|25 Mccaffrey Ln||Boonton
1|Primisoft LLC|25 Mounthaven Drive||Livingston
1|Ebon Technology LLC|25 Park Ln S|Apt 2306|Jersey City
1|TOM CARROLL SCENERY|25 Pollock Ave||Jersey City
1|J. R. Lupo P.A. CPA|25 Pompton Avenue|Suite 204|Verona
1|SiParadigm LLC|25 RIVERSIDE DR|SUITE 2|PINE BROOK
1|JC Physical Therapy LLC|25 Rockwood Place, suite 220||Englewood
1|JC Physical Therapy LLC|25 Rockwood Place, suite202||Englewood
1|Hudson Engineering LLC|25 W. 8th Street||Bayonne
1|Pharmica Consulting LLC|25 Windemere Way||Sparta
1|Pavane Solutions Inc|250  Pehle Avenue|Plaza II, Suite 200|Saddle Brook
1|RM Creations|250 Corporate Court|Suite C|South Plainfield
1|MEIWAREHOUSE TECHNOLOGY LOGISTICS INC|250 Federal Blvd||Carteret
1|SubCom Cable Systems LLC|250 Industrial Way W||Eatontown
1|SubCom LLC|250 Industrial Way West|Room 2A-125|Eatontown
1|DEETA IT SOLUTIONS INC|250 LACKLAND DRIVE, STE. 10||MIDDLESEX
1|COMPEST SOLUTIONS INC|250 LACKLAND DRIVE, STE. 4||MIDDLESEX
1|COMPUTE TECH INC|250 LACKLAND DRIVE, SUITE 5||MIDDLESEX
1|Sterling Medical Devices LLC|250 Moonachie Road Suite 400||Moonachie
1|SOIMEX DENIMAGIC INC|250 PEHEL AVENUE|SUITE 200|SADDLE BROOK
1|LEGACY STAFFING LLC|250 PEHLE AVE PARK|80 WEST 309|SADDLE BROOK
1|T.R.T. INTERNATIONAL LTD.|250 PORT STREET||NEWARK
1|The Betesh Group Holding Corporation|250 Passaic Street||Newark
1|Legacy Staffing LLC|250 Pehle Ave Park 80 West|Suite 309|Saddle Brook
1|Pavane Solutions Inc|250 Pehle Ave, Plaza II|Suite 200|Saddle Brook
1|Pavane Solutions Inc|250 Pehle Plaza|Plaza II, Suite 200|Saddle Brook
1|AF PAREDES & Co., CPAs LLP|250 STELTON ROAD|SUITE 8|Piscataway
1|A.F. Paredes & Co, CPAs LLP|250 Stelton Road|Suite 8|Piscataway
1|A.F. Paredes & Co., CPA, LLP|250 Stelton Road, Suite  8||Piscataway
1|Ferrari North America Inc|250 Sylvan Avenue||Englewood Cliffs
1|SOIMEX DENIMAGIC INC|250,PEHLE AVENUE|SUITE 250|SADDLE BROOK
1|East Coast Egg Farmers LLC|2500 83rd Street|Building 9A|North Bergen
1|Capespan North America LLC|2500 Broadway|Building OB-1|Camden
1|Census InfoTech Inc|2500 Brunswick Pike|Ste 203|Lawrenceville
1|ATLANTICARE HEALTH SERVICES INC|2500 ENGLISH CREEK AVENUE|BLDG 600|EGG HARBOR TOWNSHIP
1|ATLANTICARE HEALTH SERVICES INC|2500 English Creek Ave|Ste 500|Egg Harbor Township
1|Atlanticare Regional Medical Center Inc|2500 English Creek Road|Suite 600|Egg Harbor Township
1|MB Fragrances LLC|2500 Hamilton Blvd||South Plainfield
1|The Lawrenceville School|2500 Main St.||Lawrenceville
1|Southern New Jersey Perinatal Cooperative|2500 McClellan Avenue|Suite 270|Pennsauken
1|New Fields Technologies LLC|2500 Plaza 5 HFC|25th Floor|Jersey City
1|Aujas Cybersecurity Limited|2500 Plaza 5, Harborside Financial Center|185 Hudson Street|Jersey City
1|Proximo Consulting Services Inc|2500 Plaza Five||Jersey City
1|W.Y. Industries Inc|2500 Secaucus Road||North Bergen
1|Apex Technology Systems Inc|2509 Park Avenue|Suite 2A|South Plainfield
1|MAGTECH CONSULTING AND SOLUTIONS DEVELOPMENT CORPORATION|251 BELLEVUE AVENUE|SUITE 102|HAMMONTON
1|NETSEC PROFESSIONALS CORPORATION|251 BELLEVUE AVENUE, SUITE 103||HAMMONTON
1|CAC Global Inc|251 Circle Dr N||Piscataway
1|AUTOMANN INC|251 DOCKS CORNER ROAD||MONROE TOWNSHIP
1|Doka USA, Ltd.|251 Monroe Avenue||Kenilworth
1|QUICKLERT INC|252 NASSAU STREET|2ND FLOOR|PRINCETON
1|JASHAN 999 LLC|252 US 46||PARSIPPANY
1|Soma Labs Inc|252 Wagner Street||Middlesex
1|EQUIPOISE PHYSICAL THERAPY LLC|2520 JOHN F. KENNEDY BLVD.|SUITE C1|JERSEY CITY
1|NOVAMEGHA LLC|2525 ROTE 130, BUILDING E|SUITE 104|CRANBURY
1|NOVAMEGHA LLC|2525 ROUTE, 130 BUILDING E|SUITE 104|CRANBURY
1|Euclid Technologies LLC|2525 Route 130 Building D||Cranbury
1|Wailea Systems LLC|2525 Route 130 Building E|STE 102|Cranbury
1|Masterex Technologies Inc|2525 Route130||Cranbury
1|App Dynamic Systems LLC|2525 US 130 Building E|Suite 103|Cranbury
1|App Dynamic Systems LLC|2525 US 130 Bulg E|Suite 103|Cranbury
1|App Dynamic Systems LLC|2525 US 130 building E|Suite 103|cranbury
1|Keane Systems LLC|2525 US 130, Bldg. C|Suite 2|Cranbury
1|NAM INFO INC|2525 US HIGHWAY 130, BLDG. D|SUITE 2|CRANBURY
1|SUSASH CONSULTING SERVICES LLC|2525 US HWY 130|Building C|Cranbury
1|Inamalab Inc|2525 US Highway 130|Building E Suite|Cranbury
1|SOURCEITSOLUTIONS INC|2525 US Highway 130, Suite   1||Cranbury
1|Masterex Technologies Inc|2525 US Route 130, Bldg. C||Cranbury
1|Euclid Technologies LLC|2525 US Route 130, Building D||Cranbury
1|Euclid Technologies LLC|2525 US Rt. 130, Bldg. D||Cranbury
1|Euclid Technologies LLC|2525 US Rt. 130, Bldg. E||Cranbury
1|App Dynamic Systems LLC|2525 US-130 Bldg E|Suite 103|Cranbury
1|App Dynamic Systems LLC|2525 US-130, Building E|Suite 103|Cranbury
1|Grove Food and Beverage Inc|253 Washington St||Jersey City
1|Optimal Infosystems Inc|254 E Arthur Pl||Iselin
1|SAINT PETERS UNIVERSITY HOSPITAL INC|254 EASTPM AVENUE||NEW BRUNSWICK
1|LEADER MEAT PACKING CORP|254 Sykesville Road||Chesterfield
1|JOSHUA ZINDER ARCHITECTURE DESIGN LLC|254 WITHERSPOON STREET|N/A|PRINCETON
1|JERSEY CITY GLOBAL CHARTER SCHOOL|255 CONGRESS STREET||JERSEY CITY
1|Al International LLC|255 Netherwood Ave||Plainfield
1|KUNOSOLTECH LLC|255 OLDNEWBRUNSWICK ROAD|SUITE-S120|PISCATAWAY
1|Maa IT Solutions LLC|255 Old New Brunswick Road, , , NJ 08854|Suite N224|Piscataway
1|United Merchant Services Inc|255 Route 17 South||Hackensack
1|United Merchant Services Inc|255 Rt. 17 South||Hackensack
1|IMPERIAL BAG & PAPER CO LLC|255 US Highway 1 and 9||Jersey City
1|Techigai Inc|255 at 475 Wall Street||Princeton
1|IoTecha Corp|2555 RTE 130, Suite 2||Cranbury
1|Coffey Brothers Inc|2559 Route 9 North||Howell
1|Powerfluence LLC|256 Longwood Ln||Somerset
1|DWM Holdings Incorporated|256 Nassau Street||Princeton
1|Princetel Inc|2560 E State St EXT||Hamilton
1|Princetel Inc|2560 E State St Ext||Hamilton
1|Princetel Inc|2560 E State St. Ext.||Hamilton
1|NEW ERA INFORMATION TECHNOLOGIES LLC|2564 US HIGHWAY 1|Office 104|LAWRENCE TOWNSHIP
1|Bright Start PT & PTA, PLLC|2571 East 17th Street||Brooklyn
1|My House Design Inc|2576 US Highway 22 E||Union
1|My House Design Inc|2576 US-22||Union
1|STREAM MONTESSORI SCHOOL|258 KING GEORGE ROAD||WARREN
1|Stream Montessori School LLC|258 King George Road||Warren
1|Integrated Construction Enterprises Inc|259 Stephens St||Belleville
1|Integrated Construction Enterprises Inc|259 Stephens Street||Belleville
1|Primera Analytical Solutions Corp.|259 Wall St.||Princeton
1|ARC Financial Solutions LLC|2595 Yardville Hamilton Square Road||Hamilton
1|Pergament & Cepeda LLP|25A Hanover Road, Suite  104||Florham Park
1|KZY Logistics LLC|26  Commerce Road|Suite E-G|Fairfield
1|GLOBAL IT INVESTORS INC|26 BRENTWOOD PLACE||MONROE TOWNSHIP
1|Xander Group LLC|26 Goshawk Ct||Morganville
1|Bethel Renewal Center|26 Kanouse Ln||Montville
1|Polyorganic Technologies Corp.|26 Kennedy Boulevard|Suite C|East Brunswick
1|Priority 1 Security NJ LLC|26 LINCOLN AVE||WEST MILFORD
1|Blue Water Shipping U.S. Inc|26 Northfield Ave||Edison
1|MARGIN5 SOLUTIONS INC|26 OLIVER ST|SUITE 200|METUCHEN
1|PACIFIC TAX AND CONSULTING GROUP LLC|26 Orange Road||Montclair
1|OptiBrand LLC|26 Park St|Ste 2061|Montclair
1|Delta Circuits Inc|26 Spielman Road||Fairfield
1|AVIVA NATURAL SUPPLEMENTS|26 VAN DYKE AVE||NEW BRUNSWICK
1|Aviva Natural Supplements LLC|26 Van Dyke Avenue||New Brunswick
1|KABEER CONSULTING. INC|26 WILLS WAY||PISCATAWAY
1|TWINTRON DATA SYSTEMS INC|26 WOODBROOK ROAD||VOORHEES
1|UNITEMP MECHANICAL DEGREES LLC|26 WORLDS FAIR DRIVE, UNIT D||SOMERSET
1|Kabeer Consulting Inc|26 Wills Way||Piscataway
1|Knewly Inc|26 Woodward Ln||Basking Ridge
1|Unitemp Inc|26 Worlds Fair Dr.|Suite D|Somerset
1|VX Media LLC|260 Ave E Suite 609||Bayonne
1|VIVARAN IT SOLUTIONS INC|260 HWY 202/31|STE 1200|FLEMINGTON
1|Vivaran IT Solutions Inc|260 Highway 202/31|Suite 1200|Flemington
1|IT CORPZ INC|260 MIDDLESEX TURNPIKE||ISELIN
1|TAMMINA INFOTECH INC|260 Middlesex Turnpike||Iselin
1|LHS Productions Inc|260 Union Street||Northdale
1|THOMAS FOODS INTERNATIONAL USA|2600 OLDMANS CREEK ROAD||SWEDESBORO
1|TRUMPF Photonics Inc|2601 US Route 130 South||Cranbury
1|M.E.K. REVIEW INC|261 FIRST STREET||PALISADES PARK
1|TheraAide Rehab LLC|261 Liberty Avenue|Suite 103|Jersey City
1|Leland Limited Inc|2614 South Clinton Avenue||South Plainfield
1|QUARTZ AMERICA LLC|2615 RIVER ROAD|SUITE 6|CINNAMINSON
1|SEVEN SEVEN SOFTWARES INC|262 E. Main Street||Rockaway
1|Seven Seven Softwares Inc|262 East Main St.||Rockaway
1|APPCO Pharma LLC|262 Old New Brunswick Road, Suite N||Piscataway
1|Felician University|262 S. Main Street||Lodi
1|Enthsquare Inc|2620 Whitehorse Hamilton Square Road|STE B1|Hamilton Township
1|LUMEN ARCHITECTURAL ENGINEERING, P.C.|263 BROAD AVE|STE 201|PALISADES PARK
1|Living Stone Christian Church|264 W Northfield Road||Livingston
1|SD Collaborations Group LLC|264 Winding Hill Drive||Hackettstown
1|SAVVY IT GROUP INC|2640 HIGHWAY 70|SUITE 10B|MANASQUAN
1|Savvy IT Group Inc|2640 Highway 70|Suite 10B|Manasquan
1|Saint Peters University|2641 John F Kennedy Boulevard||Jersey City
1|Saint Peters University|2641 John F. Kennedy Boulevard||Jersey City
1|TCG DIGITAL SOLUTIONS LLC|265 DAVIDSON AVE|SUITE 220|SOMERSET
1|Sphere Management Inc|265 Davidson Ave, Suite 110|N/A|Somerset
1|Practice Consulting Institute Inc|265 Davidson Avenue, Suite 110||Somerset
1|FH GROUP INTERNATIONAL INC|265 Secaucus Road||Secaucus
1|OZUSA LLC|265 Wilson Drive||Cresskill
1|Ginsey Industries Inc|2650 Oldmans Creek Road||Swedesboro
1|NARTAL SYSTEMS INC|2650 US 139|SUITE E|CRANBURY
1|VITRANA INC|2650 US HIGHWAY 130|STE I|Cranbury
1|Vitrana Inc|2650 US Highway 130|STE I|Cranbury
1|APEX LTC Pharmacy LLC|2650 US Highway 130 Suite D||Cranbury
1|NEW ERA INFORMATION TECHNOLOGIES LLC|2654 US HIGHWAY 1|Office 104|LAWRENCE TOWNSHIP
1|NGY Group New Jersey Inc|266 Old New Brunswick Road|Suite 100|Piscataway
1|Seven7 Enterprise LLC|267 Coit street||Irvington
1|New Brunswick Board of Education|268 Baldwin Street||New Brunswick
1|XYLA Entertainments LLC|2681 Quakerbridge Road|Suite A-3|Hamilton Square
1|Barsan Global Logistics Inc|269 Wyckoff Mills Road||Hightstown
1|IT BUSINESS MANAGEMENT SOLUTIONS INC|26B JEFFERSON PLAZA||PRINCETON
1|W & O Associates LLC|26th and the Boardwalk||North Wildwood
1|Ying Cao Law LLC|27 Bleeker St|Suite 202|Millburn
1|Evergreen Theragnostics Inc|27 Commerce St||Springfield
1|Evergreen Theragnostics Inc|27 Commerce Street||Springfield
1|SRJ INTERNATIONAL INC|27 LANGAN CT.||FAIR LAWN
1|Alban Construction LLC|27 Libella CT||Newark
1|LOIA FOOD IMPORT & EXPORT LLC|27 MALVERN STREET||NEWARK
1|FIREFLY CLUBS INC|27 ROCKLAND ROAD||EWING
1|M Shineberger LLC|27 Randolph Road||Howell
1|N.C. & Sons Inc|27 Ridge Road||Whitehouse Station
1|Premier Medical USA Corporation|27 School House Road||Somerset
1|GLOBAL BUSINESS CONSULTING SERVICES INC|27 Southfield Road||EDISON
1|NATSOFT CORPORATION|27 WOROADLS FAIR DR||SOMERSET
1|S&Y NATURAL STONE LLC|270 CLIFTON BLVD||CLIFTON
1|DS Consultancy Group Co|270 Devon Street|2nd Floor|Kearny
1|Ukay Trucking & Delivery Service Inc|270 OLD NEW BRUNSWICK ROAD|STE 200|PISCATAWAY
1|CMIC CMO USA Corporation|270 Prospect Plains Road||Cranbury
1|Advanced Solar Products Inc|270 S Main Street||Flemington
1|Greenlight Technologies Inc|270 SOUTH MAIN STREET||Flemington
1|Advanced Solar Products Inc|270 South Main Street|Suite 203|Flemington
1|Rempac LLC|270 W Passaic St||Rochelle Park
1|M.R.C.A LLC|2702 Brunetta Drive||Vineland
1|Vanguard Medical Group, P.A.|271 Grove Avenue|Suite A|Verona
1|Arrow Fastener Co.|271 Mayhill St||Saddle Brook
1|Arrow Fastener Company LLC|271 Mayhill St.||Saddle Brook
1|TECHNOSTAFF LLC|271 ROUTE 46 W|SUITE C-202|FAIRFIELD
1|CONCORD USA LLC|271 ROUTE 46 WEST|F204|FAIRFIELD
1|CITTACORE TECHNOLOGIES INC|271 US HIGHWAY 46 W.|SUITE C 104|FAIRFIELD
1|TEAM TRANQUIL INC|271 US HIGHWAY 46, SUITE F205||FAIRFIELD
1|Ficke & Associates Inc|271 US Highway 46|Suite A 201|Fairfield
1|Ficke & Associates Inc|271 US Highway 46, Suite A 201||Fairfield
1|GENOUS LLC|273 16th St|Apt 1607|Jersey City
1|DO N CONSTRUCITON CORP.|273 COLUMBIA TERRACE||PARAMUS
1|Nlyte Software Inc|275 Rairant Center Parkway||Edison
1|Nlyte Software Inc|275 Raritan Center Parkway||Edison
1|Esti Foods LLC|275 Veterans Blvd||Rutherford
1|Marsh Consulting Services Inc|276 East Main Street|Suite 10|Denville
1|Livingston Legend Inc|277 Eisenhower Pkwy||Livingston
1|East West Systems Inc|277 Fairfield Road,|Suite 331|Fairfield
1|Framaca Complete Home Improvement LLC|278 Lackawanna Drive||Byram
1|BRIGHTER BEE ACADEMY LLC|278 Monmouth Street||Jersey City
1|Brighter Bee Academy|278 Monmouth street||Jersey City
1|UHL & Associates Inc|278 N. Union St.|Suite 106|Lambertville,
1|FINANCEBOX INC|279 PARSONAGE ROAD||EDISON
1|AuroMedics Pharma LLC|279 Princeton Highstown Road||East Windsor
1|Eugia US Manufacturing LLC|279, Princeton Hightstown Road||East Windsor
1|QWA Studio LLC|28 Bright St, Unit 305||Jersey City
1|JVM Global Inc|28 Cottage St|Suite 305|Jersey City
1|Micrologic Associates|28 Eastmans Road||Parsippany-Troy Hills
1|Coppola Services Inc|28 Executive Parkway||Ringwood
1|J&F International Group Inc|28 PATH PLZ|CONCOURSE SPACE B|JERSEY CITY
1|Internal Medicine of Morris County LLC|28 Pocono Road||Denville
1|VELOX INTERNATIONAL SHIPPING INC|28-31 Merry Ln||East Hanover
1|LICENSED PRODUCTS LLC|280 CHESTNUT ST.||NEWARK
1|Licensed Products LLC|280 Chestnut St||Newark
1|INCUSOL INC|280 MARIN BLVD|STE 11 K|JERSEY CITY
1|Westlock Controls Corporation|280 N Midland Ave|Ste 258|Saddle Brook
1|Westlock Controls Corporation|280 N. Midland Avenue|Suite 258|Saddle Brook
1|VADILAL INDUSTRIES(USA) INC|280 WILSON AVENUE|UNIT C|NEWARK
1|SKY EDGE SYSTEMS LLC|2800 JOHN F KENNEDY BLVD|FLOOR 2|JERSEY CITY
1|Yotta Systems Inc|281 Franklin Av|Suite 200|Nutley
1|Yotta Systems Inc|281 Franklin Avenue, Suite  200||Nutley
1|SC Berger A LLC|281 Route 46 W.||Elmwood Park
1|SIGMA GROUP INC|281 STATE RT 79||MORGANVILLE
1|Sigma Group Inc|281 State Rt 79||Morganville
1|Chronic Care Management Inc|282 Chester Ave||Moorestown
1|Praman Corp|2825 Rt 18||Old Bridge
1|PULSEPOINT INC|283-299 MARKET STREET|4TH FLOOR|NEWARK
1|Chemtech Consulting Group Inc|284 Sheffield Street||Mountainside
1|RUMBLE FAMILY FITNESS|285 BROOKSIDE AVENUE||CRESSKILL
1|Kapetanakis Boxing LLC|285 Brookside Ave||Cresskill
1|Synergy Global Technologies Inc|285 Davidson AVenue|Suite 501|Somerset
1|Atlantic-IT.net LLC|285 Davidson Ave Ste 102||Somerset
1|Brightech International LLC|285 Davidson Ave Ste 504||Somerset
1|Brightech International LLC|285 Davidson Avenue, Ste 504||Somerset
1|Trident Systems Integrator LLC|285 Durham Avenue Suite 17||South Plainfield
1|LAKSUS TECHNOLOGIES INC|285 RHODE HALL ROAD|SUITE 205|MONROE TOWNSHIP
1|LakSus Technologies Inc|285 Rhode Hall Road|Suite 205|Monroe Township
1|Machinery Services Company LLC|285 Straight St.||Paterson
1|Rapid Pump & Meter Service Co.|285 Straight Street||Paterson
1|COIM USA Inc|286 Mantua Grove Road||West Deptford
1|Nuloom LLC|286 Prospect Plains Road||Cranbury
1|PARLOR BANQUET LLC|2863 WOODBRIDGE AVENUE||EDISON
1|SECUREGEN INC|2864 STATE ROUTE 27|SUITE E|NORTH BRUNSWICK
1|FERRARO FINE FOODS CORP|287 SOUTH RANDOLPHVILLE ROAD||PISCATAWAY
1|HAZLET PHARMACY INC|2874 HIGHWAY 35 SOUTH||HAZLET
1|Prime Auto Imports LLC|288 Hamburg Turnpike||Riverdale
1|GS Global Services Inc|289, Route 33||Manalapan
1|SIRUI USA LLC|29 COMMERCE CT||VERONA
1|POLIPA NORTH AMERICA LLC|29 EMMONS DR||PRINCETON
1|GLOBAL LINK INFOTECH INC|29 Fiddlers Creek Road|Unit E|Titusville
1|Lapp USA Inc|29 Hanover Road||Florham Park
1|Innovative Business Concepts Inc|29 Julie Ct||Somerset
1|Dynamic Security LLC|29 Northfield Avenue||Edison
1|MEGA CONSTRUCTION MANAGEMENT INC|29 Pangborn Place||Hackensack
1|American Software LLC|29-31  Freeman St|Ste D1|Newark
1|EnCharge AI Inc|290 Hamilton Avenue||Princeton
1|Enterprise Solutions Accounting LLC|2910 S. Broad Street||Hamilton
1|Desee Food LLC|293 1/2 Grove Street||Jersey City
1|CDC Group Inc|293 Park Street||Upper Montclair
1|SHAH ANUJ MD PC|293 Passaic Street||Passaic
1|DAS TECHNOLOGY SOLUTIONS LLC|293 ROUTE 18|SUITE D-319|EAST BRUNSWICK
1|Cloud5 Solutions Inc|295 DURHAM AVENUE SUITE  102||SOUTH PLAINFIELD
1|United IT Inc|295 Durham Ave, Suite 103|N/A|South Plainfield
1|Source Mantra Inc|295 Durham Avenue,|Suite 201|South Plainfield
1|strategy Soft LLC|295 Durham Avenue, Suite C||South Plainfield
1|USA TOUR|295 Johnston Ave apt 274||Jersey City
1|VEG TREAT LLC|295 PRINCETON HIGHTSTOWN ROAD|STE 14|WEST WINDSOR
1|SUVARI INC|297 CRESCENT BLVD.||BROOKLAWN
1|MS Engineers P.C.|297 Schraalenburgh Road||Closter
1|Doli Systems Inc|2983 JF Kennedy Blvd|Suite 200|Jersey City
1|DOLI SYSTEMS INC|2983 JOHN F KENNEDY BLVD|SUITE 200|JERSEY CITY
1|Doli Systems Inc|2983 John F Kennedy Blvd|Suite 200|Jersey City
1|Point Pleasant Beach Board of Education|299 Cooks Lane||Point Pleasant Beach
1|EVONIK CORPORATION|299 JEFFERSON ROAD||PARSIPPANY
1|Patient Care New Jersey Inc|299 Market Street|Suite 400|Saddle Brook
1|SHAMROCK TECHNOLOGIES INC|299 PACIFIC STREET||NEWARK
1|Shamrock Technologies Inc|299 Pacific St.||Newark
1|ASPEN SOLUTIONS LLC|29S 2nd Ave||Highland Park
1|Natreon Inc|2D JANINE PLACE||New Brunswick
1|EGROVE SYSTEMS CORPORATION|2G AUER COURT||EAST BRUNSWICK
1|EGROVE SYSTEMS CORPORATION|2G AUER CT||EAST BRUNSWICK
1|BIOINTRON BIOLOGICAL USA INC|2O BRIDGE STREET||METUCHEN
1|China UnionPay (USA) LLC|3 2nd Street, Harborside Plaza 10|Suite 208|Jersey City
1|MAK PHARMA USA LLC|3 ASPEN DRIVE, SUITE 1||RANDOLPH
1|Viraj Consulting Inc|3 Aynsley Ct||Montville
1|Philadelphia 76ers, LP|3 Banner Way||Camden
1|Barrett Paving Materials Inc|3 Becker Farm Road||Roseland
1|Tupelo Brittany LLC|3 Brittany Court||Springfield
1|Aaryana Technologies Inc|3 Brookside Ct||Cranbury
1|MAX I.E.G. LLC|3 Canterbury Court||Alpine
1|DMS IT SERVICES INC|3 DISCOVERY DR||EAST WINDSOR
1|DMS IT SERVICES INC|3 Discovery Drive||East Windsor
1|SRICOM INC|3 EVES DRIVE|STE 305|MARLTON
1|PCB APPS LLC|3 EXECUTIVE DRIVE|SUITE 329|SOMERSET
1|CompuTech Inc|3 Eastmans Road||Parsippany
1|GMA Accessories Inc|3 Empire Blvd||S. Hackensack
1|GMA Accessories Inc|3 Empire Blvd.||South Hackensack
1|GMA Accessories Inc|3 Empire Boulevard||South Hackensack
1|IO Connect Services LLC|3 Gateway Center|10th floor, Suite 1005|Newark
1|IO Connect Services LLC|3 Gateway Center, 10th floor|Suite 1005|Newark
1|U.S. Produce Exchange LLC|3 Hogan Way||Moorestown
1|Infologitech Inc|3 Independence way|suite 117|Princeton
1|JUPITER RESEARCH SERVICES INC|3 KELLOGG CT.|STE 10|EDISON
1|Quikfoods Inc|3 Kellogg Court||Edison
1|Jupiter Research Services Inc|3 Kellogg Ct.|Ste 10|Edison
1|Optimal Infosystems Inc|3 Le Parc Ct||West Windsor
1|Twenty20 Systems LLC|3 Lenmore Ct,||Monroe Township,
1|Petron Scientech Inc|3 Mapleton Road||Princeton
1|AdElement Vast LLC|3 N Maple Ave|Suite 1|Ridgewood
1|Leading Pharma LLC|3 Oak Road||Fairfield
1|RCM Technologies (USA) Inc|3 Paragon Dr|2nd Floor|Montvale
1|PKA Technologies Inc|3 Paragon Dr., Suite 205||Montvale
1|AXCELLENT SOLUTIONS LLC|3 SONOMA CT||OLD BRIDGE
1|DARA FOOD LLC|3 SPERRY ROAD|STE B|FAIRFIELD
1|DARA FOOD LLC|3 SPERRY ROAD STE B||FAIRFIELD
1|Galata Chemicals LLC|3 Second St., Harborside Plaza 10|Suite 307|Jersey City
1|IPC Systems Inc|3 Second Street, 15th Floor||Jersey City
1|IPC Systems Inc|3 Second Street, Harborside Financial Center|15 Floor|Jersey City
1|IPC Systems Inc|3 Second Street, Harborside Financial Center Plaza 10|Floor 15|Jersey City
1|Radiare Inc|3 Third Street|Suite 260|Bordentown
1|EBH 18 LLC|3 Tower Center Blvd||East Brunswick
1|FLEMINGTON ADULT DAY CARE CENTER LLC|3 WALTER E FORAN BLVD|UNIT 309|FLEMINGTON
1|TrueFort Inc|3 West 18 th Street||Weehawken
1|TrueFort Inc|3 West 18th Street||Weehawken
1|Nuvera LLC|3 Wing Dr.|Suite 255|Cedar Knolls
1|Glocon Inc|3-1 Lugar Road||Denville
1|www.staritconsulting.com llc|30 Anne St||Hillsborough
1|www.staritconsulting.com llc|30 Anne st||Hillsborough Township
1|TECHVANTAGE SYSTEMS INC|30 CROSS ROAD||MORRIS PLAINS
1|CAC Global Inc|30 Camptown Road||Maplewood
1|Rutgers, The State University of New Jersey|30 College ave||New Brunswick
1|Techvantage Systems Inc|30 Cross Road||Morris Plains
1|COSMETICS & PERFUME FILLING & PACKAGING INC|30 ENGELHAROAD DRIVE||MONROE
1|EDA Cloud International Inc|30 Executive Ave||Edison
1|D&H Landscape Associates LLC|30 Franklin Avenue||Oakland
1|JESSICA BARLOW|30 GAIL COURT||SPARTA
1|Organon LLC|30 Hudson Street, Floor 33||Jersey City
1|GOLDMAN SACHS & CO.LLC|30 Hudson street||JERSEY
1|WHITESTONE ASSOCIATES INC|30 INDEPENDENCE BOULEVAROAD|SUITE 250|WARREN
1|PRN IT CORP|30 KNIGHTBRIDGE ROAD|SUITE 525|PISCATAWAY
1|PRN IT CORP INC|30 KNIGHTS BRIDGE ROAD|SUITE 525|PISCATAWAY
1|BIGD TECHNOLOGIES LLC|30 KNIGHTSBRIDGE ROAD, SUITE 525||PISCATAWAY
1|The Hierophant Entertainment LLC|30 Knightsbridge|Suite 525|Piscataway
1|TechHut Corporation|30 Knightsbridge Road , NJ|Suite 525|Piscataway
1|TEK ROCKS IT SERVICES LLC|30 Knightsbridge Road , Suite 525||Piscataway
1|PRN IT CORP INC|30 Knightsbridge Road,|Suite 525|Piscataway
1|Sunbird Software Inc|30 Knightsbridge Road, Ste. 620||Piscataway
1|Likeminds Consulting Inc|30 Knightsbridge Road, Suite   525||Piscataway
1|GenX Technocrats LLC|30 Knightsbridge Road, Suite  525|Office 254|Piscataway
1|PRN IT Corp|30 Knigtsbridge Road|Suite 525|Piscataway
1|Kubra Data Transfer, LTD.|30 Knox Drive||Piscataway
1|CLINTON PHARMACY INC|30 Main St|N/A|Clinton
1|Snow Ball Rental Inc|30 Mall Drive West||Jersey City
1|DeskNet Inc|30 Montogomery Street|Suite 650|Jersey City
1|Treasure Import Inc|30 Murray Hill Pkwy|Suite 200|East Rutherford
1|Halo Pharmaceutical Inc|30 N Jefferson Road||Whippany
1|AVANCER CORPORATION|30 N MAIN STREET|SUITE 201|CRANBURY
1|Avancer Corporation|30 N. Main Street|Suite 201|Cranbury
1|Arria NLG USA Inc|30 Park Place West||MORRISTOWN
1|Kooltronic Inc|30 Pennington-Hopewell Road||Pennington
1|HUMC Cardiovascular Partners, P.C.|30 Prospect Avenue||Hackensack
1|Solid Developement Group Inc|30 Sherwood LN|STE 7|Fairfield
1|Brandon Consulting Associates Inc|30 Silverline Drive|Suite 3, 2nd Floor|North Brunswick
1|BRANDON CONSULTING ASSOCIATES INC|30 Silverline Drive,|Suite 3, 2nd Floor|North Brunswick
1|ONE WORLD DESIGN & MFG GROUP LIMITED|30 TECHNOLOGY DRIVE||WARREN
1|Vanguard Dealer Services|30 Two Bridges Road|Suite 240|Fairfield
1|Astra Studios Inc|30 Union St||Elizabeth
1|SKG CONSULTING INC|30 VREELAND ROAD|BUILDING A / SUITE 200|FLORHAM PARK
1|LatentAI Inc|30 Vreeland Dr.|Suite 1-3|Skillman
1|Helient Technologies LLC|30 Washington Avenue|Suite D2|Haddonfield
1|Itopia Inc|30-32 Central Avenue|2nd Floor|Jersey City
1|CHAIN LOGISTICS USA INC|300 2 STATE ROUTE 17 SOUTH|SUITE B|LODI
1|SYNECTIKS INC|300 ALEXANDER PARK DRIVE, SUITE 215||PRINCETON
1|SYNECTIKS INC|300 ALEXANDER PARK, SUITE 215||PRINCETON
1|Diverse Lynx LLC|300 Alexander Park|Suite 200|Princeton
1|Dodge Data & Analytics LLC|300 American Metro Blvd||Hamilton Township
1|CARNEGIE INFOTECH INC|300 CARNEGIE CENTER DR.|SUITE 150|PRINCETON
1|DIGITAL DHARA LLC|300 CARNEGIE CTR|SUITE 150|PRINCETON
1|DIGITALDHARA LLC|300 CARNEGIE CTR.|SUITE 150|PRINCETON
1|GRAND SUPERCENTER INC|300 CHUBB AVE||LYNDHURST
1|GRAND SUPERCENTER INC|300 CHUBB AVENUE||LYNDHURST
1|PRINCETON CHILD DEVELOPMENT INSTITUTE|300 COLD SOIL ROAD||PRINCETON
1|Chenoa Information Services Inc|300 CONNELL DRIVE|SUITE 1000|Berkeley Heights
1|Shionogi Inc|300 Campus Drive||Florham Park
1|Akshayam Consulting LLC|300 Carnegie Center Dr|Ste 150|Princeton
1|Carnegie Infotech Inc|300 Carnegie Center Dr.|Suite 150|Princeton
1|GS1 US Inc|300 Charles Ewing Blvd||Ewing
1|Sonepar Management US Inc|300 Clocktower Drive|Suite 201|Hamilton
1|EMES Professional Associates|300 Columbus Circle|Suite A|Edison
1|Stonewain Systems Inc|300 Connell Dr.|Suite 3200|Berkeley Heights
1|Axtria INC|300 Connell Drive, 5th Floor||Berkeley Heights
1|Axtria INC|300 Connell Drive, FLR 5||Berkeley Heights
1|Axtria INC|300 Connell Drive, Flr 5||Berkeley Heights
1|Sports Information Analysis LLC|300 Craig Road|Suite 210|Manalapan
1|ID 360 ANALYTICS|300 DEER CREEK DRIVE|SUITE 389|PLAINSBORO
1|Sysco Guest Supply LLC|300 Davidson Avenue||Somerset
1|PEEK PROPERTIES LLC|300 Executive Drive|Suite 360|West Orange
1|ASIA STAR BROADCASTING INC|300 FIDELITY PLAZA||NORTH BRUNSWICK
1|COGNIZANT WORLDWIDE LIMITED|300 Frank W Burr|Suite 36, 6th Floor|TEANECK
1|Collaborative Solutions LLC|300 Frank W. Burr Boulevard|Suite 36, 6th Floor|Teaneck
1|Childsmiles PC Holdings NJ PA|300 Harmon Meadow Blvd.|2nd Floor|Secaucus
1|Vitamin Shoppe LLC|300 Harmon Meadows Blvd|Floor 5|Secaucus
1|Vitamin Shoppe Industries Inc|300 Harmon Meadows Boulevard|Floor 5|Secaucus
1|NIKHI CONTRACTING CORP|300 KIMBALL STREET|STE 102|WOODBRIDGE
1|Langan Engineering and Environmental Services LLC|300 Kimbal Drive|4th Floor|Parsippany
1|AJM Contractors Inc|300 Kuller Road||Clifton
1|OCM New Jersey Inc|300 Linden Logistics Way|Unit C|Linden
1|Sensor Products Inc|300 Madison Avenue|Suite 100|Madison
1|Concord Advice LLC|300 Main Street|Suite 21|Madison
1|Clearlite Inc|300 Maple Avenue|Suite 205|South Plainfield
1|.Com Distribution Corp|300 Nixon Lane||Edison
1|Symrise Inc|300 North Street||Teterboro
1|Genuardi Master Tailor|300 Observer Highway, Bldg H|4th Floor|Hoboken
1|Genuardi Master Tailor llc|300 Observer Hwy|Bldg. H, 4th Floor|Hoboken
1|RSVLTS LLC|300 Observer Hwy.|Suite E60|Hoboken
1|William Paterson University|300 Pompton Road||Wayne
1|Hoffman International Inc|300 S. Randolphville Road||Piscataway
1|Monmouth Medical Center Faculty Practice Plan Inc|300 SECOND AVENUE||LONG BRANCH
1|Hyundai Marine & Fire Insurance Co., LTD|300 Sylvan Avenue||Englewood Cliffs
1|Hyundai Marine and Fire Insurance Company, Ltd.|300 Sylvan Avenue, 2nd Floor||Englewood Cliffs
1|Strategic Planning and Management LLC|300 Third Street|Suite C|Ocean City
1|Curbngo USA LLC|300 Tice Blvd, Suite 175||Woodcliff Lak
1|Givaudan Fragrances Corporation|300 Waterloo Valley Road||Budd Lake
1|KixiTrade LLC|300 Winston Dr.|Suite 2822|Cliffside Park
1|Real Estate Innovators Inc|300 Witherspoon St||Princeton
1|QUICKLERT INC|300 Witherspoon St.|Suite 201 & 202|Princeton
1|Axtria Inc|300, Connell Dr|Floor 5|Berkeley Heights
1|Axtria Inc|300,Connell Dr|Floor 5|Berkeley Heights
1|Axtria Inc|300,Connell Drive|Floor 5|Berkeley Heights
1|Axtria Inc|300,Connell dr|Floor 5|Berkeley Heights
1|TSM BRANDS LLC|300-2 ROUTE 17 S, UNIT D||LODI
1|CHIRU CONSULTING LLC|3000 ATRIUM WAY|2ND FLOOR, SUITE 230|MOUNT LAUREL
1|Crystal Bio Solutions Inc|3000 EASTPARK BLVD|STE 500B|CRANBURY
1|Crystal Pharmatech Inc|3000 Eastpark Blvd.|Suite 500 B|Cranbury
1|Epitome Cloud Inc|3000 Hadley Road|Suite 305|South Plainfield
1|Atlantic Hospitality|3001 Pacific Avenue||Atlantic City
1|GLOBE HARVEST IMPORTS LTD.|3001 Woodbridge Avenue|Unit R105|Edison
1|SHIVAAMI LLC|3001, GREEN HOLLOW DRIVE||ISELIN
1|Happy Dragon of New York Inc|3004 146th Street||Flushing
1|PROGEN PHARMACEUTICAL INC|3005 HADLEY ROAD|SUITE 8|SOUTH PLAINFIELD
1|Cyprotex US LLC|301 C College Road East||Princeton
1|SIUVO INC|301 CARNEGIE CENTER|SUITE 100|PRINCETON
1|HARBOR FREIGHT TRANSPORT CORP.|301 CRANEWAY STREET||NEWARK
1|Harbor Freight Transport Corporation|301 Craneway Street||Newark
1|MEGA SHIPPING & FORWARDING LTD.|301 PENHORN AVE|UNIT 4|SECAUCUS
1|Mega Shipping and Forwarding LTD|301 Penhorn Av|Suite 4|Secaucus
1|MEGA SHIPPING AND FORWARDING LTD|301 Penhorn Ave  4||NEW JERSEY
1|Advanced Orthopedics and Sports Medicine Institute, PC|301 Professional View Dr.|Building 300|Freehold
1|Advanced Orthopedics and Sports Medicine Institute, PC|301 Professional View Drive|Building 300|Freehold
1|UROOJ LLC D/B/A ONPOINTE|301 ROUTE 17 N. SUITE 800||RUTHERFORD
1|UROOJ LLC D/B/A ONPOINTE|301 ROUTE 17N, SUITE 800||RUTHERFORD
1|MED ART INC|301 RT 17, STE 800||RUTHERFORD
1|AP Northeast Management LLC|301 Route 17 North, Suite 802|N/A|Rutherford
1|AP Northeast Management LLC|301 State RT-17|Suite 802|Rutherford
1|New Jersey Manufacturers Insurance Company|301 Sullivan Way||West Trenton
1|Airtech Group Inc|301 Veterans Blvd||Rutherford
1|Open IT Labs LLC|3015 Lighthouse Lane||Parlin
1|Conjupro Biotherapeutics Inc|302 Carnegie Center|Suite 100|Princeton
1|Conjupro Biotherapeutics Inc|302 Carnegie Center Blvd|Ste 100|Princeton
1|Tech Expert Solutions|302 Clifton Avenue||Clifton
1|Wealth Planning Advisory Group|302 US Highway 202 Building A||Bedminster
1|WEALTH PLANNING ADVISORY GROUP|302 US Highway 202/206 Unit A||Bedminster
1|ASSOCIATES SYSTEMS LLC|302 Wall Street||Princeton
1|Cryptyx Bioscience|303 College Road East|Suite A|Princeton
1|ABN AMRO Holdings USA LLC|303 George Street|Suite 307|New Brunswick
1|Virtua Medical Group, P.A.|303 Lippincott Drive|Floor 3|Marlton
1|HV Manco LLC|303 Montrose Avenue||South Orange
1|Lords Will Presbyterian Church|303 Prospect Street||Ridgewood
1|SLT FOODS INC|303 RIDGE ROAD||DAYTON
1|Aryan And Alisha Resources LLC|303 Ridge Road||Dayton
1|Williams Drug LLC|305 Broadway||Paterson
1|Cuny & Guerber Inc|305 Clearview Road||Edison
1|OPEX Corporation|305 Commerce Drive||Moorestown
1|Gallagher Marine Systems LLC|305 Harper Dr||Moorestown
1|Beautiful Minds Health and Wellness Inc|305 Independence Blvd||Sicklerville
1|Beautiful Minds Health and Wellness Inc|305 Independence Blvd.||Sicklerville
1|United States Fire Insurance Company|305 Madison Avenue||Morristown
1|SUH & KIM CPAS LLC|306 BROAD AVE, STE 2A||PALISADES PARK
1|SUH & KIM CPAS LLC|306 BROAD AVENUE|STE 2A|PALISADES PARK
1|SUH & KIM CPAS LLC|306 Broad Ave Ste 2A||Palisades Park
1|St. Teresa of Avila Catholic Church|306 Morris Avenue||Summit
1|ASSOCIATES SYSTEMS LLC|306 Wall Street||Princeton
1|Atlantic Smiles LLC|3069 English Creek Ave|Suite 304|Egg Harbor Township
1|AskPharma lnc.|307 College Road East||Princeton
1|P SQUARE SOLUTIONS LLC|307 FELLOWSHIP ROAD|SUITE 104|MOUNT LAUREL
1|HUMC Opco LLC|308 Willow Ave||Hoboken
1|Fstone Technologies LLC|3084 Route 27, Ste. 3||Kendall Park
1|ZENOSYS LLC|3084 STATE ROUTE 27|SUITE 12|KENDALL PARK
1|Espryt Inc|3084 State Highway 27|Suite 3|Kendall Park
1|Espryt Inc|3084 State Route 27 Ste 3||Kendall Park
1|Shivam Infotech Inc|3086  State Route 27|Suite 11|Kendall Park
1|Shivam Infotech Inc|3086 NJ-27|STE 11|South Brunswick Township
1|SHIVAM INFOTECH INC|3086 STATE ROUTE 27|SUITE 11|KENDALL PARK
1|Shivam Infotech Inc|3086 State Route 27|Suite 11|Kendall Park
1|ALL IT SOLUTIONS LLC|309 FELLOWSHIP ROAD EAST GATE CENTER|SUITE 200|MOUNT LAUREL TOWNSHIP
1|RV INFORMATION TECHNOLOGY INC|309 FELLOWSHIP ROAD, EAST GATE CENTER|SUITE 200|MOUNT LAUREL
1|Qellus LLC|309 Fellowship Road East Gate Center|Suite 200|Mount Laurel
1|CONTRIVA INC|309 New Brunswick Ave|Suite 4|Fords
1|CompoSecure LLC|309 Pierce Street||Somerset
1|Pro Custom Solar LLC|3096 B Hamilton Blvd||South Plainfield
1|XCEED TECHNOLOGIES INC|31 BRIDGE STREET||METUCHEN
1|XCEED TECHNOLOGIES INC|31 BRIDGE STREET,||METUCHEN
1|Xceed Technologies Inc|31 Bridge Street||Metuchen
1|Ozaintel LLC|31 Creemer Ave||Iselin
1|Casa Developer LLC|31 E WEST JERSEY AVE||PLEASANTVILLE
1|LX Management LLC|31 E West Jersey Ave||Pleasantville
1|Koma Vita Vinna LLC|31 East Reid Place||Verona
1|Clover Bay Technologies Inc|31 Greylynne Drive||Monroe Township
1|KVS BIOSCIENCES LLC|31 LAMERSON CIR.||BUDD LAKE
1|Velox International Shipping Inc|31 MERRY LN||EAST HANOVER
1|The Pingry Corporation|31 Martinsville Road||Basking Ridge
1|Velox Interantional Shipping Inc|31 Merry Ln||EAST HANOVER
1|BeOne Medicines US Manufacturing Co. Inc|31 Pennington Rocky Hill Road||Hopewell
1|Players Development Academy|31 Roebling Road||Bernardsville
1|Everest Life Sciences LLC|31 Schalks Crossing Road||Plainsboro
1|Impact Displays Group LLC|310 13TH Street||Carlstadt
1|Impact Displays Group LLC|310 13Th Street||Carlstadt
1|Impact Displays Group LLC|310 13th Street||Carlstadt
1|INNOZA TECH LLC|310 LARSON ROAD||NORTH BRUNSWICK
1|Capital Health System Inc|3100 Princeton Pike|Building 2, Floor 3|Lawrenceville
1|GSS Hamilton Dental LLC|3100 Quakerbridge Road||Hamilton Township
1|Maz Design LLC|311 Boulevard of the Americas|Suite 105|Lakewood
1|Al International LLC|311 Susan Court||North Plainfield
1|GUILD AND FACET LLC|3114 TONNELLE AVE||NORTH BERGEN
1|Nissi Construction Group NJ LLC|312 Commercial Ave||Palisades Park
1|OPTYX LLC|312 Springfield Avenue|Suite 103|Berkeley Heights
1|Ben Horten Architecture & Design|312 State Route 10||Randolph
1|Stealth Marketing Group Inc|312 W ROUTE 38|SUITE 120|MOORESTOWN
1|TK Group Management LLC|312 W Route 38|Suite 204|Moorestown
1|ML Tech Experts Inc|3121 RT 22 E, 3rd Floor||Branchburg
1|CONEXUS SOLUTIONS INC|3121 US Highway 22 East|Suite 303|Branchburg
1|ENVISION TECHNOLOGY SOLUTIONS INC|3121 US ROUTE 22|SUITE 324|BRANCHBURG
1|Elastiq Inc|313 Belle Mead Griggstown Road||Belle Mead
1|Innovative Photonics Solution|313 Enterprise Drive||Plainsboro
1|KEMGO INC|313 SAYRE DR||PRINCETON
1|Caliam JC LLC|313 grove st||Jersey City
1|New Jersey Infrastructure Bank|3131 Princeton Pike|Building 4, Suite 216|Lawrenceville
1|D & N CORPORATION|314 MAIN STREET||ORANGE
1|Consulting & Municipal Engineers LLC|3141 Bordentown Avenue||Parlin
1|JNIT Technologies Inc|3145 Bordentown Avenue|Suite D1|Parlin
1|Carnegie Evaluations LLC|315 East High Street||Bound Brook
1|QUALITY THEOREM LLC|315 LOWELL AVENUE||HAMILTON
1|LITTLE FALLS BEVERAGES AND BAR INC|315 MAIN ST||LITTLE FALLS
1|Newlines Land Consultants|315 Monmouth Avenue|Suite 205|Lakewood
1|ONEUS Technologies LLC|315 Quail Ridge Dr||Plainsboro
1|FULL HOUSE KITCHEN & BATH LLC|315 Route 35||Eatontown
1|BRINCA PRESCHOOL CORPORATION|316 RIDGEDALE AVENUE||EAST HANOVER
1|Brinca Preschool Corporation|316 Ridgedale Ave||East Hanover
1|Saduptech INC|317  George St Suite 320||New Bruswick
1|Saduptech Inc|317 George  St  Suite 320||New Bruswick
1|E-Deft Solutions LLC|317 George St, 3rd Floor||New Brunswick
1|ADVANCEINNOVATIVE LLC|317 George Street.|Suite 320, 3rd floor plaza II|New Brunswick
1|A. Servidone Inc/B. Anthony Construction Corporation JV|3170 Bordentown Avenue||Old Bridge
1|SPR Construction Corporation|3175 NJ Route 10 West|Ste 100|Denville
1|Akjay International LLC|3175 Route 10 East, San Mar Square|Suite 400|Denville
1|BDG Hotels Inc|319 Grove St||Woodbridge
1|RELIANT VISION GROUP INC|32 BRIDGE STREET||METUCHEN
1|RELIANT VISION GROUP INC|32 BRIDGE STREET,||METUCHEN
1|Reliant Vision Group Inc|32 Bridge Street||Metuchen
1|Vchalk Solutions Inc|32 Cinder Road|Unit 11|Edison
1|Vchalk Solutions Inc|32 Cinder Road, Unit 11||Edison
1|SRI YELUGURESHA PRASANNA TECHNOLOGIES LLC|32 Cinder Road, Unit 18||Edison
1|Continuum Technologies LLC|32 Cooper Lane||Chester
1|DERMACEUTICAL LABORATORIES LLC|32 Henry Street||Teterboro
1|TECHNIQUEST CORPORATION|32 JEFFERSON PLAZA||PRINCETON
1|Beam Health Inc|32 Monmouth Street, Ste 304||Red Bank
1|MAC Property Management LLC|32 N Dean Street|Floor 2|Englewood
1|APPRISE INCORPORATED|32 NASSAU STREET|SUITE 200|PRINCETON
1|MAC Property Management LLC|32 North Dean Street, 2nd Floor||Englewood
1|Prospect Multi Services|32 Prospect Street||East Orange
1|ANTA ELECTRIC INC|32 RICHBOYNTON ROAD||DOVER
1|Araxis Systems Inc|32 Sapphire Dr||West Windsor
1|New Jersey Community Development Corp|32 Spruce Street||Paterson
1|Acino Products LLC|32 Tally Road||Trenton
1|IV Technologies Inc|32 Universal Avenue||Iselin
1|Zgage Inc|32 Winding Way||Princeton
1|STAFFWORXS LLC|320 AMBOY AVE REAR||METUCHEN
1|RASI LABORATORIES INC|320 HALF ACRE ROAD||CRANBURY
1|POSITIVE GROWTH COUNSELING INC|320 RARITAN AVE|SUITE 306A|HIGHLAND PARK
1|FEEHA MANAGEMENT LLC|321 BROAD AVE||RIDGEFIELD
1|FEEHA MANAGEMENT|321 BROAD AVENUE||RIDGEFIELD
1|Edison X-Ray Service|321 Bennetts Lane||Somerset
1|321 Commercial Realty Holding LLC|321 Commercial Ave||Palisades Park
1|JMR INFO TECH LLC|321 Fairmount Ave|31|Jersey City
1|HENRY J. AUSTIN HEALTH CENTER|321 N. WARREN STREET||Trenton
1|John Nastasi Architects|321 Newark Street|Suite 2|Hoboken
1|Henry J Austin Health Center|321 North Warren Street||Trenton
1|West Windsor-Plainsboro Regional School District|321 Village Road East||West Windsor
1|iFinite Solutions LLC|322 US Highway 46|Suite 200E|Parsippany
1|Apex Diagnostic Services|322 US-46|Suite 160 W|Parsippany
1|Prestige Shipping Inc|3220 Bordentown Avenue|Unit A|Old Bridge
1|Strategy Soft LLC|323 Main Street, Suite F||Metuchen
1|New Jersey Institute of Technology|323 Martin Luther King Boulevard|University Heights|Newark
1|Home Sweet Home Music Lessons|323 Rolling Rock Road||Mountainside
1|Jill K Biggs LLC|323 Washington St|Ste 3|Hoboken
1|Jill K. Biggs LLC|323 Washington St, Ste 3||Hoboken
1|Consolidated Films Inc|323 York St  2||Jersey City
1|Procal Technologies Inc|324 Courtyard Drive|Suite B|Hillsborough
1|Tyger Scientific Inc|324 Stokes Avenue||Ewing
1|KPG99 INC|3240 E STATE ST EXT||HAMILTON
1|RAM ASSOCIATES AND COMPANY LLC|3240 E STATE STREET EXTENSION||HAMILTON
1|KPG99 INC|3240 E State St Ext||Hamilton
1|IT Glitterz LLC|3240 E State St. Ste 100||Hamilton
1|GLOBE SERVE LLC.|3240 E. State St.,|Suite 103|Hamilton
1|GLOBE SERVE LLC|3240 E. State Street|Suite 203|Hamilton
1|RAM ASSOCIATES|3240 EAST STATE STREET EXT||HAMILTON
1|SPIRAL SYSTEMS INC|3240 EAST STATE STREET EXT, Ste 204||HAMILTON
1|RAM ASSOCIATES AND COMPANY LLC|3240 EAST STATE STREET EXT.||HAMILTON
1|RAM ASSOCIATES AND COMPANY LLC|3240 EAST STATE STREET EXTENSION||HAMILTON
1|SPIRAL SYSTEMS INC|3240 East State Street Ext|Ste 204|HAMILTON
1|Sathya Sai Corporation|3240 East State Street Extn|Suite 103|Hamilton
1|RAM ASSOCIATES AND COMPANY LLC|3240 STATE ST. EXT.||HAMILTON
1|Hello Dental LLC|325 Belmont Avenue||Haledon
1|New Jersey Office of the Chief State Medical Examiner|325 Norfolk Street||Newark
1|P&R Fasteners Inc|325 Pierce St.||Somerset
1|Controlled Networks Solution LLC|325 South River St.|Suite 200|Hackensack
1|Universal Distribution Center LLC|326 Applegarth Road||Monroe
1|OL WAREHOUSE LLC|326 Smith St||Keasbey
1|Kinn Consulting Inc|327 Morning Glory Dr|N/A|Monroe Twp
1|Wise Vision Care of Hoboken PA|327 Washington Street||Hoboken
1|Shipworx Engineering LLC|329 New Brunswick Ave|Unit C|Rahway
1|MODWAY INC|329 Wyckoff Mills Road||Hightstown
1|Raahii 2 Corp|3294 John F Kennedy Blvd||Jersey City
1|Massa Multimedia Architecture PC|3297 Route 66||Neptune
1|Massa Multimedia Architecture PC|3297 Rte 66||Neptune
1|Massa Multimedia Architecture PC|3297 State Route 66||Neptune
1|VMC2 Solutions LLC|33  S Wood Avenue|Ste 600|Iselin
1|SIARP Technologies LLC|33  Wood Avenue South|STE 600|Iselin
1|COGNITECH TECHNOLOGIES INC|33 BRIDGE STREET||METUCHEN
1|COGNITECH TECHNOLOGIES INC|33 BRIDGE STREET,||METUCHEN
1|OJUS LLC|33 GREYLYNNE DR.||MONROE TOWNSHIP
1|TOP SOFTWARE AND CONSULTING INC|33 GROVE STREET||RUTHERFORD
1|Expert Systems Consultants Inc|33 Glen Rock Road||Cedar Grove
1|Constructive Enterprise LLC|33 Gristmill Ln||Upper Saddle River
1|Siegfried USA LLC|33 Industrial Park Road||Pennsville
1|Atlantic Food Waste Partners LLC|33 Irving Place|Office 1001|New York
1|Zant Inc|33 Newark St|Fl 4|Hoboken
1|TEKNOZION INC|33 S WOOD AVE,|STE 449|ISELIN
1|I2C BUSINESS SOLUTIONS INC|33 S WOOD AVENUE|SUITE 600|ISELIN
1|Egisbyte LLC|33 S Wood Ave, 6th Fl||Iselin
1|Primetime Technologies Inc|33 Summit Drive||East Brunswick
1|GRAND SK CORP|33 WHELAN ROAD||EAST RUTHERFORD
1|BRIDGETOWN CONSULTING GROUP INC|33 WILLS WAY|BUILDING 9|PISCATAWAY
1|DAN INFO LLC|33 WOOD  AVE SOUTH  600||ISELIN
1|DAN INFO LLC|33 WOOD AVE SOUTH  600||ISELIN
1|DAN INFO LLC|33 WOOD AVE SOUTH SUITE 600||ISELIN
1|SAAN INTERNATIONAL LLC|33 WOOD AVE SOUTH,|SUITE 600|ISELIN
1|CONGENSYS CORP.|33 WOOD AVENUE S|SUITE 646|ISELIN
1|CONGENSYS CORP.|33 WOOD AVENUE S.|SUITE 646|ISELIN
1|EXPLEO SOLUTIONS INC|33 WOOD AVENUE SOUTH, SUITE 600||ISELIN
1|Grand SK Corp|33 Whelan Road||East Rutherford
1|TGS Management Company LLC|33 Witherspoon Street|3rd Floor|Princeton
1|TGS Management Company LLC|33 Witherspoon Street,  3rd Floor||Princeton
1|Jiva Infotech INC|33 Wood A ve|Suite 600|Iselin
1|Solytics Partners LLC|33 Wood Ave|Suite 430|Iselin
1|Saan International|33 Wood Ave South Suite 600||Iselin
1|Epitome Cloud Inc|33 Wood Avenue S, Office 401|Suite 600|Iselin
1|Alexa Systems Inc|33 Wood Avenue South,|Suite 600|Iselin
1|Tvisha Technologies Inc|33 Wood Avenue South, Ste 600||Iselin
1|CLIN FOX INTERNATIONAL INC|33 Wood Avenue, South|Suite 600, Office 601|ISELIN
1|Easy Access USA Inc|330 Changebridge ROAD|Ste 101|Pine Brook
1|Computer Square Inc|330 Mac Lane||Keasbey
1|Boswell Inc|330 Phillips Avenue||South Hackensack
1|Visual Graphic Systems Inc|330 Washington Avenue||Carlstadt
1|JLJ Capital LLC|330 changebridge road||PINE BROOK
1|PASSAIC ARTS AND SCIENCE CHARTER SCHOOL|3300 BROADWAY|STE 301|FAIR LAWN
1|BLUE ORION CORPORATION|3307 EVERGREEN LANE||SOUTH PLAINFIELD
1|METASYS CONSULTING GROUP LLC|331 JOHN STREET||EAST NEWARK
1|Tropical Hut Catering Inc|3314 US Highway 9||Old Bridge
1|AlphaROC Inc|332 Springfield Ave|Ste 207|Summit
1|Epic Mechanical Inc|3320 Route 66||Neptune
1|Hunterdon Facility Planners LLC|3322 Route 22W, Building 10|Suite 1005|Branchburg
1|Dataquest Corp|3322 US Highway 22|Suite 1001|Branchburg
1|Dataquest Corp Inc|3322 US Highway – 22|Suite 1001|Branchburg
1|Hoboken Smile Specialists LLC|333 15th Street|Suite 3A|Hoboken
1|Esterelle LLC|333 Beech Spring Road||South Orange
1|CENTER FOR NETWORK THERAPY LLP|333 CEDAR AVE|BLDG B|MIDDLESEX
1|Ram Software Solutions Inc|333 Littleton Road|Suite 302|Parsippany
1|Perception Media Corp.|333 Meadowlands Parkway|Suite 100|Secaucus
1|Fluorotherm Polymers Inc|333 New Road||Parsippany
1|SAPPHIRE USA PTY LTD|333 RIVER STREET||HOBOKEN
1|NES COMPANY INC|333 RT 46 W, Bldg A, Suite 120||Fairfield
1|UNEX|333 Route 17N||Mahwah
1|BORANET INC|333 SYLVAN AVE|SUITE 104|ENGLEWOOD CLIFFS
1|Boranet Inc|333 Sylvan Avenue|Suite 104|Englewood Cliffs
1|SOLTAGE LLC|333 WASHINGTON ST|4TH FLOOR|JERSEY CITY
1|Soltage LLC|333 Washington St|Suite 401|Jersey City
1|Soltage LLC|333 Washington St.|Suite 401|Jersey City
1|Nuva Smile|3333 U.S. 9||Old Bridge
1|Old Bridge Dental Center LLC|3333 US Highway 9||Old Bridge
1|PSN Pharmacy Inc|335 60th Street||West New York
1|SKILLFUL TECHNOLOGIES INC|336 Forest Dr,||Edison
1|Studio Cooke John Architecture and Design LLC|336 N. Fullerton Avenue||Montclair
1|Atlantis Partners|336 US 46||Fairfield
1|Apex Medical Associates PA|3368 John F Kennedy Blvd|Suite 343|Jersey City
1|My Monthly LLC|337 Russell Ave||Edgewater
1|KSS ARCHITECTS LLP|337 WITHERSPOON STREET||PRINCETON
1|KSS Architects, LLP|337 Witherspoon Street||Princeton
1|Union Drugs|338 Chestnut Street||Union
1|AVYA SOLUTIONS INC|338 DAVIDSON AVENUE|SUITE 100|SOMERSET
1|Hapag-Lloyd (America) LLC|339 Hoes Lane||Piscataway
1|ThePharmaNetwork LLC|339 Jefferson Road|Suite 101|Parsippany
1|Goshen Healthcare Services LLC|339 Main Street|Suite 2E|Orange
1|AI AXISS INC|339 Princeton Hightstown Road|Building B|East Windsor
1|StratG Inc|339 Princeton – Hightstown Road|Building B|East Windsor
1|CTDEV Corp.|339 Princeton-Hightstown Road||East Windsor
1|Magnusminds IT Solution LLC|339 Winthrop Dr||Nutley
1|Samudhra Inc|3391 NJ Route 27|Unit 107|Franklin Park
1|MPP Engineers LLC|34 Anderson Way||Monmouth Junction
1|BINARYQUEST INC|34 BRIDGE STREET||METUCHEN
1|BINARYQUEST INC|34 BRIDGE STREET,||METUCHEN
1|Savino del Bene USA Inc|34 Engelhard Avenue||Avenel
1|Herno USA Inc|34 Englehard Avenue||Avenel
1|Shriyan Software LLC|34 Fiat Ave||Iselin
1|CONTINUUM DYNAMICS INC|34 LEXINGTON AVENUE||EWING
1|Fireblocks Inc|34 Loretta Ct||Englewood Cliffs
1|iStar Jewelry LLC|34 Maple Ave|1st Floor|Pine Brook
1|iStar Jewelry LLC|34 Maple Avenue,||Pine Brook
1|Sofun Summit LLC|34 Maple St||Summit
1|SUPER TECHNOLOGY SOLUTIONS INC|34 RIDGE ROAD||GREEN BROOK
1|Kathleen Calderone Music|34 Ridgedale Ave||East Hanover
1|Produce Services of America Inc|34 S. Broadway||Gloucester City
1|EOI Consulting Group LLC|34 Sycamore Avenue|Suite 2H|Little Silver
1|Rexing Inc|34 ludwig St||Little Ferry
1|Chipcom Systems Inc|340 Amboy Avenue|Suite E|Metuchen
1|Fujitsu General America Inc|340 Changebridge Road|Building 200, Suite 300|Pine Brook
1|Kid Clan Services Inc|340 Main Avenue||Clifton
1|VIRINCHI TECHNOLOGIES LTD|340 RARITAN CENTER PARKWAY||EDISON
1|Scientific Models Inc|340 Snyder Avenue||Berkeley Heights
1|SANGUINE SOFTWARE SOLUTIONS INC|340 WEST PASSAIC ST|FLOOR 1|ROCHELLE PARK
1|SAGE GROUP TECHNOLOGIES|3400 HIGHWAY 35 S|SUITE 9A|HAZLET
1|Sage Group Technologies Inc|3400 Highway 35|Suite 9A|Hazlet
1|SAGE GROUP TECHNOLOGIES INC|3400 RT. 35|SUITE 9A|HAZLET
1|CENTSTONE SERVICES LLC|3400 State Route 35|Suite 9B|Hazlet
1|THE WARDLAW HARTRIDGE SCHOOL|3402 STANWOOD BLVD|1295 Inman Ave|Edison
1|Eastern Shore Heating & Air Conditioning Inc|341 Mantoloking Road||Brick Township
1|Fujitsu General America Inc|342 Changebridge Road|3rd Floor|Pine Brook
1|PRIME ASSOCIATES SERVICES LLC|342 PARSIPPANY ROAD|STE 4|PARSIPPANY
1|Master Klass Academy LLC|342A Commercial Avenue||Palisades Park
1|Camden County Technical Schools|343 Berlin Cross Keys Road||Sicklerville
1|Strategy Soft LLC|343 Main Street, Suite F||Metuchen
1|New Jersey Septic Management Group|343 Route 601||Belle Mead
1|HMH Hospitals Corporation|343 Thornall street||Edison
1|Harris Tea Company LLC|344 New Albany Road||Moorestown
1|Kitchen Fabulous Cabinetry Inc|3445 State Route 35||Hazlet
1|HSC TECHNOLOGIES INC|345 Kennedy ST||Iselin
1|RAYVEN IT Solutions LLC|345 Palinfield Ave|Suite 303|Edison
1|RAYVEN IT Solutions LLC|345 Palinfield Avenue|Suite 303|Edison
1|AMSOFT CORP|346 GEORGES ROAD|SUITE 2|DAYTON
1|Amsoft Corp.|346 Georges Road|Ste 2|Dayton
1|G-INFOTECH INC|347 PLAINFIELD AVE|SUITE 104|EDISON
1|G-INFOTECH INC|347 Plainfield Avenue|SUITE 104|EDISON
1|Kobo Products Inc|3474 South Clinton Avenue||South Plainfield
1|TECH DELEGATES INC|348 MICHELLE CIR.||EDISON
1|T3 Professional LLC|348 Millburn Avenue|2nd Floor|Millburn
1|EVEREST CONSULTING GROUP INC|3480 PARK AVENUE|STE.203|EDISON
1|PIONEER CONSULTING SERVICES LLC|3490  US HIGHWAY 1|BUILDING 10|PRINCETON
1|Pioneer Consulting Services LLC|3490 U.S. Highway 1, Building 10||Princeton
1|Tekva LLC|3490 U.S.1 Building 16|Suite 106|Princeton
1|PENMARK GLOBAL GROUP INC|3490 US 1|BUILDING 16, SUITE 101|PRINCETON
1|PIONEER CONSULTING SERVICES LLC|3490 US HIGHWAY  1|BUILDING 10|PRINCETON
1|CYGNUS PROFESSIONALS INC|3490 US HIGHWAY 1, BLDG 4||PRINCETON
1|Tekva LLC|3490 US HWY 1, Building 16|Suite 106|Princeton
1|HORIZONPLUS TECHNOLOGIES INC|3490 US Highway 1,  Bldg. 4|Suite A|Princeton
1|PIONEER CONSULTING SERVICES LLC|3490 US Highway 1, Building 10||Princeton
1|Scadea Software Solutions Inc|3490 US Hwy 1|Suite 11|Princeton
1|TK-Chain LLC|3490 US Hwy 1, Bldg 14,|Suite 101B|Princeton
1|TIRUMALA CONSULTANCY SERVICES INC|3490 US ROUTE 1|BUILDING 16, SUITE 101|PRINCETON
1|GAMATECH INC|3490 US ROUTE ONE|STE 7C|PRINCETON
1|Kapo Industrial Construction Inc|3490 US-1|Building 16|Princeton
1|FIREWOOD FILM STUDIOS CORP.|35 Alexis Lane||Edison
1|Cadamo LLC|35 Arthur St|Apt 3|Clifton
1|CRP Industries Inc|35 Commerce Drive||Cranbury
1|Destro AI Inc|35 Hudson Street|Apt 2308W|Jersey City
1|Spica Computers LLC|35 Journal Sq, 4th Floor|Suite 483|Jersey City
1|Spica Computers LLC|35 Journal Square ,4th Floor|Number 483|Jersey City
1|MSQUARE SYSTEMS INC|35 Journal Square,|Suite 480|Jersey City
1|Protective Health Gear|35 KENTUCKY AVE||PATERSON
1|Seva Engineering Services LLC|35 Norwood Place||Edison
1|HUDSON GLOBE LLC|35 OBrien St H3||Kearny
1|Tech Consulting Inc|35 Oakwood Blvd||Hampton
1|Laklara Inc|35 Obrien St||Kearny
1|HACKENSACK EMERGENCY DENTAL AND IMPLANT CENTER PC|35 PANGBORN PL||HACKENSACK
1|Servolift LLC|35 RIGHTER ROAD||RANDOLPH
1|Blueline Consulting|35 RIVER DR S STE. 1808||JERSEY CITY
1|ST. MORITZ SYSTEMS - ISTORE ESSEX LLC|35 S Van Brunt St||Englewood
1|Stephen Gould Corporation|35 South Jefferson Road||Whippany
1|QIKCONNEX LLC|35 Tamarack Circle||Skillman
1|BARACK OBAMA GREEN CHARTER SCHOOL|35 WATCHUNG AVENUE|N/A|PLAINFIELD
1|Barack Obama Green Charter School Inc|35 Watchung Avenue||Plainfield
1|Sun Chemical Corporation|35 Waterview Blvd.||Parsippany
1|Airfleet Training Systems Inc|35 Wright Way||Fairfield
1|MCKINSOL CONSULTING INC|35-37 PROGRESS STREET|SUITE B1|EDISON
1|Trium AI Solutions Inc|35-37 Progress St|Unit A4|Edison
1|Plank Road Ventures|350 7th Street||Hoboken
1|EXPENTOR INC|350 CLARK DR.|SUITE 102|BUDD LAKE
1|eXpentor Inc|350 Clark Drive, Suite 102||Budd Lake
1|Goya Foods Inc|350 County Road||Jersey City
1|Englewood Hospital and Medical Center|350 Engle Street||Englewood
1|Avaya LLC|350 MOUNT KEMBLE AVENUE||MORRISTOWN
1|Avaya LLC|350 Mt Kemble Avenue||Morristown
1|Wyckoff Limo & Car Service LLC|350 SPARTA AVE|SUITE B5|SPARTA
1|Wyckoff Limo & Car Service LLC|350 SPARTA AVE STE B5||SPARTA
1|Aterian Group Inc|350 Springfield Avenue, Suite 200||Summit
1|AURUM GLASS LLC|350 Warren Street|Apt. 301|Jersey City
1|Chipcom Systems Inc|351 Main Street|Suite F|Metuchen
1|Strategy Soft LLC|351 Main Street, Suite A||Metuchen
1|Gold Type Business Machines Inc|351 Paterson Avenue||East Rutherford
1|S&Z Food service Corp|352 State St., Suite  115||Perth Amboy
1|Analytiq Techno Soft LLC|3525 Quaker Bridge Road|Suite 4300|Hamilton
1|ABAL Technologies Inc|3525 Quakerbridge Road,|Suite 1100|Hamilton
1|SPICE ROUTE NJ LLC|353 SMITH ROAD||PARSIPPANY
1|AUTOMATED CONTROL CONCEPTS INC|3535 ROUTE 66|BUILDING 6|NEPTUNE
1|RoRo Leasing Co. LLC|354 Eisenhower Parkway|Suite 1300|Livingston
1|Ron Rotem DDS, PC|355 Lakehurst Road||Toms River
1|Back and Body Pain Relief LLC|355 Route US 22 East|Ste D|Springfield
1|Back and Body Pain Relief LLC|355 US 22 East|suite D|Springfield
1|Back and Body Pain Relief LLC|355 US-22 East|suite D|Springfield
1|Metro Swim Online LLC|355 Warren Ave||Stirling
1|IFA Trading LLC|356 GETTY AVE BUILDING 11||Clifton
1|ALTUN LOGISTICS USA LLC|356 GETTY AVENUE|BUILDING 8|CLIFTON
1|Mare Logistics LLC|356 Getty Avenue|Building 8|Clitfon
1|Exterminating by Ross Inc|3561 Coles Mill Road||Franklinville
1|INNOVATIVE PHYSICAL REHAB AND WELLNESS CENTER|3562 Route 27, Suite 124||Kendall Park
1|Innovative Physical Therapy and Fitness Center Inc|3562 State Route 27|Suite 124|Kendall Park
1|NeuTigers Inc|357 Ewing Street||Princeton
1|Healing Joints Physical Therapy LLC|359 N Beverwyck Road||Parsippany
1|gka Architects, PC|36 Ames Ave||Rutherford
1|Wang, Gao, and Associates, P.C.|36 Bridge Street||Metuchen
1|Acreto Cloud Corp.|36 Graham Street||Jersey City
1|Drew University|36 Madison Ave||Madison
1|Crayon Media LLC|36 Springwood Dr||Monroe Township
1|VRG ONE LLC|36 State Route 10 W|Suite D|East Hanover
1|MVMK LLC|360 14th Street||Hoboken
1|Artech LLC aka Artech Information Systems LLC|360 Mt Kemble Ave|2000|Morristown
1|Artech LLC|360 Mt. Kemble Avenue|Suite 2000|Morristown
1|Seoul Shik Poom Inc|360 S Van Brunt St||Englewood
1|MADISON FINANCE CORP.|360 SOUTH VAN BRUNT ST|N/A|ENGLEWOOD
1|SEOUL SHIK POOM INC|360 SOUTH VAN BRUNT STREET||ENGLEWOOD
1|Seoul Shik Poom Inc|360 South Van Brunt St.||Englewood
1|Seoul Shik Poom Inc|360 South Van Brunt Street||Englewood
1|MEDIAAGILITY INC|360 WALL STREET||PRINCETON
1|XYLO CONSULTING LLC|3600 ROUTE 66|SUITE 150|NEPTUNE
1|Ocean Health Initiatives Inc|3600 Rt. 66|Suite 400|Neptune
1|R&D Circuits Inc|3601 South Clinton Avenue||South Plainfield
1|I.S. Parts International Inc d/b/a Lattimer|3603 N. Mill Road||Vineland
1|Phase 4 Digital LLC|3604 Vroom Drive||Bridgewater
1|JDL Group Inc|361 Route 31|Suite 1502|Flemington
1|JDL Group Inc|361 Route 31 Suite 1502||Flemington
1|Fenny 1 Pharmacy LLC|362 C Monroe Street|N/A|Passaic
1|Crystal Springs Services Inc|3621 Route 94||Hamburg
1|Corra Technology Inc|363 Bloomfield Ave|3C|Montclair
1|Corra Technology Inc|363 Bloomfield Avenue|Suite 3C|Montclair
1|G2 BIOPHARMA SERVICES INC|3637 Brunswick Pike||Princeton
1|College Achieve Public School|365 Emerson Avenue||Plainfield
1|ARCARIUS LLC|365 W. Passaic St|SUITE 310|Rochelle Park
1|Techminds Group LLC|365 West Passaic St|Suite 228|Rochelle Park
1|Samp Surad Group Inc|3677 JOHN F. KENNEDY BLVD||JERSEY CITY
1|Unified Five Development LLC|3677 John F. Kennedy Blvd, Floor 2,||Jersey City
1|HOMETOWN DRUG INC|36A MAIN ST||BLOOMINGDALE
1|HOMETOWN DRUG INC|36A Main Street||Bloomingdale
1|My Home Adult Day Care Center Inc|37 Brook Ave||Maywood
1|All Elite Hospitality LLC|37 Chestnut Street||Ridgewood
1|Akoya Solutions LLC|37 Easton Ave|Suite 200|New Brunswick
1|RUNFINE GROUPS INC|37 Leslie Ct||Whippany
1|Jon Michael Design Inc|37 Manahassett Way||Long Branch
1|One Diversified LLC|37 Market St.||Kenilworth
1|YATA CONSULTING SOLUTIONS LLC|37 NORTH MAIN ST.|SUITE 201|CRANBURY
1|QUALITAS INFOTECH INC|37 STATION DR|SUITE D|PRINCETON JCT
1|CYBAGE SOFTWARE INC|37 STATION DRIVE|SUITE E|PRINCETON JUNCTION
1|Qualitas Infotech Inc|37 Station Dr|Suite D|Princeton Junction
1|Golden Platter Foods Inc|37 Tompkins Point Road||Newark
1|ForteEdge Inc|370 Campus Dr|Suite 130|Somerset
1|Innovative Advocate Group|370 State Highway 35|Suite 201|Red Bank
1|Great Expressions Dental Centers of New Jersey PC|370 West Pleasant Ave|Suite 14A|Hackensack
1|MP ENGINEERS, P.C.|3700 RT. 27|SUITE 101|PRINCETON
1|MP Engineers, P.C.|3700 Rt 27|Suite 101|Princeton
1|GLOBAL TECHNICAL SOFTWARE SERVICES INC|3705 QUAKERBRIDGE ROAD|SUITE 212|TRENTON
1|Nayak Corporation Inc|3705 Quakerbridge Road,|Suite 201|Hamilton
1|GOLDEN ICEBERG LLC|3707 Cricket Circle||Edison
1|K.D.S DEVELOPERS INC|3709 COLLEGE POINT BLVD.|STE 11 J|FLUSHING
1|FIRST TEK INC|371 Hoes Lane,|Suite 201|Piscataway,
1|SPRINGCARE USA LLC|371 Hoes Lane, Ste 302||Piscataway
1|RPNC Systems Inc|371 Hoes Lane, Suite 200||Piscataway
1|Millennium Softtech Inc|371 Hoes Lane, Suite 200-51||PISCATAWAY
1|Transcend Street Solutions Inc|371 Hoes Lane, Suite 205||Piscataway
1|FIRST TEK INC|371 Hoes lane|Suite 201|Piscataway,
1|America Josh LLC|371 New York Ave  1||Jersey City
1|ABCO Systems LLC|372 Starke Road||Carlstadt
1|Sintan Solutions Inc|372 US Highway 22 West|Suite 1A|Whitehouse Station
1|Sintan Solutions Inc|372 US Route 22 West|Suite 1A|Whitehouse Station
1|Eminent Technologies Inc|373 E Main St|Suite 205|Somerville
1|AKRON PHARMA INC|373 Route US 46 W|Suite 117|Fairfield
1|Metropolitan Golf Group LLC|375 Forsgate Drive|N/A|Monroe
1|Diagnostic and Clinical Cardiology, PA|375 Mt Pleasant Avenue|Suite 102|West Orange
1|Moofwd, inc.|3759 U.S. Highway 1 South, Suite 104||Monmouth Junction
1|Inrika Inc|3759 US 1|Suite 103|Monmouth Junction
1|Moofwd Inc|3759 US Highway 1 South|Suite 104|Monmouth Junction
1|Exafluence Inc|3759 US Route 1 South|Suite 203|South Brunswick
1|VERDI MUSIC ACADEMY LLC|378 BERGEN BLVD|FL 2|FAIRVIEW
1|Verdi Music Academy LLC|378 Bergen Blvd|FL 2|Fairview
1|CDATASYSTEMS INC|379 PRINCETON HIGHTSTOWN|BUILDING 2, SECOND FLOOR|EAST WINDSOR
1|PIONEER CONSULTING LLC|379 Princeton Hightstown Road,Building 1, Second Floor|SUITE A|Cranbury
1|SLV TECHNOLOGIES INC|379 Princeton-Hightstown Road|Suite 1107|East Windsor
1|ONEUS Technologies LLC|379 Princeton-Hightstown Road, Building 1205|Suite G|East Windsor
1|Kente Gold Build LLC|379 Thornden Street||South Orange
1|Clifint LLC|38 Colson ct||Piscataway
1|Acreto Cloud Corp.|38 Graham Street||Jersey City
1|SAB, Pompton Lakes, PC|38 Ramapo Ave||Pompton Lakes
1|Swadharma LLC|3808 Bergenline ave||Union City
1|Princess Bridal LLC|3817 US-9 N||Old Bridge
1|Sivers Semiconductors|382 Main Street|Suite 202|Chatham
1|MERCHANT AVIATION LLC|382 SPRINGFIELD AVENUE|SUITE 411|SUMMIT
1|Merchant Aviation LLC|382 Springfield Ave|Suite 411|Summit
1|Mixcomm Inc|383 Main St.,  202||Chatham
1|ORIEN SOLUTIONS INC|3830 PARK AVENUE|SUITE 109|EDISON
1|Gulberg Builders LLC|3830 Park Ave|STE 205|Edison
1|AM Logic Corporation|3830 Park Avenue,|Suite 207|EDISON
1|EVEREST CONSULTING GROUP INC|3840 PARK AVE/|STE.203|EDISON
1|EVEREST CONSULTING GROUP INC|3840 PARKA VE.|STE.203|EDISON
1|Reliance Capital Inc|3840 Park Avenue, Suite D107||Edison
1|Interventional Pain Management & Ortho Spine Center LLC|3848 Park Avenue|Suite 101|Edison
1|Advanced Care Oncology and Hematology Associates|385 Morris Ave||Springfield
1|EFF LLC|385 SYLVAN AVENUE|SUITE 20|ENGLEWOOD CLIFFS
1|East Orange VA Medical Center|385 Tremont Ave||East Orange
1|IT CATS LLC|388 Washington Road|Suite A|Sayreville
1|ORTUS AFFILIATES INC|3880 PARK AVENUE|SUITE 104|EDISON
1|Ortus Affiliates Inc|3880 Park Avenue|Suite 104|Edison
1|Skanska USA Building Inc|389 Interface Parkway|5th Floor|Parsippany
1|Resource Logistics Inc|39  Milltown Road|Floor 2|East Brunswick
1|Resource Logistics Inc|39  Milltown Road,|Floor 2|East Brunswick
1|W.R. Rosato & Associates LLC|39 Avenue at the Commons||Shrewsbury
1|RHINO INFOTECH LLC|39 BRISTOL ROAD||MANALAPAN TOWNSHIP
1|Intstrux LLC|39 Delwick Ln||Short Hills
1|Bala Ganapati Inc|39 E Mount Pleasant Ave||Livingston
1|PUNJAB RESTORATION CO. LLC|39 EAST ASBURY ANDERSON ROAD||WASHINGTON
1|GDS MECHANICAL INC|39 East Hanover Ave|Ste C-2|Morris Plains
1|Idealforce Incorporation|39 Geraldine Road||Englewood Cliffs
1|Tekni Engg USA LTD|39 Greene St|Suite 203|Jersey City
1|Narinder Alliance LLC|39 Greene St 203||Jersey City
1|Narinder Alliance LLC|39 Greene St, 203||Jersey City
1|Kaynes Technology Inc|39 Jaime Ct||Morris Plains
1|Kaynes Technology Inc|39 Jaime Ct.||Morris Plains
1|ARTCRITICAL LLC|39 MADISON AVENUE||JERSEY CITY
1|SellerShipping LLC|39 MONTCLAIR AVE||LITTLE FALLS
1|Resource Logistics Inc|39 Mill town Road, Floor 2||East Brunswick
1|Resource Logistics Inc|39 Milltown Road,|Floor 2|East Brunswick
1|US Net Technologies Inc|39 Peach Orchard Dr||East Brunswick
1|Herma US Inc|39 Plymouth Street|Unit 300|Fairfield
1|OCIM Pharmaceuticals LLC|39 RT-46, Suite 803,||Pine Brook
1|OCIM Pharmaceuticals LLC|39 Route 46, Suite 803||Pine Brook
1|MAGNA-POWER ELECTRONICS INC|39 Royal Road||Flemington
1|WORKS OF MERCY INC|39 Sutphin Road||FLEMINGTON
1|Swasti Software Inc|39 Treetops Circle||Princeton
1|Shenoy Engineering, P.C|39 US HWY 46 East|Suite 802|Pine Brook
1|Shenoy Engineering|39 US Hwy 46 East|Suite 802|Pine Brook
1|R2Gate America Inc|39-40 Broadway||Fair Lawn
1|MICROINTECH LLC|390 AMWELL ROAD,|STE 309|HILLSBOROUGH
1|MICROINTECH LLC|390 AMWELL ROAD, STE 309||Hillsborough
1|Trovetechs Inc|390 Amwell Road, Suite 313||Hillsborough
1|Ultracare Rehabilitation Services Inc|390 Bennetts Lane||Somerset
1|RUE DE CAN INC|390 Hackensack Ave|Suite 209|Hackensack
1|Molba Carpentry Inc|392 Liberty Street||Little Ferry
1|Advanced Center for Injury & Wellness Care LLC|392 Totowa Road||Totowa
1|Eos Energy Storage LLC|3920 Park Avenue||Edison
1|Pull Skill Technologies Inc|393 N Farview Avenue||Paramus
1|Tekva LLC|3940 US 1|Building 16, Suite 106|Princeton
1|Sapiens Americas Corporation|395  West Passaic Street|490|Rochelle Park
1|Sapiens Americas Corporation|395 W Passaic|Suite 490|Rochelle Park
1|Creamy Creation LLC|395 W Passaic Street|Suite 252|Rochelle Park
1|PANOS Brands LLC|395 W. Passaic St.|Suite 240|Rochelle Park
1|ORBCOMM LLC|395 W. Passaic Street, Suite 325||Rochelle Park
1|Panos Brands LLC|395 West Passaic St.||Rochelle Park
1|Sapiens Americas Corporation|396  West Passaic Street|490|Rochelle Park
1|Nautilus Solar Energy LLC|396 SPRINGFIELD AVE|STE 2|SUMMIT
1|Nautilus Solar Energy LLC|396 Springfield Avenue Suite 2||Summit
1|OXFORD CLINICAL LABORATORY INC|397 HALEDON AVE||HALEDON
1|AMERICAN IT MINDS INC|397 RIDGE ROAD SUITE 6A||DAYTON
1|American IT Minds Inc|397 Ridge Road Suite 6A||Dayton
1|Computer Management And Information Solutions Inc|397 Ridge Road; Ste 4||DAYTON
1|Victors Air Conditioning Co. Inc|398 Lincoln Blvd|Bldg D|Middlesex
1|Circular Edge LLC|399 Campus Drive|Suite 102|Somerset
1|Mead Johnson & Company LLC|399 Interpace PArkway|3rd Floor|Parsippany
1|Birlasoft Consulting Inc|399 Thornall St|Floor 12|Edison
1|Vision Stream LLC|3996 Country Road 516|Suite 106|Matawan
1|Orison Solutions LLC|3rd Floor, Suite 306|1 West State Street|Trenton
1|Micronetbd INC|4 AAA Drive|Ste 205|Hamilton
1|Longchamp USA Inc|4 Applegate Drive|Suite B|Robbinsville
1|Gayatri Rama LLC|4 Brentwood Place||Monroe Township
1|Visionet Systems Inc|4 Ceadrbrook Drive|Building B|Cranbury
1|Visionet Systems Inc|4 Cedarbrook Drive Building B||Cranbury
1|Visionet Systems Inc|4 Cedarbrook dr|Building B|Cranbury
1|Visionet Systems Inc|4 Cedarbrook drive|Building B|Cranbury
1|Visionet Systems Inc|4 Cedarbrrok Dr|Building B|Cranbury
1|Visionet Systems Inc|4 Cederbrook dr|Building B|Cranbury
1|A2Z Scientific Inc|4 Cobblestone Court,||Warren
1|IT Support Professionals Inc|4 Coleridge Dr||Marlboro
1|Weeks Marine Inc|4 Commerce Drive||Cranford
1|CODGRID LLC|4 DURHAM ROAD||EDISON
1|Bullhorn Burgers LLC|4 Easton Avenue||New Brunswick
1|Rose Brand Wipers Inc|4 Emerson Lane||Secaucus
1|Riggs Distler & Company Inc|4 Esterbrook Lane||Cherry Hill
1|Integrated Resources Inc|4 Ethel Road, Suite 403B||Edison
1|BFAM ENTERTAINMENT L.L.C.|4 FELLSWAY||OCEAN TOWNSHIP
1|B&G Foods North America Inc|4 Gatehall Drive|Suite 110|Parsippany
1|George S. Hall Inc|4 Gatehall Drive, 2nd Floor||Parsippany
1|NEC Laboratories America Inc|4 Independence Way|Suite 200|Princeton
1|NEC Laboratories America Inc|4 Independence way|Suite 200|Princeton
1|Clinilabs Inc|4 Industrial Way West|2nd Floor|Eatontown
1|Network Technology Services Inc|4 Kelly Place, Suite 651||Stanhope
1|Chromak Research Inc|4 Leonard Street||Metuchen
1|WE SHIP FASHIONS LLC|4 ROLLING HILL WAY||CLARK
1|Avenues International Inc|4 Restrick Court||Princeton Junction
1|DECOFRUT INC|4 S KING ST||GLOUCESTER CITY
1|DECOFRUT INC|4 S KING ST.||GLOUCESTER CITY
1|DECOFRUT INC|4 S KING STREET||GLOUCESTER CITY
1|Decofrut Inc|4 S King Street||Gloucester City
1|Eskare Inc|4 Talmadge Ln||Basking Ridge
1|TAKASAGO INTERNATIONAL CORPORATION (U.S.A.)|4 VOLVO DRIVE||ROCKLEIGH
1|Heller Industries Inc|4 Vreeland Road||Florham Park
1|VAK Consulting LLC|4 Wetherhill Way||Dayton
1|Canfield Scientific Inc|4 Wood Hollow Road||Parsippany
1|Cepter Biopartners LLC|4-19 4th Street||Fair Lawn
1|INDO AMERICAN QUARTZ LLC|4-24 SELLERS STREET||KEARNY
1|INDO AMERICAN QUARTZ SURFACES LLC|4-24, SELLERS STREET||KEARNY
1|INDO AMERICAN SURFACES LLC|4-24,SELLERS STREET||KEARNY
1|Palatin Technologies Inc|4-B Cedar Brook Dr.||Cranbury
1|JM INFORMATION SYSTEMS LLC|40 BRUNSWICK AVE, SUITE 203||EDISON
1|Energy Capital Partners Management, LP|40 Beechwood Road||Summit
1|Techno9 Solutions Inc|40 Brunswick Ave,|Suite 205|Edison
1|JM Information Systems LLC|40 Brunswick Ave, Suite 200||Edison
1|World Tech Products, Corporation|40 Burlews Court|Building 1|Hackensack
1|InvaTech Pharma Solutions LLC|40 C Cotters Lane|Suite A|East Brunswick
1|Avertix Medical Inc|40 Christopher Way|Suite 201|Eatontown
1|Questkart Inc|40 Drayton Ln||Plainsboro
1|AimRx3Pl LLC|40 F Cotters Lane|Suite 100|East Brunswick
1|Mid-Atlantic Equine Medical Center|40 Frontage Road||Ringoes
1|Sun Noodle New Jersey LLC|40 Kero Road||Carlstadt
1|Harrison-Hamnett, P.C.|40 Knowles Street||Pennington
1|NCOR GROUP INC|40 LANE ROAD|STE 201|FAIRFIELD
1|HomeSource Inc|40 Lake Center Executive Park|Suite 250|Marlton
1|Hovione LLC|40 Lake Drive||East Windsor
1|MPG LLC II|40 Lakeshore Drive||Princeton Junction
1|DEL-SANO CONTRACTING CORP.|40 Monmouth Park Hwy Route 36 East||West Long Branch
1|S CUBE SOFT INC|40 NJ-94|SUITE L2B|MCAFEE
1|DEL-SANO CONTRACTING CORP.|40 Route 36 East||West Long Branch
1|Packaging & Distribution Resources LLC|40 Saw Mill Pond Road||Edison
1|Grace Medical Consult|40 Union Avenue|Suite 301|Irvington
1|Roysons Corporation|40 Vanderhoof Ave||Rockaway
1|Roysons Corporation|40 Vanderhoof Avenue||Rockaway
1|Selective Insurance Company of America|40 Wantage Ave||Branchville
1|Secaucus Food Mart LLC|40-A Meadowland Parkway||Secaucus
1|EC2 SOFTWARE SOLUTIONS LLC|400 APGAR DRIVE|SUITE I|SOMERSET
1|Bionpharma Inc|400 Alexander Park Drive|Suite 2-4B|Princeton
1|UroGen Pharma Inc|400 Alexander Park Drive,|Flr. 4th|Princeton
1|Goldenhome International Inc|400 Apgar Dr|Ste A|Somerset
1|SYSTRA Consulting Inc|400 BroadAcres Drive|Suite 105|Bloomfield
1|SGS NORTH AMERICA INC|400 Broadacres Drive|Suite 200, 2nd Flr|Bloomfield
1|Harding Loevner LP|400 CROSSING BLVD|4TH FLOOR|BRIDGEWATER
1|Monmouth University|400 Cedar Avenue||West Long Branch
1|Professional Disposables International Inc|400 Chestnut Ridge Road||Woodcliff Lake
1|TOPDON USA Inc|400 Commons Way, Ste A||Rockaway
1|Atlas Data Systems Inc|400 Conneell Drive|Suite 6000|Berkeley Heights
1|AUX Cloud Commerce (USA) Inc|400 Corporate Ct|Unit D|South Plainfield
1|NITTO INC|400 Frank W Burr Blvd.|2nd Floor, Suite 66|Teaneck
1|Zethcon Corporation|400 Frank W. Burr Blvd|Suite 10|Teaneck
1|Hudson One Media LLC|400 Frank W. Burr Boulevard|Suite 8|Teaneck
1|Avenel Iselin Medical Group LLC|400 Gill Lane||Iselin
1|Managed Health Care Associates Inc|400 Interpace Parkway, Building C|Suite 200|Parsippany
1|Teva Branded Pharmaceutical Products R&D Inc|400 Interpace Pkwy,  3||Parsippany
1|Ogilvy CommonHealth Worldwide LLC|400 Interspace Parkway||Parsippany
1|Hyundai America Inc|400 Kelby St.|Suite 1906|Fort Lee
1|Howe Robinson Partners NY LLC|400 Kelby Street, Parker Plaza||Fort Lee
1|Specialty PharmaSource LLC|400 Morris Avenue, Suite 121||Denville
1|ENHANCE THERAPIES HOLDINGS LLC|400 NJ ROUTE 70||LAKEWOOD
1|Camrise LLC|400 Overpeck Avenue||Englewood
1|BERGEN COMMUNITY COLLEGE|400 Paramus Road||Paramus
1|CYBER 1 ARMOR INC|400 RIVERVIEW PLAZA|SUITE 104|TRENTON
1|Insurox Group Inc|400 River Dr||Garfield
1|SETON HALL UNIVERSITY|400 SOUTH ORANGE||SOUTH ORANGE
1|SETON HALL UNIVERSITY|400 SOUTH ORANGE AVENUE||SOUTH ORANGE
1|PARK AND KIM, CPAS, PC|400 SYLVAN AVE|SUITE 111|ENGLEWOOD CLIFFS
1|CREATIVE FUTURE SYSTEMS INC|400 SYLVAN AVENUE|SUITE 110|ENGLEWOOD CLIFFS
1|JLM SYSTEMS INC|400 SYLVAN AVENUE SUITE 209||ENGLEWOOD CLIFFS
1|Agiletal Technologies Inc|400 South Avenue,|Suite 8,|Middlesex
1|Seton Hall University|400 South Orange Avenue||South Orange
1|KKDC INC|400 Sylvan Ave|Suite 208|Englewood Cliff
1|S-Platform LLC|400 Sylvan Ave, Suite 203||Englewood Cliffs
1|S-Platform LLC|400 Sylvan Avenue|Suite 203|Englewood Cliffs
1|Yehezkel CPA LLC|400 Tenafly Road|Unit 466|Tenafly
1|Yehezkel CPA LLC|400 Tenafly Road, Unit 466||Tenafly
1|Storis Inc|400 Valley Road|Suite 302|Mt. Arlington
1|VENSIT CORP|4000 BOROADENTOWN AVENUE|SUITE 36|SAYREVILLE
1|EOS Accountants LLP|401 Hackensack Avenue, Suite 1001||Hackensack
1|CLICK SOFT TECHNOLOGIES LLC|401 RIDGE ROAD|SUITE 1, UNIT 3|DAYTON
1|NIC - Moorestown LLC|401 Young Avenue||Moorestown
1|United Pharma LLC|402 Main Street|Suite 202|Metuchen
1|METASENSE INC|403 COMMERCE LN.|SUITE 5|WEST BERLIN
1|CORIELL INSTITUTE FOR MEDICAL RESEARCH|403 HADDON AVE||CAMDEN
1|Coriell Institute for Medical Research|403 Haddon Ave||Camden
1|Coriell Institute for Medical Research|403 Haddon Avenue||Camden
1|SMACFORCE CONSULTING LLC|404 BIRCHFIELD DRIVE||MOUNT LAUREL
1|Precess Medical Derivatives Inc|404 White Oak Ridge Road||Short Hills
1|AJIM Inc|405 Central Ave||East Orange
1|TDK-LAMBDA AMERICAS INC|405 Essex Road||Neptune
1|Wedgewood Village Pharmacy|405 Heron Dr.|Suite 200|Swedesboro
1|Wedgewood Village Pharmacy|405 Heron Drive|Suite 200|Swedesboro
1|IPIVOT LLC|405 RIDGE ROAD NJ||DAYTON
1|IPIVOT LLC|405 RIDGE ROAD NJ USA||DAYTON
1|iPivot LLC|405 Ridge Road NJ USA||Dayton
1|TIMESOFT SOLUTIONS LLC|405 STATE HIGHWAY 121|SUITE A250|LEWISVILLE
1|TIMESOFT SOLUTIONS LLC|405 STATE HIGHWAY 121 BYP.|SUITE A250|LEWISVILLE
1|QBRX INC|4056 Quakerbridge Road||Lawrence Twp
1|Taylor Farms New Jersey Inc|406-A  Heron Drive||Swedesboro
1|Taylor Farms New Jersey Inc|406-A Heron Drive||Swedesboro
1|Express Store Inc|407 Longview Court||Northvale
1|RMATRIX LLC|4074 US HIGHWAY 1||MONMOUTH JUNCTION
1|L&S Trade Inc|408 Myrtle Ave||Fort Lee
1|TRI-STATE LIGHT & ENERGY INC|409 JOYCE KILMER AVE, STE 201||NEW BRUNSWICK
1|EZOPS INC|409 Joyce Kilmer Ave, Ste 321||New Brunswick
1|SUNELS INTERNATIONAL INC|409 MINNISINK ROAD|SUITE 208|TOTOWA
1|Sunels International Inc|409 Minnisink Road|Suite 208|Totowa
1|The Artemis Center for Guidance LLC|409 N. Main Street||Glassboro
1|Analar Corporation|41 Airpark Drive||Princeton
1|THE TRANSFORMATION GROUP LLC|41 COLONY ROAD||EDGEWATER
1|CIP Industrial Factory Corp|41 Industrial Avenue||Fairview
1|ASPEN SOLUTIONS LLC|41 MIDDLESEX AVE||ISELIN
1|The Law Office of Carolina T. Curbelo LLC|41 North Broad Street, 2nd Floor||Ridgewood
1|ASPIRE PHARMACEUTICALS INC|41 VERONICA AVE||SOMERSET
1|Aspire Pharmaceuticals Inc|41 Veronica Avenue||Somerset
1|Tinkercast LLC|41 Watchung Ave|Suite 312|Montclair
1|Garden State Laboratories Inc|410 Hillside Avenue||Hillside
1|International ProcessPlants and Equipment Corp.|410 Princeton-Hightstown Road||Princeton Junction
1|Vita-Pure Inc|410 W 1st Ave||Roselle
1|Alltech Consulting Services Inc|410 Wall Street||Princeton
1|COMPUGRA SYSTEMS INC|4105  US HIGHWAY 1|SUITE 11|MONMOUTH JCT
1|Sarian Solutions Inc|4105 Route 1 South|Suite 8|Monmouth Junction
1|Arohak Inc|4105 US HWY 1|Suite 16|Monmouth Junction
1|Arohak Inc|4105 US HWY 1, Suite  16||Monmouth Junction
1|Datafoundry Inc|4105, US Hwy 1|Suite 16|Monmouth Junction
1|SOFT INNOVAS LLC|411 HACKENSACK AVE|STE 200|HACKENSACK
1|Mayde Beauty Inc|411 Hackensack Ave, Suite 601||Hackensack
1|Sensonics Inc|411 S. Black Horse Pike||Haddon Heights
1|Xtreme Time Inc|413 Florence Avenue||Hillside
1|TD BANK, N.A.|4140 CHURCH ROAD||MT. LAUREL
1|Haydon Corporation|415 Hamburg Turnpike||Wayne
1|EVELEK TRANSPORTATION LLC|417 Coral Ct||Morganville
1|Guild and Facet LLC|417 Route 17||Carlstadt
1|D & W Designs LLC|418 Ridgewood Avenue||Glen Ridge
1|TECHNOVISION INC|42 BRIDGE STREET||METUCHEN
1|Technovision Inc|42 Bridge Street||Metuchen
1|Kani Solutions Inc|42 Chesapeake Road||Monmouth Junction
1|OBERLAND Inc|42 Farview Avenue||Navesink
1|MNR IT SOLUTIONS LLC|42 MOUNTAIN AVENUE||CHATHAM
1|KENT PLACE SCHOOL|42 NORWOOD AVENUE||SUMMIT
1|Kent Place School|42 Norwood Avenue||Summit
1|JARMEL KIZEL ARCHITECTS AND ENGINEERS INC|42 OKNER PARKERWAY||LIVINGSTON
1|JARMEL KIZEL ARCHITECTS AND ENGINEERS INC|42 OKNER PARKWAY||LIVINGSTON
1|Jarmel Kizel Architects and Engineers|42 Okner Parkway|integrate BMS to VRF system|Livingston
1|L&L Legacy Enterprises LLC|42 Threadleaf Terrace||Burlington
1|Dell Painting Corp.|420 River Road||North Arlington
1|AADYAM TECHNOLOGIES LLC|420 Route 46 EAST|Suite 8A|Fairfield
1|MODULAR SOFTWARE CONSULTING LLC|4201 CHURCH ROAD|SUITE 14|MT. LAUREL
1|VRAJVIHAR LLC|4201 TONNELLE AVE||NORTH BERGEN
1|AFFORDABLE DENTURES & IMPLANTS - NEW JERSEY LLC|4215 Black Horse Pike|Suite 530|Mays Landing
1|OlenderFeldman LLP|422 Morris Avenue||Summit
1|HEALTH HEAVEN RX LLC|422 N WOOD AVE||LINDEN
1|HEALTH HEAVEN RX LLC|422 NORTH WOOD AVENUE||LINDEN
1|AD ENERGY LLC|423 Commerce Ln|Unit 4|West Berlin
1|LAW OFFICES OF INGRID ECHEVERRIA LLC|424 57TH STREET||WEST NEW YORK
1|Fipsar Inc|424 Courtyard Drive||Hillsborough
1|PRINCETON BIOMEDITECH CORPORATION|4242 U.S. HIGHWAY 1||MONMOUTH JUNCTION
1|CIBERGATE INC|4249 US HIGHWAY 9 SUITE   2E-2F||FREEHOLD
1|ALLAGI TECHNOLOGIES INC|425 AMWELL ROAD|SUITE 8|HILLSBOROUGH
1|ALLAGI TECHNOLOGIES INC|425 Amwell Road|Suite 8|Hillsborough
1|Tri-State Doors & Hardware LLC|425 CARR AVENUE||Keansburg
1|Unified Disposal Partners Holdings LLC|425 Eagle Rock Ave|Suite 201|Roseland
1|Goodgold West Diaz Bennett & Klein LLC|425 Eagle Rock Avenue|Suite 405|Roseland
1|Diaspora Law LLC|425 Elmora Avenue||Elizabeth
1|EventCombo Inc|425 KIPP ST., TEANECK||Jersey City
1|UNIQUE DESIGNS INC|425 MEADOWLANDS PARKWAY|2ND FLOOR|SECAUCUS
1|UNIQUE DESIGNS INC|425 MEADOWLANDS PKWY|SUITE 2|SECAUCUS
1|DISTINCT ENGINEERING SOLUTIONS INC|425 OLD GEORGES ROAD|N/A|NORTH BRUNSWICK
1|Cenlar FSB|425 Phillips Blvd||Ewing
1|ALPHA IT CONSULTING CORPORATION|4250 ROUTE 1|SUITE 103|SOUTH BRUNSWICK TOWNSHIP
1|ETOC CORPORATION|4250 Route1, Suite 101||Monmouth Junction
1|ESYSTEMS INC|4250 U S ROUTE 1|SUITE 105|MONMOUTH JUNCTION
1|TECHNO TEK INCORPORATED|4250 U.S. ROUTE 1, SUOTE 100||MONMOUTH JUNCTION
1|ESYSTEMS INC|4250 US RT 1,|Suite 105,|Monmouth Junction
1|ADHRIT INC|4250 US Route 1 North|Suite 104|Monmouth Junction
1|ADHRIT INC|4250 US Route 1 North, SUITE   104||Monmouth Junction
1|ESYSTEMS INC|4250 US Rt 1,|Suite 105,|Monmouth Junction
1|Techno Tek Inc|4250 US Rt. 1|Suite 100|Monmouth Junction
1|Digitran Tech Solutions Inc|4250 US-1 Suite 109||Monmouth Junction
1|DSBRIDGE CORP|4250 US1|Suite 150|Monmouth Junction
1|Nexera Solutions LLC|4255 Route 9N|Suite 5C|Freehold
1|AIRMOUNT LLC|426 Airmount Avenue||Ramsey
1|Bicitis Group Inc|426 Herrick Drive||Dover
1|Ultimate Therapy 2 LLC|4260 Route 9||Howell
1|Biophore Pharma Inc|4262 US Highway One, Suite A||Monmouth Junction
1|SKILLFUL TECHNOLOGIES INC|4270 US HIGHWAY 1|Suite 2A|MONMOUTH JUNCTION
1|SKILLFUL TECHNOLOGIES INC|4270 US HIGHWAY 1,|SUITE 2A|MONMOUTH JUNCTION
1|SKILLFUL TECHNOLOGIES INC|4270 US HIGHWAY 1, SUITE  2A||MONMOUTH JUNCTION
1|SKILLFUL TECHNOLOGIES INC|4270 US Highway 1|Suite 2A|Monmouth Junction
1|VANI DIAMS LLC|43 EDSTAN DR||MOONACHIE
1|Yama Seafood INC|43 Edward Hart Dr.||Jersey City
1|Soyventis North America LLC|43 Headquarters Plaza, North Tower|9th Floor|Morristown
1|Iacono Iron LLC|43 Montgomery Street||Belleville
1|Formal Business Solutions LLC|43 Rhyan Dr||Parsippany
1|Thorlabs Inc|43 Sparta Avenue||Newton
1|JEFFREY FARKAS, M.D. LLC|43 WESTMINSTER AVENUE||BERGENFIELD
1|Rugby United New York LLC|430 Communipaw Ave|3rd Floor|Jersey City
1|Dow Jones and Company|4300 North Route 1||Monmouth Junction
1|SN PHARMACY LLC|4300 PALISADE AVE||UNION CITY
1|SN Pharmacy LLC|4300 Palisade Avenue||Union City
1|Oil Price Information Services LLC|4300 Us Highway 1||Monmouth Junction
1|Century Conveyor Systems Inc|4301 South Clinton Avenue||South Plainfield
1|Intellect Technologies Inc|4301 U.S.Highway 1, Suite 120||Monmouth Junction
1|Trustek Inc|4301 US HIGHWAY 1|Suite 125|Monmouth Junction
1|Trustek Inc|4301 US Highway 1|Suite 125|Monmouth Junction
1|SHREEJI RX LLC|4313 BERGENLINE AVE||UNION CITY
1|QUESTSOFT SOLUTIONS INC|432 ROUTE 34,|SUITE 3A|MATAWAN
1|Questsoft Solutions Inc|432 Route 34|Suite 3A|Matawan
1|Filtration Solutions Inc|432 Sand Shore Road|Unit 8|Hackettstown
1|Jersey Chemists Inc|433 Elizabeth Ave||Newark
1|Semaphore Partners LLC|434 Caldwell Drive||Wyckoff
1|Kennedy Medical Group Practice, P.C.|435 Hurffville-Cross Keys Road||Turnersville
1|LK CPAS LLC|4365 US 1 SOUTH|SUITE 206|PRINCETON
1|LK CPAs LLC|4365 US 1 South|Suite 206|Princeton
1|Finacle Soft Inc|4365 US Highway 1,|Suite 203|Princeton
1|Fortira Inc|4365 US Hwy 1 South|Suite 205|Princeton
1|Finacle Soft Inc|4365 US Route  1,|Suite 203|Princeton
1|MP Infotech Corp|4365 US Route-1|Suite 202|princeton
1|SRI INFOTECH INC|4365 US Rt 1|SUITE 208|PRINCESTON
1|Sri Infotech Inc|4365 US Rt. 1|Suite 208|Princeton
1|SRI INFOTECH INC|4365 US-1|SUITE 208|PRINCETON
1|KLK ELECTRIC INC|4366 B VICTORY BLVD||STATEN ISLAND
1|INPENSA INC|438 Route 206|Ste 3 503|Hillsborough
1|AMWELL CARE LLC|438 US-206|UNIT 3|HILLSBOROUGH
1|COMPREHENSIVE RESOURCES INC|439 ROUTE 34|SUITE D|MATAWAN
1|Hanu Software Solutions Inc|4390  US Route 1|STE 200|Princeton
1|Hanu Software Solutions Inc|4390 Route 1|Suite 200|Princeton
1|INTEL GRAPH LLC|4390 U.S. HIGHWAY 1|SUITE 207|PRINCETON
1|SoftArt Solutions Inc|4390 U.S. Highway 1|Suite 201|Princeton
1|Infer Solutions Inc|4390 US HWY 1|302|Princeton
1|ZENITH SERVICES INC|4390 US ROUTE ONE|SUITE 312|PRINCETON
1|Millennium Info Tech Inc|4390 US Route 1 North|Suite 121|Princeton
1|Zenith Services Inc|4390 US route One|STE 312|PRINCETON
1|Cyberstars LLC|4390 US-1|Suite 205|Princeton
1|Hanu Software Solutions Inc|4393 US Route 1|Suite 200|Princeton
1|IPKEYS POWER PARTNERS INC|44 Gilbert Street West||Tinton Falls
1|Uhlmann Packaging Systems L.P.|44 Indian Lane East||Towaco
1|Jersey Technology Partners|44 Milltown Road|2nd Floor|East Brunswick
1|Knowteq LLC|44 Pemberton Lane|Suite A|East Windsor
1|ORBIS INC|44 STELTON ROAD|SUITE 250|PISCATAWAY
1|Ann Kim MD PC|44 Sylvan Ave, ste 2D||Englewood Cliffs
1|Alvogen Group Inc|44 Whippany Road|Suite 300|Morristown
1|JAY SHAPIRO & ASSOCIATES INC|44-A PEAPACK ROAD||FAR HILLS
1|Momento USA|440 Benigno Blvd||Bellmawr
1|Progressive Spine and Orthopaedics|440 Curry Avenue|Suite A|Englewood
1|Aicher Steel Americas Inc|440 Eagle Rock Avenue||Roseland
1|Samp Engineering Inc|440 NJ-17  32|Ste 2|Hasbrouck Heights
1|SAMP ENGINEERING INC|440 ROUTE 17 NORTH|SUITE 2|HASBROUCK HEIGHTS
1|Samp Surad Group Inc|440 Route 17 North|Suite 2|Hasbrouck Heights
1|Metro Insurance Health Group LLC|440 Sylvan Ave|Suite 282|Englewood Cliffs
1|Kramer Laboratories Inc|440 US Highway 22|Suite 210|Bridgewater
1|Amarin Pharma Inc|440 US Route 22|Suite 300|Bridgewater
1|FinTek Solutions LLC|4400 Route 9|Suite 1000|Freehold
1|Metafindsolutins Inc|4400 Route 9 south|Suite 1000|Freehold
1|Fortuna IT solutions LLC|4400 US-9|Suite 1000|Freehold
1|BNH Technologies Inc|4400, Route 9 South|Suite 1000|Freehold
1|JOB 4 AMERICANS INC|4403 E BLACK HORSE PIKE|STE 1102|MAYS LANDING
1|IDEAL EDUCATION A NJ NONPROFIT CORPORATION|4403 E BLACK HORSE PIKE,|UNIT 2141|MAYS LANDING
1|HACKENSACK PHARMACY INC|441 PASSAIC STREEET||HACKENSACK
1|BRANDRA PHARMACEUTICALS INC|441 Passaic St||Hackensack
1|Selegic Inc|4425 Fortran Dr, Suite 103||San Jose
1|Graxcell Pharmaceutical LLC|443 Commerce Lane|Suite 3|West Berlin
1|Accurate Bushing Company|443 North Avenue||Garwood
1|NEXUS IT INC|44330 MERCURE CIRCLE|STE 147|STERLING
1|Citromax Group Inc|444 Washington Avenue||Carlstadt
1|BROTHERS OF THE CHRISTIAN SCHOOLS DISTRICT OF EASTERN NORTH AMERICA INC|444A ROUTE 35 SOUTH||EATONTOWN
1|NYC GRAVITYNET LLC|445 BROADHOLLOW ROAD|SUITE 210|MELVILLE
1|VICHARA TECHNOLOGIES INC|445 GODWIN AVENUE|UNIT D|MIDLAND PARK
1|The Institute of Electrical and Electronics Engineers Inc|445 Hoes Lane||Piscataway
1|CCA CONSTRUCTION INC|445 SOUTH STREET|SUITE 310|MORRISTOWN
1|CCA Construction Inc|445 South St.|Suite 310|Morristown
1|Arch Reinsurance Company|445 South Street, Suite 220|PO Box 1988|Morristown
1|First Docs LLC|445 Whitehorse Avenue|Suite 101|Hamilton
1|SKYLITE LLC|4469 ROUTE 27|STE 203|PRINCETON
1|KUNOSOLTECH LLC|4469 ROUTE-27|SUITE 301|PRINCETON
1|Randolph Center for Oral and Maxillofacial Surgery, PA|447 Route 10 East|Suites 5 & 6|Randolph
1|Hycloud Technologies LLC|4475  South Clinton Ave|Suite 211|South Plainfield
1|FUGEN IT SOLUTIONS INC|4475 ROUTE 27||PRINCETON
1|Hycloud Technologies LLC|4475 Suite 211, South Clinton Ave||South Plainfield
1|A One Institute Inc|449 Broad Ave|Unit 2-1|Palisades Park
1|Edgewood Country Club|449 Rivervale Road||River Vale
1|THE DEROSA GROUP ARCHITECTS, P.C.|45 ACADEMY STREET, SUITE 202,||NEWARK
1|Datascope Corp.|45 Barbor Pond Road||Wayne
1|Datascope Corp.|45 Barbour Pond Dr||Wayne
1|Staff Aug LLC|45 Brant Avenue|Unit 6|Clark
1|Staff Aug LLC|45 Brant Avenue, Unit 6||Clark
1|Surgical Specialty Staffing LLC|45 Burnside Ave||Cranford
1|Surgical Specialty Staffing LLC|45 Burnside Avenue||Cranford
1|Connexions Data Inc|45 EISENHOWER DRIVE|Suite 245|Paramus
1|ClassLink Inc|45 East Madison Avenue|Suite 7|Clifton
1|Camerican International Inc|45 Eisenhower Drive|Suite 31045|Paramus
1|Amber Services NA LLC|45 Essex Street|Suite 203|Millburn
1|City Relief Inc|45 Hazel Street||Clifton
1|Aethon Solutions LLC|45 Malsbury Street||Robbinsville
1|Intex Millwork Solutions|45 Mill Street||Mays Landing
1|Hästens Beds Inc|45 North Broad Street||Ridgewood
1|Smartpony Inc|45 Patrick Ave||Edison
1|MAGTECH CONSULTING AND SOLUTIONS DEVELOPMENT CORPORATION|45 S MAIN STREET|SUITE 2|MANVILLE
1|NETSEC PROFESSIONALS CORPORATION|45 S MAIN STREET, SUITE 3||MANVILLE
1|NETSEC PROFESSIONALS CORPORATION|45 S Main Street, Suite   3||Manville
1|NETSEC PROFESSIONALS CORPORATION|45 S Main Street, Suite 3||Manville
1|Aero Tec Laboratories Inc|45 Spear Road||Ramsey
1|Globepharma Inc|45 Stouts Lane|Suite 10|Monmouth Junction
1|Career Soft Solutions Inc|45 Talmadge Road|Suite 12|Edison
1|Horizon Group USA Inc|45 Technology Drive||Warren
1|GREYCELLS TECHNOLOGIES LLC|45 WYCKLOW COURT||ROBBINSVILLE
1|NVA Group LLC|45 Williams St., 2nd floor||Newark
1|QSI SERVICES INC|450 AMWELL ROAD|SECOND FLOOR, SUITE 5|HILLSBOROUGH
1|GNEISS|450 Barell Ave||Carlstadt
1|HYUNDAI WIA MACHINE AMERICA|450 COMMERCE BLVD||CARLSTADT
1|New Target Health Inc|450 Commerce Blvd||Carlstadt
1|Target Health LLC|450 Commerce Blvd.|2nd Floor|Carlstadt
1|3i INFOTECH INC|450 RARITAN CENTER PARKWAY|SUITE B|EDISON
1|3i Infotech Inc|450 Raritan Center Parkway|Suite B|Edison
1|American Institute of Medical Sciences & Education LLC|4500 New Brunswicj Avenue||Piscataway
1|American Institute of Medical Sciences & Education LLC|4500 New Brunswick Avenue||Piscataway
1|E-GIANTS TECHNOLOGIES LLC|4500 WESTOWN PARKWAY|SUITE 115|WEST DES MOINES
1|Sol Pharmacy Inc|450B Broad Avenue||Palisades Park
1|Elite Preparatory Academy A NJ Nonprofit Corporation|452 Lakeside Blvd||Hopatcong
1|Bergen Marble and Granite Inc|453 Broad Ave||Ridgefield
1|The Frances Clark Center for Keyboard Pedagogy|4543 Rt. 27||Kingston
1|Grandison Management Inc|4547 Route 9 North||Howell
1|General Trading Co. Inc|455 16th Street||Carlstadt
1|Jerrys Drug & Surgical LLC|455 Broadway||Bayonne
1|Five Oaks SNF Operations LLC|456 Chestnut Street|Unit 303|Lakewood
1|NIKSUN INC|457 NORTH HARRISON STREET||PRINCETON
1|Health Consulting Services|457 Oak Glen Road|Floor 1|Howell
1|Creativity CoLaboratory Charter School|457 Shirley Road||Elmer
1|Sphere Management Inc|458 Elizabeth Ave Suite 5343||Somerset
1|The WU Law Firm LLC|46 BAYAROAD ST|STE 303|NEW BRUNSWICK
1|Hechessee Technologies LLC|46 CASSELBERRY WAY||MONROE TWP
1|LIVEX LIGHTING INC|46 CLYDE ROAD||SOMERSET
1|Livex Lighting Inc|46 Clyde Road||Somerset
1|Merit SI LLC|46 E. Main Street|Suite 302|Somerville
1|Rici Corp|46 Hobart place||Garfield
1|The WU Law Firm LLC|46 Paterson Street|Suite 2C|New Brunswick
1|Brookaire Co. LLC|46 Whelan Road||East Rutherford
1|SYNTHETIXAI INC|460 BLOOMFIELD AVE|308|MONTLAIR
1|Cho & Leigh PC|460 Bergen Blvd|Ste 303|Palisades Park
1|Susumu International (USA) Inc|460 Bergen Blvd. Suite 226||Palisades Park
1|Hutchinson Industries Inc|460 Southard Street||Trenton
1|BENELI ARCHITECTS & DESIGN GROUP INC|462 BROAD AVENUE||PALISADES PARK
1|Livegage Inc|462 Boulder Dr||Morganville
1|Cheveux Corporation|463 Barell Ave||Carlstadt
1|SBB SHIPPING USA INC|464 VALLEY BROOK AVE|FL 3|LYNDHURST
1|BIF New York Inc|465 Barell Avenue||Carlstadt
1|Ciphertext Solutions Inc|469 Cedar Hill Avenue||Wyckoff
1|Shoolin Inc|47  Bridge Street|Bldg A|Metuchen
1|SHOOLIN INC|47 BRIDGE ST.|BUILDING A|METUCHEN
1|Shoolin Inc|47 Brigde Street|Bldg A|METUCHEN
1|Keystone Cyber Protection LLC|47 Canary Dr||Lakewood
1|CONVEX NORTH AMERICA INSURANCE SERVICES LLC|47 HULFISH STREET|SUITE 301|PRINCETON
1|Hudson Valley Systems Inc|47 Hamilton Lane||Plainsboro
1|Amicus Therapeutics Inc|47 Hulfish Street||Princeton
1|Circle Wealth Management LLC|47 Maple St.|Suite 201|Summit
1|CHI Consulting Engineers LLC|47 Maple Street|A201|Summit
1|UNITED METHODIST CHURCH AT MILLTOWN|47 NORTH MAIN STREET||MILLTOWN
1|Kapo Industrial Construction Inc|47 Pink Street||Hackensack
1|InnoSepra LLC|47 William Penn Road||Warren
1|Princeton Friends School|470 Quaker Road||Princeton
1|Shayanam LLC|471 Lyons Avenue,  79||Irvington
1|Sheela Inc|471 Sykesville Road||Wrightstown
1|SHEELA INC|471 WRIGHTSTOWN SYKESVILLE ROAD||WRIGHTSTOWN
1|Bayonne Dental Associates PC|472 Broadway||Bayonne
1|WOO DENTAL LLC|472 Central Avenue||Jersey City
1|KrisStone LLC|472 E. Westfield Avenue||Roselle Park
1|Jonathan L Hornik Esq PC|475 County Road 520 Suite 200||Marlboro
1|Beauty Plus Trading Co. Inc|475 Market Street 2 FL||Elmwood Park
1|Town and Country Holdings Inc|475 Oberlin Avenue South||Lakewood
1|ATLANTIC SPINE CENTER LLC|475 PROSPECT AVE|SUITE 110|WEST ORANGE
1|AHS Hospital Corp.|475 South Street||Morristown
1|Markov Processes International Inc|475 Springfield Ave|Suite 401|Summit
1|Markov Processes International Inc|475 Springfield Avenue|Suite 401|Summit
1|CLOUD INVENTIONS INC|475 WALLS STREET|SUITE 259|PRINCETON
1|Techigai Inc|475 Wall Street 255||Princeton
1|Colfax Oncology LLC|476 Colfax Ave||Clifton
1|Colfax Oncology LLC|476 Colfax Avenue||Clifton
1|Trend Lab Corp.|477 S Dean St||Englewood
1|Trend Lab Corp.|477 S Dean St.||Englewood
1|Techvista Services Corp|479 County Route 520|Suite B201|Marlboro
1|TECHVISTA SERVICES CORP|479 County Rte 520 Suite B201||Marlboro Township
1|RunPod Inc|48 Hillside Lane||Mt. Laurel
1|RunPod Inc|48 Hillside Ln||Mount Laurel
1|Alkin Compressors Inc|48 Industrial ST W||Clifton
1|360 Print Works|48 Kuna Terrace||Irvington
1|PLEASANT LAKE PARTNERS LLC|48 Pine Street||Princeton
1|Phase 4 Digital LLC|48 Reinhart Way||Bridgewater
1|Hanwool Tax & Accounting LLC|480 Broad Ave|1st Floor|Ridgefield
1|Hunkar LLC|480 MAIN AVE|STE 7|WALLINGTON
1|MYCONE DENTAL SUPPLY CO. INC|480 S. DEMOCRAT ROAD||GIBBSTOWN
1|Kornit Digital North America|480 South Dean Street||Englewood
1|Mycone Dental Supply Co. Inc|480 South Democrat Road||Gibbstown
1|SG AMERICAS OPERATIONAL SERVICES LLC|480 Washington BLVD.||Jersey City
1|SG Americas Operational Services LLC|480 Washington Blvd||Jersey City
1|StaffingFox LLC|4803 Stonehedge ROAD||Edison
1|BioReference Laboratories Inc|481 Edward H. Ross Drive||Elmwood Park
1|Triumph Global LLC|481 Hackensack Avenue|2nd Floor, 1031|Hackensack
1|GParency LLC|481 Oak Glen Road||Howell Township
1|Cloud Reboot Inc|4813 Fox Run Dr||Plainsboro
1|MISSION ONE PHYSICAL THERAPY PLLC|483B LIBERTY AVENUE|FLOOR-1|Jersey City
1|LAW OFFICES OF SUSHEELA VERMA|485 (E) ROUTE 1 SOUTH|SUITE 240|ISELIN
1|KAVYOS CONSULTING INC|485 C ROUTE 1 SOUTH|SUITE 320|Iselin
1|KAVYOS CONSULTING INC|485 C ROUTE 1 SOUTH, SUITE 320||Iselin
1|ANJANEYAP INC|485 E ROUTE 1 SOUTH|SUITE 100|ISELIN
1|IT Trailblazers LLC|485 E Route 1 South|Suite 100|Iselin
1|MNM Consultant LLC|485 New York Road|Suite A2|Galloway
1|Omni Eye Specialists, PA|485 Route 1 S||Iselin
1|VINWORLDWIDE TRANSPORT LLC|485 Route 1 S., Bldg. C|Suite 130|Iselin
1|MNM Consultant LLC|485 S New York Road|Suite A-2|Galloway
1|Ace Software Solutions Inc|485-B Route 1 South|Suite 310|Iselin
1|VIN WORLDWIDE TRANSPORT LLC|485-C US 1 SOUTH|Suite 130|Iselin
1|LAVINSTAR AMERICA INC|485-C US 1 South|Suite 130|Iselin
1|LAVINSTAR AMERICA INC|485-C US1 south|Suite 130|Iselin
1|LAVINSTAR AMERICA INC|485-C, US 1 South|Suite 130|Iselin
1|Ace Software Solutions Inc|485B Route 1 South|Suite 310|Iselin
1|TDK Electronics Inc|485B U.S. Highway 1 South|Suite 200|Iselin
1|OBJECT DATA INC|485C ROUTE 1 SOUTH|SUITE 100|ISELIN
1|ICOR Associates LLC|485C Route 1 South|Suite 200|Iselin
1|JVM Global Inc|485C U.S 1 South|Suite 100|Iselin
1|JVM Global Inc|485C U.S. 1 South|Suite 100|Iselin
1|LAVINSTAR AMERICA INC|485C US HIGHWAY 1 SOUTH|SUITE 130|ISELIN
1|Technology Concepts Group International LLC|485C US Highway 1 South|Suite 350|Iselin
1|OBJECT DATA INC|485C US ROUTE 1|SUITE 100|ISELIN
1|Entek Solutions Inc|485c US Highway 1 south|Suite 100|Iselin
1|NPZ LAW GROUP, P.C.|487 GOFFLE ROAD, VISASERVE PLAZA||RIDGEWOOD
1|Wynn Global Logistics Inc|49 6th Street||East Brunswick
1|Hua Gao CPA LLC|49 Bridge Street||Metuchen
1|Central Amusement International Inc|49 Fanny Road||Boonton
1|SCIENTIFIC DESIGN COMPANY INC|49 INDUSTRIAL AVENUE||LITTLE FERRY
1|Solaris Pharma|49 Napoleon Court||Somerset,
1|TOP SHELF AUTOMOTIVE LLC|49 Stone St||Newark
1|Strato Inc|49 Stouts Lane||Monmouth Junction
1|EZER PROPERTY MANAGEMENT LLC|49 s maple ave||Marlton
1|Brazilian Meat Boutique and More LLC|492 Joline Avenue|Unit 1|Long Branch
1|RB Healthcare Management LLC|494 Broad St|Floor 4|Newark
1|All American Healthcare Services Inc|494 Broad Street|4th Floor|Newark
1|TCM Groups Inc|495 Plainfield Avenue||Berkeley Heights
1|Northlandz LLC|495 State HWY 202||Flemington
1|Brattice Advisors LLC|496 Northumberland Road||Teaneck
1|MARS PARTNERS INC|498 INMAN AVENUE|SUITE 203|COLONIA
1|First Advantage Realty LLC|498 Kings Highway North||Cherry Hill
1|Insight Hospitality Inc|4989 Stelton Road||South Plainfield
1|APEX TECHNOLOGY GROUP INC|499 PLAINFIELD AVENUE|SUITE 1|EDISON
1|Samsonite LLC|499 Thornhall Street|10th Floor|Edison
1|Forbes Media LLC|499 Washington Blvd.||Jersey City
1|Visionet Systems Inc|4B Cedarbrook Dr||Cranbury
1|Visionet Systems Inc|4B Cedarbrook Drive||Cranbury
1|Nexomics Inc|5  Crescent Ave|Suite G1|Rocky Hill
1|Della Infotech Inc|5  Independence Way|STE 300|Princeton
1|Norcapco Integrated Solutions Inc|5 Auer Court|Suite H|East Brunswick
1|TECHROOTED INC|5 BRENTWOOD PL||MONROE TOWNSHIP
1|All-Win Group LLC|5 Bel Air Ct||Milltown
1|Synaptic Rehabilitation LLC|5 Boxwood Way||Warren
1|Saansol Inc|5 Bridge Street|Building C|Metuchen
1|Saansol Inc|5 Bridge Street, Bldg C||Metuchen
1|Saansol Inc|5 Bridge Street, Bldg. C||Metuchen
1|Saansol Inc|5 Bridge Street, Bldg. C,||Metuchen
1|Sypram Software LLC|5 CLYDE ROAD|Suite 101|SOMERSET
1|IVIEW Therapeutics Inc|5 Cedarbrook Drive|Suite 2|Cranbury
1|Diagnostica Stago Inc|5 Century Drive||Parsippany
1|Park Avenue Capital LLC|5 Compton Way||Bridgewater
1|BRIAN TREMATORE PLUMBING & HEATING INC|5 DANIEL ROAD, STE 1||FAIRFIELD
1|Crewfox LLC|5 Dickenson Ct||Plainsboro
1|EXCELGENS INC|5 EAST MAIN STREET, 2ND FLOOR|Suite 6B|Denville
1|Mane Concept Inc|5 Ethel Blvd|Ste 200|Wood-Ridge
1|Blackinn LLC|5 Fir Court|Unit 4|Oakland
1|NewVance Inc|5 Fountayne Ln||Skillman
1|Vijaya Solutions Inc|5 Garretson Drive||Franklin Park
1|Stephen Gould Corporation|5 Giralda Farms||Madison
1|GalaxE.Solutions LLC|5 HILLTOP ROAD||MENDHAM BOROUGH
1|PicoSolutions Group Inc|5 Half Moon Isle||Jersey City
1|PRINCETON IT AMERICA INC|5 INDEPENCE WAY|SUITE 215|PRINCETON
1|GURUSCHOOLS LLC|5 INDEPENDECE WAY|3RD FLOOR|PRINCETON
1|ADEPT AI SOLUTIONS LLC|5 INDEPENDENCE WAY,|SUITE 300|PRINCETON
1|GIS MONK INC|5 INDEPENDENCE WAY, 3ROAD FLOOR|Suite 300|PRINCETON
1|Refdrug Inc|5 Ilene CT, Building 7|Ste 17|Hillsborough
1|VRK IT VISION INC|5 Independence Way, 3rd Floor|Suite 300B|Princeton
1|HubEntry LLC|5 Independence Way, Suite   300,||Princeton
1|AGILETECH SOLUTIONS INC|5 Independence Way, Suite 223A||Princeton
1|Rigel Staffing|5 Independence Way, Suite 300||Princeton
1|Datanormus LLC|5 Independence way,|Suite 220|Princeton
1|AMERICAN ANALYST INC|5 JARED PL||BUDDLAKE
1|FPM TECHNOLOGIES INC|5 MICHALIK DRIVE|SUITE 500|SAYREVILLE
1|Quantum Computing Inc|5 Marine View Plaza, STE 214||Hoboken
1|Honors Review Princeton LLC|5 Market Street|Suite 520|Plainsboro
1|Balchem Corporation|5 Paragon Dr||Montvale
1|StudentUniverse.com Inc (subsidiary of Flight Centre)|5 Paragon Drive.|Suite 200|Montvale
1|VM GLOBAL PARTNERS LLC|5 ROLLING CT.||KENDALL PARK
1|Laxai Inc|5 Rolling Ct||Kendall Park
1|VM Global PArtners LLC|5 Rolling Ct.||Kendall Park
1|WERUM IT SOLUTIONS AMERICA INC|5 SYLVAN WAY|Suite 200|PARSIPPANY
1|Brand K Partners LLC|5 Sicomac Road||North Haledon
1|Qlogic LLC|5 Twin Oaks Road||Parsippany
1|Groupsoft US Inc|5 Vaughn Dr.|Suite 150|Princeton
1|RELIANCE GRANITE AND MARBLE, CORP|50 Boright Ave||Kenilworth
1|Goffa International Corp.|50 Broad Street||Carlstadt
1|LB ELECTRIC CO LLC|50 COMMERCE ROAD||CEDAR GROVE
1|LOGISOFT TECHNOLOGIES INC|50 CRAGWOOD ROAD, SUITE  315||SOUTH PLAINFIELD
1|Westfield Investment LLC|50 Cardinal Drive|Suite 103|Westfield
1|Tat Group Inc|50 Chestnut Ridge Drive||New Jersey
1|Bentley Laboratories LLC|50 Clearview Road||Edison
1|Code Ace Solutions Inc|50 Craagwood Road|Suite 217|South Plainfield
1|Systechcorp Inc|50 Cragdwood Road|Suite 216|South Plainfield
1|Logisoft Technologies Inc|50 Cragwood Road, Suite  315||South Plainfield
1|Code Ace Solutions Inc|50 Cragwood Road, Suite 217||South Plainfield
1|Digital Scripts Inc|50 Creagwood Road|Suite 218|South Plainfield
1|CIBERSPRING INTERNATIONAL LLC|50 DIVISION ST.|SUITE 501|SOMERVILLE
1|FATHOM LIFE SCIENCES AND TECHNOLOGY SOLUTIONS LLC|50 DIVISION STREET|SUITE 501|SOMERVILLE
1|Unisoft Solutions LLC|50 Division St|Suite 501|Somerville
1|State of New Jersey Department of Children and Families|50 E. State Street|4th Floor|Trenton
1|Endeavour Meats USA LLC|50 Ferry Avenue||Camden
1|Conmeta Inc|50 Graphic Pl.||Moonachie
1|SPECTRA SOLUTIONS INC|50 HAMPSHIRE DRIVE||PLAINSBORO
1|KJ INFO LLC|50 HARRISON ST|PH 540|HOBOKEN
1|VERTUS ENTERPRISES INC|50 HARRISON ST. PH. 608||HOBOKEN
1|Horizon Solutions LLC|50 Honeyman Road||Basking Ridge
1|Instock Wireless Components Inc|50 Intervale Road||Boonton
1|Link Trans Logistics NJ Inc|50 Jiffy Road,||Somerset
1|Acsis Inc|50 Lake Center Executive Parkway|Suite 201, 401 Route 73N, Building 50|Marlton
1|Navesink Country Club Inc|50 Luffburrow Lane||Red Bank
1|INVICTECH INC|50 MILLSTONE ROAD,BLDG.  400|SUITE 200|EAST WINDSOR
1|BeaconFire Staffing Solutions Inc|50 Millstone Road, Bldg 400|Suite 200|East Windsor
1|CloudRay Inc|50 Millstone Road, Blg 200|Suite 240|East Windsor
1|Invictech Inc|50 Millstone Road, Building 200|Suite 180|EAST WINDSOR
1|Invictech Inc|50 Millstone Road, Building 400|Suite 200|EAST WINDSOR
1|Population Health Partners LLC|50 Mountaintop Road||Bernardsville
1|Fuji Electric Corp. of America|50 Northfield Avenue||Edison
1|ITECH CONSULTING PARTNERS LLC|50 PARK PLACE|SUITE 1101B|NEWARK
1|LOGICPRO SYSTEMS INC|50 PRINCETON HIGHTSTOWN ROAD|SUITE 270|PRINCETON JUNCTION
1|Dow Technologies and Systems Corp|50 Park Place, Robert Treat Centre, STE 1431||Newark
1|SHREE ENRICH LEARNING LLC|50 ROUTE 10||EAST HANOVER
1|Fidelity Packaging LLC|50 South 1st Street||Elizabeth
1|Center of Theological Inquiry|50 Stockton Street||Princeton
1|ClorDiSys Solutions Inc|50 Tannery Road|Suite 1|Branchburg
1|Gladys International Inc|50 Tice Blvd, Suite 340||Woodcliff Lake
1|CEM Business Solutions Inc|50 Tice Blvd.|Suite 340|Wood Cliff Lake
1|Ori Biotech North America Inc|50 Tice Boulevard|Suite 340|Woodcliff Lake
1|Premio Foods Inc|50 Utter Avenue||Hawthorne
1|CASE MEDICAL INC|50 WEST STREET||BLOOMFIELD
1|Urby LLC|50 Washington Street||Hoboken
1|Kadan Productions LLC|50-52 Metro Way||Secaucus
1|PRINCETON IT SERVICES INC|500 ALEXANDER PARK|SUITE 301|PRINCETON
1|SILICON STAFF IT SERVICES INC,|500 ALEXANDER PARK DRIVE SUITE 102||PRINCETON
1|Evolution US LLC|500 Boardwalk||Atlantic City
1|Greenberg Traurig, LLP|500 CAMPUS DRIVE|SUITE 400|FLORHAM PARK
1|SMAC APPS LLC|500 COLLEGE ROAD|SUITE 235|PRINCETON
1|Symbiance Inc|500 College Road E, Suite 220||Princeton
1|Symbiance Inc|500 College Road E, Suite 415||Princeton
1|TK-Chain LLC|500 College Road East,|Suite 202|Princeton
1|SEOYON AMERICA CORPORATION|500 FRANK W BURR BLVD|STE 445|TEANECK
1|Agam Capital Management LLC|500 Frank W Burr Blvd, 4th Floor|Suite 16|Teaneck
1|Hanwha Vision America Inc|500 Frank W. Burr. Blvd.  43||Teaneck
1|Misfits Market Inc|500 Griffith Morgan Lane||Pennsauken
1|Sort & Export Co.|500 Markley St.||Port Reading
1|Kennedy University Hospital Inc|500 Marlboro Avenue||Cherry Hill
1|ELIZABETH PUBLIC SCHOOLS|500 N. BROAD STREET|N/A|ELIZABETH
1|Asphalt Paving Systems Inc|500 N. Egg Harbor Road||Hammonton
1|Megabusiness LLC|500 Nordhoff Place Suite D Area4||Englewood
1|PIM Brands LLC|500 Pierce Street||Somerset
1|Pierre Fabre USA INC|500 Plaza Dr||Secaucus
1|Wakefern Food Corp|500 Riverside Dr||Keasbey
1|IFSINTEGRATED FINANCIAL SOLUTIONS INC|500 Route 17 South|Suite 202|Hasbrouck Heights
1|Dr. Dental of New Jersey PC|500 South River Street||Hackensack
1|COTY US LLC|500 The American Road||New Jersey
1|PTC Therapeutics Inc|500 Warren Corporate Center Drive||Warren
1|PTC Therapeutics Inc|500 Warren Corporate Drive||Warren
1|Hisense Photonics Inc|5000 Hadley Road||South Plainfield
1|Hisense Photonics Inc|5000 Hadley Road  102||South Plainfield
1|Wakefern Food Corp.|5000 Riverside Drive||Keasbey
1|Friedenthal Financial|5000 Sagemore Drive|Suite 102|Marlton
1|Ridgefield Kosher Bakery|501 Broad Ave||Ridgefield
1|LEAP Social Enterprise Inc|501 Cooper Street||Camden
1|Aromatic Innovations Inc|501 Finnegans Ln||North Brunswick
1|ABD RXCARE Inc|501 Jersey Avenue||Jersey City
1|Sarchem Laboratories Inc|5012 Industrial Road||Farmingdale
1|KIRAN LAW FIRM PC|5016 ROUTE 130 NORTH||DELRAN
1|Coforge Limited f/k/a NIIT Technologies Limited|502  Carnegie Center Drive|STE 301|Princeton
1|GNARITAS|502 CARNEGIE CTR|STE 101|Princeton
1|Navitas Inc|502 Carnegie Center|Suite 102|Princeton
1|Oxygen Inc|502 Carnegie Center, Suite 103||Princeton
1|Gnaritas|502 Carnegie Ctr., STE 101||Princerton
1|Chenosa Systems Corporation|502 Pleasant Valley Ave||Moorestown
1|Chenosa Systems Corp.|502 Pleasant Valley Avenue||Moorestown
1|WILCO CONSTRUCTION LLC|503 DIVISION STREET||PERTH AMBOY
1|Wilco Construction LLC|503 Division Street||Perth Amboy
1|Cytec Industries Inc|504 Carnegie Center Drive||Princeton
1|SAVANTIS SOLUTIONS LLC|505  THORNALL STREET|SUITE 406|EDISON
1|Scapien|505 Bergen Street||Lawrence Township
1|Grignard Company LLC|505 Capobianco Plaza||Rahway
1|American Techno Solutions Inc|505 Main Street|Suite 410|Hackensack,
1|Bullhorn Burgers LLC|505 N Broad St||Elizabeth
1|SEAWOLF CONSTRUCTION CORP.|505 NORTH BROAD STREET|STE 111|ELIZABETH
1|RAMAPO COLLEGE OF NEW JERSEY|505 RAMAPO VALLEY ROAD|OFFICE OF INTERNATIONAL EDUCATION, C-213|MAHWAH
1|Ramapo College of NJ|505 Ramapo Valley Road|C-213|Mahwah
1|AKVARR INC|505 Thornall St.|Suite 406|Edison
1|Shamco Management Corp|505 Thornall Street SUITE 403||EDISON
1|AKVARR INC|505 Thronal Street|Suite 406|Edison
1|Wesley Methodist Church|5053 Woodbridge Ave||Edison
1|WithumSmith&Brown, PC|506 Carnegie Center Dr|Suite 400|Princeton
1|WithumSmith&Brown, P.C.|506 Carnegie Center Dr.|Suite 400|Princeton
1|Dataline Inc|506 Carnegie Center Drive|Suite 105|Princeton
1|CCube9 Infotech Inc|506 Prospect Street||Glen Rock
1|EBIN NEW YORK INC|506 US HWY 46||TETERBORO
1|EBIN NEW YORK INC|506 US Hwy 46||Teterboro
1|RUSHIN INC|507 BROADWAY||PATERSON
1|Arterial LLC|507 Bloomfield Avenue|Flr 2|Montclair
1|J&A Construction Consultants|507 Windsor Drive|Suite 2|Secaucus
1|OTSUKA AMERICA PHARMACEUTICAL INC|508 CARNEGIE Center DRIVE||PRINCETON
1|Comptivia Technologies LLC|508 Main St||Boonton
1|Vozeh Equipment Corp|509 Commerce Street||Franklin Lakes
1|Enternet Business Systems Inc|50A US Highway 9 N|Suite 108|Morganville
1|Enternet Business Systems Inc|50A US Highway 9N|Suite 108|Morganville
1|Enternet Business Systems Inc|50A US Highway Rt 9 N|Ste 108|Morganville
1|IPCA PHARMACEUTICALS INC|51 CRAGWOOD ROAD, SUITE 307||SOUTH PLAINFIELD
1|Four Es Industrial Group Inc|51 Everett Drive|Suite B-10|West Windsor
1|KMK CONSULTING INC|51 GIBRALTAR DRIVE|3RD FLOOR|MORRIS PLAINS
1|Ying Cao Law LLC|51 JFK PKWY, FIRST FLOOR WEST|ROOM 140|SHORT HILLS
1|Enquero Inc|51 JFK Parkway, 1st Floor West|Suite 129|Short Hills
1|Ying Cao Law LLC|51 JFK Pkwy, First Floor West|Suite 140|Short Hills
1|Hoodoo Digital LLC|51 JFK Pkwy., 1st Fl., W.|Suite 125|Short Hills
1|Nova Produce Inspection Services LLC|51 Linda Lane||Ocean View
1|SEMBLY AI INC|51 McCAIN COURT||CLOSTER
1|Express Global USA Inc|51 Newark Street|Suite 508|Hoboken
1|HEART& VASCULAR CENTER OF NEW BRUNSWICK LLC|51 VERONICA AVENUE||SOMERSET
1|SCALE MICROGRID SOLUTIONS MANAGEMENT LLC|51-53 BROAD STREET||RIDGEWOOD
1|SCALE MICROGRID SOLUTIONS MANAGEMENT LLC|51-53 S BROAD STREET||RIDGEWOOD
1|Maxis Clinical Sciences LLC|510  Thornall Street|Suite 180|Edison
1|Podiatry Center of New Jersey|510 Hamburg Turnpike|Ste 108|Wayne
1|Regional Nephrology Associates, PA|510 Jackson Avenue||Northfield
1|Hollywood Golf Club|510 Roseld Avenue|N/A|Deal
1|DATA INC|510 THORNALL STREET, SUITE 370||EDISON
1|MCS ELECTRICAL CONTRACTORS INC|5100 BELMAR BLVD|STE 9|WALL TOWNSHIP
1|MCS Electrical Contractors Inc|5100 Belmar Blvd|Ste 9|WALL TOWNSHIP
1|Appliance Replacement Inc|511 Elbow Lane||Burlington
1|Vision Solar LLC|511 Route 168||Blackwood
1|Camares Communications DIP|515  Valley St.|Suite 190|Maplewood
1|Ventis Medical Inc|515 Executive Dr.||Princeton
1|New U Physical Therapy Professional Association|515 Iron Bridge Road|Unit 6|Freehold
1|The Rizzo Companies LLC|515 N. Main Street|Suite B|Barnegat
1|ITCaps LLC|515 Washington Road,|Suite 1|Parlin
1|Union County TEAMS Charter School|515 West Fourth Street||Plainfield
1|ITCaps LLC|515A  Washington Road||Parlin
1|Spano Partners LLC|516 Rt 33 West|Bldg 2 Suite 1|Millstone
1|GURUS IT SERVICES LLC|517 GEORGES ROAD||NORTH  BRUNSWICK
1|Priamba Soft LLC|517 HWY 1 S|SUITE 1193|ISELIN
1|INTELLECTT INC|517 ROUTE 1S|SUITE 1115|ISELIN
1|Priamba Soft LLC|517 RT 1 SOUTH|SUITE1193|ISELIN
1|PRIAMBA SOFT LLC|517 RT. 1 S|SUITE 1193|ISELIN
1|BI Labs Inc|517 Rout 1S|Suite 1116|Iselin
1|Intellectt Inc|517 Route   1 South|1115|Iselin
1|Intellectt Inc|517 Route 1|1115|Iselin
1|Intellectt IOnc|517 Route 1 South,|Suite 1115|Iselin
1|INTELLECTT INC|517 Route 1S|SUITE 1115|ISELIN
1|Intellectt Inc|517 Rt 1 South,|1115|Iselin
1|ACQUAVELLA, CHIARELLI, SHUSTER, LLP|517 U.S. Highway 1 South|Suite 3102|Iselin
1|Priamba Soft LLC|517 US HWY 1 SOUTH|SUITE 1193|ISELIN
1|PRIAMBA SOFT LLC|517 US HWY.  1 S|SUITE 1193|ISELIN
1|PRIAMBA SOFT LLC|517 US HWY. 1 S.|SUITE 1193|ISELIN
1|American Properties Realty Inc|517 US Hwy 1 Suite 2100||Iselin
1|Cathedral CPAs & Advisors LLP|517 US-1|Suite 3102|Iselin
1|Designs by Verred Inc|519 Oldwoods Road||Wyckoff
1|ACTION TITLE RESEARCH LLC|519 S. BROAD STREET||GLEN ROCK
1|UNI-BREAD COMPANY|519 Washington St||Hoboken
1|AARKAY CONSULTING INC|52 BRUNSWICK WOODS DR||EAST BRUNSWICK
1|ProDes E&T Inc|52 Brunswick Woods Dr.||East Brunswick
1|Superior Fragrances Inc|52 E Centre Street|Suite 5|Nutley
1|STB QUARTERS LLC|52 Paterson Ave|Unit 3|Newton
1|Sunnydale eCommerce Inc|52 Richboynton Road, Unit C||Dover
1|IDT Corporation|520  Broad Street||Newark
1|St. Benedicts Preparatory School|520 Dr. Martin Luther King Blvd||Newark
1|Euro Auto Masters LLC|520 Martin Pl||Scotch Plains
1|Concord Engineering Group Inc|520 S. BURNT MILL ROAD||VOORHEES
1|Artistic Tile Inc|520 Secaucus Road||Secaucus
1|Gan & Lee Pharmaceuticals USA Corporation|520 US Highway 22 East|Suite 302|Bridgewater
1|ArisGlobal LLC|520 US-22||Bridgewater Township
1|urvi Enterprise LLC|521 W main street|25|Millville
1|NW Financial Group LLC|522 Broad Street||Bloomfield
1|Solar Landscape LLC|522 Cookman Avenue|Suite 3|Asbury Park
1|Solar Landscape LLC|522 Cookman Avenue, Suite 3||Asbury Park
1|Industech International Inc|524 Bloomfield Avenue||Verona
1|IM SOLUTIONS INC|524 WEST 7TH AVENUE||ROSELLE
1|CCA CONSTRUCTION INC|525  WASHINGTON BLVD.|31ST FLOOR|JERSEY CITY
1|Ant Team Service Corp|525 ROUTE 73 N|STE 104|MARLTON
1|SEVEN HILLS GROUP TECHNOLOGIES INC|525 ROUTE 73 NORTH|STE 104|MARLTON
1|TIME-TECH SPECTRA USA INC|525 Route 73 N|Ste 104|Marlton
1|Asia Policy Institute Inc|525 Route 73 N Ste 104||Marlton
1|Lepus AI LLC|525 Route 73 North Ste 104||Marlton
1|Soft Bee Inc|525 Route 73 North Suite 104||Marlton
1|Hephae Technology LLC|525 Washington Blvd 300|Unit 42 Floor 3|Jersey City
1|Hopkins Medtech Group LLC|53 Goltra Dr||Basking Ridge
1|Corporate Biz Solutions Inc|53 High St|Suite 104|Jersey City
1|Ventechsoft Inc|53 Knights Bridge Road|Suite 277|Piscataway
1|COMPLETECARE HOME HEALTH|53 S LAUREL ST.|2ND FLOOR|BRIDGETON
1|CompleteCare Health Network|53 S Laurel Street|2nd floor|Bridgeton
1|GOLDEN ADULT DAY CARE INC|53-57 W FORT LEE ROAD||BOGOTA
1|McLaren Technical Services Inc|530 Chestnut Ridge Road||Woodcliff Lake
1|ARROSOFT SOLUTIONS LLC|530 Union Ave|Suite 1|Middlesex
1|NAAV Business Solutions LLC|54 E Countryside Drive||Princeton
1|SM Design Tech INC|54 Grand Ave||Palisades Park
1|Cholgene Therapeutics Inc|54 Old Highway 22|Ste 200|Clinton
1|VAK Consulting LLC|54 Regal Drive||Monmouth Junction
1|Migdal Bais Yaakov Inc|541 JOE PARKER ROAD||Lakewood
1|Sidhu Petroleum Corp|544 Route 9 Beachwood||New Jersey
1|Fayman Food Group LLC|545 Beckett Road|Suite 204|Logan Township
1|Khoj Information Technology Inc|545 Island Road,|Suite 3C|Ramsey
1|Vish LLC|545 Route 17 South|Suite 2001|Ridgewood
1|Green Meat Market Inc|545 Shaler Blvd||Ridgefield
1|Insurance Services Office Inc (A Verisk Analytics Company)|545 Washington Blvd. (This is headquarters address)||Jersey City
1|Marine Tiger Technologies Corporation|547 Northumberland Road||Teaneck
1|M. Teixeira International Inc|547 South Broad Street||Glen Rock
1|Chattem Inc|55  Corporate Drive||Bridgewater
1|ToBlue Aviation Digital Inc|55 2nd St|Ste 212|Jersey City
1|ALYA BATHROOM SUPPLY LLC|55 Bergenline Ave||Westwood
1|Provention Bio Inc|55 Broad Street|2nd Floor|Red Bank
1|RADIANCE INFORMATIONS LLC|55 CARTER DR|SUITE 203|EDISON
1|MENTOUR CORPORATION|55 CARTER DR, STE L2||EDISON
1|MENTOUR CORPORATION|55 CARTER DRIVE , SUITE L-2B||EDISON
1|MENTOUR CORPORATION|55 CARTER DRIVE , SUITE L2||EDISON
1|MENTOUR CORPORATION|55 CARTER DRIVE, SUITE L2||EDISON
1|MENTOUR CORPORATION|55 CERTER DRIVE SUITE L2||EDISON
1|SmartWorks LLC|55 Carter Dr|Suite 107|Edison
1|G William Group LLC|55 Carter Drive, Ste  104||Edison
1|PAN Ocean (America) Inc|55 Challenger Road, Suite 500||Ridgefield Park
1|Dyna-Tech Sales Corporation|55 Columbia Road||Branchburg
1|OPTIMIZE ONE LLC|55 EAST MAIN STREET||MOORESTOWN
1|EVEREST INFOTECH LLC|55 FERRIS ROAD||EDISON
1|Everest Infotech LLC|55 Ferris Road||Edison
1|FREDERICK GOLDMAN INC|55 HARTZ WAY||SECAUCUS
1|Frederick Goldman Inc|55 Hartz Way||Secaucus
1|GOLDEN FORTUNE IMPORT AND EXPORT CORP|55 Hook Road|Front Building|Bayonne
1|THE GRAY CHARTER SCHOOL|55 LIBERTY STREET||NEWARK
1|Early Stage Solutions LLC|55 Lane Road, Suite 310||Fairfield
1|Biosales|55 Locust Ave||Millburn
1|Tecladders Inc|55 MADISON AVENUE|SUITE 400|MORRISTOWN
1|Mindsprint Inc|55 Madison Avenue|Suite 400|Morristown
1|Elite Specialty Care, PC|55 Meadowlands Pkwy||Secaucus
1|Rudolph Research Analytical Corporation|55 Newburgh Road||Hackettstown
1|LEVINZON CPA PC|55 OAK STREET SUITE 201-E||NORWOOD
1|TECHNO SERVICES LLC|55 Princeton Hightstown Road,|Ste 110|Princeton Jct,
1|Coronet Inc|55 Shepherds Lane||Totowa
1|GRIDUNITY INC|55 Union Place|Suite 149|Summit
1|DDLB ENGLEWOOD DULCE DE LECHE|55 W Palisade Ave||Englewood
1|Graphic Equipment Corp.|55 Wester Ave||Metuchen
1|TLC Products Inc|55 Westview Road||Wayne
1|AlphaROC Inc|550 Broad St|Suite 409|Newark
1|Vandoo LLC|550 Broad Street, Suite 602||Newark
1|Faber, Coe, & Gregg Inc|550 Meadowlands Parkway||Secaucus
1|Advanced Garden State Cardiology LLC|550 Newark Ave|Suite 307|Jersey City
1|Advanced Garden State Cardiology|550 Newark Ave 550 Newark Ave|STE 307|Jersey City
1|THE PRESCRIPTION SHOPPE LLC|550 Newark Avenue|Suite 101|Jersey City
1|The Prescription Shoppe LLC|550 Newark Avenue, Suite 101||Jersey City
1|The DAK Group, Ltd.|550 North Maple Avenue||Ridgewood
1|Bexon Clinical Consulting LLC|551 Valley Road|200|Upper Montclair
1|METTLE PHYSICAL THERAPY LLC|552 ALLEN ROAD||BASKING RIDGE
1|Sensory Spectrum Inc|554 Central Avenue||New Providence
1|Morasha Olami Inc|555 Madison Avenue||Lakewood
1|TIP Medical Communications Inc|555 Main Street||Chester
1|KLK Electric Inc|555 U.S Highway 1 South|Suite 330|Iselin
1|PRUTECH SOLUTIONS INC|555 U.S. HIGHWAY ONE SOUTH|SUITE 230|ISELIN
1|DUCONT SYSTEMS INC|555 US 1 S|Suite 150|Iselin
1|VERACITY SOFTWARE INC|555 US HIGHWAY 1|SUITE 450|ISELIN
1|SENSIPLE INC|555 US HIGHWAY 1 S|SUITE 430|ISELIN
1|SENSIPLE INC|555 US HIGHWAY 1 S.|SUITE 430|EDISON
1|ClientServer Technology Solutions LLC|555 US HIGHWAY ONE|STE 220|Iselin
1|DUCONT SYSTEMS INC|555 US Highway 1 S|Suite 150|Iselin
1|ClientServer Technology Solutions LLC|555 US Highway 1 South|Suite 220|Iselin
1|KLK Electric Inc|555 US Hwy 1 South|Suite 330|Iselin
1|SYSTEM EDGE USA LLC|555 US ROUTE 1 SOUTH||ISELIN
1|System Edge (USA) LLC|555 US Route 1 S., 4th Floor||Iselin
1|Strategic Technology Advisors LLC|556 Eagle Rock Ave|Ste 101|Roseland
1|Strategic Technology Advisors LLC|556 EagleRock Ave|Ste 101|Roseland
1|Xiang Hunan Inc|558 Washington Blvd||Jersey City
1|Fashion Retail Inc|55C DWIGHT PL||FAIRFIELD
1|THE MUSIC SHOP|56 FANNY ROAD||BOONTON
1|Esper Care LLC|56 Hillside Terrace||Skillman
1|US FARM GATEWAY LLC|56 Mill Pond Road||Washington
1|Summit Rx Inc|56 New Hook Road||Bayonne
1|OMEGA-BIOCHEM LABORATORIES INC|56 PARK AVE||LYNDHURST
1|BioChem Laboratory Inc|56 Park Ave||Lyndhurst
1|Thorlabs Inc|56 Sparta Avenue||Newton
1|Siegfrieds Basement LLC|560 Jefferson Ave||Secaucus
1|CARD & BEYOND INC|560 SYLVAN AVE|SUITE 3220|ENGLEWOOD CLIFFS
1|Card & Beyond Inc|560 Sylvan Avenue|Ste 3220|Englewood Cliffs
1|CURVE ID Inc|562 Upper Mountain Avenue||Upper Montclair
1|KOO CHINESE ACADEMY LLC|564 ALLEN ROAD||BASKING RIDGE
1|AFFORDABLE DENTURES & IMPLANTS - NY PC|5663 E Circle Drive|Suite 600|Cicero
1|A.V. CORTEZ ASSOCIATES|567 SUMMIT AVENUE||JERSEY CITY
1|SHIVANI PHARMACY INC|568 S. Livingston Ave||Livingston
1|CALVEN INC|57 ADAMS STREET||NORWOOD
1|CALVEN INC|57 Adams Street||Norwood
1|Pfister Energy Inc|57 Goffle Road||Hawthorne
1|EZ Pharmacy INC|57 LINDEN STREET||HACKENSACK
1|ANZU INC|57 NORMAN PLACE||TENAFLY
1|Hackettstown Imaging Services LLC|57 US Highway 46|Suite 212|Hackettstown
1|AI SOLUTIONS INC|57 VIOLET CT.||MONROE TOWNSHIP
1|NARAYAN RX LLC|570 N BROAD ST  D||ELIZABETH
1|The Depository Trust and Clearing Corporation|570 Washington Blvd||Jersey City
1|Europastry USA Inc|571 Jersey Avenue||New Brunswick
1|BoConcept of New Jersey LLC|573 Route 17 South||Paramus
1|Viking Yacht Company|5738 Rt. 9||New Gretna
1|Metaoption LLC|574 Newark Ave|Suite 210|Jersey City
1|Susan Brady Lighting Design Inc|575 Bloomfield Avenue||Montclair
1|Radware Inc|575 Corporate Drive|Lobby 2|Mahwah
1|SANS AMERICA INC|575 Cranbury Road|Suite B4|East Brunswick
1|EZYDA TECH LLC|575 N Midland Ave|OFC 7|Saddle Brook
1|CTP DENTAL|575 NJ-28, BUILDING 3|SUITE 3100|RARITAN
1|Toscana Cheese Company LLC|575 Windsor Drive||Secaucus
1|Subinprara Medical Group Inc|577 Chestnut  Ridge Road|6|Woodcliff  Lake
1|OCIM Pharmaceuticals LLC|58 Albert Court||Randolph
1|NEW WORLD GENERATION LLC|58 MAIN ST|SUITE 24|LITTLE FERRY
1|Bitpush Inc|58 Ridge Road||Green Brook
1|PerformLine Inc|58 South Street||Morristown
1|Archtec Inc|58 West Sylvania Ave||Neptune City
1|SINGH GLASS & MIRROR INC|58-76 STOCKTON STREET||NEWARK
1|INDEPENDENT IODINE USA LLC|580 DIVISION STREET||ELIZABETH
1|Agfa Corporation|580 Gotham Parkway||Carlstadt
1|OTICON INC|580 HOWAROAD AVENUE||SOMERSET
1|Magestic Technologies LLC|583 Whitenack Road||River Vale
1|Universal Dentistry Professional Association|5851 Routh 42||Turnersville
1|WIZDOM IT INC|59 E MILL ROAD|STE 1 204|LONG VALLEY
1|Wizdom IT Inc|59 E. Mill Road|Suite 1-204, Building 1|Long Valley
1|Abaline Paper Products|59 Hook Road||Bayonne
1|East Coast News Corp.|59 LAKE DRIVE||HIGHTSTOWN
1|Advanced Cardiology LLC|59-61 High Street||Newton
1|URBAN AMERICAN MANAGEMENT LLC|590  56th STREET||WEST NEW YORK
1|PANTONE LLC|590 COMMERCE BLVD.|N/A|CARLSTADT
1|COPERION CORPORATION|590 WOODBURY GLASSBORO ROAD||SEWELL
1|Coperion Corporation|590 Woodbury Glassboro Road||Sewell
1|APEX MANAGEMENT SERVICE ORGANIZATION LLC|591 Franklin Avenue||Nutley
1|Sunsoft Services Inc|591 Summit Ave, Suite 400||Jersey City
1|VSLN International Inc|591 Summit Ave, Suite 526|Suite 524|Jersey City
1|CONSIGA TECHNOLOGIES INC|591 Summit Avenue,Ste 505||Jersey City
1|VSLN International Inc|591 Summit ave|Suite 526|JERSEY CITY
1|VSLN International Inc|591 summit ave|suite 526|JERSEY CITY
1|59 DONUT CORP|5915 BERGENLINE AVE||WEST NEW YORK
1|Robbie Conley Architect LLC|596 Glassboro Road||Woodbury Heights
1|Care One at East Brunswick LLC|599 Cranbury Road||East Brunswick
1|ESHA CORPORATION|6 ALVIN CT||EAST BRUNSWICK
1|ESHA IT Corp|6 Alvin CT||East Brunswick
1|LAKSAN TECHNOLOGIES LLC|6 BRIDGE STREET|BLDG. C|METUCHEN
1|PORTON USA LLC|6 CEDARBROOK DRIVE||CRANBURY
1|Guidemark Health Inc|6 Campus Dr.||Parsippany
1|Porton USA LLC|6 Cedarbrook Dr||Cranbury
1|TECHTRIAD TEAM INC|6 Century Dr.|Suite 130|Parsippany
1|Atlas Copco North America Inc|6 Century Drive|Suite 310|Parsippany
1|POMEGRAND LLC|6 DORSET ROAD||COLONIA
1|Stone Transformation Inc|6 Deer Path||Warren
1|Software Architects LLC|6 Dunston Lane||Monmouth Junction
1|M&F Consulting and Planning Corp|6 Henry Street||Summit
1|DH INTERIORS LLC|6 INDUSTRIAL ROAD|UNIT 5|PEQUANNOCK
1|Magnolia School of Ambler Corp.|6 Industrial Way West|Building F, Suite 18|Eatontown
1|Sathiam Enterprises|6 Jenna Lane||Edison
1|VERANS BUSINESS SOLUTIONS INC|6 KILME ROAD|SUITE F|EDISON
1|Verans Business Solutions Inc|6 Kilmer Road,|Suite F|Edison
1|Verans Business Solutions Inc|6 Kilmer road, Suite  F||EDISON
1|VINOD CONSTRUCTION INC|6 LOCKEWOOD LANE||EAST WINDSOR
1|QUALITY THEOREM LLC|6 MARKET STREET|SUITE 920|PLAINSBORO
1|Gondhi Associates LLC|6 Market Street|Suite 920|Plainsboro Township
1|Viveka Health|6 Millar Ct||Princeton Junction
1|STABILIS PROFESSIONAL SERVICES INC|6 PFROMMER AVE||BUDD LAKE
1|Sublime Wireless Inc|6 Raritan Road||Oakland
1|VIPHomeLink Holdings Inc|6 SOUTH STREET|SUITE 302|MORRISTOWN
1|Masttro US LLC|6 Silvers Court||Pennington
1|Merit SI LLC|6 State Rt 173 W|Suite 210|Clinton
1|EXXAT INC|6 THOMAS JEFFERSON DR.||WARREN
1|Leela Serina Inc|6 Telluride Avenue||Old Bridge
1|EXXAT LLC|6 Thomas Jefferson Drive||Warren
1|CherryRoad Technologies Inc|6 Upper Pond Road|Floor 2|Parsippany
1|CherryRoad Technologies Inc|6 Upper Pond Road, 2nd Fl||Parsippany
1|PSI Technologies|6 Windsor Drive||PineBrook
1|Verans Business Solutions Inc|6 kilmer Road|Suite F|Edison
1|Verans business solutions, inc|6 kilmer Road, Suite F||Edison
1|Verans business solutions inc|6 kilmer Suite F Edison NJ 08817||Edison
1|RAJBHOG FOODS NJ INC|60 AMITY STREET||JERSEY CITY
1|Decor Inc|60 Cedar Lane||Englewood
1|Meteoric Biopharmaceutical USA LLC|60 E Hanover Avenue|Suite B-2|Morris Plains
1|Insight Hospitality Inc|60 Ethel Road, Ste 5||Piscataway
1|FCS Group LLC|60 Fadem Road||Springfield
1|ECI TECHNOLOGY INC|60 GOROADON DRIVE||TOTOWA
1|BEHAVIOR ANALYSIS AND SUPPORT SERVICES LLC|60 GRAND AVE|STE 1|ENGLEWOOD
1|Kenrose Perfumes Inc|60 Honeck Street||Englewood
1|Damascus Bakery OPCO LLC|60 McClellan Street||Newakr
1|Disposable Hygiene LLC|60 Page Road||Clifton
1|Transformative Ventures LLC|60 Park Place|Suite 520|Newark
1|Akaibana Restaurant Inc|60 Parsonage Road||Edison
1|Ideal Health Care LLC|60 State Route 27||EDISON
1|Mathematica Inc|600 Alexander Park||Princeton
1|Optimum Care Services LLC|600 Berlin Cross Keys Road|Suite 200|Sicklerville
1|Haz International Inc|600 CORPORATE COURT|SUITE F|South Plainfield
1|Red Bull New York Inc|600 Cape May Street||Harrison
1|Wound Healing Solutions Pennsylvania and Delaware LLC|600 Clements Bridge Road||Barrington
1|Carnegie Pharmaceuticals LLC|600 Delran Parkway|Suite C|Delran
1|Eastone Capital LLC|600 Frank E Rodgers Boulevard South Harrison||Harrison
1|The TenBrook Corporation PC|600 G Street|Suite 200|Millville
1|BESLER FOODS LLC|600 GETTY AVE|STE 203|CLIFTON
1|MERITI INC|600 Harbor Blvd|Unit 806|Weehawken
1|Sweet Packaging Company Inc|600 Highland Drive|Suite 618|Westampton
1|Peace Electronics Corporation|600 Hollister Road||TETERBORO
1|AMA Global Technology Inc|600 International Drive||Budd Lake
1|BRUKER OST LLC|600 MILIK STREET||CARTERET
1|NOKIA OF AMERICA CORPORATION|600 MOUNTAIN AVENUE|ROOM 6D-401E|MURRAY HILL
1|Nokia of America Corporation|600 Mountain Ave|Room 6D-401E|Murray Hill
1|R2gate America Inc|600 Sylvan Ave|Ste 404|Englewood Cliffs
1|The Law Office of Mustafa Cetin LLC|600 Valley Road|Ste 205|Wayne
1|SOLAR LANDSCAPE LLC|601  BANGS AVENUE|SUITE 301|ASBURY PARK
1|Solar Landscape LLC|601 Bangs Avenue, Ste. 301||Asbury Park
1|Solar Landscape LLC|601 Bangs Avenue, Suite 301||Asbury Park
1|Vissi LLP|601 Chapel Ave East||Cherry Hill
1|ALPINE HEALTH LLC|601 PENHORN AVENUE, UNIT 1||SECAUCUS
1|TEXTILE RESEARCH INSTITUTE, DBA TRI PRINCETON|601 PROSPECT AVENUE||PRINCETON
1|Textile Research Institute|601 Prospect Avenue||Princeton
1|HNH NJ LLC|6019 Polk St||West New York
1|Systemonex IT Solution Inc|602 Main Street|Unit B|Belmar
1|ABBY ROSE INC|602 US 130||YARDVILLE
1|Boomi Environmental LLC|603 A Omni Drive|Suite 603 A|Hillsborough
1|RADICAL SHARING LLC|603 Sweetland Ave||Hillside
1|BROOKLYN CANNOLI INC|603 WASHINGTON ROAD|BUILDING 1|SOUTH AMBOY
1|Boomi Environmental LLC|603-A Omni Drive|Suite 603-A|Hillsborough
1|CNY Engineering PC|6040 Kennedy Blvd E,  L3||West New York
1|Epsilla Inc|605 Pavonia Ave|Apt. 1213|Jersey City
1|Euro Concrete Corp|605 Reservoir Drive||Franklin Lakes
1|Informa Connect USA LLC|605 Third Avenue|Floor 22|New York
1|Billstra Pharmacy LLC|608  B 21 ST Ave|Paterson|Paterson
1|Billstra Pharmacy LLC|608 21 ST Ave|Paterson|Paterson
1|The Sugrue Group LLC|608 Sherwood Parkway|Suite 1|Mountainside
1|Infocus Kitchen and Bath LLC|609 Amboy Ave||Edison
1|NORTH AMERICAN ELEVATOR INC|609 WEST ELIZABETH AVENUE||LINDEN
1|Hudson Peaks Consulting LLC|61 Glendale Avenue||Edison
1|Nestlé R&D Center Inc|61 Jerseyville Avenue||Freehold
1|Innovative Cosmetic Concepts LLC|61 Kuller Road||Clifton
1|Software Genius Inc|61 Magnolia Road||Iselin
1|Information Boulevard LLC|61 Pickwick Drive||Marlton
1|Longbridge Financial LLC|61 South Paramus Road|Suite 500|Paramus
1|REWAVE NEXT LLC|61 W Palisade Ave||Englewood
1|ALPINE LAKE ADVISORS LLC|61 W. PALISADE AVENUE||ENGLEWOOD
1|Xogene Services LLC|61 W. Palisade Avenue|Suite 2B|Englewood
1|Pro Kitchen Design Inc|610 East Palisade Ave||Englewood Cliffs
1|New World Creation Inc of New York|610 Grand Ave||Ridgefield
1|New World Creation Inc of New York|610 Grand Avenue||Ridgefield
1|Careplus Bergen Inc|610 Valley Health Plaza||Paramus
1|Transformative Health & Wellness LLC|610 Washington Blvd||Jersey City
1|Beyond Blueprint Labs LLC|610 grand street||Hoboken
1|K L Masters Construction Company LLC|611 Frank E. Rodgers Blvd S||Harrison
1|KL Masters Construction LLC|611 Frank E. Rodgers Blvd., S||Harrison
1|Yu & Associates Inc|611 River Drive|3rd Floor|Elmwood Park
1|G&S PT LLC|614 MOLA BOULEVAROAD||ELMWOOD PARK
1|G&S PT LLC|614 Mola Boulevard||Elmwood Park
1|Optima Care Union City LLC|615 23rd St.||Union City
1|BAMM Inc|615 Hope Road, Bldg. 2||Eatontown
1|Gold Group Enterprises Inc|619 Lake Avenue|3rd Floor|Asbury Park
1|Glenmark Pharmaceuticals Inc USA|619 River Drive|Suite 400-A|Elmwood Park
1|Boyang Trading Co. Ltd.|61W Hunter Avenue||Maywood
1|Clariness USA Inc|62 East Main Street|3rd Floor|Somerville
1|Aeromark Mechanical Inc|62 Railroad Avenue|Suite 101|East Rutherford
1|Clearwater Foods Inc|62 Rolling Hills Road||Clifton
1|Alpha Consulting Corporation|620 Cranbury Road|Suite 212|East Brunswick
1|Metropolitan District of the Christian and Missionary Alliance|620 Division St.||Elizabeth
1|STATEWIDE CONDITIONING INC|6200 MAIN STREET||SOUTH AMBOY
1|BLUE STATION INC|621 US Highway 1|Unit D|North Brunswick
1|Questpay Inc|622 Georges Road,|Suite 203|North Brunswick
1|Smart Source Technologies Inc|622 Georges Road, Suite 104|Attn Brad Kelly, President|North Brunswick
1|Axela Biosciences Inc|622 NJ-10, Suite 18||Whippany
1|Axela Biosciences Inc|622 NJ-10, Unit 18||Whippany
1|Swasen Inc|623 EAGLE ROCK AVENUE|SUITE 378|West Orange
1|Swasen Inc|623 Eagle Rock Avenue|Suite 378|West Orange
1|TheraPhysical LLC|623 Ridge Road||Lyndhurst
1|NJ EDGE.NET INC|625 BROAD STREET|SUITE 260|NEWARK
1|Altudo LLC|625 Broad St|Suite 240|Newark
1|A.N.S. PLASTICS CORPORATION|625 Jersey Ave|Unit 11A|New Brunswick
1|Prana Imports Inc|625 Pierce Street|Suite A|Somerset
1|GLOBEX IT SOLUTIONS INC|627 DORAL COURT||PISCATAWAY
1|Swave Sensing Inc|627 Park Avenue|Suite 2|Hoboken
1|VCA INC|628 HADDONFIELD ROAD||CHERRY HILL
1|SBM GROUP INC|629 AMBOY AVENUE|SUITE 203|EDISON
1|IOT EYE INC|63 Hartley Lane||Basking Ridge
1|Royal Wine Corp|63 Lefante Ln.||Bayonne
1|Clark Transportation Consulting & Services LLC|63 Main St.|Suite 204|Flemington
1|United RX Pharmacy Corporation|63 Pearl Street||Metuchen
1|Fabergent Inc|63 Ramapo Valley Road|Suite 214|Mahwah
1|Hyper Real Academy LLC|63 W Prospect St||East Brunswick
1|Mark Infotech Inc|63 West Prospect St||East Brunswick
1|Mark Infotech Inc|63 West Prospect Street||East Brunswick
1|Bindi North America Inc|630 Belleville Turnpike||Kearny
1|AROMAZ HOME IMPROVEMENT INC|630 ROUTE 33||HAMILTON
1|THE TENBROOK CORPORATION, PC|630 S. BREWSTER ROAD|BUILDING D|VINELAND
1|MERLINSIGHT LLC|631 RT. 524||ALLENTOWN
1|INGLESE ARCHITECTURE & ENGINEERING LLC|632 POMPTON AVENUE||CEDAR GROVE
1|Cumberland Mutual Fire Insurance Company|633 Shiloh Pike||Bridgeton
1|S & J Electrical Contractors INC|634 Frelinghuysen Avenue||Newark
1|Goethals Pharmacy LLC|638 Bayway Ave||Elizabeth
1|Goethals Pharmacy LLC|638 Bayway Avenue||Elizabeth
1|RightTalents LLC|639 Passaic Ave|Suite C|Nutley
1|RightTalents LLC|639 Passaic Avenue|Suite C|Nutley
1|ROYAL TIGER SPIRITS LLC|64 BATTLE ROAD||PRINCETON
1|Primoris Academy|64 E Midland Avenue|Suite 7|Paramus
1|Spectral Design & Test Inc|64 East Main Street||Somerville
1|Princeton Theological Seminary|64 Mercer Street||Princeton
1|SUMMIT C & T LLC|64 N Summit Street|Suite 102|Tenafly
1|Brimar Industries LLC|64 Outwater Lane||Garfield
1|CHIRU CONSULTING LLC|64 WELLESLEY WAY||MARLTON
1|Antenna Inc|641 Shunpike Road|178|Chatham
1|FINLAY MEDICAL TRAINING INSTITUTE INC|6421 Bergenline Ave|Fl. 2|West New York
1|SOLUTION BUILDING AND CONSTRUCTION LLC|644 COOPER ST||BEVERLY
1|Rutgers, The State University of New Jersey|65 Bergen Street - Room GA 72||Newark
1|Rutgers, The State University of New Jersey|65 BergenStreet|GA72|Newark
1|NEXIEN INC|65 CHALLENGER ROAD, SUITE 430||RIDGEFIELD PARK
1|ACCESS BIO INC|65 CLYDE ROAD SUITE A||SOMERSET
1|DatChat Inc|65 Church Street|Suite 230|New Brunswick
1|MARLOW CANDY & NUT COMPANY INC|65 HONECK STREET||ENGLEWOOD
1|Ailares Inc|65 Hemlock Circle||Princeton
1|Foodware LLC|65 Industrial Road||Lodi
1|Sinai Center for Rehabilitation and Healthcare LLC|65 Jay Street||Newark
1|3ARB Capital LLC|65 Newkirk St|Apt 5D|Jersey City
1|Voesh Corporation|65 Railroad Ave|Unit 9|Ridgefield
1|JSM CONSULTING INC|65 STATION ROAD||CRANBURY
1|Arete Inc|65 South Main Street, Bldg. E||Pennington
1|XD Four LLC|65 Worth Street||South Hackensack
1|Coface North America Insurance Company Inc|650 College Road|Suite 2005|Princeton
1|MOVADO GROUP INC|650 FROM ROAD||PARAMUS
1|Movado Group Inc|650 From Road||Paramus
1|GRAXCELL PHARMACEUTICAL LLC|650 GROVE ROAD|SUITE 106|PAULSBORO
1|Bed Bath & Beyond Inc|650 Liberty Avenue||Union
1|ASTOR CHOCOLATE|651 New Hampshire Avenue||Lakewood
1|Zed Al Ax Constructions LLC|6515 Jfk Blvd. E||West New York
1|Zed Al Ax Constructions LLC|6515 Jfk Blvd. E suite 309||West New York
1|Mt Prospect Pharmacy Corp|654 Mount Prospect Ave||Newark
1|EUCLID ELEMENTZ INC|655 AMBOY AVE|SUITE B 207|WOODBRIDGE
1|PGIM Portfolio Advisory LLC|655 Broad Street||Newark
1|TANG PC|655 SUMMIT AVE||HACKENSACK
1|LOCUZ Inc|66 Fisher Farm Road|Suite 215|Belle Mead
1|Green Cola North America LLC|66 Hudson Street|Suite 101|Hoboken
1|ZETTALOGIX INC|66 MIDDLESEX AVE|STE 309|ISELIN
1|Pathlink of New Mexico LLC|66 W Gilbert Street|Suite 100|Red Bank
1|Cottman Physician Associates PC|66 West Gilbert Street||Red Bank
1|Trade Lines Inc|660 Montrose Ave||South Plainfield
1|Trade Lines Inc|660 Montrose Avenue||South Plainfield
1|InnoVyne Technologies Inc|662 East Beverwyck Place||Paramus
1|KIM LEE CPAS LLP|663 Grand Avenue|Suite 3|Ridgefield
1|Sunrise Pharmaceutical Inc|665 East Lincoln Ave||Rahway
1|Sunrise Pharmaceutical Inc|665 East Lincoln Avenue||Rahway
1|TRIOHM HEALTHCARE LLC|665 FRANKLIN AVE|N/A|NUTLEY
1|TRIOHM HEALTHWARE LLC|665 FRANKLIN AVENUE|N/A|NUTLEY
1|ATMACA LLC ( OUR PHARMACY)|665 HIGH STREET||BURLINGTON
1|AK Systems Inc|666 Plainsboro ROAD|Suite 1171|Plainsboro
1|Blockedge Technologies Inc|666 Plainsboro Road,|Suite 448|Plainsboro
1|Saransh Inc|666 Plainsboro Road, Suite 1335||Plainsboro
1|QvalFocus Inc|666 Plainsboro rd|Suite 615|Plainsboro
1|Pilnova Pharma Inc|668 Route 206 South, Ste C||Hillsborough
1|Shilpa Pharma Inc|668 Route 206 South, Ste F||Hillsborough
1|US LUMBER INC|668 S Evergreen Ave||Woodbury Heights
1|Olla Beauty Supply Inc|669 River Drive|Suite 308|Elmwood Park
1|HITHRON CONSULTING INC|669 SOUTH OLDEN AVENUE||TRENTON
1|FAST FOX LLC|66A BELMONT AVE||GARFIELD
1|Pacific Global Consultants LLC|67 3rd Avenue||Port Reading
1|Abel Business Capital LLC|67 Crystal St|Fl 1|Avenel
1|Paper Tiger Marketing LLC|67 E. Ridgewood Avenue|Suite D|Ridgewood
1|Arria NuSutus Inc|67 EAST PARK PLACE||MORRISTOWN
1|AMERIPHARMA LABS LIMITED LIABILITY COMPANY|67 VERONICA AVENUE|UNIT 11|SOMERSET
1|Ameripharma Labs LLC|67 Veronica Avenue|Units 11-13|Somerset
1|MCSS Inc|670 N Beers St.|Building 2, Unit 5|Holmdel
1|MCSS Inc|670 North Beers Street|Building 2 Unit 5|Holmdel
1|Engineering and Information Technologies Inc|6727 Delilah Road|Suite 100|Egg Harbor Township
1|Hardin Kundla McKeon Poletto P.A.|673 Morris Avenue|3rd Floor|Springfield
1|RAMPS INTERNATIONAL INC|674 US HIGHWAY 202/206|SUITE 5|BRIDGEWATER
1|RAMPS INTERNATIONAL INC|674 US HWY 202/206|SUITE 5|BRIDGEWATER
1|Virtuosa Global Solutions LLC|674 US Highway 202/206|Suite 4|Bridgewater
1|Brainware Inc|674 US Hwy 202/206,|Suite 3|Bridgewater
1|Linus Biotechnology Inc|675 1st Avenue||North Brunswick Township
1|Bright Choice Dental Sicklerville, LP|675 Berlin - Cross Keys Road||Sicklerville
1|BASF Corporation|675 Central Avenue||New Providence
1|Linus Biotechnology Inc|675 U.S. Highway 1||North Brunswick
1|Sonder Medicine Inc|675 US Highway One||North Brunswick
1|BEESY LLC|68 BEEKMAN ROAD||SUMMIT
1|Alberta Staffing Inc|68 Culver Road|Suite 125|Monmouth Junction
1|Cargo Manager Systems Inc|6801 West Side Avenue||North Bergen
1|Spencer Gifts LLC|6826 BLACK HORSE PIKE||Egg Harbor Township
1|HEALTHY LIVING RX LLC|683 MONTGOMERY ST||JERSEY CITY
1|Schaffer Management Services Inc|684  NJ 208||Franklin Lakes
1|REGAL PHARMACY LLC|684 MT PROSPECT AVE||NEWARK
1|QIHE FOOD CORP PENNSYLVANIA|685 MAIN STREET||CEDARVILLE
1|QIHE FOOD CORP. PENNSYLVANIA|685 Main Street||Cedarville
1|EVAPCO DRY COOLING INC|685 ROUTE 202/206|SUITE 300|BRIDGEWATER
1|Tender Touch Rehab Services LLC|685 River Avenue||Lakewood
1|Apicore LLC|685 Route 1, 2nd Floor||North Brunswick
1|Universal LED Lighting Inc|685 State Route 27||Iselin
1|Apicore LLC|685 US  HIGHWAY 1||NORTH BRUNSWICK
1|Apicore LLC|685 US -1||NORTH BRUNSWICK
1|MiRNA Scientific Inc|685 US 1 South|Suite 110|North Brunswick
1|COD Research USA Inc|688 Main Street||Paterson
1|LehmanBush Foundation|69 East Allendale Road||Saddle River
1|LINKBIO CORP|69 KING STREET|SUITE A280|DOVER
1|TALENT GRUB USA INC|69 LURLINE DR.||BASKING RIDGE
1|RF Solutions LLC|69 Wesley St.|Unit E|South Hackensack
1|WELLCARE PHARMACY LLC|693 E 18TH STREET||PATERSON
1|DYNASTICX LLC|695 HAMILTON STREET|SUITE 422|SOMERSET
1|Dynasticx LLC|695 Hamilton Street|Suite 422|Somerset
1|MIRANI, BAGDAI, THAKKAR & ASSOCIATES LLC|695 ROUTE 46W,  HIGHPOINT CORPORATE CENTER|STE 103|FAIRFIELD
1|11 11 Systems Inc|695 Route 46|Suite 301|Fairfield
1|Soyventis North America LLC|695 Route 46 Ste 406||Fairfield
1|UCEDA International Inc|695 U. S. Highway 46, Suite 104||Fairfield
1|MIRANI, BAGDAI, THAKKAR & ASSOCIATES LLC|695 U.S. HWY 46|SUITE 103|FAIRFIELD
1|MIRANI, BAGDAI, THAKKAR & ASSOCIATES LLC|695 U.S. HWY 46 West|SUITE 103|FAIRFIELD
1|UCEDA International Inc|695 U.S. Highway 46, Suite 104||Fairfield
1|ADVANCED MICRO SYSTEMS INC DBA AMS CAD CAFM SOLUTIONS|695 US Highway 46 West|Suite 407|Fairfield
1|UCEDA Enterprises Inc|695 US Highway 46, Suite 104||Fairfield
1|Acuative Corporation|695 US Hwy 46 W||Fairfield
1|MIRANI BAGDAI THAKKAR ASSOCIATES LLC|695 US ROUTE 46 W|STE 103|FAIRFIELD
1|MIRANI BAGDAI THAKKAR ASSOCIATES LLC|695 US ROUTE 46 W, Highpoint Corporate Center|STE 103|FAIRFIELD
1|COMPUTER DESIGN & INTEGRATION LLC|696 US HIGHWAY 46||TETERBORO
1|Computer Design & Integration LLC|696 US Highway 46||Teterboro
1|Vention Solutions Inc|697 Mill Creek Road|Ste 13|Manahawkin
1|FIBRASINA USA INC|699 Georges Road||north brunswick
1|Avier Care LLC|699 S Church Street,||Mt. Laurel
1|BROADVIEW TECHNOLOGIES INC|7 AMSTEROADAM ST||NEWARK
1|Lucid Technologies LLC|7 Brairdale Ct||Plainsboro
1|LUCID TECHNOLOGIES LLC|7 Briardale Ct||Plainsboro
1|Vinnovation Inc|7 CEDAR BROOK ROAD||MONROE
1|Goldenhome International Inc|7 CORPORATE DRIVE||Cranbury
1|Aroopa Inc|7 Centre Dr|Suite 12|Monroe
1|Monroe Dental Studio PC|7 Centre Dr.|Suite 2|Monroe Township
1|Monroe Dental Studio PC|7 Centre Drive|Suite 2|Monroe Township
1|Amartyaaya LLC|7 Chapel Hill Road||Short Hills
1|WuXi Biologics USA LLC|7 Clarke Drive||Cranbury
1|Biscayne Cabinetry Inc|7 Corporate Drive||East Windsor
1|MARVIK CONSULTING LLC|7 DANIEL PL||EAST  BRUNSWICK
1|HUDSON TURKISH AMERICAN CULTURAL ASSOCIATION INC|7 DOIG ROAD||WAYNE
1|APIPHARMATECH LLC|7 Deer Park Drive|Suite M1, Princeton Corporate Plaza|Monmouth Junction
1|Dynamic Biologics Inc|7 Deerpark Drive, Suite L-4||Monmouth Junction
1|BEM Systems Inc|7 Giralda Farms|Suite 180|Madison
1|BEM SYSTEMS INC|7 Giralda Farms, Suite 180||Madison
1|Epoch Press Inc|7 Highpoint Drive||Wayne
1|First Global Xpress LLC|7 Industrial Pkwy|Unit 10|Livingston
1|TNT Global Manufacturing Inc|7 Irving Street||Montclair
1|BENAKA INC|7 LAWRENCE ST||NEW BRUNSWICK
1|BENAKA INC|7 LAWRENCE STREET||NEW BRUNSWICK
1|BINARYQUEST INC|7 LINCOLN HIGHWAY|SUITE 227B|EDISON
1|Jakmans LLC|7 Lakeview Ct||North Brunswick
1|Benaka Inc|7 Lawrence Street||New Brunswick
1|Benaka Inc|7 Lawrence street||New Brunswick
1|Avventis Inc|7 Lincoln Hwy|Suite 210B|Edison
1|ClearingBid Inc|7 MacCulloch Ave|Suite 3C|Morristown
1|2GenPen LLC|7 Maple Avenue|Unit 10|Morristown
1|Techolution Consulting LLC|7 N Broad St.|STE 200|Ridgewood
1|Techolution Consulting LLC|7 N Broad St., STE 200||Ridgewood
1|SOFTSENSOR AI LLC|7 Patriot Hill Drive||Basking Ridge
1|AN DA EASTERN LLC|7 Peace Valley Road||Towaco
1|Miami International Holdings Inc|7 Roszel Road|Suite 1A|Princeton
1|Faith Home Healthcare LLC|7 SPIELMAN ROAD|BLDG. B|FAIRFIELD
1|Crestron Electronics Inc|7 Volvo Drive||Rockleigh
1|Mirion Technologies (Capintec) Inc|7 Vreeland Road||Florham Park
1|C. Dougherty & Co. Inc|7 Washington Avenue||Paterson
1|Universal E-Business Solution LLC|70 Adams Street||Hoboken
1|MY FOOD USA LLC|70 COMMECIAL AVE UNIT A||MOONACHIE
1|Patriot Hardwoods Inc|70 CONNOLLY DR||MILLTOWN
1|Everocean Forwarding Inc|70 Carter Drive||Edison
1|Wurth International Trading America Inc|70 Demarest Dr.||Wayne
1|NYCTEKK LLC|70 E. Asbury Anderson Road||Washington
1|Ridgewood Montessori School|70 Eisenhower Drive||Paramus
1|TIBURON LOCKERS INC|70 HILLTOP ROAD|SUITE 2400|RAMSEY
1|Decusoft Inc|70 HILLTOP ROAD, SUITE 1003||RAMSEY
1|US DEVELOPMENT LLC|70 HUDSON ST|SUITE 5C|HOBOKEN
1|NOVITIUM PHARMA LLC|70 LAKE DRIVE||EAST WINDSOR
1|May Cabinets INC|70 Sewell St|Suite C|Glassboro
1|Valley National Bank|70 Speedwell Ave||Morristown
1|Valley National Bank|70 Speedwell Avenuie||Morristown
1|Nicole Tonic Studios Inc|70 Tanner St.||Haddonfield
1|Amerasia International Technology Inc|70 Washington Road||Princeton Junction
1|SIGMA Corporation|700  Goldman Drive||Cream Ridge
1|East West Hauling Inc|700 1st St|2nd Floor|Harrison
1|STRATEGIC RESEARCH INSIGHTS INC|700 ALEXANDER PARK DR.|SUITE 100|PRINCETON
1|STRATEGIC RESEARCH INSIGHTS INC|700 ALEXANDER PARK ROAD|SUITE 100|PRINCETON
1|Softcrylic LLC|700 Alexander Park|Suite 303|Princeton
1|Safway Atlantic LLC|700 Atlantic Avenue||Carlstadt
1|Prinston Pharmaceutical Inc|700 Atrium Dr||Somerset
1|Prinston Pharmaceutical Inc|700 Atrium Drive||Somerset
1|SAFWAY ATLANTIC LLC|700 COMMERCIAL AVENUE||CARLSTADT
1|The Research Institute at Nationwide Childrens Hospital|700 Childrens Drive||Columbus
1|Direct Link Worldwide Inc|700 Dowd Ave||Elizabeth
1|Direct Link Worldwide Inc|700 Dowd Avenue||Elizabeth
1|Ibex Financial Services LLC|700 E. Palisade Avenue|2nd Floor|Englewood Cliffs
1|Mars Wrigley Confectionery US LLC|700 High Street||Hackettstown
1|ADVANCED INTERNATIONAL FREIGHT INC|700 PENHORN AVE|UNIT 1|SECAUCUS
1|ADVANCED WAREHOUSE INC|700 PENHORN AVENUE|UNIT 1|SECAUCUS
1|ATM KICKS LLC|700 Pennsylvania Ave|Unit B|Lyndhurst
1|COGNISOFT TECHNOLOGIES LLC|700 ROUTE 130 N|SUITE 106|CINNAMINSON
1|Openlink Financial LLC|700 RXR Plaza, West Tower|7 Floor|Uniondale
1|Samsung Electronics America Inc|700 Sylvan Avenue,||Englewood Cliffs
1|Technogym USA Corp.|700 US 46 East|Suite 210|Fairfield
1|Insmed Inc|700 US Highway 202/206||Bridgewater
1|E.V.S. Broadcast Equipment Inc|700 US Highway 46 East||Fairfield
1|G Edge Education Corp|7000 JFK Blvd E|Ste M-21A|Guttenberg
1|DEVARIA LLC|7000 KENNEDYBLVD EAST, UNIT M7||GUTTENBERG
1|Indusplus LLC|7004 Kennedy Blvd E|Apt 40E|West New York
1|DECOFRUT INC|701  NORTH BROADWAY, BUILDING 18||GLOUCESTER CITY
1|One Academy Inc|701 Broadway||Norwood
1|RENEWABLE POWER PARTNERS|701 COOPER ROAD||VOORHEES
1|TCG GreenChem Inc|701 Charles Ewing Blvd||Ewing
1|TCG GreenChem Inc|701 Charles Ewing Blvd.||Ewing
1|TCG GreenChem Inc|701 Charles Ewing Boulevard||Ewing
1|Renewable Power Partners LLC|701 Cooper Road|Ste 9|Voorhees
1|DECOFRUT INC|701 GLOUCESTER CITY, BUILDING 18||GLOUCESTER CITY
1|Mazzanti Inc|701 Grand St.||Hoboken
1|TGS Management Company LLC|701 Mount Lucas Road||Princeton
1|DECOFRUT INC|701 NORTH BROADWAY AVENUE|BUILDING 18|GLOUCESTER CITY
1|DECOFRUT INC|701 NORTH BROADWAY AVENUE, BUILDING 18||GLOUCESTER CITY
1|DECOFRUT INC|701 NORTH BROADWAY, BUIDING 18||GLOUCESTER CITY
1|ST. JOSEPHS UNIVERSITY MEDICAL CENTER INC|703 MAIN ST||PATERSON
1|St. Josephs University Medical Center Inc|703 Main Street||Paterson
1|GLOBE 2 TECHNOLOGIES INC|704 GINESI DR.|SUITE 29|MORGANVILLE
1|GLOBE 2 TECHNOLOGIES INC|704 GINESI DRIVE|SUITE 29|MORGANVILLE
1|Living Water Presbyterian Church A NJ Nonprofit Corporation|705 Grand Avenue||Ridgefield
1|JJD ELECTRIC|705 MANTUA AVENUE||PAULSBORO
1|Doyen Square Technologies Inc|705 Merrywood Drive||Edison
1|SALEM HALAL MEAT PACKAGING LLC|705 SALEM QUINTON ROAD||SALEM
1|Blazneize IT Consulting Inc|705 Sunshine Court||Parlin
1|CADC PHARMACY LLC|706 ROUTE 15 SOUTH|SUITE 104|LAKE HOPATCONG
1|Corporate America Business Solutions Inc|707 Alexander Road, 208 / 2||Princeton
1|CARDINAL INTEGRATED TECHNOLOGIES INC|707 Alexander Road, Ste 202||Princeton
1|Dowa Line America Co., Ltd.|707 E. Palisade Avenue||Englewood Cliffs
1|MAIA Pharmaceuticals Inc|707 State Road|Suite 104|Princeton
1|Global Interactive Logistics LLC|71 East Paladise Avenue|Suite 1|Englewood
1|JOUN WORLD TRAVEL LLC|71 Grand Avenue|Suite 9|Palisades Park
1|SOFTWARE GENIUS INC|71 MAGNOLIA ROAD||ISELIN
1|TETmedical Inc|71 Riverlawn Drive||Fair Haven
1|Aucta Pharmaceuticals Inc|71 Suttons Lane||Piscataway
1|Aucta Pharmaceuticals Inc|71 Suttons Ln||Piscataway
1|Keke Studio LLC|71 Tamarack Cir||Skillman
1|TRIVENI GROUP LLP|71 UNION AVE|SUITE 208|RUTHERFORD
1|INCIPIENT CORPORATION|71 UNION AVENUE|SUITE 109|RUTHERFORD
1|Elegant Proper NJ Corp.|71 Union Ave|209|Rutherford
1|Incipient Corp.|71 Union Avenue, Suite 109||Rutherford
1|ATLAS CONSULTING GROUP LLC|71 W. MAIN STREET|SUITE 202|Freehold
1|SHREE MELDI KRUPA LLC|71 WALSH DRIVE|SUITE B|PARSIPPANY
1|GUVEN PARTNERS LLC|71 WAVERLY STREET||JERSEY CITY
1|Shree Meldi Krupa LLC|71 Walsh Dr.|Suite B|Parsippany
1|Shree Meldi Krupa LLC|71 Walsh Drive|Suite B|Parsippany
1|Straterix Inc|710 Forest Ave||Teaneck
1|Roselle Public Schools|710 Locust Street||Roselle
1|Holsman Healthcare LLC|710 Mill Street, Suite H3||Belleville
1|Microcision LLC|7115 Airport Highway||Pennsauken
1|Advanced Physical Medicine and Rehabilitation LLC|712 10th Avenue||Belmar
1|Metro Atlantic Athletic Conference|712 Amboy Avenue||Edison
1|MORRIS PLAINS PHARMACY LLC|712 SPEEDWELL AVENUE, SUITE 2||MORRIS PLAINS
1|IT APPS LLC|712 SUNNYVIEW OVAL||KEASBEY
1|Morris Plains Pharmacy LLC|712 Speedwell Avenue, Suite 2||Morris Plains
1|VB PHARMACY INC|7126 BERGENLINE AVENUE||NORTH BERGEN
1|TDL innovations LLC|713 Executive Drive||Princeton
1|Baires Pool Plastering & Associates LLC|713 North Ave||Plainfield
1|Deso Consulting LLC|716 Newman Springs Road|Suite 244|Lincroft
1|Total Care Physical Therapy, P.C|719 U.S. Hwy 206|Suite 104|Hillsborough
1|Aklivity Inc|72 Berkshire Way||East Brunswick
1|The Matlen Silver Group Inc|72 East Main Street||Somerville
1|Ambit RD Inc|72 Miller Road||Morristown
1|Optimum Care Services LLC|72 Morris Drive||Sicklerville
1|Be Lingual Preschool LLC|720 Monroe St, Ste E105-106||Hoboken
1|Interval USA Inc|720 Monroe St.|Suite E508|Hoboken
1|SVF New Jersey Inc|7201  Weymouth Road||Hammonton
1|Turkish Depot Foreign Trade Corp|722 Mola Blvd||Elmwood Park
1|Mikyung New York Corporation|725 Grand Ave|204|Ridgefield
1|NJ Family Dentistry Inc|725 North Broad Street||Elizabeth
1|EDGEWATER DENTAL PARTNERS, PC|725 RIVER ROAD|SUITE 104|EDGEWATER
1|Across Technology LLC|725 Valley Brook Ave||Lyndhurst
1|Colas Inc|73 Headquarters Plaza|North Tower, 10th Floor|Morristown
1|Zydus Therapeutics Inc|73 Route 31 North||Pennington
1|Consulting Engineers Collaborative Inc|730 Boulevard|Suite 10A|Kenilworth
1|Consulting Engineers Collaborative Inc|730 Boulevard, Suite  10A||Kenilworth
1|GMH Holding LLC|7302 Broadway|FL2|North Bergen
1|Academy Dental of Hamilton PA|731 Route 33|STE 4|Hamilton
1|Fakhab Healthcare Services LLC|733 18th Ave||Irvington
1|Lakewood Speech Solutions LLC|735 Nowlan Place||Lakewood
1|Infinite Future Tennis|737 River Road||Edgewater
1|SynthioLabs, Ltd.|74 Maple Street|Apt. 407|Jersey City
1|Duo Labs Inc|740 Camelot Court||Cinnaminson
1|AKCEL SYSTEMS INC|740 JEFFERSON AVE||KENILWORTH
1|Akcel Systems Inc|740 Jefferson Ave||Kenilworth
1|UROOJ LLC D/B/A ONPOINTE|7400 RIVER ROAD, SUITE 114||NORTH BERGEN
1|Newark Community Health Centers Inc|741 Broadway||Newark
1|Friendly Consultants Inc|742 ALEXANDER ROAD STE 104||Princeton
1|Friendly Consultants Inc|742 Alexander Road, Suite   104||Princeton
1|Friendly Consultants Inc|742 Alexander Road, Suite  104,||Princeton
1|Friendly Consultants Inc|742 Alexander Road, Suite 104||Princeton
1|Active Design Group Engineering Co|744 BROAD STREET|19th Floor|Newark
1|Lipoid LLC|744 Broad Street|Suite 1801|Newark
1|BERGEN AVE DRUGS INC|745 BERGEN AVE||JERSEY CITY
1|AM Express Freight Inc|745 Gotham Parkway||Carlstadt
1|LAZEEZ BISTRO 999 LLC|745 US 46||PARSIPPANY
1|KK Dental Associates LLC|746 Livingston Ave||North Brunswick Township
1|Falcon Fuel Enterprises LLC|749 Hamilton Ave||Hamilton
1|VASWANI INC|75 CARTER DRIVE||EDISON
1|MERKAY LLC|75 Harrison St||Little Falls
1|E-WAVE TECHNOLOGIES LLC|75 Jackson St|2A|Hoboken
1|Spectraserv Inc|75 Jacobus Ave||South Kearny
1|Bellwether Consulting LLC|75 Main Street|Suite 302|Millburn
1|Mannington Mills Inc|75 Mannington Mills Road||Salem
1|JC Master Niu Inc|75 Montgomery St||Jersey City
1|Docmation LLC|75 New Hampshire Avenue|Suite 100|Portsmouth
1|Little Falls Rx LLC|75 Newark Pompton turnpike||Little Falls
1|Osteogene Tech Corp.|75 Oak Street||Norwood
1|Fortress Besieged Capital Inc|75 Park Ln S|Unit 601|Jersey City
1|Ramsey Fuel Partners LLC|75 Route 17 S||Ramsey
1|Capital Health System Inc|750 Brunswick Avenue||Trenton
1|FRATELLI BERETTA USA INC|750 CLARK DRIVE||MOUNT OLIVE / BUDD LAKE
1|Glenmark Pharmaceuticals Inc USA|750 Corporate Drive||Mahwah
1|Nichem Company|750 Frelinghuysen Avenue||Newark
1|OPENSTREAM.AI INC|750 ROUTE 202S|SUITE 410|BRIDGEWATER
1|The Prudential Insurance Company of America|751 Broad St||Newark
1|Gavan-Graham Electrical Products Corp.|751 Rahway Avenue||Union
1|Omega Dental Care LLC|7535 Maple Ave|Suite 3|Pennsauken
1|CLUSTER SYSTEMS LLC|759 NEWCOMB ROAD|SUITE. 203|RIDGEWOOD
1|Chillfit Rave Inc|76 E PASSAIC AVE||RUTHERFORD
1|CHILLFIT RAVE INC|76 E PASSIAC AVE||RUTHERFORD
1|Chillfit Rave Inc|76 E Passaic Ave||Rutherford
1|BDG-CPAS|76 N Walnut St||Ridgewood
1|ASIA STAR BROADCASTING INC|76 NATIONAL ROAD||EDISON
1|East Brunswick Public Schools|760 Route 18||East Brunswick
1|Babel Invest LLC|7619 Boulevard East||North Bergen
1|Main Street Rx LLC|764 Main St||Paterson
1|NETRA HEALTH GROUP|765 NEW DOVER ROAD||EDISON
1|Center for Family Guidance, PC|765 Route 70 East||Marleton
1|Kolansoft Inc|767 Newark Ave|2nd Floor|Jersey City
1|Continental Auto Parts LLC|768 Frelinghuysen Avenue||Newark
1|Spectrum Laboratory Products Inc|769 Jersey Avenue||New Brunswick
1|JEIVEN PHARMACEUTICAL CONSULTING INC|77 Brant Avenue|Suite 405|Clark
1|Onkos Surgical Inc|77 E. Halsey Road||Parsippany
1|RAK ITPRENEURS LLC|77 GRANDVIEW AVENUE W., SUITE 19||EDISON
1|Morristown Post Acute Rehabilitation and Nursing Center|77 Madison Avenue||Morristown
1|Peblo Technologies LLC|77 Milltown Road   NJ  USA|C-4|East Brunswick
1|Adway Services Inc|77 Milltown Road,|STE C-5|East Brunswick
1|Peblo Technologies LLC|77 Milltown Road, C-4||East Brunswick
1|Adway Services Inc|77 Milltown Road, STE C-5||East Brunswick
1|Quant Strats Inc|770 Jackson Street|930|Hoboken
1|J & R Drug Inc|770 West Side Ave||Jersey City
1|Oaks Integrated Care|770 Woodlane Road||Mt. Holly
1|Chewy Inc|7700 W Sunrise Blvd||Plantation
1|An Da Builders Direct Inc|772 Route 46||Parsippany
1|Metal Pro Group Inc|772 US Highway 46||Parsippany
1|Bionomic Industries Inc|777 Corporate Drive|Suite 3|Mahwah
1|Spectrum Laboratory Products Inc|777 Jersey Avenue||New Brunswick
1|Patient Care New Jersey Inc d/b/a Patient Care|777 Passaic Ave|Suite 595|Clifton
1|My Monthly LLC|777 S 3rd St|Apt 4077|Harrison
1|ROMAN CATHOLIC DIOCESE OF PATERSON|777 VALLEY ROAD||CLIFTON
1|Strategic Resources International Inc|777 Washington Road,|Suite 2|Parlin
1|Spectrum Laboratory Products Inc|7777 Jersey Avenue||New Brunswick
1|SIGMA TECHNOLOGIES LLC|78 JOHN MILLER WAY|Suite 430|KEARNY
1|COMPORT CONSULTING CORP|78 ORCHAROAD STREET||RAMSEY
1|COMPORT CONSULTING CORP|78 Orchard Street||Ramsey
1|Bayer-Risse Engineering Inc|78 Route 173 West||Hampton
1|Prism USA LLC|78 Washington Square Cir||Washington
1|New P&L LLC|780 HAROADING HIGHWAY||BUENA
1|Sheth Tax Inc|780 Newark Avenue, Suite 202||Jersey City
1|Novcecks Rx LLC|7823 Bergenline Avenue||North Bergen
1|New P&L LLC|789 HAROADING HIGHWAY||BUENA
1|New P&L LLC|789 HAROADING HIGWAY||BUENA
1|INFOSOFT INC|7891 WESTWOOD DR.|SUITE 113|GILROY
1|APPISOFT INC|79  State Route 27||Edison
1|NEN CREATIVE LLC|79 Andover Dr||Kendall Park
1|ACADEMY FOR ADVANCED DENTAL EDUCATION LLC|79 HUDSON AVE|SUITE 201|HOBOKEN
1|ACADEMY FOR ADVANCED DENTAL EDUCATION LLC|79 HUDSON ST|SUITE 201|HOBOKEN
1|Telebrands Corp.|79 Two Bridges Road||Fairfield
1|G K Trading LLC|792 Chimney Rock Road|Unit-B|Martinsville
1|ANW CPAS LLC|8 AUER CT|Ste A|EAST BRUNSWICK
1|Kautex Machines Inc|8 Bartles Corner Road|Suite 102|Flemington
1|DataVision Inc|8 Bush Farm Lane||Frenchtown
1|ULTIMATE TECHNOLOGY SOLUTIONS INC|8 CAMPUS DR|STE 105|PARSIPPANY
1|GNVIT Solutions Inc|8 Campus Dr.|Suit 105|Parsippany
1|Pierre Fabre USA Inc|8 Campus Drive|2nd Floor|Parsippany
1|PMV Pharmaceuticals|8 Clarke Avenue|Suite 3|Cranbury
1|Accutar Biotechnology Inc|8 Clarke Dr|Suite 4|Cranbury
1|Smartpony Inc|8 Corporate Pl||Piscataway
1|Kazim Financial Group LLC|8 Danton Ct||Kendall Park
1|Ho Property LLC|8 Dominick Court||Cedar Grove
1|Sevaro Health Inc (formerly known as StatMD USA Inc)|8 Garretson Drive||Franklin Park
1|ST Agri Global Inc|8 Hart Drive||Middletown
1|JLA Interiors|8 Hidden Valley Drive||Vernon
1|SS AND SONS INC|8 Hornbeam Dr||Moorestown
1|Raritan Pharmaceuticals Inc|8 Joanna Court||East Brunswick
1|SOLBERN INC|8 Kulick Road||Fairfield
1|MAK PHARMA USA LLC|8 MIDDLEBURY BLVD||RANDOLPH
1|European Football Coaching|8 McKinley Street||Cranford
1|ZUZIS L.L.C.|8 N Jersey Lane||Wayne
1|AC Infinity Construction LLC|8 N. Main Street||Boonton
1|KJ Ingredients Inc|8 Olsen Ave||Edison
1|H&W Management LLC|8 Overlook Road||Whitehouse Station
1|NRMLC LLC|8 RIVERSIDE COURT||LAKEWOOD
1|WINTRAC LLC|8 ST. JAMES ST||MONROE TOWNSHIP
1|MechoShade Systems LLC|8 Sutton Place||Edison
1|IVERIC Bio Inc|8 Sylvan Way||Parsippany
1|DARUL ARQAM SCHOOL|8 THOMAS STREET||SOUTH RIVER
1|Encoretech Inc|8 Tamarack Trail||Lebanon
1|American Musical Supply|8 Thornton Road||Oakland
1|Troy Corporation|8 Vreeland Road||Florham Park
1|JAPANESE CHILDRENS SOCIETY INC|8 W BAYVIEW AVE||ENGLEWOOD CLIFFS
1|VRU SYSTEMS INC|8 WEST DRIVE||EDISON
1|BECARE LINK LLC|8 Ward Ave||Rumson
1|Holly Lane Stud East Ltd|8 archertown rd||new egypt
1|Sunshine Homes and Administration Inc|8-10 Vista Avenue||Elizabeth
1|Discovery Institute for Addictive Disorders Inc|80 Conover Road||Marlboro
1|Montana Construction Corp. Inc|80 Contant Ave||Lodi
1|TruMinds Technologies Inc|80 Cottontail Ln|Suite 451|Somerset
1|IYK MANAGEMENT LLC|80 E STATE RT 4 SUITE 210||PARAMUS
1|AB TILE LLC|80 INDUSTRIAL ROAD UNIT F||LODI
1|AudioCodes Inc|80 Kingsbridge Road||Piscataway
1|Keypoint Intelligence LLC|80 Little Falls Road|Suite 5|Fairfield
1|Bendit Weinstock, P.A.|80 Main Street|Suite 260|West Orange
1|VEGA CONSULTING SOLUTIONS INC|80 Morristown Road||Bernardsville
1|Chunghua Cabinet NJ Inc|80 Newfield Ave||Edison
1|Chung Hua Cabinet NJ Inc|80 Newfield Avenue||Edison
1|NICOS GROUP INC|80 OAK STREET||NORWOOD
1|PSEG Services Corporation|80 PARK PLAZA, T5||NEWARK
1|Public Service Electric & Gas Company|80 Park Plaza T5||Newark
1|ADVANCED DENTAL GROUP HOBOKEN PC|80 River St|Penthouse|Hoboken
1|Crillon Importers Ltd.|80 Rte. 4 East|Suite 108|Paramus
1|ISC Industries Inc|80 Triangle Boulevard||Carlstadt
1|Aerospace Manufacturing Corporation Inc|80 Van Winkle Ave||Wallington
1|North Hudson Community Action Corporation|800 31 Street||Union City
1|North Hudson Community Action Corporation|800 31st Street||Union City
1|Class Over Inc|800 AVE AT PORT IMPERIAL|Unit 621|WEEHAWKEN
1|CLASS OVER INC|800 AVE AT PORT IMPERIAL BLVD|Unit 621|WEEHAWKEN
1|BEUMER Corporation|800 Apgar Drive||Somerset
1|NOBEL BIOCARE PROCERA LLC|800 CORPORATE DRIVE||MAHWAH
1|Camden Coalition of Healthcare Providers|800 Cooper Street|7th Floor|Camden
1|Nobel Biocare Procera LLC|800 Corporate Drive||Mahwah
1|Eastern Propak LLC|800 Ellis Mill Road||Glassboro
1|Mars Information Services Inc|800 High Street||Hackettstown
1|Sanderson Design Group Inc|800 Huyler Street, Rear Building||Teterboro
1|Mindray DS USA Inc|800 MACARTHUR BLVD.||MAHWAH
1|MINDRAY DS USA INC|800 MACARTHUR BOULEVAROAD||MAHWAH
1|Mindray DS USA Inc|800 MacArthur Blvd||Mahwah
1|Mindray DS USA Inc|800 MacArthur Blvd.||Mahwah
1|Mindray DS USA Inc|800 MacArthur Boulevard||Mahwah
1|THE TRANSFORMATION GROUP LLC|800 PARK AVENUE|SUITE 3007|FORT LEE
1|NOVO NORDISK INC|800 SCUDDERS MILL ROAD||PLAINSBORO
1|SOMERSET WAREHOUSING PLUS INC|800-B APGAR DRIVE||SOMERSET
1|Stokes Healthcare Inc|8000 Commerce Parkway|Suite 600|Mount Laurel
1|NovaRock Biotherapeutics Ltd|801 Charles Ewing Blvd.||Ewing
1|AEIS LLC|801 MONTROSE AVE||SOUTH PLAINFIELD
1|ECLOUD LABS INC|801 ROUTE 1|1038|ISELIN
1|Heraa Technologies LLC|801 Route 1  1038||Iselin
1|ENL MECHANICAL INCORPORATED|802 US HIGHWAY 202/206||BRIDGEWATER
1|NRG Energy Inc|804 Carnegie Center||Princeton
1|Am Cast Inc|807 Sherman Avenue||Pennsauken
1|Dire Management LLC|809 22nd Street||Union City
1|Insight Data LLC|8106 Normandy Dr||Mount Laurel
1|ITEANS AMERICA LLC|811 CHURCH ROAD|SUITE 165|CHERRY HILL
1|DIGIPULSE TECHNOLOGIES INC|811 CHURCH ROAD, STE 169||CHERRY HILL
1|DIGIPULSE TECHNOLOGIES INC|811 CHURCH ROAD, STE.169||CHERRY HILL
1|DIGIPULSE TECHNOLOGIES INC|811 CHURCH ROAD, SUITE 169||CHERRY HILL
1|MC Square Systems LLC|811 Church Road|Suite 105|Cherry Hill
1|WGACA LLC|812 Jersey Avenue|8th Floor|Jersey City
1|STELLAR IT SOLUTIONS LLC|812 STATE ROAD|SUITE 230|PRINCETON
1|Bella Salon & Spa LLC|812112|994 N. Washington Ave|Green Brook
1|THEOBROMA CHOCOLATES LLC|815 Martin Street||Rahway
1|CAMcare Health Corporation|817 Fedeeral Street||Camden
1|CAMcare Health Corporation|817 Federal  St||Camden
1|CAMcare Health Corporation|817 Federal St||Camden
1|RITE INTERNATIONAL GROUP OF COMPANIES LLC|818 SHADOW RIDGE ROAD||FRANKLIN LAKES
1|ACRONOTICS INC|819 RIDGEWOOD ROAD||MILLBURN
1|PRIME DIGITAL INC|82 Andrews Way||Piscataway
1|Riverdale Integrative Veterinary Care LLC|82 Newark Pompton Turnpike||Riverdale
1|Eion Corp|82 Spruce St||Princeton
1|S A Bendheim LTD|82 Totowa Road||Wayne
1|Modern Sportswear Corp|820 Washington Avenue||Carlstadt
1|WonderBotz LLC|821 Alexander Road|Suite 206|Princeton
1|Zuplon LLC|821 Courtyard Drive||Hillsborough
1|Food Sciences Corporation|821 East Gate Drive||Mt. Laurel
1|Mene Inc|822 Kindermack Road||River Edge
1|Romark Texas LLC|822 South Avenue||Westfield
1|JGM FUND ADMINSTRATION LLC|825 East Gate Blvd.|Suite 200|Garden City
1|AITA CONSULTING SERVICES INC|825 GEORGES RAOD|3RD FLOOR|NORTH BRUNSWICK
1|GP TECHNOLOGIES LLC|825 GEORGES ROAD, 3ROAD FLOOR|SUITE 1A|NORTH BRUNSWICK
1|Aptiva Corp|825 Georges Road,|Suite 1|North Brunswick
1|Nephos Technologies|825 Georges Road, Suite 1||North Brunswick
1|Invixon Technologies Inc|825 Georges Road, Suite 1A, Third Floor,||North Brunswick
1|Aptiva Corp|825 Georges road|suite 1|North Brunswick
1|LifeStation Inc|825 Rahway Avenue||Union
1|Acepoint Medical Services LLC|828 1st St|Fl 1|Secaucus
1|KS Builders NJ LLC|828 First Street|Floor 1|Secaucus
1|KAPLAN GROUP LLC|828 N OLDEN AVE||TRENTON
1|Samsung Electronics America Inc|83 Challenger Road||Ridgefield Park
1|Gotta Sports Inc|83 Church St.||Alpine
1|Enteris BioPharma Inc|83 Fulton Street||Boonton
1|Flooring Wholesale Resources Corp.|83 MAYFIELD AVE||Edison
1|Servada LLC|83 PASSAIC AVE|2|NUTLEY
1|Soulful Nutrition Inc|83 Woodland Street||Tenafly
1|DataAlpha LLC|830 Morris Tpke|Suite 401|Short Hills
1|Everest Trading Inc|830 Newark Ave||Jersey City
1|Nova Produce Inspection Services LLC|830 Plymouth Pl.|2nd Floor|Ocean City
1|Bridgewater-Raritan Regional School District|836 Newmans Lane|PO Box 6030|Bridgewater
1|Falak Construction Inc|836 Ridgewood Avenue||North Brunswick
1|Aryton Consulting LLC|8373 Riverside Station Blvd||Secaucus
1|Heraa Technologies LLC|838 Green Street|Suite 202A|Iselin
1|Agasti LLC|84 Park Avenue|Suite E106|Flemington
1|V.J. SCOZZARI & SONS INC|84 ROUTE 31 NORTH|Suite 201|PENNINGTON
1|V.J. Scozzari & Sons Inc|84 Route 31 North, Suite 201||Pennington
1|IVY ENGINEERING GROUP PLLC|8400 River Road Suite 1D||North Bergen
1|Sonally LLC|85 Bloomfield Ave|No. 385|Pine Brook
1|SAMSUNG ELECTRONICS AMERICA INC|85 CHALENGER ROAD||RIDGEFIELD PARK
1|Samsung Electronics America Inc|85 Chellenger Road||Ridgefield Park
1|Concord Advice LLC|85 Eagle Rock Ave|Fl. 2|East Hanover
1|Concord Advice LLC|85 Eagle Rock Avenue|Floor 2|East Hanover
1|HAMMER ELECTRIC AND GENERATORS LLC|85 Franklin Road|Suite 9B|Dover
1|ZYLOG SYSTEMS LTD DBA ZSL INC|85 LINCOLN HIGHWAY|STATE RT 27|EDISON
1|SUN TAIYANG CO., LTD|85 OXFOROAD DRIVE||MOONACHIE
1|Sun Taiyang Co., Ltd|85 Oxford Drive||Moonachie
1|General Sullivan Group Inc|85 Route 31 N||Pennington
1|ESJAY PHARMA LLC|85 TWIN RIVER DRIVE||EAST WINDSOR
1|National Travel Product inc|85 Wagaraw Road|Building 1|Hawthorne
1|Dice IT Solutions LLC d/b/a TechProjects|850 Carolier Lane|1st Floor|North Brunswick
1|Childrens Health Defense|852 Franklin Avenue|Suite 5111|Franklin Lakes
1|JPC MERGER SUB LLC|853 NOTTINGHAM WAY||HAMILTON TWP
1|Tridium Inc|855 S Mint Street||Charlotte
1|DesIDEA Corporation|856 Route 206, Bldg. A-5||Hillsborough
1|Genisis Technology Solutions Inc|856 Route 206, Building C|Suite 15|Hillsborough
1|Genisis Technology Solutions Inc|856 Route 206, Building C, Suite   15||Hillsborough
1|Genisis Technology Solutions Inc|856 Route 206, Building C, Suite   15,||Hillsborough
1|Genisis Technology Solutions Inc|856 Route 206, Building C, Suite 15||Hillsborough
1|Becton, Dickinson and Company|858-201-0989||Franklin Lakes
1|Samsung Electronics America Inc|86 Challenger Road||Ridgefield Park
1|MIS ENTERPRISE LLC|86 LACKAWANNA AVENUE|STE 318|WOODLAND PARK
1|Ash Glass Wholesale Inc|86 Lackawanna Ave|Ste 239|Woodland Park
1|Celgene Corporation|86 Morris Avenue||Summit
1|Simplicity Financial Marketing Holdings Inc|86 Summit Ave|303|Summit
1|GENSCRIPT USA INC|860 CENTENNIAL AVENUE||PISCATAWAY
1|GENSCRIPT USA INC|860 Centennial Ave||Piscataway
1|CYBERMINDS INC|860 HIGHWAY 1|SUITE 203 A|EDISON
1|Edison Enterprise LLC|860 New Durham Road||Edison
1|Bara Consulting Inc|860 Route 1 North|Suite 102|Edison
1|BARA Consulting Inc|860 Route 1 North, Suite 101||Edison
1|BARA Consulting Inc|860 Route 1 North, Suite 102||Edison
1|Sedna Consulting Group Inc|860 Rt 1 North|Suite 102|Edison
1|CYBERMINDS INC|860 US- 1|SUITE 203 A|EDISON
1|Core Development Group LLC|860 Wyckoff Avenue|Suite 200|Mahwah
1|AS America Inc d/b/a American Standard Brands (Lixil)|865  Centennial Avenue||Piscataway
1|AS America Inc d/b/a American Standard Brands|865 Centennial Ave||Middlesex
1|BURRITO BOWL LLC|866 Cranbury South River Road|Suite 8|Monroe Township
1|City Gurus Inc|87 MainStreet|Suite 201|Matawan
1|SEK Architect LLC|87 S Finley Ave||Basking Ridge
1|AMAZON PRODUCE NETWORK L.L.C|875 KINGS HIGHWAY||WEST DEPTFORD
1|Artek Studio LLC|877 Broad Street, Suite 301||Newark
1|Camdens Promise Charter School Inc|879 Beiderman Ave||Camden
1|Team94|88 Harrison Avenue||Roseland
1|Janico Inc|88 Industrial Court||Freehold
1|Janico Inc|88 Industrial Ct||Freehold
1|IT HUB INC|88 LAKEDALE DR||LAWRENCE TOWNSHIP
1|IT HUB INC|88 Lakedale Dr||Lawrence Township
1|Grove Contracting LLC|882 Pompton Avenue|Suite B-2|Cedar Grove
1|Designing Smiles LLC|885 Main Street||Hackensack
1|Proper Golf LLC|889 Springfield Ave||New Providence
1|Vitalief Inc|89 French Street|Suite 4211|New Brunswick
1|Newark School of the Arts|89 LINCOLN PARK||Newark
1|VKC Systems Inc|89 Leuning St|Suite E|South Hackensack
1|Essential Dental Systems Inc|89 Leuning Street||South Hackensack
1|Newark School of the Arts|89 Lincoln Park||Newark
1|MARKOV PROCESSES INTERNATIONAL INC|89 SUMMIT AVENUE|SUITE 2|SUMMIT
1|Markov Processes International Inc|89 Summit Avenue|2nd Floor|Summit
1|THE JASANI GROUP LLC|893 US 1 South||Iselin
1|OzaIntel LLC|894 Green Street||Iselin
1|BAXUS Corp.|897 McBride Avenue||Woodland Park
1|GS Global Services Inc|8998 Rt 18|Suite 107|Old Bridge
1|Supply Chain Wizard LLC|8B Brookline Ct||Princeton
1|AAA Electronics Inc|8C Great Meadow Lane||East Hanover
1|Kennedy International Software Inc|9  Bridge Street|Bildg C|Metuchen
1|Pilot Technologies LLC|9  Schalks  Crossing  Road|Suite 726|Plainsboro
1|QUALITY IT SOURCE LLC|9 AUER CT|SUITE H|EAST BRUNSWICK
1|BANANALEAF F&S LLC|9 BELMONT CT||MONROE TOWNSHIP
1|KENNEDY INTERNATIONAL SOFTWARE INC|9 BRIDGE ST|BLDG C|METUCHEN
1|KENNEDY INTERNATIONAL SOFTWARE INC|9 BRIDGE ST.|BUILDING C|METUCHEN
1|KENNEDY INTERNATIONAL SOFTWARE INC|9 Bridge St|BLDG C|METUCHEN
1|TAG Infosphere Inc|9 Camelot Drive||Andover
1|Rocket Pharmaceuticals Inc|9 Cedarbrook Dr.||Cranbury
1|Rocket Pharmaceuticals Inc|9 Cedarbrook Drive||Cranbury
1|Jakmans LLC|9 Clyde Road||Somerset
1|RELYCOM INC|9 DAVISON AVE,  15||JAMESBURG
1|Synbio Technologies LLC|9 Deerpark Drive|Suite J-25|Monmouth Junction
1|Nallas Corporation|9 E. Laurel Road|Suite B|Stratford
1|Luce, Schwab & Kase Inc|9 Gloria Lane||Fairfield
1|Summit Rx Inc|9 Hackensack Ave|Unit 42B|Kearny
1|NANOTECH PHARMA INC|9 Ilene Court|Unit 1 Bld 6|Hillsborough
1|Diamond Custom Machines Corporation|9 Ilene Court Unit 9, Building 6||Hillsborough
1|HVAC Control Technology LLC|9 Industry Ct|Suite 11|Ewing
1|STRUCTURETECH ENGINEERING PC|9 LEE PLACE||PATERSON
1|Diakon Solutions LLC|9 Leonards Lane||Avalon
1|NEXTROVE LLC|9 MAXWELL ROAD||MONROE
1|International Safety Systems Inc|9 Michelangelo Drive|Monmouth Junction|South Brunswick
1|US Healthcare LLC|9 Mohawk||Norwood
1|US Healthcare LLC|9 Mohawk Avenue||Norwood
1|US Healthcare LLC|9 Mohawk avenue||NORWOOD
1|Apperture LLC|9 Molly Pitcher Road||Marlboro
1|US Software Group Inc|9 Mt Bethel Road,|Suite 212|Warren
1|Advanced Memory Research Institute of NJ PC|9 Mule Road|SUITE E-8|TOMS RIVER
1|EXAINLABS INC|9 OLD HICKORY LANE||EDISON
1|Inteplast Management Services Inc|9 PEACH TREE HILL ROAD||LIVINGSTON
1|BYTEFORCE INNOVATIONS INC|9 PRESTWICK WAY.||EDISON
1|Inteplast Group Corporation|9 Peachtree Hill Road||Livingston
1|Weiber Services Inc|9 QUEENBERRY WAY||BASKING RIDGE
1|Weiber Services Inc|9 Queenberry Way||Basking Ridge
1|Weiber Services Inc|9 Queenberry Way, Basking Ridge,  NJ 07920||Basking Ridge
1|211 WASHINGTON STREET INC|9 REGENT STREET||JERSEY CITY
1|Final Project LLC|9 Ridgefield Ave||Ridgefield Park
1|KANHI SYSTEMS LLC|9 STEPHENVILLE PKWY||EDISON
1|Pilot Technologies LLC|9 Schalks Crossing Road|Suite 726|Plainsboro
1|Prana Imports Inc|9 Shirley Avenue|Suite A|Somerset
1|One Tech IT Solutions LLC|9 South Main St|Suite A2|Marlboro
1|WISDOM MANAGEMENT CONSULTING SERVICES L.L.C.|9 State Route 18||EAST BRUNSWICK
1|AARKAY CONSULTING INC|9 TIFFANY CT.||OLD BRIDGE
1|Donovan Architects LLC|9 Tanner St.|Suite 201|Haddonfield
1|APY Enterprises Inc|9 Taylor Road||Edison
1|Nostrum Energy LLC|9 Veronica Avenue||Somerset
1|Short Hills Club|9-37 Lake Shore Drive||Short Hills
1|THEHEMAN LLC|90 Christopher Columbus Dr|Apt 1909|Jersey City
1|Jennifer Accessories Inc|90 Commerce Road|Unit C|Carlstadt
1|CHARLES KOMAR & SONS INC|90 HUDSON STREET||Jersey City
1|CI&T Inc|90 Nassau St.||Princeton
1|PRECISION TEXTILES LLC|90 New Dutch Ln||Fairfield
1|AVVENTIS INC|90 WASHINGTON VALLEY ROAD|SUITE 13|BEDMINSTER
1|GLOBAL DATA MANAGEMENT INC|90 WOODBRIDGE CENTER DR|STE 380|WOODBRIDGE
1|GLOBAL DATA MANAGEMENT INC|90 WOODBRIDGE CENTER DRIVE|SUITE 380|WOODBRIDGE
1|GLOBAL DATA MANAGEMENT INC|90 WOODBRIDGE CENTER DRIVE, SUITE   380||WOODBRIDGE
1|Quality Care Physical Therapy & Rehab Ctr|90 Washington St|SUITE 212|East Orange
1|Avventis Inc|90 Washington Valley Road, Suite 13||Bedminster
1|Comrise Technology Inc|90 Woodbridge Center Drive|3rd Floor|Woodbridge
1|EDGYCATED INC|900 AVE AT PORT IMPERIAL BLVD||Weehawken
1|Re-Active Physical Therapy LLC|900 Easton Ave, Suite 22||Somerset
1|Chinraj Somerset LLC|900 Easton Avenue|Suite 26|Somerset
1|R.S.R. Electronics Inc|900 Hart Street||Rahway
1|Georgian Court University|900 Lakewood Avenue||Lakewood
1|ARMO CONSULTANTS LLC|900 Landex Plaza, Suite 240||Parsippany
1|ARMO CONSULTANTS LLC|900 Lanidex Plaza||Parsippany
1|LEONARD C GREEN & CO PA|900 US Highway 9 N|Suite 601|Woodbridge
1|ALUMINUM SHAPES LLC|9000 RIVER ROAD||DELAIR
1|9001 Corporation|9001 Bergenline Avenue||North Bergen
1|Dash Auto Gallery Inc|901 Broadway||Newark
1|Fidelity Paper & Supply Corp.|901 Murray Road||East Hanover
1|David International LLC|901 Old Marlton Pike|Ste A5|Marlton
1|YouParcel Inc|901 Penhorn Ave|Suite 6|Secaucus
1|Adallen Nutrition Inc|901 Raritan Avenue|Floor 1|Highland Park
1|Code Poets LLC|901 Route 168|Suite 103|Turnersville
1|Code Poets LLC|901 Route 168, Suite 103||Turnersville
1|Arc International North America LLC|901 S. Wade Blvd.||Millville
1|FreshRealm Inc|901 W Linden Avenue||Linden
1|Above and Beyond - Business Tools and Services for Entrepreneurs Inc|902 Carnegie Center, Suite 160||Princeton
1|BA2CC SOLUTIONS INC|904 OAK TREE ROAD|SUITE O|SOUTH PLAINFIELD
1|BA2CC SOLUTIONS INC|904 OAKTREE ROAD|SUITE O|SOUTH PLAINFIELD
1|H&M Education Consulting LLC|9051 New York Ave|Floor 1|North Bergen
1|HS Design Inc|906 Mount Kemble Ave||Morristown
1|FGI Industries Inc|906 Murray Road||East Hanover
1|UNITED PHARMA TECHNOLOGIES INC|908 OAK TREE AVENUE|SUITE A|SOUTH PLAINFIELD
1|United Pharma Technologies Inc|908 Oak Tree Road, Suite A||South Plainfield
1|Frazier Industrial Company|91 Fairview Avenue||Long Valley
1|Gomes Management LLC|91 Kossuth St||Newark
1|SPL Technologies LLC|91 Marcy Street||Somerset
1|Advanced CTS Corp.|91 New England Ave||Piscataway
1|Advanced CTS. Corp|91 New England Avenue||Piscataway
1|Trustees of Newark Academy|91 South Orange Ave||Livingston
1|ZODHA SOLUTIONS LLC|910 BERGEN AVE|Suite 206|Jersey City
1|S V R CONSULTANCY.|910 OAK TREE AVE STE H|N/A|SOUTH PLAINFIELD
1|TOP POWDER COATING INC|9105 BURROUGH DOVER LANE||PENNSAUKEN
1|PocketShop Inc|912 New Jersey Highway 35||Ocean
1|Upper Ridgewood Tennis Club|915 Glenview Road||Ridgewood
1|BRANCH BROOK CORP|917, FRANKLIN AVENUE||NEWARK
1|Profoot Inc|919 Fairmount Avenue||Elizabeth
1|Alisons Trading Corp|91b McKee Drive||Mahwah
1|Masspeclink Technologies LLC|92 Berkley Avenue||Belle Mead
1|PROCAL TECHNOLOGIES INC|92 EAST MAIN STREET|SUITE 405|SOMERVILLE
1|EXTON CAPITAL CORPORATION|92 N. MAIN STREET,  18A||WINDSOR
1|MERCATOR MANAGEMENT USA LP|92 NASSAU STREET|FLOOR 4|PRINCETON
1|GHO Ventures LLC|92 Nassau Street|2nd Floor|Princeton
1|Stonefield Engineering & Design LLC|92 Park Ave||Rutherford
1|Stonefield Engineering and Design LLC|92 Park Avenue||Rutherford
1|Regional Cancer Care Associates LLC|92 Second Street||Hackensack
1|Beyond Blueprint labs LLC|92 hudson street|apt 3|HOBOKEN
1|ENTERPRISE CONSULTING SERVICES INC|921 BERGEN AVENUE|SECOND FLOOR, SUITE 203|Jersey City
1|SVADSOFT INC|921 PLEASANT VALLEY AVE, STE 175||MOUNT LAUREL
1|JNS Beauty and Nutrition LLC|922 Hwy 33 Building 8|Suite 805|Freehold
1|SS MEDICAL PRODUCTS LLC|9243 KENNEDY BLVD||NORTH BERGEN
1|MICROEXCEL INC|926 BLOOMFIELD AVENUE|SUITE BB|GLEN RIDGE
1|MICROEXCEL INC|926 Bloomfield Avenue|Suite BB|Glen Ridge
1|ADVANCED RX RETURNS|926 NEWARK AVENUE|5TH FLOOR|JERSEY CITY
1|Verde Nutra Corporation|926 Newark Ave, Unit T519||Jersey City
1|Exton Capital Cooperations|92N Main St., Building 18A||Windsor,
1|Wurth USA Inc|93 Grant Street||Ramsey
1|HORIZON LEADERSHIP ACADEMY|9301 W BELLFORT AVE||HOUSTON
1|The Homasote Company|932 Lower Ferry Road||West Trenton
1|Pacsense Corp.|935 Red River Road|Suite 302|Edgewater
1|Pacsense Corp.|935 River Road|Suite 302|Edgewater
1|Sintel Systems Inc|938 Madison Avenue||Bridgewater
1|Neiman Marketing Group LLC|94 Garry Road||Closter
1|Compuplus International Inc|94 Lilac Lane||Paramus
1|Imaging Consultants of Essex, P.A.|94 Old Short Hills Road||Livingston
1|JAD Associates LLC|9401 Railroad Ave||North Bergen
1|ACCUSAGA INC|941 WHITEHORSE-MERCERVILLE ROAD|SUITE 11|HAMILTON
1|Lincoln Electric Products Co. Inc|947 Lehigh Ave||Union
1|Walong Marketing Inc|95 Caven Point Road||Jersey City
1|JEMS NY Inc|95 Cedar Ln|Suite 1|Englewood
1|EpiBone Inc|95 Greene Street|3rd Floor|Jersey City
1|FALCON ENGINEERING CO., L.L.C.|95 MOUNT BETHEL ROAD||WARREN
1|NYC Sports LLC|95 River street|3rd Floor|Hoboken
1|NK Architects, P.A.|95 Washington Street||Morristown
1|Dental Specialists of NJ LLC|950 Avenue C||Bayonne
1|TOFFLON USA LLC|955 S. Springfield Ave,   107|Building A,|Springfield
1|Mobility Special Home Care Services LLC|958 Adelphia Road||Freehold
1|Summit Textile Trading LLC|958 Ridgewood Road||Millburn
1|Techpro IT Solutions Inc|959, Route 46 East|Suite 303|Parsippany
1|Thrive Wellness & Mediation LLC|95W 13th St||Bayonne
1|Universal Distribution Center LLC|96 Distribution Blvd.||Edison
1|Solutions Architecture Corp.|96 Pompton Avenue|2nd Floor, Suite 200|Verona
1|Suburban Consulting Engineers Inc|96 U.S. Highway 206||Flanders
1|THE RIDGEWOOD COUNTRY CLUB|96 WEST MIDLAND AVENUE||PARAMUS
1|The Ridgewood Country Club|96 West Midland Avenue||Paramus
1|Wytech Industries LLC|960 E Hazelwood Ave||Rahway
1|Index Engines Inc|960 Holmdel Road||Holmdel
1|Norwalt Design Inc|961 Route 10 E. Bldg. 2A||Randolph
1|Norwalt Design Inc|961 Route 10 East|Building 2A|Randolph
1|Primary Excellence LLC|961-967  E Hazelwood Ave||Rahway
1|LVMH Watch & Jewelry USA Inc|966 South Springfield Avenue||Springfield
1|ARNEX SOLUTIONS LLC|97 MAIN STREET|SUITE 209|WOODBRIDGE
1|Arnex Solutions LLC|97 Main Street, Suite 209|N/A|Woodbridge
1|Clarity Laboratory LLC|97 Mt Bethel Road||Warren
1|VKS Investment Management LLC|97 Newkirk Street||Jersey City
1|Conquer Technologies LLC|97 Northbrook Ave||Lawrenceville
1|Quadradiquant LLC|971 US Highway 202N|Suite R|Branchburg
1|Smotritsky Law Group, PLLC|972 Broad Street|Suite 602|Newark
1|VETERINARY SERVICES OF NJ PC|975 BLOOMFIELD AVE||WEST CALDWELL
1|Aaria Physical Therapy Inc|976 Inman Ave||Edison
1|Monad Labs Inc|98 Fairmount Road W||Califon
1|Virtue America LLC|98 Ford Road|Suite 3H|Denville
1|Virtue America LLC|98 Ford Road, Suite 3-H||Denville
1|COGNIVANCE INC|98 TAMARACK CIR||SKILLMAN
1|Triedge Lab LLC|980 Sylvan Ave|Floor 2|Englewood Cliffs
1|Triedge Lab LLC|980 Sylvan Avenue|Floor 2|Englewood Cliffs
1|Redleaf IT Systems LLC|981 Route 33|Suite B|Monroe
1|Jag-One Physical Therapy|981 US Highway 22, 2nd Fl.||Bridgewater
1|Telos Advisers LLC|982 Robbinsville Edinburg Road||Robbinsville
1|EnQubes Inc|989 LENOX DRIVE||LAWRENCEVILLE
1|ENQUBES INC|989 Lenox Drive|Suite 205|Lawrenceville
1|Prosweetz Ingredients Incorporated|98A Mayfield Avenue||Edison
1|Thunder International Group Inc|99 Caven Point Road||Jersey City
1|Windsor Athletic Club LLC|99 Clarksville Road||West Windsor
1|Foveonics Imaging Technologies|99 Grayrock Road||Clinton
1|OCM New Jersey Inc|99 Hook Road|Ste 4|Bayonne
1|EASTERN FRESH NJ LLC|99 NEW HOOK ROAD||BAYONNE
1|NEW ORIENTAL FOOD TRADING INC|99 New Hook Road|Suite 5|Bayonne
1|Patella Construction Corporation|99 South Street||Passaic
1|TANISHA SYSTEMS INC|99 WOOD AVE SOUTH|SUITE 308|ISELIN
1|Tanisha Systems Inc|99 WOOD AVENUE SOUTH|Suite 308|ISELIN
1|P3 TECHNOLOGIES INC|9901 VALLEY RANCH PARKWAY EAST, SUITE 2026||IRVING
1|JOGO Health Inc|991 US 22 W, Suite  200||Bridgewater
1|BRIGHT VISION TECHNOLOGIES|991 US HIGH WAY 22 WEST|SUITE 200,|BRIDGEWATER
1|Active Enterprise Solutions LLC|991, US Highway 22|Ste 200|Bridgewater
1|MED SCREEN LABORATORIES INC|992 CLIFTON AVE|2ND FLOOR|CLIFTON
1|Schiff Food Products Co. Inc|994 Riverview Dr||Totowa
1|Sensus America Inc|997 Lenox Drive|Suite 115|Lawrenceville
1|Neoitek Systems Inc|999 Riverview Dr|STE 201|Totowa
1|NEOITEK SYSTEMS INC|999 Riverview Dr,Suite 201||Totowa
1|Avance Technology Services Inc|Avance Technology Services Inc|Suite 209|Somerset
1|POULOMI TECHNOLOGIES INC|BRIER HILL COURT|BUILDING C, SUITE 207|EAST BRUNSWICK
1|Beyond Technologies Consulting USA Inc|Beyond Technologies Consulting (USA) Inc.|111 Town Square Pl., Suite 1203|Jersey City
1|Tris Pharma Inc|Brunswick Business Park, 2033 U.S. Highway 13|Suite D|Monmouth Junction
1|ProDes E& T Inc|Brunswick Woods Drive||East Brunswick
1|THE TRUSTEES OF PRINCETON UNIVERSITY|C/O DAVIS INTERNATIONAL CENTER|LOUIS SIMPSON INTERNATIONAL BUILDING, A45|PRINCETON
1|Fox Management Rehabilitation Services LLC|Carnegie Plaza||Cherry Hill
1|JK Tech US Inc|Court Plaza North,  25 Main Street|Suite 207|Hackensack
1|PRINCETON NUENERGY INC|EcoComplex, 1200 Florence Columbus Road||Columbus
1|Institute for Advanced Study|Einstein Drive||Princeton
1|McCarter & English, LLP|Four Gateway Center|100 Mulberry Street|Newark
1|McCarter and English, LLP|Four Gateway Center, 100 Mulberry Street||Newark
1|DataCloud Technologies LLC|GH10,1800 E State Street||Hamilton
1|DATACLOUD TECHNOLOGIES LLC|GH10,1800 E State Street,||Hamilton
1|Phibro Animal Health Corporation|Glenpointe Centre East, 3rd Floor, 300 Frank W. Burr Blvd.|Suite 21|Teaneck
1|SANS AMERICA INC|H13 Brier Hill Court||East Brunswick
1|TRADEWEB MARKETS LLC|HARBORSIDE 5, 185  HUDSON STREET|SUITE 2200|JERSEY CITY
1|ORASI MEDIA INC|HARBORSIDE FINANCIAL CENTER, 185 HUDSON STREET|SUITE 2500|JERSEY CITY
1|CITCO FUND SERVICES (USA) INC|HARBORSIDE PLAZA 10, 3 SECOND STREET|6TH FLOOR|Jersey City
1|Didtechnology Inc|Hahne Building 625 Broad Street|Suite 245|Newark
1|C2 Imaging LLC|Harborside 2, 200 Hudson St.|Suite 201|Jersey City
1|C2 Imaging LLC|Harborside 2, 200 Hudson Street|Suite 201|Jersey City
1|ARCH INSURANCE GROUP INC|Harborside 3|210 HUDSON STREET, SUITE 300|JERSEY CITY
1|Lenmar Consulting Inc|Harborside 5, 185 Hudson St.|Ste 1440|Jersey City
1|Dealerweb Inc|Harborside Financial Center|2200 Plaza Five|Jersey City
1|US Masters Residential Property (USA) Fund|Harborside Financial Center, Plaza 2, 200 Hudson Street|Floor 10, Suite 1000|Jersey City
1|Citco Fund Services (USA) Inc|Harborside Plaza 10|3 Second Street, 6th Floor|Jersey City
1|Flipt LLC|Harborside Plaza 3, 210  Hudson Street|STE 803|Jersey City
1|New Jersey City University|Hepburn Hall, Room 306|2039 J.F. Kennedy Boulevard|Jersey City
1|New Jersey City University|Hepburn Hall, Suite 306|2039 Kennedy Boulevard|Jersey City
1|Fandl LLC|Hoboken||Hoboken
1|PRECISION GLOBAL SOLUTIONS INC|LAKE FARRINGTON PLAZA II|1588 U.S. HIGHWAY 130 NORTH, SUITE E|NORTH BRUNSWICK
1|RB Health (US) LLC|Morris Corporate Center IV|399 Interpace Parkway|Parsippany
1|POLYMER PROCESSING INSTITUTE|NJIT UNIVERSITY HEIGHTS,     GITC Building|Suite 1201|NEWARK
1|DECOFRUT INC|NORTH BROADWAY, BUILDING 18||GLOUCESTER
1|Munich Airport NJ LLC|Newark Liberty Intl. Airport|1 Terminal A|Newark
1|FX Direct Dealer LLC|Newport Tower, 525 Washington Boulevard|Suite 1405|Jersey City
1|CHIESA SHAHINIAN & GIANTOMASI PC|ONE BOLAND DRIVE||WEST ORANGE
1|MARLABS INC|ONE CORPORATE PLACE SOUTH|3RD FLOOR|PISCATAWAY
1|NEO TECH SOLUTIONS INC|ONE CRAGWOOD ROAD, SUITE 301||SOUTH PLAINFIELD
1|NNIT INC|ONE CROSSROADS DRIVE|SUITE 301B|BEDMINSTER
1|TECHNOID9 LLC|ONE GATEWAY CENTER|SUITE 2600|NEWARK
1|SELECCION CONSULTING LLC|ONE TOWER CENTER BLVD|SUITE 1602|EAST BRUNSWICK
1|AUDIBLE INC|ONE WASHINGTON PARK||NEWARK
1|AUDIBLE INC|ONE WASHINGTON PARL||NEWARK
1|Janssen Research & Development LLC|One  Johnson & Johnson Plaza||New Brunswick
1|INTEGRATED DESIGN INC|One ADP Blvd.||Roseland
1|Eventide Inc|One Alsan Way||Little Ferry
1|Ameream LLC|One American Dream Way||East Rutherford
1|US Beverage Packers LLC|One Arizona Way||Keasbey
1|Atalanta Corporation|One Atalanta Plaza||Elizabeth
1|PROTAX & FINANCIAL ADVISORS LLC|One Beekman Road|Suite 5|Kendall Park
1|NIKE USA Inc|One Bowerman Dr.||Beaverton
1|Pepperidge Farm Inc|One Campbell Place||Camden
1|The Cooper Health System|One Cooper Plaza||Camden
1|Openstream Inc|One Executive Drive|Suite 400|Somerset
1|Ivory Systems Inc|One Gatehall Drive||Parsippany
1|Novartis Services Inc|One HEALTH PLAZA||EAST HANOVER
1|Novartis Institutes for BioMedical Research Inc|One Health Plaz||East Hanover
1|Longbridge Financial LLC|One International Blvd.|Suite 900|Mahwah
1|New York Jets LLC|One Jets Drive||Florham Park
1|Janssen Research & Development LLC|One Johnson & Johnson Services||New Brunswick
1|Johnson & Johnson Services Inc|One Johnson &Johnson Plaza||New Brunswick
1|PHH Mortgage Corporation|One Mortgage Way||Mount Laurel
1|PIM Brands Inc|One PIM Plaza||Park Ridge
1|NOOM Inc|One Palmer Square|Suite 441|Princeton
1|WM GROUP ENGINEERS, P.C.|One Penn Plaza|SUITE 630|NEW YORK
1|CM & Associates Construction Management LLC|One Riverfront Plaza|Suite 1610|Newark
1|CM & Associates Construction Management LLC|One Riverfront Plaza, 1037 Raymond BLVD|Suite 1610|Newark
1|CM & Associates Construction Management LLC|One Riverfront Plaza, 1037 Raymond Blvd|Suite 1610|NEWARK
1|CM & Associates Construction Management LLC|One Riverfront Plaza, 1037 Raymond Blvd.|Suite 1610|Newark
1|Subaru of America Inc|One Subaru Drive||Camden
1|Terracycle Inc|One TerraCycle Way||Trenton
1|Heritage Pharmaceuticals Inc|One Tower Center Blvd|Suite 1700|East Brunswick
1|LS Power Development LLC|One Tower Center Blvd, 21st Floor||East Brunswick
1|Atlas Systems Inc|One Tower Center Blvd.|Suite 2202|East Brunswick
1|Champions Oncology Inc|One University Plaza , Ste. 307|Suite 307|Hackensack
1|Provenir Inc|One Upper Pond Road, Bldg F – 4th Fl||Parsippany
1|YOUNG CHILDRENS CENTER FOR THE ARTS INC|P. O. Box 164||Cherry Hill
1|MULTILINGUAL THERAPY ASSOCIATES INC|P.O. BOX 462||WHITEHOUSE STATION
1|Benjamin Banneker Preparatory Charter School|P.O. Box 128||Willingboro
1|Viocare Inc|P.O. Box 327||Princeton
1|International Rollforms Inc|P.O. Box 5426||Deptford
1|SOIMEX DENIMAGIC INC|PARK 80 WEST, 250 PEHLE AVENUE|SUITE 200|SADDLE BROOK
1|LEAN-IT SOLUTIONS LLP|PLAZA II, 317 GEORGE STREET|3RD FLOOR|NEW BRUNSWICK
1|MAC Products Inc|PO Box 469|60 Pennsylvania Ave|Kearny
1|International Rollforms Inc|PO Box 5426||Deptford
1|RADAM IT SOLUTIONS LLC|PRINCETON – FORRESTAL VILLAGE, 116 VILLAGE BLVD|SUITE 200|PRINCETON
1|RADAM IT SOLUTIONS LLC|PRINCETON – FORRESTAL VILLAGE,116 VILLAGE BLVD|SUITE 200|PRINCETON
1|PY DATA SOLUTIONS INC|PY DATA SOLUTIONS, INC||Piscataway
1|Ignite Innovationz Inc|Park 80 West 250 Pehle Avenue|STE 200|Saddlebrook
1|Dr. Praegers Sensible Foods LLC|Park 80 West-250 Pehle Avenue|Ste 1002|Saddle Brook
1|Unigestion(US) Ltd.|Plaza 10, 3 Second Street|Suite 203|Jersey City
1|LEAN-IT SOLUTIONS LLP|Plaza II, 317 George Street|3rd Floor|New Brunswick
1|Underwood Engineering Inc|Po Box 3520||Cherry Hill
1|Radam IT Solutions LLC|Princeton - Forrestal Village, 116 Village Blvd|Suite 200|Princeton
1|Princeton in Africa Inc|Princeton University|Louis A Simpson International Bldg|Princeton
1|Hexaware Technologies Inc|Residential Address, 101 Wood Avenue South|Suite 600|Iselin
1|RUTGERS, THE STATE UNIVERSITY OF NEW JERSEY|Rutgers Global - International Scholar Services|30 College Avenue|New Brunswick
1|SILICON STAFF IT SERVICES INC|SILICON STAFF IT SERVICES INC|500 ALEXANDER PARK DRIVE SUITE 102|PRINCETON
1|Frontier Works LLC|STE 300, 103 Carnegie Center||Princeton
1|APEXUS TECH LLC|South Wing, 197 State Route 18 South|Suite 3000|East Brunswick
1|Orbit Solutions LLC|Suite 100 E, 2025 Lincoln Hwy|Edison|Edison
1|IPolarity LLC|Suite 204||Piscataway
1|Digital Scripts Inc|Suite 218, South Plainfield||South Plainfield
1|ITS ANALYTICS INC|TAMARACK CIRCLE|SUITE 190|SKILLMAN
1|BIRKOA CAPITAL MANAGEMENT LLC|TIGERLABS, 300 WITHERSPOON STREET||PRINCETON
1|APEXUS TECH LLC|The Plaza Building, 317 George St|Flr. 3|New Brunswick
1|APEXUS TECH LLC|The Plaza Building, 317 George Street|Suite 320|New Brunswick
1|Infragistics Inc|Two Commerce Drive||Cranbury
1|Standard Chartered Bank|Two Gateway Center|Floor 13|Newark
1|LifeStation Inc|Two Stahuber Avenue||Union
1|Elkem Silicones USA Corp.|Two Tower Center Boulevard|Suite 1802|East Brunswick
1|BlackRock Financial Management Inc|University Square Drive|Floor 5|Princeton
1|Clockwork Logistics Systems Inc|Washington Place|7th Floor|Newark
1|Marsh USA Inc|Waterfront Corporate Center,|121 River Street|Hoboken
1|Hexaware Technologies Inc|Wood Avenue South||Iselin
1|Thirdera LLC|c/o Cognizant Technology Solutions Legal Department|300 Frank W. Burr Boulevard, Suite 36, 6th Floor|Teaneck
1|Avaya Inc|c/o Karen Majewski, 350 Mount Kemble Avenue||Morristown
1|Kessler Institute for Rehabilitation Inc|c/o Select Medical|1050 Wall Street West, Suite 200|Lyndhurst
1|AUDIBLE INC|oNE WASHINGTON PARK||NEWARK
1|precess medical derivatives|precess medical derivatives|404 white oak ridge road|short hills
(11816 rows)
