count|employer_name|employer_address1|employer_address2|employer_city
97|Molina Technologies LLC|13800 Coppermine Road|1st Floor|Herndon
97|RAMSWAR TECHNOLOGIES LLC|13800 Coppermine Road|1st, 2nd and 3rd floor|Herndon
97|APPLIXA TECHNOLOGIES LLC|13800 Coppermine Road|2nd Floor Suite 250|Herndon
97|APPLIXA TECHNOLOGIES LLC|13800 Coppermine Road|2nd Floor, Suite 250|Herndon
97|Innovative Dynamic Solutions Global Inc|13800 Coppermine Road|327|Herndon
97|Meta Info Solutions Inc|13800 Coppermine Road|3rd Floor|Herndon
97|META INFO SOLUTIONS INC|13800 Coppermine Road|3rd Floor|Herndon
97|VirtueMind Solutions LLC|13800 Coppermine Road|3rd Floor, Suite 391|Herndon
97|Virtue Mind Solutions LLC|13800 Coppermine Road|3rd Floor, Suite 391|Herndon
97|VIRTUE MIND SOLUTIONS LLC|13800 Coppermine Road|3rd Floor, suite 391|Herndon
97|VIRTUE MIND SOLUTIONS LLC|13800 Coppermine Road|3rd Floor, suite 391,|Herndon
97|Hashi Solutions LLC|13800 Coppermine Road|First Floor|Herndon
97|Hashi Solutions LLC|13800 Coppermine Road|First floor|Herndon
97|Axelaar Inc|13800 Coppermine Road|Flr 3rd|Herndon
97|ACENTLE INC|13800 Coppermine Road|STE 107|Herndon
97|Acentle Inc|13800 Coppermine Road|STE 107|Herndon
97|Veena Corp|13800 Coppermine Road|STE 140|Herndon
97|Omega Hires|13800 Coppermine Road|STE 140|Herndon
97|RATNA LLC|13800 Coppermine Road|STE 142|Herndon
97|Sage Metrix Inc|13800 Coppermine Road|STE 249|Herndon
97|Oran Inc|13800 Coppermine Road|STE 307|Herndon
97|SSA Tech Inc|13800 Coppermine Road|Ste 130|Herndon
97|K Base Technologies Inc|13800 Coppermine Road|Ste 153|Herndon
97|Gerent LLC|13800 Coppermine Road|Ste 159|Herndon
97|ioSENTRIX LLC|13800 Coppermine Road|Ste 190|Herndon
97|Covalense Digital Solutions LLC|13800 Coppermine Road|Ste 245|Herndon
97|Gunina Innovative LLC|13800 Coppermine Road|Ste 288|Herndon
97|Axelaar Inc|13800 Coppermine Road|Ste 305|Herndon
97|Matha Inc|13800 Coppermine Road|Ste 393|Herndon
97|VALIANT TEK GROUP INC|13800 Coppermine Road|Suite 101|Herndon
97|Amsy Soft Inc|13800 Coppermine Road|Suite 105|Herndon
97|AMSY SOFT INC|13800 Coppermine Road|Suite 105|Herndon
97|UDS Synergy Inc|13800 Coppermine Road|Suite 106|Herndon
97|Tek Staffing Inc|13800 Coppermine Road|Suite 110|Herndon
97|Nclipse Solutions LLC|13800 Coppermine Road|Suite 111|Herndon
97|iCloud Solutions Inc|13800 Coppermine Road|Suite 113|Herndon
97|Talteam Inc|13800 Coppermine Road|Suite 120|Herndon
97|ABS Tech LLC|13800 Coppermine Road|Suite 126|Herndon
97|ERADS INC|13800 Coppermine Road|Suite 127|Herndon
97|SATSYIL CORP|13800 Coppermine Road|Suite 138|Herndon
97|Satsyil Corp|13800 Coppermine Road|Suite 138|Herndon
97|Vmark Solutions Inc|13800 Coppermine Road|Suite 141, 1st floor|Herndon
97|Data Capital Inc|13800 Coppermine Road|Suite 143|Herndon
97|Ardent Tech Services Inc|13800 Coppermine Road|Suite 144|Herndon
97|Infogen Software Solutions Inc|13800 Coppermine Road|Suite 150|Herndon
97|Nunetz Tech LLC|13800 Coppermine Road|Suite 151|Herndon
97|Refyn Data LLC|13800 Coppermine Road|Suite 162|Herndon
97|SSATech Inc|13800 Coppermine Road|Suite 170|Herndon
97|SSA Tech Inc|13800 Coppermine Road|Suite 170|Herndon
97|Cool Minds LLC|13800 Coppermine Road|Suite 171|Herndon
97|P9 Cloud Solutions Inc|13800 Coppermine Road|Suite 177|Herndon
97|Rapid It Gain Inc|13800 Coppermine Road|Suite 182|Herndon
97|Techtonic Inc|13800 Coppermine Road|Suite 184|Herndon
97|EKIN Solutions Inc|13800 Coppermine Road|Suite 189|Herndon
97|LINKORAX INC|13800 Coppermine Road|Suite 209|Herndon
97|Tech2i Inc|13800 Coppermine Road|Suite 210|Herndon
97|Fasur Technologies LLC|13800 Coppermine Road|Suite 226|Herndon
97|Optimal Solutions Inc|13800 Coppermine Road|Suite 243|Herndon
97|Covalense Digital Solutions LLC|13800 Coppermine Road|Suite 245|Herndon
97|Accentuate IT Solutions LLC|13800 Coppermine Road|Suite 248|Herndon
97|Applixa Technologies LLC|13800 Coppermine Road|Suite 250|Herndon
97|Techouts Inc|13800 Coppermine Road|Suite 281|Herndon
97|Infogen Software Solutions Inc|13800 Coppermine Road|Suite 300|Herndon
97|Open Analytics LLC|13800 Coppermine Road|Suite 306|Herndon
97|Oran Inc|13800 Coppermine Road|Suite 307|Herndon
97|Oran Inc|13800 Coppermine Road|Suite 311|Herndon
97|Innovative Dynamic Solutions Global Inc|13800 Coppermine Road|Suite 327|Herndon
97|RawKey Technologies LLC|13800 Coppermine Road|Suite 346|Herndon
97|Rawkey Technologies LLC|13800 Coppermine Road|Suite 346|Herndon
97|Vivikta Inc|13800 Coppermine Road|Suite 352|Herndon
97|Pacific Merchants Alliance Inc|13800 Coppermine Road|Suite 354|Herndon
97|NexSolv Inc|13800 Coppermine Road|Suite 356|Herndon
97|SSA Tech Inc|13800 Coppermine Road|Suite 368|Herndon
97|Quantum Strides LLC|13800 Coppermine Road|Suite 380|Herndon
97|Matha Inc|13800 Coppermine Road|Suite 393|Herndon
97|INFO LABS INC|13800 Coppermine Road|Suite 394|Herndon
97|Quantum Strides LLC|13800 Coppermine Road|Suite 398|Herndon
97|LaRa InfoVision LLC|13800 Coppermine Road|Suite119|Herndon
97|Axelaar Inc|13800 Coppermine Road|Third Floor|Herndon
97|Axelaar Inc|13800 Coppermine Road|Third Flr|Herndon
97|LARGETON INC|13800 Coppermine Road||Herndon
97|Suitebriar Inc|13800 Coppermine Road||Herndon
97|Deque Systems Inc|13800 Coppermine Road||Hernson
97|Deque Systems Inc|13800 Coppermine Road||Herndon
97|DATAPIER TECHNOLOGIES INC|13800 Coppermine Road||Herndon
97|Blue Verse Systems Corp|13800 Coppermine Road||Herndon
97|Universal Consulting Partners Inc|13800 Coppermine Road||Herndon
97|INFOCOGNIZE INC|13800 Coppermine Road||Herndon
97|Datapier Technologies Inc|13800 Coppermine Road||Herndon
97|Sage Metrix Inc|13800 Coppermine Road||Herndon
97|GERENT LLC|13800 Coppermine Road||Herndon
97|Gerent LLC|13800 Coppermine Road||Herndon
97|Gunina Innovative LLC|13800 Coppermine Road||Herndon
97|Urbane Systems LLC|13800 Coppermine Road||Herndon
97|TIBAL CORPORATION|13800 Coppermine Road||Herndon
97|Optimistic World Corp|13800 Coppermine Road||Herndon
97|StrategicIT Solutions LLC|13800 Coppermine Road||Herndon
43|AM Infosystems Inc|13873 Park Center Road|150-F|Herndon
43|Blueridge Dynamic Solutions|13873 Park Center Road|150-I|Herndon
43|AIA SOLUTIONS INC|13873 Park Center Road|Office 166|Herndon
43|Shiv Software Experts LLC|13873 Park Center Road|STE 001|Herndon
43|Ancore Inc|13873 Park Center Road|STE 144|Herndon
43|Rish Systems LLC|13873 Park Center Road|STE 150N - F|Herndon
43|SLHT Services LLC|13873 Park Center Road|STE 55D|Herndon
43|Cliff Services Inc|13873 Park Center Road|Ste 155-33|Herndon
43|HawkB Inc|13873 Park Center Road|Ste 55B|Herndon
43|Shiv Software Experts LLC|13873 Park Center Road|Suite 001|Herndon
43|WTAnow LLC|13873 Park Center Road|Suite 105|Herndon
43|Sree Tech Systems|13873 Park Center Road|Suite 142|Herndon
43|Ancore Inc|13873 Park Center Road|Suite 144|Herndon
43|WTAnow LLC|13873 Park Center Road|Suite 150-A|Herndon
43|Rish Systems LLC|13873 Park Center Road|Suite 150-F|Herndon
43|AM Infosystems Inc|13873 Park Center Road|Suite 150-F|Herndon
43|Blueridge Dynamic Solutions|13873 Park Center Road|Suite 150-I|Herndon
43|Blueridge Dynamic Solutions LLC|13873 Park Center Road|Suite 150-I|Herndon
43|Ancore Inc|13873 Park Center Road|Suite 150N|Herndon
43|AM Infosystems Inc|13873 Park Center Road|Suite 150N|Herndon
43|Advik IT Solutions Inc|13873 Park Center Road|Suite 155-11|Herndon
43|Advik IT Solution Inc|13873 Park Center Road|Suite 155-11|Herndon
43|Technoyon Inc|13873 Park Center Road|Suite 155-37|Herndon
43|Xcelligen Systems Inc|13873 Park Center Road|Suite 155-37|Herndon
43|AIA SOLUTIONS INC|13873 Park Center Road|Suite 155-7|Herndon
43|AIA Solutions Inc|13873 Park Center Road|Suite 155-7|Herndon
43|Jasvik Solutions Inc|13873 Park Center Road|Suite 155/02|Herndon
43|Jasvik Solutions Inc|13873 Park Center Road|Suite 159|Herndon
43|ADVIK IT SOLUTION INC|13873 Park Center Road|Suite 170|Herndon
43|Advik IT Solution Inc|13873 Park Center Road|Suite 170|Herndon
43|AI Consultants Inc|13873 Park Center Road|Suite 171|Herndon
43|Jasvik Solutions Inc|13873 Park Center Road|Suite 185|Herndon
43|BN Associates Inc|13873 Park Center Road|Suite 187|Herndon
43|Technoyon Inc|13873 Park Center Road|Suite 195|Herndon
43|AttainX Inc|13873 Park Center Road|Suite 212N|Herndon
43|Techsur Solutions LLC|13873 Park Center Road|Suite 303|Herndon
43|Cloudorama Solutions|13873 Park Center Road|Suite 343|Herndon
43|Nclipse Solutions LLC|13873 Park Center Road|Suite 358|Herndon
43|Client Software Services LLC|13873 Park Center Road|Suite 375|Herndon
43|Cloud Fulcrum LLC|13873 Park Center Road|Suite 385N|Herndon
43|ekSource Technologies Inc|13873 Park Center Road|Suite 55-E|Herndon
43|Xcelligen Inc|13873 Park Center Road|Suite 55M|Herndon
43|Aarna Priya Inc|13873 Park Center Road||Herndon
38|BLUDIAGNOSTICS LLC|1770 CRYSTAL DRIVE||ARLINGTON
38|AMAZON WEB SERVICES INC|1770 CRYSTAL DRIVE||ARLINGTON
38|AMAZON WEB SERVICES  INC|1770 CRYSTAL DRIVE||ARLINGTON
38|ELEMENTAL TECHNOLOGIES LLC|1770 CRYSTAL DRIVE||ARLINGTON
38|ANNAPURNA LABS (U.S.) INC|1770 CRYSTAL DRIVE||ARLINGTON
38|AMAZON RETAIL LLC|1770 CRYSTAL DRIVE||ARLINGTON
38|Twitch Interactive Inc|1770 CRYSTAL DRIVE||ARLINGTON
38|AMAZON WEB SERVICES INC|1770 CRYSTAL DRIVE||ALINGTON
38|A9.COM INC|1770 CRYSTAL DRIVE||ARLINGTON
38|Amazon Web Services Inc|1770 CRYSTAL DRIVE||ARLINGTON
38|AMAZON REGISTRY SERVICES INC|1770 CRYSTAL DRIVE||ARLINGTON
38|ACI GIFT CARDS|1770 CRYSTAL DRIVE||ARLINGTON
38|Alexa Internet|1770 CRYSTAL DRIVE||ARLINGTON
38|Amazon Studios LLC|1770 CRYSTAL DRIVE||ARLINGTON
38|AMAZON PAYMENTS INC|1770 CRYSTAL DRIVE||ARLINGTON
38|WOOT.COM LLC|1770 CRYSTAL DRIVE||ARLINGTON
38|AMAZON MEDIA VENTURE LLC|1770 CRYSTAL DRIVE||ARLINGTON
38|Amazon Media Venture LLC|1770 CRYSTAL DRIVE||ARLINGTON
38|TWITCH INTERACTIVE INC|1770 CRYSTAL DRIVE||ARLINGTON
38|PILLPACK LLC|1770 CRYSTAL DRIVE||ARLINGTON
38|AMAZON DEVELOPMENT CENTR U.S. INC|1770 CRYSTAL DRIVE||ARLINGTON
38|AMAZON DEVELOPMENT CENTERU.S. INC|1770 CRYSTAL DRIVE||ARLINGTON
38|GOODREADS LLC|1770 CRYSTAL DRIVE||ARLINGTON
38|AMAZON DEVELOPMENT CENTER U.S. INC|1770 CRYSTAL DRIVE||ARLINGTON
38|SCIENCE SOLUTIONS LLC|1770 CRYSTAL DRIVE||ARLINGTON
38|FABRIC.COM INC|1770 CRYSTAL DRIVE||ARLINGTON
38|Amazon Advertising LLC|1770 CRYSTAL DRIVE||ARLINGTON
38|AMAZON DATA SERVICES INC|1770 CRYSTAL DRIVE||ARLINGTON
38|AMAZON CAPITAL SERVICES INC|1770 CRYSTAL DRIVE||ARLINGTON
38|AMAZON ADVERTISING LLC|1770 CRYSTAL DRIVE||ARLINGTON
38|Amazon Development Center U.S. Inc|1770 CRYSTAL DRIVE||ARLINGTON
38|AMAZON.ERVICES LLC|1770 CRYSTAL DRIVE||ARLINGTON
38|AMAZON.COM SERVICES LLC|1770 CRYSTAL DRIVE||ARLINGToN
38|PillPack LLC|1770 CRYSTAL DRIVE||ARLINGTON
38|AMAZON.COM SERVICES LLC|1770 CRYSTAL DRIVE||ARLINGTON
38|AMAZON WEB SERVICES INC|1770 CRYSTAL DRIVE||ARLNGTON
38|Amazon Data Services Inc|1770 CRYSTAL DRIVE||Arlington
38|IMDB.COM INC|1770 CRYSTAL DRIVE||ARLINGTON
37|BTREE SOLUTIONS INC|13800 COPPERMINE ROAD|160|HERNDON
37|KEN SYSTEMS INC|13800 COPPERMINE ROAD|1ST FLOOR|HERNDON
37|ZYMO SOLUTIONS LLC|13800 COPPERMINE ROAD|1ST FLOOR|HERNDON
37|BTREE SOLUTIONS INC|13800 COPPERMINE ROAD|399|HERNDON
37|VIRTUE MIND SOLUTIONS LLC|13800 COPPERMINE ROAD|3RD FLOOR, SUITE 391|HERNDON
37|VIRTUE MINDS SOLUTIONS LLC|13800 COPPERMINE ROAD|3RD FLOOR, SUITE 391|HERNDON
37|HITEC INFORMATION & TECH INC|13800 COPPERMINE ROAD|FL 1 187|HERNDON
37|HITEC INFORMATION & TECH INC|13800 COPPERMINE ROAD|FL 1 187|HENRDON
37|Meta Info Solutions Inc|13800 COPPERMINE ROAD|FL 3|HERNDON
37|INFOCOGNIZE INC|13800 COPPERMINE ROAD|N/A|HERNDON
37|SAINTECH SOLUTIONS LLC|13800 COPPERMINE ROAD|SUITE 100|HERNDON
37|SAINTECH SOULTIONS LLC|13800 COPPERMINE ROAD|SUITE 100|HERNDON
37|ENLIVEN TECHNOLOGIES INC|13800 COPPERMINE ROAD|SUITE 111|Herndon
37|CONFIMINDS LLC|13800 COPPERMINE ROAD|SUITE 118|HERNDON
37|COVALENSE DIGITIAL SOLUTIONS LLC|13800 COPPERMINE ROAD|SUITE 134|HERNDON
37|COVALENSE DIGITAL SOLUTIONS LLC|13800 COPPERMINE ROAD|SUITE 134|HERNDON
37|SATSYIL CORP|13800 COPPERMINE ROAD|SUITE 138|HERNDON
37|VEENA CORP|13800 COPPERMINE ROAD|SUITE 140|HERNDON
37|Nunetz Tech LLC|13800 COPPERMINE ROAD|SUITE 151|HERNDON
37|BTREE SOLUTIONS INC|13800 COPPERMINE ROAD|SUITE 160|HERNDON
37|INFINITY SOFTWARE TECHNOLOGIES LLC|13800 COPPERMINE ROAD|SUITE 175|HERNDON
37|CLOUDSCAPE LLC|13800 COPPERMINE ROAD|SUITE 175|HERNDON
37|PMG GLOBAL CORPORATION|13800 COPPERMINE ROAD|SUITE 238|HERNDON
37|COVALENSE DIGITIAL SOLUTIONS LLC|13800 COPPERMINE ROAD|SUITE 245|HERNDON
37|APPLIXA TECHNOLOGIES LLC|13800 COPPERMINE ROAD|SUITE 250, 2ND FLOOR|HERNDON
37|PMG GLOBAL CORPORATION|13800 COPPERMINE ROAD|SUITE 253|HERNDON
37|BTREE SOLUTIONS INC|13800 COPPERMINE ROAD|SUITE 399|HERNDON
37|Ramsware Technologies|13800 COPPERMINE ROAD||Herndon
37|INFOCOGNIZE INC|13800 COPPERMINE ROAD||HERNDON
37|EIT SERVICES LLC|13800 COPPERMINE ROAD||HERNDON
37|GERENT LLC|13800 COPPERMINE ROAD||Herndon
37|Ramswar Technologies|13800 COPPERMINE ROAD||Herndon
37|LARGETON INC|13800 COPPERMINE ROAD||Herndon
37|ITDR INC|13800 COPPERMINE ROAD||HERNDON
37|Blue Verse Systems Corp|13800 COPPERMINE ROAD||HERNDON
37|RAMSWAR TECHNOLOGIES LLC|13800 COPPERMINE ROAD||HERNDON
37|DATAPIER TECHNOLOGIES INC|13800 COPPERMINE ROAD||HERNDON
31|AdvanceSoft Inc|20130 Lakeview Center Plaza|400|Ashburn
31|INTEGRITY Security Services LLC|20130 Lakeview Center Plaza|415|Ashburn
31|Vision IT USA Inc|20130 Lakeview Center Plaza|STE 400|Ashburn
31|Advancesoft Inc|20130 Lakeview Center Plaza|STE 400|Ashburn
31|DPR SOLUTIONS INC|20130 Lakeview Center Plaza|SUITE 140|ASHBURN
31|HITEK STAFFING LLC|20130 Lakeview Center Plaza|SUITE 400|Ashburn
31|VivSoft Technologies LLC|20130 Lakeview Center Plaza|Ste 400|Ashburn
31|AdvanceSoft Inc|20130 Lakeview Center Plaza|Ste 400|Ashburn
31|GRP Solutions Inc|20130 Lakeview Center Plaza|Ste 400|Ashburn
31|GRP Solutions Inc|20130 Lakeview Center Plaza|Ste 445|Ashburn
31|DPR SOLUTIONS INC|20130 Lakeview Center Plaza|Suite 140|ASHBURN
31|DPR Solutions Inc|20130 Lakeview Center Plaza|Suite 140|Ashburn
31|GRP Solutions Inc|20130 Lakeview Center Plaza|Suite 400|Ashburn
31|Consult America Inc|20130 Lakeview Center Plaza|Suite 400|Ashburn
31|Advancesoft Inc|20130 Lakeview Center Plaza|Suite 400|Ashburn
31|Cleverspeck LLC|20130 Lakeview Center Plaza|Suite 400|Ashburn
31|AdvanceSoft Inc|20130 Lakeview Center Plaza|Suite 400|Ashburn
31|Optimum Systems Inc|20130 Lakeview Center Plaza|Suite 400|Ashburn
31|ThreatQuotient|20130 Lakeview Center Plaza|Suite 400|Ashburn
31|Vision IT USA Inc|20130 Lakeview Center Plaza|Suite 400|Ashburn
31|DATA AFFECT LLC|20130 Lakeview Center Plaza|Suite 400|Ashburn
31|CLEVERSPECK LLC|20130 Lakeview Center Plaza|Suite 400|Ashburn
31|ThreatQuotient Inc|20130 Lakeview Center Plaza|Suite 400|Ashburn
31|COM4 Global Inc|20130 Lakeview Center Plaza|Suite 400|Ashburn
31|ITSTAC LLC|20130 Lakeview Center Plaza|Suite 400|Ashburn
31|Nexus IT Inc|20130 Lakeview Center Plaza|Suite 400|Ashburn
31|Prime S4 Technologies LLC|20130 Lakeview Center Plaza|Suite 400|Ashburn
31|CONSULT AMERICA INC|20130 Lakeview Center Plaza|Suite 400|Ashburn
31|Vision IT USA Inc|20130 Lakeview Center Plaza|Suite 422|Ashburn
31|Version IT Inc|20130 Lakeview Center Plaza|Suite 423|Ashburn
31|Ideasoft Group Inc|20130 Lakeview Center Plaza|Suite 470|Ashburn
25|Cvent Inc|1765 Greensboro Station Place|7th Floor|Tysons
25|CVENT Inc|1765 Greensboro Station Place|7th Floor|McLean
25|Cvent Inc|1765 Greensboro Station Place|7th Floor|United States Of America
25|Cvent Inc|1765 Greensboro Station Place|7th Floor|McLean (Tysons Corner)
25|Cvent Inc|1765 Greensboro Station Place|7th Floor|McLean(Tysons Corner)
25|Cvent Inc|1765 Greensboro Station Place|7th Floor|McLean
25|Cvent Inc|1765 Greensboro Station Place|7th Floor|Mclean
25|Cvent Inc|1765 Greensboro Station Place|Floor 7|McLean (Tysons Corner)
25|CVENT Inc|1765 Greensboro Station Place|Floor 7|McLean
25|CVENT INC|1765 Greensboro Station Place|Floor 7|McLean
25|Cvent. Inc|1765 Greensboro Station Place|Floor 7|McLean
25|Cvent Inc|1765 Greensboro Station Place|Floor 7|Mclean
25|Cvent Inc|1765 Greensboro Station Place|Floor 7|McLean
25|Cvent Inc|1765 Greensboro Station Place|Floor 7th|McLean
25|Cvent Inc|1765 Greensboro Station Place|Floor 7th|Mclean
25|Cvent Inc|1765 Greensboro Station Place|Floor 7th|McLean (Tysons Corner)
25|ASR Tech Group Inc|1765 Greensboro Station Place|Floor 9|McLean
25|Axis Management Group LLC|1765 Greensboro Station Place|Flr. 9th Floor|McLean
25|CAPGEMINI GOVERNMENT SOLUTIONS LLC|1765 Greensboro Station Place|SUITE 300|McLean
25|Mutatio Inc|1765 Greensboro Station Place|Ste 900|McLean
25|Capgemini Government Solutions LLC|1765 Greensboro Station Place|Suite 300|McLean
25|Astre Consulting Services Inc|1765 Greensboro Station Place|Suite 900|McLean
25|Aptaria Inc|1765 Greensboro Station Place|Suite 900|Mclean
25|M.C. Dean Inc|1765 Greensboro Station Place||Tysons
25|M.C. Dean Inc|1765 Greensboro Station Place||McLean
25|Blueworks Technologies Inc|44330 Mercure Circle|258|Sterling
25|Vector Info Solutions Inc|44330 Mercure Circle|STE 100 V|Dulles
25|DBI Solutions Inc|44330 Mercure Circle|STE 114|Sterling
25|Nexus IT INC|44330 Mercure Circle|STE 147|Sterling
25|Solvency Inc|44330 Mercure Circle|Ste 127|Sterling
25|Solvency Inc|44330 Mercure Circle|Ste 144|Sterling
25|Techizee Inc|44330 Mercure Circle|Ste 269|Sterling
25|KnowIT Solutions LLC|44330 Mercure Circle|Ste 415|Sterling
25|Megan Soft VA Inc|44330 Mercure Circle|Suite 100A|Dulles
25|Megan Soft VA|44330 Mercure Circle|Suite 100A|Dulles
25|N-Algo Solutions LLC|44330 Mercure Circle|Suite 100B|Sterling
25|Artek Solutions Inc|44330 Mercure Circle|Suite 100N|Sterling
25|Megan Soft VA|44330 Mercure Circle|Suite 105|Dulles
25|N-Algo Solutions LLC|44330 Mercure Circle|Suite 106|Sterling
25|VR IT Resources LLC|44330 Mercure Circle|Suite 110|Sterling
25|Nexus IT Inc|44330 Mercure Circle|Suite 112|Sterling
25|Artek Solutions Inc|44330 Mercure Circle|Suite 113|Sterling
25|DBI Solutions Inc|44330 Mercure Circle|Suite 114|Sterling
25|VR IT Resources LLC|44330 Mercure Circle|Suite 145|Sterling
25|Nexus IT Inc|44330 Mercure Circle|Suite 147|Sterling
25|VALIANT TEK GROUP INC|44330 Mercure Circle|Suite 167|Sterling
25|Frontier IT Solutions Inc|44330 Mercure Circle|Suite 200|Sterling
25|Frontier IT Solutions Inc|44330 Mercure Circle|Suite 253|Sterling
25|iCUBE Solutions|44330 Mercure Circle|Suite 267|Dulles
25|Technology Hub Inc|44330 Mercure Circle|Unit 167|Sterling
24|AMAZON WEB SERVICES INC|525 14TH ST S|N/A|ARLINGTON
24|TWITCH INTERACTIVE INC|525 14TH ST S||ARLINGTON
24|ACI GIFT CARDS LLC|525 14TH ST S||ARLINGTON
24|AMAZON WEB SERVICES INC|525 14TH ST S||ARLINGTON
24|AMAZON DATA SERVICES INC|525 14TH ST S||ARLINGTON
24|AMAZON ADVERTISING LLC|525 14TH ST S||ARLINGTON
24|AMAZON.COM SERVICES LLC|525 14TH ST S||ARLINGTON
24|SHOPBOP|525 14TH ST S||ARLINGTON
24|BOP LLC|525 14TH ST S||ARLINGTON
24|IMDB.COM INC|525 14TH ST S||ARLINGTON
24|A9.COM LLC|525 14TH ST S||ARLINGTON
24|AMAZON LOGISTICS INC|525 14TH ST S||ARLINGTON
24|AWS SECURITY ASSURANCE SERVICES LLC|525 14TH ST S||ARLINGTON
24|ZAPPOS.COM LLC|525 14TH ST S||ARLINGTON
24|AMAZON PAYMENTS INC|525 14TH ST S||ARLINGTON
24|GOODREADS LLC|525 14TH ST S||ARLINGTON
24|AMAZON RETAIL LLC|525 14TH ST S||ARLINGTON
24|AMAZON STUDIOS LLC|525 14TH ST S||ARLINGTON
24|WOOT.COM LLC|525 14TH ST S||ARLINGTON
24|AMAZON DEVELOPMENT CENTER U.S. INC|525 14TH ST S||ARLINGTON
24|RE CYCLE REVERSE LOGISTICS LLC|525 14TH ST S||ARLINGTON
24|RE  CYCLYE REVERSE LOGISTICS LLC|525 14TH ST S||ARLINGTON
24|ANNAPURNA LABS (U.S.) INC|525 14TH ST S||ARLINGTON
24|PILLPACK LLC|525 14TH ST S||ARLINGTON
21|GuidePoint Security LLC|2201 Cooperative Way|Suite 225|Herndon
21|Guidepoint Security LLC|2201 Cooperative Way|Suite 225|Herndon
21|Vercara LLC|2201 Cooperative Way|Suite 350|Sterling
21|Vercara LLC|2201 Cooperative Way|Suite 350|Herndon
21|EdgeConneX Inc|2201 Cooperative Way|Suite 400|Herndon
21|Voltera Power LLC|2201 Cooperative Way|Suite 400|Herndon
21|Edgeconnex Inc|2201 Cooperative Way|Suite 400|Herndon
21|SV Professionals LLC|2201 Cooperative Way|Suite 600|Herndon
21|Cormac Corporation|2201 Cooperative Way|Suite 600|Herndon
21|Integrated Technology Services Inc|2201 Cooperative Way|Suite 600|Herndon
21|J. Edward Holdings LLC|2201 Cooperative Way|Suite 600|Herndon
21|VA TECH SOLUTIONS INC|2201 Cooperative Way|Suite 600|Herndon
21|MERP Systems Inc|2201 Cooperative Way|Suite 600|Herndon
21|RR Portfolios LLC|2201 Cooperative Way|Suite 600|Herndon
21|BeyondSOA Solutions Inc|2201 Cooperative Way|Suite 600|Herndon
21|VA Tech Solutions Inc|2201 Cooperative Way|Suite 600|Herndon
21|Salem InfoTech Inc|2201 Cooperative Way|Suite 600|Herndon
21|Napa Analytics LLC|2201 Cooperative Way|Suite 600|Herndon
21|Enterprise Cloud Solutions LLC|2201 Cooperative Way|Suite 600|Herndon
21|Fasur Technologies LLC|2201 Cooperative Way|Suite 600|Herndon
21|Enterprise Cloud Solutions LLC|2201 Cooperative Way||Herndon
20|Amazon.com Services LLC|525 14th St S|VA|Arlington
20|Amazon Web Services LLC|525 14th St S||Arlington
20|A9.com LLC|525 14th St S||Arlington
20|AMAZON ADVERTISING LLC|525 14th St S||ARLINGTON
20|AMAZON DATA SERVICES INC|525 14th St S||ARLINGTON
20|1Life Healthcare Inc|525 14th St S||Arlington
20|AMAZON.COM SERVICES LLC|525 14th St S||ARLINGTON
20|Annapurna Labs (U.S.) Inc|525 14th St S||Arlington
20|Amazon.com Services LLC|525 14th St S||Arlington
20|Amazon Advertising LLC|525 14th St S||Arlington
20|Amazon Web Services Inc|525 14th St S||Arlington
20|Amazon Studios LLC|525 14th St S||Arlington
20|Amazon Retail LLC|525 14th St S||Arlington
20|Amazon Fresh LLC|525 14th St S||Arlington
20|Zappos.com LLC|525 14th St S||Arlington
20|Amazon Development Center US Inc|525 14th St S||Arlington
20|Amazon Development Center U.S. Inc|525 14th St S||Arlington
20|Amazon Data Services Inc|525 14th St S||Arlington
20|Zappos|525 14th St S||Arlington
20|AMAZON WEB SERVICES INC|525 14th St S||ARLINGTON
14|VJ TECHNOSOFT INC|44330 Mercure Cir|STE 100P|Sterling
14|VJ TECHNOSOFT INC|44330 Mercure Cir|STE 103|Sterling
14|Envirta Technologies LLC|44330 Mercure Cir|STE 131|Sterling
14|Stratez Infotech Inc|44330 Mercure Cir|Suite 111|Dulles
14|Orbysol Inc|44330 Mercure Cir|Suite 125|Sterling
14|NAVISOFT|44330 Mercure Cir|Suite 131|Dulles
14|Stratez Infotech Inc|44330 Mercure Cir|Suite 145|Dulles
14|NEXZENPROS|44330 Mercure Cir|Suite 160|Sterling
14|NEXZENPROS LLC|44330 Mercure Cir|Suite 160|Sterling
14|Technology Hub Inc|44330 Mercure Cir|Suite 167|Sterling
14|Veloce IT Group LLC|44330 Mercure Cir|Suite 255|Sterling
14|Secure Networks USA Inc|44330 Mercure Cir|Suite 266|Sterling
14|Blueridge Infotech Corp|44330 Mercure Cir|Suite 270|Dulles
14|Blueridge Infotech Corp|44330 Mercure Cir|Suite270|Dulles
14|Dataonez LLC|44790 MAYNAROAD SQUARE|STE 120|ASHBURN
14|Dataonez LLC|44790 MAYNAROAD SQUARE|STE 120C|ASHBURN
14|DELVIOM LLC|44790 MAYNAROAD SQUARE|STE 280|ASHBURN
14|Dataonez LLC|44790 MAYNAROAD SQUARE|SUITE 120C|ASHBURN
14|INTERDEFENSE INC|44790 MAYNAROAD SQUARE|SUITE 280|ASHBURN
14|DELVIOM LLC|44790 MAYNAROAD SQUARE|SUITE 280|ASHBURN
14|GLOBAL DATA SOLUTIONS INC|44790 MAYNAROAD SQUARE|SUITE 300|ASHBURN
14|Optimuss Inc|44790 MAYNAROAD SQUARE|SUITE 350|ASHBURN
14|MERITORE TECHNOLOGIES LLC|44790 MAYNAROAD SQUARE|SUITE 350|ASHBURN
14|Dataonez LLC|44790 MAYNAROAD SQUARE|Suite 120C|ASHBURN
14|DELVIOM LLC|44790 MAYNAROAD SQUARE|Suite 280|ASHBURN
14|OPTIMUSS INC|44790 MAYNAROAD SQUARE|Suite 350|ASHBURN
14|Optimuss Inc|44790 MAYNAROAD SQUARE|Suite 350|Ashburn
14|Dataonez LLC|44790 MAYNAROAD SQUARE|suite 120C|ASHBURN
13|Novulis Corporation|1775 Tysons Blvd.|5th Floor|MCLean
13|TeleworX LLC|1775 Tysons Blvd.|5th Floor|McLean
13|Novulis Corporation|1775 Tysons Blvd.|5th Floor|McLean
13|Park US Lessee LLC|1775 Tysons Blvd.|7th Floor|Tysons
13|Scout Motors Inc|1775 Tysons Blvd.|Floor 6|McLean
13|Fruition Partners Inc|1775 Tysons Blvd.|Floor 9|Tysons
13|Computer Sciences Corporation|1775 Tysons Blvd.|Floor 9|Tysons
13|CSC Covansys Corporation|1775 Tysons Blvd.|Floor 9|Tysons
13|CSC Consulting Inc|1775 Tysons Blvd.|Floor 9|Tysons
13|Caveonix Inc|1775 Tysons Blvd.|Flr. 5|Tysons
13|CloudWave Inc|1775 Tysons Blvd.|Flr. 5th|Tysons
13|Tricania Labs LLC|1775 Tysons Blvd.|Suite 500|McLean
13|Scout Motors Inc|1775 Tysons Blvd.||McLean
13|Wilya Inc|1900 Reston Metro Plaza|536|Reston
13|AAA Tech Solutions|1900 Reston Metro Plaza|6th Floor, Suite No 638|Reston
13|InfoMarines Inc|1900 Reston Metro Plaza|Floor 6|Reston
13|CFN Services. Inc|1900 Reston Metro Plaza|Ste 627|Reston
13|CertiPath Inc|1900 Reston Metro Plaza|Suite 303|Reston
13|Rolls-Royce North America Inc|1900 Reston Metro Plaza|Suite 400|Reston
13|VIRTUAL ATLANTIC INC|1900 Reston Metro Plaza|Suite 600|Reston
13|Tekcogno Solutions Inc|1900 Reston Metro Plaza|Suite 600|Reston
13|CFN Services Inc|1900 Reston Metro Plaza|Suite 627|Reston
13|KAT Enterprise LLC|1900 Reston Metro Plaza|Suite 628|Reston
13|GuidePoint Security LLC|1900 Reston Metro Plaza|Suite 701|Reston
13|Securiport LLC|1900 Reston Metro Plaza|Suite 800|Reston
13|CHCI Asset Management, LC|1900 Reston Metro Plaza|Tenth Floor|Reston
13|INNOVATIVE BI SOLUTIONS INC|20130 LAKEVIEW CENTER PLAZA|400|ASHBURN
13|VIRTUS TECHNOLOGIES LLC|20130 LAKEVIEW CENTER PLAZA|STE 400|ASHBURN
13|DPR SOLUTIONS INC|20130 LAKEVIEW CENTER PLAZA|SUITE 140|ASHBURN
13|ADVANCESOFT INC|20130 LAKEVIEW CENTER PLAZA|SUITE 400|ASHBURN
13|ITAURA LLC|20130 LAKEVIEW CENTER PLAZA|SUITE 400|ASHBURN
13|CONSULT AMERICA INC|20130 LAKEVIEW CENTER PLAZA|SUITE 400|ASHBURN
13|PRIME S4 TECHNOLOGIES LLC|20130 LAKEVIEW CENTER PLAZA|SUITE 400|ASHBURN
13|SAYAGYI GROUP INC|20130 LAKEVIEW CENTER PLAZA|SUITE 400|ASHBURN
13|SAPPHIRE SOFTWARE SOLUTIONS INC|20130 LAKEVIEW CENTER PLAZA|SUITE 400|ASHBURN
13|NEBULA LLC|20130 LAKEVIEW CENTER PLAZA|SUITE 400|Ashburn
13|INNOVATIVE BI SOLUTIONS INC|20130 LAKEVIEW CENTER PLAZA|SUITE 400|ASHBURN
13|S3 SOLUTIONS LLC|20130 LAKEVIEW CENTER PLAZA|SUITE 442|ASHBURN
13|VELOCE IT GROUP LLC|20130 LAKEVIEW CENTER PLAZA|SUITE 458|ASHBURN
13|Alpha 20 Group LLC|4229 Lafayette Center Dr|STE 1975|Chantilly
13|Xen Infotech LLC|4229 Lafayette Center Dr|Ste 1300D|Chantilly
13|Technogen Inc|4229 Lafayette Center Dr|Ste 1880|Chantilly
13|Alpha 20 Group LLC|4229 Lafayette Center Dr|Ste 1975|Chantilly
13|Gsquire Business Solutions Inc|4229 Lafayette Center Dr|Suite 1625|Chantilly
13|CANOPY ONE SOLUTIONS INC|4229 Lafayette Center Dr|Suite 1625|Chantilly
13|Canopy One Solutions Inc|4229 Lafayette Center Dr|Suite 1625|Chantilly
13|eIDEA Inc|4229 Lafayette Center Dr|Suite 1675, Room 4|Chantilly
13|My Technologies Inc|4229 Lafayette Center Dr|Suite 1750|Chantilly
13|NetVision Resources Inc|4229 Lafayette Center Dr|Suite 1750|Chantilly
13|Strues Inc|4229 Lafayette Center Dr|Suite 1750|Chantilly
13|Technogen Inc|4229 Lafayette Center Dr|Suite 1880|Chantilly
13|Techno Talent Inc|4229 Lafayette Center Dr|Suite 1975|Chantilly
12|Bechtel Global Corporation|12011 Sunset Hills Road|Suite 110|Reston
12|Bechtel Infrastructure and Power Corporation|12011 Sunset Hills Road||Reston
12|Bechtel International Inc|12011 Sunset Hills Road||Reston
12|Bechtel Mining and Metals Inc|12011 Sunset Hills Road||Reston
12|BECHTEL MANUFACTURING & TECHNOLOGY INC|12011 Sunset Hills Road||Reston
12|Bechtel Manufacturing & Technology Inc|12011 Sunset Hills Road||Reston
12|Bechtel Infrastructure Corporation|12011 Sunset Hills Road||Reston
12|Bechtel Infrastructure & Power Corporation|12011 Sunset Hills Road||Reston
12|Bechtel Power Corporation|12011 Sunset Hills Road||Reston
12|Bechtel Global Corporation|12011 Sunset Hills Road||Reston
12|Bechtel Enterprises Inc|12011 Sunset Hills Road||Reston
12|Bechtel National Inc|12011 Sunset Hills Road||Reston
12|TMEIC CORPORATION AMERICAS|1325 Electric Road|STE 200|Roanoke
12|TMEIC CORPORATION AMERICAS|1325 Electric Road|SUITE 200|ROANOKE
12|TMEIC Corporation Americas|1325 Electric Road|Ste 200|Roanoke
12|TMEIC CORPORATION AMERICAS|1325 Electric Road|Ste 200|Roanoke
12|TMEIC Corporation Americas|1325 Electric Road|Suite 200|Roanoke
12|TMEIC INTERNATIONAL CORPORATION|1325 Electric Road|Suite 200|Roanoke
12|TMEIC International Corporation|1325 Electric Road|Suite 200|Roanoke
12|TMEIC CORPORATION AMERICAS|1325 Electric Road|Suite 200|Roanoke
12|TMEIC CORPORATION AMERICAS|1325 Electric Road|Suite 200|ROANOKE
12|TMEIC CORPORATION AMERICAS|1325 Electric Road|Suite 200|Roanke
12|TMEIC Corporations Americas|1325 Electric Road||Roanoke
12|TMEIC Corporation Americas|1325 Electric Road||Roanoke
12|Anika Systems Inc|161 Fort Evans Road NE|STE 250|Leesburg
12|Techathon Inc|161 Fort Evans Road NE|STE 325|Leesburg
12|Concert Tech Corporation|161 Fort Evans Road NE|Ste 235|Leesburg
12|Volitiion IIT Inc|161 Fort Evans Road NE|Suite 210|Leesburg
12|CENTENNIAL TECHNOLOGIES INC|161 Fort Evans Road NE|Suite 230|Leesburg
12|Concert Tech Corporation|161 Fort Evans Road NE|Suite 235|Leesburg
12|Arkin Software Technologies Inc|161 Fort Evans Road NE|Suite 235|Leesburg
12|EPMPOINT INC|161 Fort Evans Road NE|Suite 250|Leesburg
12|EPMPOINT Inc|161 Fort Evans Road NE|Suite 250|Leesburg
12|Anika Systems Inc|161 Fort Evans Road NE|Suite 250|Leesburg
12|Skilalogy Inc|161 Fort Evans Road NE|Suite 315|Leesburg
12|Veteran Corp|161 Fort Evans Road NE|Suite 335|Leesburg
11|OVS Technologies Inc|12020 Sunrise Valley Dr|101A|Reston
11|Alpha 20 Group LLC|12020 Sunrise Valley Dr|STE 100|Reston
11|Relis Managmenet Company|12020 Sunrise Valley Dr|Ste 100|Reston
11|High Q Inc|12020 Sunrise Valley Dr|Ste 100|Reston
11|Virtuous Tech Inc|12020 Sunrise Valley Dr|Ste 100|Reston
11|MSQUARE SYSTEMS INC|12020 Sunrise Valley Dr|Ste 126|Reston
11|Alpha 20 Group LLC|12020 Sunrise Valley Dr|Ste Number 100|Reston
11|eSolutionsFirst LLC|12020 Sunrise Valley Dr|Suite 100|Reston
11|PVR Consulting Inc|12020 Sunrise Valley Dr|Suite 100|Reston
11|OVS Technologies Inc|12020 Sunrise Valley Dr|Suite 101A|Reston
11|High Q Inc|12020 Sunrise Valley Dr||Reston
11|Amazon Media Venture LLC|1770 Crystal Drive||Arlington
11|Amazon Development Center U.S. Inc|1770 Crystal Drive||Arlington
11|Amazon.com Services LLC|1770 Crystal Drive||Arlington
11|Amazon Data Services Inc|1770 Crystal Drive||Arlington
11|AMAZON DATA SERVICES INC|1770 Crystal Drive||Arlington
11|Amazon.com Services LLC|1770 Crystal Drive||Alrington
11|Amazon Capital Services Inc|1770 Crystal Drive||Arlington
11|Science Solutions LLC|1770 Crystal Drive||Arlington
11|Amazon Web Services Inc|1770 Crystal Drive||Arlington
11|Amazon Advertising LLC|1770 Crystal Drive||Arlington
11|Metro-Goldwyn-Mayer Studios Inc|1770 Crystal Drive||Arlington
11|Wilmer Technologies Inc|22375 Broderick Drive|STE 240|Sterling
11|AM Infosystems Inc|22375 Broderick Drive|Ste 165- A107|Sterling
11|OVS Technologies Inc|22375 Broderick Drive|Suite 165|Sterling
11|Right Option Inc|22375 Broderick Drive|Suite 165 - A105|Sterling
11|Rish Systems LLC|22375 Broderick Drive|Suite 165 - A107|Sterling
11|AM Infosystems Inc|22375 Broderick Drive|Suite 165- A107|Sterling
11|EKIN Solutions Inc|22375 Broderick Drive|Suite 200|Sterling
11|Inficare Health Inc|22375 Broderick Drive|Suite 225|Dulles
11|INFICARE Health Inc|22375 Broderick Drive|Suite 225|Dulles
11|Wilmer Technologies Inc|22375 Broderick Drive|Suite 240|Sterling
11|Aption LLC|22375 Broderick Drive|Suite 240|Sterling
11|Octagon Financial Services Inc|7950 Jones Branch Drive|700N|McLean
11|Nolij Consulting LLC|7950 Jones Branch Drive|8th Floor North, Suite 840|McLean
11|Air Line Pilots Association International|7950 Jones Branch Drive|Suite 400S|McLean
11|ReachLocal Inc|7950 Jones Branch Drive||McLean
11|GATEHOUSE MEDIA MANAGEMENT SERVICES INC|7950 Jones Branch Drive||McLean
11|ReachLocal Inc|7950 Jones Branch Drive||Mclean
11|GANNETT CO. INC|7950 Jones Branch Drive||McLean
11|Appian Corporation|7950 Jones Branch Drive||McLean
11|Gannett Satellite Information Network LLC|7950 Jones Branch Drive||McLean
11|Gannett Co. Inc|7950 Jones Branch Drive||McLean
11|Gannett Co Inc|7950 Jones Branch Drive||McLean
10|Cygnus Insight Inc|10432 Balls Ford Road|STE 300|Manassas
10|Intrasoft Systems Inc|10432 Balls Ford Road|STE 300|Manassas
10|B1 IT Solutions Inc|10432 Balls Ford Road|Suite 300|Manassas
10|JourneyBlazers LLC|10432 Balls Ford Road|Suite 300|Manassas
10|Beltway Glazing LLC|10432 Balls Ford Road|Suite 300|Manassas
10|Intrasoft Systems Inc|10432 Balls Ford Road|Suite 300|Manassas
10|Cloudgen LLC|10432 Balls Ford Road|Suite 300|Manassas
10|Napa Analytics LLC|10432 Balls Ford Road|Suite 300|Manassas
10|Galindo Consulting Group Inc|10432 Balls Ford Road|Suite 300|Manassas
10|Cloudgen LLC|10432 Balls Ford Road||Manassas
10|Eastray Technologies Inc|11350 Random Hills Road|STE 800|Fairfax
10|Lee DC Active Family Wellness|11350 Random Hills Road|Suite 300|Fairfax
10|OPTIMA IT SOLUTIONS LLC|11350 Random Hills Road|Suite 800|Fairfax
10|SSN Group LLC|11350 Random Hills Road|Suite 800|Fairfax
10|Bridgeway IP Law Group PLLC|11350 Random Hills Road|Suite 800|Fairfax
10|Wireless Media Consulting Inc|11350 Random Hills Road|Suite 800|Fairfax
10|Optima IT Solutions LLC|11350 Random Hills Road|Suite 800|Fairfax
10|SSN GROUP LLC|11350 Random Hills Road|Suite 800|Fairfax
10|NextXAP Inc|11350 Random Hills Road|Suite 826|Fairfax
10|Wireless Media Consulting Inc|11350 Random Hills Road||Fairfax
10|AdvanceSoft Inc|1604 Spring Hill Road|2nd Fl, Ste 224|Vienna
10|Sevatec LLC|1604 Spring Hill Road|2nd Floor|Vienna
10|Advancesoft Inc|1604 Spring Hill Road|2nd Floor, Suite 224|Vienna
10|TYRULA LLC|1604 Spring Hill Road|Ste 150|Vienna
10|MINDPETAL SOFTWARE SOLUTIONS LLC|1604 Spring Hill Road|Suite 100|Vienna
10|MINDPETAL SOFTWARE SOLUTIONS INC|1604 Spring Hill Road|Suite 100|Vienna
10|Intellizant LLC|1604 Spring Hill Road|Suite 202|Vienna
10|ABTech Solutions LLC|1604 Spring Hill Road|Suite 208|Vienna
10|ALGORITHM INC|1604 Spring Hill Road|Suite 226|Vienna
10|Blue Lotus Systems Inc|1604 Spring Hill Road|Suite 420|Vienna
10|Vailexa Technology|4000 Legato Road|STE 1100|Fairfax
10|GovernmentCIO|4000 Legato Road|Ste 600|Fairfax
10|Boston Associate Software Systems LC|4000 Legato Road|Suite 1100|Fairfax
10|DATATEK INC|4000 Legato Road|Suite 1100|Fairfax
10|Tizzy Technologies Inc|4000 Legato Road|Suite 1100|Fairfax
10|Identity Software Solutions LLC|4000 Legato Road|Suite 1100|Fairfax
10|GovernmentCIO LLC|4000 Legato Road|Suite 600|Fairfax
10|GovernmentCIO LLC DBA GovCIO|4000 Legato Road|Suite 600|Fairfax
10|SALIENT CRGT INC|4000 Legato Road|Suite 600|Fairfax
10|Entagile LLC|4000 Legato Road||Fairfax
9|ASRC Federal Technology Solutions LLC|11091 Sunset Hills Road|Ste 800|Reston
9|QOMPLX Inc|11091 Sunset Hills Road|Suite 200|Reston
9|Ofinno LLC|11091 Sunset Hills Road|Suite 510|Reston
9|Vistronix LLC|11091 Sunset Hills Road|Suite 700|Herndon
9|Vistronix LLC|11091 Sunset Hills Road|Suite 700|Reston
9|Vistronix LLC|11091 Sunset Hills Road|Suite 800|Reston
9|ASRC Federal Highland Technology Inc|11091 Sunset Hills Road|Suite 800|Reston
9|ASRC Federal Technology Solutions LLC|11091 Sunset Hills Road|Suite 800|Reston
9|ASRC Federal Highland Technology|11091 Sunset Hills Road|Suite 800|Reston
9|Software Catalysts LLC|11921 Freedom Drive|SUITE 543|Reston
9|Engineering & Software Consultants LLC|11921 Freedom Drive|Ste 550|Reston
9|GridPoint Inc|11921 Freedom Drive|Suite 1120|Reston
9|Graduate Management Admission Council|11921 Freedom Drive|Suite 300|Reston
9|RFID Global Solution Inc|11921 Freedom Drive|Suite 550|Reston
9|Tekizma Inc|11921 Freedom Drive|Suite 550|Reston
9|August Consulting Inc|11921 Freedom Drive|Suite 550|Reston
9|INADEV Corporation|11921 Freedom Drive|Suite 920|Reston
9|Synergy Sky Inc|11921 Freedom Drive||Reston
9|MANDIANT INC|11951 Freedom Drive|4th Floor|Reston
9|Mandiant Inc (10760.729)|11951 Freedom Drive|6th Floor|Reston
9|Mandiant Inc|11951 Freedom Drive|6th Floor|Reston
9|Mandiant Inc (10760.235)|11951 Freedom Drive|6th Floor|Reston
9|Mandiant Inc (10760.473)|11951 Freedom Drive|6th Floor|Reston
9|Software AG LLC|11951 Freedom Drive|Suite 410|Reston
9|Software AG USA Inc|11951 Freedom Drive|Suite 410|Reston
9|SAG 1 LLC|11951 Freedom Drive|Suite 410|Reston
9|Leidos Inc|11951 Freedom Drive||Reston
9|ECS Southwest, LLP|14030 Thunderbolt Place|Suite 500|Chantilly
9|ECS Mid-Atlantic LLC|14030 Thunderbolt Place|Suite 500|Chantill
9|ECS Mid-Atlantic LLC|14030 Thunderbolt Place|Suite 500|Chantilly
9|ECS Midwest LLC|14030 Thunderbolt Place|Suite 500|Chantilly
9|ECS Pacific Inc|14030 Thunderbolt Place|Suite 500|Chantilly
9|ECS Pacific LLC|14030 Thunderbolt Place|Suite 500|Chantilly
9|ECS Southeast LLC|14030 Thunderbolt Place|Suite 500|Chantilly
9|ECS Southeast, LLP|14030 Thunderbolt Place|Suite 500|Chantilly
9|ECS Florida LLC|14030 Thunderbolt Place|Suite 500|Chantilly
9|Cvent Inc|1765 Greensboro Station Pl|7th Floor|Tysons Corner
9|Cvent Inc|1765 Greensboro Station Pl|7th Floor|McLean
9|Cvent Inc|1765 Greensboro Station Pl|7th Floor|Tysons
9|CVENT INC|1765 Greensboro Station Pl|7th Floor|McLean
9|Cvent Inc|1765 Greensboro Station Pl|Floor 7|McLean
9|CIPIO INC|1765 Greensboro Station Pl|Suite 900|McLean
9|ARInspect Inc|1765 Greensboro Station Pl|Suite 900|McLean
9|DXFACTOR LLC|1765 Greensboro Station Pl|Suite 900|McLean
9|DXFactor LLC|1765 Greensboro Station Pl|Suite 900|McLean
9|Federal Home Loan Banks Office of Finance|1818 Library Street|420|Reston
9|AVM Consulting Inc|1818 Library Street|Ste 500|Reston
9|Federal Home Loan Banks Office of Finance|1818 Library Street|Suite 420|Reston
9|AVIZVA LLC|1818 Library Street|Suite 440|Reston
9|AVIZVA Services LLC|1818 Library Street|Suite 440|Reston
9|Babel Street Rosette|1818 Library Street|Suite 500|Reston
9|Babel Street Rosette Ltd.|1818 Library Street|Suite 500|Reston
9|Hubble Technology Inc|1818 Library Street|Suite 500|Reston
9|AVIZVA Services LLC|1818 Library Street|Suite 522|Reston
9|Ofinno LLC|1950 Opportunity Way|Suite 1200|Reston
9|FedTec LLC|1950 Opportunity Way|Suite 1300|Reston
9|FreeAlliance.com LLC|1950 Opportunity Way|Suite 1300|Reston
9|Electrify America LLC|1950 Opportunity Way|Suite 1500|Reston
9|Volkswagen Group of America Inc|1950 Opportunity Way|Suite 1500|RESTON
9|Volkswagen ADMT LLC|1950 Opportunity Way|Suite 1500|Reston
9|Volkswagen Group of America Inc|1950 Opportunity Way|Suite 1500|Reston
9|Audi of America LLC|1950 Opportunity Way|Suite 1500|Reston
9|VW Credit Inc|1950 Opportunity Way|Suite 1500|Reston
9|Volkswagen Group of America Inc|2200 Woodland Pointe Avenue|Suite 200|Herndon
9|Volkswagen ADMT LLC|2200 Woodland Pointe Avenue|Suite 200|HERNDON
9|VW Credit Inc|2200 Woodland Pointe Avenue|Suite 200|Herndon
9|Volkswagen Group of America Inc|2200 Woodland Pointe Avenue|Suite 200|HERNDON
9|Audi of America LLC|2200 Woodland Pointe Avenue|Suite 200|Herndon
9|VW Credit Inc|2200 Woodland Pointe Avenue||Herndon
9|Audi of America LLC|2200 Woodland Pointe Avenue||Herndon
9|Volkswagen Group of America, Chattanooga Operations LLC|2200 Woodland Pointe Avenue||Herndon
9|Volkswagen Group of America Inc|2200 Woodland Pointe Avenue||Herndon
9|Meritore Technologies LLC|44790 Maynard Square|STE 350|Ashburn
9|Meritore Technologies LLC|44790 Maynard Square|STE Ste 350,|Ashburn
9|iStream Solutions Inc|44790 Maynard Square|Suite 250|Ashburn
9|DELVIOM LLC|44790 Maynard Square|Suite 280|Ashburn
9|DELVIOM LLC|44790 Maynard Square|Suite 280|Virginia
9|Interdefense Inc|44790 Maynard Square|Suite 280|Ashburn
9|Delviom LLC|44790 Maynard Square|Suite 280|Ashburn
9|Global Data Solutions Inc|44790 Maynard Square|Suite 300|Ashburn
9|XipLink Inc|44790 Maynard Square|Suite 380|Ashburn
9|Numero Data LLC|620 Herndon Pkwy|110A|Herndon
9|NUMERO DATA LLC|620 Herndon Pkwy|200A|HERNDON
9|Numero Data LLC|620 Herndon Pkwy|200A|Herndon
9|Tektroop LLC|620 Herndon Pkwy|200B|Herndon
9|Tektroop LLC|620 Herndon Pkwy|STE 200A|Herndon
9|Cognowiz LLC|620 Herndon Pkwy|STE 200B|HERNDON
9|Cognowiz LLC|620 Herndon Pkwy|STE 200B|Herndon
9|Tektroop LLC|620 Herndon Pkwy|Suite 200A|Herndon
9|Cognowiz LLC|620 Herndon Pkwy|Suite 200B|Herndon
9|Zephyr AI Inc|7900 Westpark Drive|Suite 120|McLean
9|VSW LLC|7900 Westpark Drive|Suite A205|McLean
9|Logi Analytics Inc|7900 Westpark Drive|Suite A500|McLean
9|Counterpointe Solutions Inc|7900 Westpark Drive|Suite T410|McLean
9|Transurban USA Inc|7900 Westpark Drive|Suite T500|Tysons
9|Transurban (USA) Inc|7900 Westpark Drive|Suite T500|McLean
9|Transurban (USA) Inc|7900 Westpark Drive|Suite T500|Tysons
9|Clark Construction Group LLC|7900 Westpark Drive||McLean
9|Clark Foundations LLC|7900 Westpark Drive||McLean
8|Government Scientific Source Inc|12355 Sunrise Valley Drive|Suite 400|Reston
8|Bowman Consulting Group Ltd.|12355 Sunrise Valley Drive|Suite 520|Reston
8|Bowman Consulting Group|12355 Sunrise Valley Drive|Suite 520|Reston
8|Bowman Consulting Group, Ltd.|12355 Sunrise Valley Drive|Suite 520|Reston
8|Bowman Consulting Group Ltd. dba McMahon, a Bowman Company|12355 Sunrise Valley Drive|Suite 520|Reston
8|1Rivet International|12355 Sunrise Valley Drive|Suite 610|Reston
8|1Rivet International Inc|12355 Sunrise Valley Drive|Suite 610|Reston
8|1Rivet US Inc|12355 Sunrise Valley Drive|suite 610|Reston
8|NIHA TECHNOLOGIES INC|13221 Woodland Park Road|SUITE 420|HERNDON
8|VivSoft Technologies LLC|13221 Woodland Park Road|Ste 310|Ashburn
8|VivSoft Technologies LLC|13221 Woodland Park Road|Ste 310|Herndon
8|CAN SOFTTECH INC|13221 Woodland Park Road|Suite 110|Herndon
8|NIHA Technologies|13221 Woodland Park Road|Suite 420|Herndon
8|NIHA Technologies Inc|13221 Woodland Park Road|Suite 420|Herndon
8|Commonwealth Trading Partners Inc|13221 Woodland Park Road|Suite 460|Herndon
8|NIHA Technologies Inc|13221 Woodland Park Road|Suite 495|Herndon
8|Navient Solutions LLC|13865 Sunrise Valley Drive|110|Herndon
8|Navient Solutions LLC|13865 Sunrise Valley Drive|STE 110|Herndon
8|Navient Business Processing Group LLC|13865 Sunrise Valley Drive|Suite 110|Herndon
8|Navient Solutions LLC|13865 Sunrise Valley Drive|Suite 110|Herndon
8|Franconnect LLC|13865 Sunrise Valley Drive|Suite 150|Herndon
8|Orange Business Services U.S. Inc|13865 Sunrise Valley Drive|Suite 425|Herndon
8|Navient Business Processing Group LLC|13865 Sunrise Valley Drive||Herndon
8|Navient Solutions LLC|13865 Sunrise Valley Drive||Herndon
8|CIBT Inc|1600 International Drive|STE 600|McLean
8|CW PROFESSIONAL SERVICES LLC|1600 International Drive|SUITE 500|McLean
8|CIBT Inc|1600 International Drive|Ste 600|McLean
8|DIGITAL MANAGEMENT LLC|1600 International Drive|Suite 500|McLean
8|Pragiti Inc|1600 International Drive|Suite 500|McLean
8|DIGITAL MOBILE INNOVATIONS LLC|1600 International Drive|Suite 500|McLean
8|CIBT Inc|1600 International Drive|Suite 600|Mclean
8|CIBT Inc|1600 International Drive|Suite 600|McLean
8|Tier One Analytics Inc|1751 Pinnacle Drive|Ste 600|McLean
8|boodle Inc|1751 Pinnacle Drive|Suite 1000|Tysons
8|Word Exploration Technologies Inc|1751 Pinnacle Drive|Suite 1700|McLean
8|Verato Inc|1751 Pinnacle Drive|Suite 1700|McLean
8|AgileEngine LLC|1751 Pinnacle Drive|Suite 600|McLean
8|VanGogh Imaging Inc|1751 Pinnacle Drive|Suite 600|McLean
8|S Nimbus LLC|1751 Pinnacle Drive|Suite 600|McLean
8|TWD & Associates Inc|1751 Pinnacle Drive|Suite 900|McLean
8|Saliense Consulting LLC|1775 Tysons Blvd|5th Floor|McLean
8|The Campaign Registry Inc|1775 Tysons Blvd|5th Floor|Vienna
8|Lemon Video LLC|1775 Tysons Blvd|Ste 4172|Tysons
8|MYADVISOR360 LLC|1775 Tysons Blvd|Ste 500|Tysons
8|Nuvitek LLC|1775 Tysons Blvd|Suite 5102|Tysons
8|QOMPLX Inc|1775 Tysons Blvd|Suite 800|Tysons
8|CampusAI Holding Inc|1775 Tysons Blvd||Tysons
8|Scout Motors Inc|1775 Tysons Blvd||McLean
8|SYNAPSIQ LLC|20755 Williamsport Pl|STE 120|Ashburn
8|SYNAPSIQ|20755 Williamsport Pl|STE 120|Ashburn
8|D3Services INC|20755 Williamsport Pl|STE 290|Ashburn
8|SYNAPSIQ|20755 Williamsport Pl|STE 330|Ashburn
8|SYNAPSIQ LLC|20755 Williamsport Pl|STE 330|Ashburn
8|iStream Infotech Inc|20755 Williamsport Pl|Suite 290|Ashburn
8|Cloudsoft Inc|20755 Williamsport Pl|Suite 290|Ashburn
8|Kodeva LLC|20755 Williamsport Pl|Suite 320|Ashburn
8|NEXUS IT INC|44330 MERCURE CIRCLE|STE 147|STERLING
8|CENTIPROS INC|44330 MERCURE CIRCLE|STE 268|STERLING
8|HORIZON SYSTEMS INC|44330 MERCURE CIRCLE|SUITE 100 S|DULLES
8|NEXUS IT INC|44330 MERCURE CIRCLE|SUITE 147|STERLING
8|VINSYS INFORMATION TECHNOLOGY INC|44330 MERCURE CIRCLE|SUITE 201|DULLES
8|DIGIXFORM INC|44330 MERCURE CIRCLE|SUITE 250B|DULLES
8|DIGIXFORM INC|44330 MERCURE CIRCLE|SUITE 259|DULLES
8|Vinsys Information Technology Inc|44330 MERCURE CIRCLE|Suite 201|DULLES
8|COMMUNITYFORCE INC|44335 Premier Plaza|STE 110|Ashburn
8|Pioneer Consulting Services Inc|44335 Premier Plaza|Ste 125|Ashburn
8|Pioneer Global Inc|44335 Premier Plaza|Suite 120|Ashburn
8|Pioneer Consulting Services Inc|44335 Premier Plaza|Suite 120|Ashburn
8|Dynamic Technology Inc|44335 Premier Plaza|Suite 120|Ashburn
8|Pioneer Consulting Services Inc|44335 Premier Plaza|Suite 125|Ashburn
8|SQA Concepts Inc|44335 Premier Plaza|Suite 240|Ashburn
8|CommunityForce Inc|44335 Premier Plaza||Ashburn
8|NEXTGEN IT SOLUTIONS INC|44345 Premier Plaza|SUITE 130|ASHBURN
8|Capital IT Solutions INC|44345 Premier Plaza|Ste 100|Ashburn
8|Nextgen IT Solutions Inc|44345 Premier Plaza|Ste 130|Ashburn
8|DPR Solutions Inc|44345 Premier Plaza|Ste 130|Ashburn
8|Capital IT Solutions INC|44345 Premier Plaza|Suite 100|Ashburn
8|Nextgen IT Solutions Inc|44345 Premier Plaza|Suite 130|Ashburn
8|DPR Solutions Inc|44345 Premier Plaza|Suite 130|Ashburn
8|Gall Zeidler Consultants LLC|44345 Premier Plaza|Suite 210|Ashburn
8|RivereIT LLC|45640 Willow Pond Plaza|200|Sterling
8|RevereIT LLC|45640 Willow Pond Plaza|200|Serling
8|ReereIT LLC|45640 Willow Pond Plaza|200|Sterling
8|RevereIT LLC|45640 Willow Pond Plaza|200|STERLING
8|RevereIT LLC|45640 Willow Pond Plaza|200|Sterling
8|Revere IT LLC|45640 Willow Pond Plaza|200|Sterling
8|Revere Life Sciences LLC|45640 Willow Pond Plaza|200 B|Sterling
8|Revere Life Sciences LLC|45640 Willow Pond Plaza|200 B|STERLING
8|Bizwavez Inc|4870 Sadler Road|SUIT 300|Glen Allen
8|Rowetek Solutions LLC|4870 Sadler Road|Ste 300|Glen Allen
8|Bizwavez Inc|4870 Sadler Road|Suit 300|Glen Allen
8|Cool Minds LLC|4870 Sadler Road|Suite 300|Glen Allen
8|RLT Technologies|4870 Sadler Road|Suite 300|Glen Allen
8|Software Resource Management Inc|4870 Sadler Road|Suite 300|Glen Allen
8|Technology Hub Inc|4870 Sadler Road|Suite 300, Number 369|Glen Allen
8|Technology Hub Inc|4870 Sadler Road|Suite 300, Office Number 369|Glen Allen
7|Anthology Inc|11720 Plaza America Drive|11th Floor|Reston
7|Blackboard Inc|11720 Plaza America Drive|11th Floor|Reston
7|Resonate Networks Inc|11720 Plaza America Drive|3rd Floor|Reston
7|Stride Inc|11720 Plaza America Drive|9th Floor|Reston
7|Stride Inc|11720 Plaza America Drive|9th Flr.|Reston
7|Blackboard Inc|11720 Plaza America Drive|Suite 11|Reston
7|Blackboard Inc|11720 Plaza America Drive||Reston
7|MULTIVISION LLC|11730 PLAZA AMERICA DRIVE|3rd FL|RESTON
7|REVATURE LLC|11730 PLAZA AMERICA DRIVE|3rd Floor|RESTON
7|MULTIVISION LLC|11730 PLAZA AMERICA DRIVE|3rd Floor|RESTON
7|MULTIVISION LLC|11730 PLAZA AMERICA DRIVE|3rd floor|RESTON
7|REVATURE LLC|11730 PLAZA AMERICA DRIVE|SUITE 205|RESTON
7|REVATURE LLC|11730 PLAZA AMERICA DRIVE|SUITE 211|RESTON
7|MULTIVISION LLC|11730 PLAZA AMERICA DRIVE|SUITE 211|RESTON
7|Delorean Power Employment Services Co. Inc (Sub. of Delorean Power LLC)|1201 Wilson Blvd|FL 25|Arlington
7|Delorean Power Employment Services Co. Inc (Sub. of Delorean Power LLC)|1201 Wilson Blvd|FL 27|Arlington
7|Delorean Power Employment Services LLC|1201 Wilson Blvd|Floor 25|Arlington
7|Incapsulate LLC a wholly-owned subsidiary of Accenture|1201 Wilson Blvd|Flr 23|Arlington
7|Wildlife Justice Commission Investigations Inc|1201 Wilson Blvd|Suite 27|Arlington
7|Nuvitek LLC|1201 Wilson Blvd|Suite 27-106|Arlington
7|COSTAR REALTY LLC|1201 Wilson Blvd||Arlington
7|Techno Talent Inc|12020 Sunrise Valley Drive|STE 100|Reston
7|Relis Management Company|12020 Sunrise Valley Drive|Ste 100|Reston
7|Nyquiste Corporation|12020 Sunrise Valley Drive|Suite 100|Reston
7|eSolutionsFirst LLC|12020 Sunrise Valley Drive|Suite 100|Reston
7|Mettle Solutions LLC|12020 Sunrise Valley Drive|Suite 100|Reston
7|Virtuous Tech Inc|12020 Sunrise Valley Drive|Suite 100|Reston
7|Evoke Consulting LLC|12020 Sunrise Valley Drive|Suite 105|Reston
7|Airis Security Technologies Inc|12110 Sunset Hills Road|Suite 600|Reston
7|Adaptavist Inc|12110 Sunset Hills Road|Suite 600|Reston
7|Samtek Inc|12110 Sunset Hills Road|Suite 600|Reston
7|Aware EON LLC|12110 Sunset Hills Road|Suite 600|Reston
7|Reasonn LLC|12110 Sunset Hills Road|Suite 600|Reston
7|MiCore Solutions Inc|12110 Sunset Hills Road|Suite 681|Reston
7|Samtek Inc|12110 Sunset Hills Road||Reston
7|Perspecta (FKA Vencore Inc)|15052 Conference Center Drive||Chantilly
7|Peraton Enterprise Solutions LLC|15052 Conference Center Drive||Chantilly
7|Peraton Technology Services Inc (FKA Perspecta Engineering Inc & FKA Vencore Inc)|15052 Conference Center Drive||Chantilly
7|Peraton State & Local Inc|15052 Conference Center Drive||Chantilly
7|Perspecta Engineering Inc (FKA Vencore Inc)|15052 Conference Center Drive||Chantilly
7|Perspecta State & Local Inc|15052 Conference Center Drive||Chantilly
7|Perspecta Enterprise Solutions LLC|15052 Conference Center Drive||Chantilly
7|American Real Estate Partners Management LLC|1660 International Drive|Suite 500|McLean
7|Whereoware Inc|1660 International Drive|Suite 600|McLean
7|UltraViolet Cyber Inc|1660 International Drive|Suite 600|McLean
7|Syntasa Corporation|1660 International Drive|Suite 600|McLean
7|Wagento Creative LLC|1660 International Drive|Suite 600|MCLEAN
7|MobileFrontiers|1660 International Drive|Suite 850|McLean
7|Mobile Frontiers|1660 International Drive|Suite 850|McLean
7|RIVA Solutions Inc|1676 International Drive|Suite 520|McLean
7|ReTech Advisors LLC|1676 International Drive|Suite 600|McLean
7|RE Tech Advisors LLC|1676 International Drive|Suite 600|McLean
7|Guidehouse Digital LLC|1676 International Drive|Suite 800|McLean
7|Guidehouse Inc|1676 International Drive|Suite 800|McLEan
7|Guidehouse Inc|1676 International Drive|Suite 800|McLean
7|Guidehouse Digital Inc|1676 International Drive|Suite 800|McLean
7|ICF Resources LLC|1902 Reston Metro Plaza||Reston
7|Incentive Technology Group LLC|1902 Reston Metro Plaza||Reston
7|SemanticBits LLC|1902 Reston Metro Plaza||Reston
7|Creative Systems and Consulting LLC|1902 Reston Metro Plaza||Reston
7|ICF Macro Inc|1902 Reston Metro Plaza||Reston
7|ICF Next Inc|1902 Reston Metro Plaza||Reston
7|ICF Incorporated LLC|1902 Reston Metro Plaza||Reston
7|CSC CONSULTING INC|20408 Bashan Drive|Suite 231|Ashburn
7|XCHANGING SOLUTIONS (USA) INC|20408 Bashan Drive|Suite 231|Ashburn
7|CSC Consulting Inc|20408 Bashan Drive|Suite 231|Ashburn
7|DXC Technology Services LLC|20408 Bashan Drive|Suite 231|Ashburn
7|CSC Covansys Corporation|20408 Bashan Drive|Suite 231|Ashburn
7|Computer Sciences Corporation|20408 Bashan Drive|Suite 231|Ashburn
7|Fruition Partners Inc|20408 Bashan Drive|Suite 231|Ashburn
7|TK Softtech Solutions LLC|205 Van Buren St|Ste 120|Herndon
7|Blue Lotus Software Inc|205 Van Buren St|Suite 120|Herndon
7|Trilogic Systems LLC|205 Van Buren St|Suite 120|Herndon
7|Samtek Inc|205 Van Buren St|Suite 120|Herndon
7|Vive Tech Solutions LLC|205 Van Buren St|Suite 120|Herndon
7|TuniraSoft LLC|205 Van Buren St|Suite 120|Herndon
7|TK Softtech Solutions LLC|205 Van Buren St||Herndon
7|JAZZ SOLUTIONS INC|20745 Williamsport Place|SUITE 320|ASHBURN
7|Sriven Technologies LLC|20745 Williamsport Place|Ste 220|Ashburn
7|Finpal Services Inc|20745 Williamsport Place|Suite 200|Ashburn
7|JAZZ SOLUTIONS INC|20745 Williamsport Place|Suite 320|Ashburn
7|Amiti Consulting Inc|20745 Williamsport Place|Suite 350|Ashburn
7|Somireddy Law Group PLLC|20745 Williamsport Place|Suite 390|Ashburn
7|SOMIREDDY LAW GROUP PLLC|20745 Williamsport Place|Suite 390|Ashburn
7|ANVI Technologies Inc|20755 Williamsport Place|N/A|Ashburn
7|Kodeva LLC|20755 Williamsport Place|STE 320|Ashburn
7|Enliven Technologies Inc|20755 Williamsport Place|Suite 230|Ashburn
7|ENLIVEN TECHNOLOGIES INC|20755 Williamsport Place|Suite 230|Ashburn
7|ANITECH CORPORATION|20755 Williamsport Place|Suite 330|Ashburn
7|ANITECH CORPORATION|20755 Williamsport Place|Unit 330|Ashburn
7|Anvi Technologies INC|20755 Williamsport Place|Unit 340|Ashburn
7|Teksome Solutions Inc|21351 Gentry Drive|Ste 140|Sterling
7|Invexer Technology Inc|21351 Gentry Drive|Ste 150|Sterling
7|Comprobase Inc|21351 Gentry Drive|Ste 245|Sterling
7|Vigna Solutions Inc|21351 Gentry Drive|Suite 145|Sterling
7|Comprobase Inc|21351 Gentry Drive|Suite 245|Sterling
7|Network Runners Inc|21351 Gentry Drive|Suite 255|Sterling
7|Byteforza Inc|21351 Gentry Drive|Suite 265|Sterling
7|Aimic Inc|4229 Lafayette Center Drive|1125A, Office 4|Chantilly
7|AIMIC INC|4229 Lafayette Center Drive|1125A, Office 4|Chantilly
7|Smile Daily LLC|4229 Lafayette Center Drive|Suite 1125 B-2|Chantilly
7|Aimic Inc|4229 Lafayette Center Drive|Suite 1125A 4|Chantilly
7|ABD Solutions Inc|4229 Lafayette Center Drive|Suite 1500|Chantilly
7|eIDEA Inc|4229 Lafayette Center Drive|Suite 1675, Room 4|Chantilly
7|Applet Systems LLC|4229 Lafayette Center Drive|Suite 1750|Chantilly
7|Excelaxis LLC|44121 Harry Byrd Hwy|STE 225-O|Ashburn
7|ASTA CRS Inc|44121 Harry Byrd Hwy|Ste 230|Ashburn
7|Nextgen IT Solutions Inc|44121 Harry Byrd Hwy|Ste 240-G|Ashburn
7|Asta CRS Inc|44121 Harry Byrd Hwy|Suite 230|Ashburn
7|ASTA CRS INC|44121 Harry Byrd Hwy|Suite 230|Ashburn
7|IQLogg Inc|44121 Harry Byrd Hwy|Suite 230B|Ashburn
7|IQLogg Inc|44121 Harry Byrd Hwy|Suite 245|Ashburn
7|Tresume LLC|44121 Leesburg Pike|Ste 225|Ashburn
7|TRESUME LLC|44121 Leesburg Pike|Ste 225|Ashburn
7|Asta CRS Inc|44121 Leesburg Pike|Ste 230|Ashburn
7|ASTA CRS INC|44121 Leesburg Pike|Ste 230|Ashburn
7|ASTA CRS Inc|44121 Leesburg Pike|Ste 230|Ashburn
7|Asta CRS Inc|44121 Leesburg Pike|Suite 230|Ashburn
7|IQLogg Inc|44121 Leesburg Pike|Suite 245|Ashburn
7|ARISE GLOBAL SERVICES INC|44679 Endicott Dr|STE 300-2003|Ashburn
7|Interdefense Inc|44679 Endicott Dr|Ste 300|Ashburn
7|Interdefense Inc|44679 Endicott Dr|Ste 300|AShburn
7|Identika LLC|44679 Endicott Dr|Ste 315|Ashburn
7|InterDefense Inc|44679 Endicott Dr|Suite 300|Ashburn
7|CLOUDAVENT LLC|44679 Endicott Dr|Suite 300|Ashburn
7|CLOUDAVENT LLC|44679 Endicott Dr||Ashburn
7|Gravy Analytics Inc|45610 Woodland Road|Suite 100|Sterling
7|DataSync Inc|45610 Woodland Road|Suite 120|Sterling
7|Datalogiqs Inc|45610 Woodland Road|Suite 122|Sterling
7|Drivestream Inc|45610 Woodland Road|Suite 150|Sterling
7|Geoquest USA Inc|45610 Woodland Road|Suite 200|Sterling
7|The Reinforced Earth Company|45610 Woodland Road|Suite 200|Sterling
7|MG Moving Services|45610 Woodland Road||Sterling
7|Viva Tek LLC|459 Herndon Parkway|SUITE 18|Herndon
7|Idexcel Inc|459 Herndon Parkway|Ste 10|Herndon
7|Systemsoft Inc|459 Herndon Parkway|Ste 20|Herndon
7|Idexcel Inc|459 Herndon Parkway|Suite 10|Herndon
7|Idexcel Inc|459 Herndon Parkway|Suite 10|HERNDON
7|Itech Consulting Group Inc|459 Herndon Parkway|Suite 11|Herndon
7|TEKBANK CONSULTANTS INC|459 Herndon Parkway|Suite 13|Herndon
7|TAG INFORMATION TECHNOLOGY SERVICES LLC|4870 SADLER ROAD|SUITE 300|GLEN ALLEN
7|BIZWAVEZ INC|4870 SADLER ROAD|SUITE 300|GLEN ALLEN
7|VKARE CORP|4870 SADLER ROAD|SUITE 300|GLEN ALLEN
7|TAG INFORMATION TECHNOLOGY SERVICES|4870 SADLER ROAD|SUITE 300|GLEN ALLEN
7|RLT TECHNOLOGIES INC|4870 SADLER ROAD|SUITE 300|GLEN ALLEN
7|RLT Technologies Inc|4870 SADLER ROAD|Suite 300|Richmond
7|BIZWAVEZ INC|4870 SADLER ROAD||GLEN ALLEN
7|Softthink Solutions Inc|560 Herndon Parkway|100A|Herndon
7|I-Link Solutions Inc|560 Herndon Parkway|330|Herndon
7|Softthink Solutions Inc|560 Herndon Parkway|Suite 100A|Herndon
7|SOFTTHINK SOLUTIONS INC|560 Herndon Parkway|Suite 100A|Herndon
7|Syntasa Corporation|560 Herndon Parkway|Suite 230|Herndon
7|I-Link Solutions Inc|560 Herndon Parkway|Suite 330|Herndon
7|i-Link Solutions Inc|560 Herndon Parkway|Suite 330|Herndon
7|Collabralink Technologies|8405 Greensboro Dr|Suite 600|McLean
7|Collabralink Technologies Inc,|8405 Greensboro Dr|Suite 600|McLean
7|Groundswell Corporation|8405 Greensboro Dr|Suite 600|Mclean
7|Groundswell Corporation|8405 Greensboro Dr|Suite 600|McLean
7|Groundswell|8405 Greensboro Dr|Suite 600|McLean
7|Collabralink|8405 Greensboro Dr|Suite 600|McLean
7|Collabralink Technologies Inc|8405 Greensboro Dr|Suite 600|McLean
7|Tenpearls LLC|8614 Westwood Center Drive|Suite 540|Vienna
7|AAretech LLC|8614 Westwood Center Drive|Suite 600|Vienna
7|Aldrich Capital Partner|8614 Westwood Center Drive|Suite 710|Vienna
7|Davis, Carter, Scott Ltd.|8614 Westwood Center Drive|Suite 800|Tysons
7|MyEyeDr. Optometry of North Carolina PLLC|8614 Westwood Center Drive|Suite 900|Vienna
7|Capital Vision Services LLC|8614 Westwood Center Drive|Suite 900|Vienna
7|MyEyeDr. Optometry of Maryland LLC|8614 Westwood Center Drive|Suite 900|Vienna
7|BBI Law Group, P.C.|950 Herndon Parkway|STE 355|HERNDON
7|BBI Law Group P.C|950 Herndon Parkway|St 355|Herndon
7|BBI LAW GROUP, P.C.|950 Herndon Parkway|Ste 355|Herndon
7|BBI Law Group P.C|950 Herndon Parkway|Ste 355|Herndon
7|CAN SOFTTECH INC|950 Herndon Parkway|Suite 120|Herndon
7|NetImpact Strategies|950 Herndon Parkway|Suite 350|Herndon
7|W/H/I/P SYSTEMS LLC|950 Herndon Parkway|Suite 365|Herndon
6|Politico LLC|1000 Wilson Boulevard|8th Floor|Arlington
6|POLITICO LLC|1000 Wilson Boulevard|Floor 8|Arlington
6|POLITICO LLC|1000 Wilson Boulevard|N/A|Arlington
6|SUMMIT RIDGE ENERGY LLC|1000 Wilson Boulevard|Suite 2400|Arlington
6|Summit Ridge Energy LLC|1000 Wilson Boulevard|Suite 2400|Arlington
6|Sands Capital Management LLC|1000 Wilson Boulevard|Suite 3000|Arlington
6|Law Offices of Rakesh Mehrotra Inc|11490 Commerce Park Drive|SUITE 300|Reston
6|Technology Solutions Provider LLC|11490 Commerce Park Drive|Suite 200|RESTON
6|Technology Solution Provider LLC|11490 Commerce Park Drive|Suite 200|RESTON
6|Technology Solutions Provider Inc|11490 Commerce Park Drive|Suite 200|Reston
6|Law Offices of Rakesh Mehrotra|11490 Commerce Park Drive|Suite 300|Reston
6|AgileTrailblazers LLC|11490 Commerce Park Drive|Suite 400|Reston
6|Mergant Health LLC|11700 Plaza America Drive|140|Reston
6|Resonate Networks Inc|11700 Plaza America Drive|Suite 1000|Reston
6|Mergant Health Inc|11700 Plaza America Drive|Suite 140|Reston
6|Mergant Health LLC|11700 Plaza America Drive|Suite 140|Reston
6|Software AG USA Inc|11700 Plaza America Drive|Suite 700|Reston
6|Software AG USA Inc|11700 Plaza America Drive||Reston
6|Stanley Martin Homes LLC|11710 Plaza America Drive|Suite 1100|Reston
6|ASR Tech Group Inc|11710 Plaza America Drive|Suite 2000|Reston
6|Vivid Edge Corp.|11710 Plaza America Drive|Suite 2000|Reston
6|InnoWave Technologies LLC|11710 Plaza America Drive|Suite 2000|Reston
6|IOTAP Inc|11710 Plaza America Drive|Suite 2000|Reston
6|Internet Society|11710 Plaza America Drive|Suite 400|Reston
6|Revature LLC|11730 Plaza America Drive|3rd fl|Reston
6|Revature LLC|11730 Plaza America Drive|Ste 205|Reston
6|Revature LLC|11730 Plaza America Drive|Suite 205|Reston
6|Multivision LLC|11730 Plaza America Drive|Suite 211|Reston
6|Empower AI Inc|11730 Plaza America Drive|Suite 400|Reston
6|NCI Information Systems Inc|11730 Plaza America Drive|Suite 400|Reston
6|Elastio Software Inc|11921 Freedom Dr|Ste 550|Reston
6|Tkxel LLC|11921 Freedom Dr|Ste 550|Reston
6|Echo360 Inc|11921 Freedom Dr|Ste 910|Reston
6|Engineering & Software Consultants LLC|11921 Freedom Dr|Suite 550|Reston
6|Bridgesoft Infosec LLC|11921 Freedom Dr|Suite 550|Reston
6|Harpro Tech Inc|11921 Freedom Dr|Suite 570|Reston
6|Dominion Voltage Inc|120 Tredegar Street||Richmond
6|DTEC - Dominion Energy Technical Solutions Inc|120 Tredegar Street||Richmond
6|Virginia Electric & Power Company|120 Tredegar Street||Richmond
6|Virginia Electric and Power Company|120 Tredegar Street||Richmond
6|Dominion Energy Technical Solutions Inc|120 Tredegar Street||Richmond
6|Dominion Energy Services Inc|120 Tredegar Street||Richmond
6|Theaai Corporation|1201 Wilson Blvd.|26-103|Arlington
6|Energix US LLC|1201 Wilson Blvd.|Suite 2200|Arlington
6|Energix EPC LLC|1201 Wilson Blvd.|Suite 2200|Arlington
6|Digital Gaming Corporation USA|1201 Wilson Blvd.|Suite 25-101|Arlington
6|Nuvitek LLC|1201 Wilson Blvd.|Suite 27-105|Arlington
6|CoStar Realty Information Inc|1201 Wilson Blvd.||Arlington
6|Washington Harbour Partners LP|1201 Wilson Boulevard|22nd Floor|Arlington
6|Energix US LLC|1201 Wilson Boulevard|Suite 2200|Arlington
6|Washington Harbour Partners LP|1201 Wilson Boulevard|Suite 2210|Arlington
6|CoStar Realty Information Inc|1201 Wilson Boulevard||Arlington
6|CoStar Realty LLC|1201 Wilson Boulevard||Arlington
6|COSTAR REALTY INFORMATION INC|1201 Wilson Boulevard||Arlington
6|Level Access Inc|1310 N Courthouse Road|860 Suite|Arlington
6|Stand Together Foundation|1310 N Courthouse Road|STE 700|Arlington
6|Lovelytics Data LLC|1310 N Courthouse Road|Suite 820|Arlington
6|Lovelytics LLC|1310 N Courthouse Road|Suite 820|Arlington
6|Level Access Inc|1310 N Courthouse Road|Suite 860|Arlington
6|Level Access|1310 N Courthouse Road|Suite 860|Arlington
6|Anderson Cooper Group PC|1420 Spring Hill Road|Ste 250|McLean
6|Titania Solutions Group Inc|1420 Spring Hill Road|Ste 315|McLean
6|Spry Methods Inc|1420 Spring Hill Road|Suite 300|McLean
6|Titania Solutions Group Inc|1420 Spring Hill Road|Suite 315|McLean
6|Sphere of Influence Inc|1420 Spring Hill Road|Suite 525|McLean
6|Berkeley Point Capital LLC|1420 Spring Hill Road|Suite 600|McLean
6|Acentra Health LLC|1600 Tysons Blvd|Suite 1000|McLean
6|CrossCountry Consulting LLC|1600 Tysons Blvd|Suite 1100|McLean
6|MAXIMUS INC|1600 Tysons Blvd|Suite 1400|McLean
6|MAXIMUS Inc|1600 Tysons Blvd|Suite 1400|McLean
6|EventBk Inc|1600 Tysons Blvd|Suite 400|McLean
6|INADEV Corporation|1600 Tysons Blvd|Suite 600|McLean
6|ANIKA SYSTEMS INC|161 FORT EVANS ROAD NE|STE 250|LEESBURG
6|RED CEDAR CONSULTANCY LLC|161 FORT EVANS ROAD NE|SUITE 200|LEESBURG
6|SOFTRAMS LLC|161 FORT EVANS ROAD NE|SUITE 205 & SUITE 215|LEESBURG
6|KOLLABIO INC|161 FORT EVANS ROAD NE|SUITE 210|LEESBURG
6|THARU TECHNOLOGIES LLC|161 FORT EVANS ROAD NE|SUITE 210|LEESBURG
6|ANIKA SYSTEMS INC|161 FORT EVANS ROAD NE|SUITE 250|LEESBURG
6|SOFTWARE CONSULTANTS INC|1920 Association Dr|STE 302|Reston
6|Nectar Info Tek LLC|1920 Association Dr|Suite 303|Reston
6|Apptad Inc|1920 Association Dr|Suite 500|Reston
6|Cloud BC Labs Inc|1920 Association Dr|Suite 501|Reston
6|Bigdata Dimension Inc|1920 Association Dr|Suite 503|Reston
6|Snowrelic Inc|1920 Association Dr|Suite 505|Reston
6|Key IP Law Group, PLLC|1934 Old Gallows Road|Suite 350|Vienna
6|Deep Mile Networks LLC|1934 Old Gallows Road|Suite 350|Vienna
6|FIDUCIARY INVESTMENT & RISK MANAGEMENT ADVISORS LLC|1934 Old Gallows Road|Suite 350|Tysons Corner
6|SmartVet Holdings Inc|1934 Old Gallows Road|Suite 350|Vienna
6|RIPPLE LLC|1934 Old Gallows Road|Suite 350|Vienna
6|ASRS INC|1934 Old Gallows Road|Suite 350 Room 307|Vienna
6|Mary Washington Medical Group Hospitalist Services LLC|2300 Fall Hill Avenue|Suite 207|Fredericksburg
6|Mary Washington Healthcare Physicians|2300 Fall Hill Avenue|Suite 207|Fredericksburg
6|Mary Washington Medical Group Hospitalist Services LLC|2300 Fall Hill Avenue|Suite 509|Fredericksburg
6|Internal Medicine Physician|2300 Fall Hill Avenue||Fredericksburg
6|Mary Washington Healthcare|2300 Fall Hill Avenue||Fredericksburg
6|Mary Washington Healthcare Physicians|2300 Fall Hill Avenue||Fredericksburg
6|AIRBUS AMERICAS INC|2550 Wasser Terrace|Ste 9100|Herndon
6|Airbus Americas Inc|2550 Wasser Terrace|Ste 9100|Herndon
6|Nacha|2550 Wasser Terrace|Suite 400|Herndon
6|SATAIR USA INC|2550 Wasser Terrace|Suite 9100|Herndon
6|Airbus Americas Inc|2550 Wasser Terrace|Suite 9100|Herndon
6|Airbus Americas Inc|2550 Wasser Terrace||Herndon
6|Smart Development Institute Inc|3110 Fairview Park Drive|Suite 102|Falls Church
6|Smart Development Institute Inc|3110 Fairview Park Drive|Suite 120|Falls Church
6|Enterprise Solutions Inc|3110 Fairview Park Drive|Suite 120|Falls Church
6|PINKSTON GROUP INC|3110 Fairview Park Drive|Suite 1400|Falls Church,
6|Cognosante LLC|3110 Fairview Park Drive|Suite 800|Falls Church
6|Washington Soccer Properties LLC|3110 Fairview Park Drive|Suite 800|Falls Church
6|Excedon Inc|4080 Lafayette Center Dr|STE 120|Chantilly
6|Acentle Inc|4080 Lafayette Center Dr|STE 120|Chantilly
6|KosmixIT LLC|4080 Lafayette Center Dr|STE 300|Chantilly
6|V.L.S Systems Inc|4080 Lafayette Center Dr|Suite 300|Chantilly
6|SNAP Inc|4080 Lafayette Center Dr|Suite 340|Chantilly
6|Excedon Inc|4080 Lafayette Center Dr||Chantilly
6|SN2IT INC|4100 Lafayette Center Dr|STE 115C|Chantilly
6|VACHI INFO TECH INC|4100 Lafayette Center Dr|STE 204|Chantilly
6|I-Link Solutions Inc|4100 Lafayette Center Dr|Suite 112|Chantilly
6|i-Link Solutions Inc|4100 Lafayette Center Dr|Suite 112|Chantilly
6|Arktek IT Solutions LLC|4100 Lafayette Center Dr|Suite 115A|Chantilly
6|Neural Strategic Solutions Inc|4100 Lafayette Center Dr|Suite 306|Chantilly
6|Old Dominion University Research Foundation|4111 Monarch Way|204|Norfolk
6|Old Dominion University Research Foundation|4111 Monarch Way|Suite 204|Norfolk
6|Old Dominion University Research Foundation|4111 Monarch Way|Suite 204|Norfold
6|OLD DOMINION UNIVERSITY RESEARCH FOUNDATION|4111 Monarch Way||NORFOLK
6|ODU Research Foundation|4111 Monarch Way||Norfolk
6|Old Dominion University Research Foundation|4111 Monarch Way||Norfolk
6|VIGNET INC|4114 Legato Road|Ninth Floor|Fairfax
6|Vignet Inc|4114 Legato Road|Ninth Floor|Fairfax
6|Gorove/Slade Associates Inc|4114 Legato Road|Ste 650|Fairfax
6|AFCEA International|4114 Legato Road|Suite 1000|Fairfax
6|Gorove/Slade Associates Inc|4114 Legato Road|Suite 650|Fairfax
6|1Rivet International Inc|4114 Legato Road|Suite 850|Fairfax
6|375011359860|44095 Pipeline Plaza|Suite 200|Ashburn
6|Vied Technologies Inc|44095 Pipeline Plaza|Suite 200|Ashburn
6|Excyl Inc|44095 Pipeline Plaza|Suite 200|Ashburn
6|VIED TECHNOLOGIES INC|44095 Pipeline Plaza|Suite 200|Ashburn
6|Vied Technologies Inc|44095 Pipeline Plaza|Unit 200|Ashburn
6|VIED TECHNOLOGIES INC|44095 Pipeline Plaza|Unit 200|Ashburn
6|Envirta Technologies LLC|44330 MERCURE CIR|STE 100T|Dulles
6|Virtuous Tech Inc|44330 MERCURE CIR|STE 239|STERLING
6|Elite IT Solutions Inc|44330 MERCURE CIR|STE 256|Sterling
6|ENVIRTA TECHNOLOGIES LLC|44330 MERCURE CIR|SUITE 100T|STERLING
6|ENVIRTA TECHNOLOGIES LLC|44330 MERCURE CIR|SUITE 131|STERLING
6|BIZARCH SOLUTIONS INC|44330 MERCURE CIR|SUITE 262|STERLING
6|ANIRA SOLUTIONS INC|44345 PREMIER PLAZA|SUITE 100|ASHBURN
6|CAPITAL IT SOLUTIONS INC|44345 PREMIER PLAZA|SUITE 100|ASHBURN
6|PIONEER CORPORATE SERVICES INC|44345 PREMIER PLAZA|SUITE 120|ASHBURN
6|DPR SOLUTIONS INC|44345 PREMIER PLAZA|SUITE 130|ASHBURN
6|DPR Solutions Inc|44345 PREMIER PLAZA|SUITE 130|ASHBURN
6|NEXTGEN IT SOLUTIONS INC|44345 PREMIER PLAZA|SUITE 130|ASHBURN
6|VISTA APPLIED SOLUTIONS GROUP INC|459 HERNDON PARKWAY|16|HERNDON
6|CODE CONNECT INC|459 HERNDON PARKWAY|SUITE 16|HERNDON
6|VISTA APPLIED SOLUTIONS GROUP INC|459 HERNDON PARKWAY|SUITE 16|HERNDON
6|SANN IT SOLUTIONS INC|459 HERNDON PARKWAY|SUITE 18|HERNDON
6|VASS Inc|459 HERNDON PARKWAY|Suite 18|Herndon
6|Sarga Solutions Inc|459 HERNDON PARKWAY|Suite 18|Herndon
6|iZeal Inc|46090 Lake Center Plaza|Suite 100|Sterling
6|Varnar Inc|46090 Lake Center Plaza|Suite 108|Sterling
6|GreenBrilliance LLC|46090 Lake Center Plaza|Suite 109|Sterling
6|Walnut Consulting Group LLC|46090 Lake Center Plaza|Suite 208|Sterling
6|Linton Engineering LLC|46090 Lake Center Plaza|Suite 309|Potomac Falls
6|Lakarya LLC|46090 Lake Center Plaza|Unit 310|Sterling
6|SV INFO TECH INC|462 Herndon Pkwy|STE 206|Herndon
6|Atlas Wireless and Telecommunications Inc|462 Herndon Pkwy|Suite 105|Herndon
6|ISolve Technology Inc|462 Herndon Pkwy|Suite 205|Herndon
6|InCom Technologies Inc|462 Herndon Pkwy|Suite 205|Herndon
6|Isolve Technology Inc|462 Herndon Pkwy|Suite 205|Herndon
6|Business Intelligence Solutions Inc|462 Herndon Pkwy|Unit 107|Herndon
6|Avertra Corp|580 Herndon Parkway|Ste 300|Herndon
6|Avertra, Corp.|580 Herndon Parkway|Suite 300|Herndon
6|Aurality Inc|580 Herndon Parkway|Suite 350|Herndon
6|Skience LLC|580 Herndon Parkway|Suite 400|Herndon
6|Skience LLC|580 Herndon Parkway|Suite 500|Herndon
6|Skience|580 Herndon Parkway|Suite 500|Herndon
6|Terazo Inc|6802 Paragon Place|Suite 110|Richmond
6|The Hilb Group of Maryland|6802 Paragon Place|Suite 200|Richmond
6|ITNovasys Inc|6802 Paragon Place|Suite 410|Henrico
6|Compare.com Insurance Agency LLC|6802 Paragon Place|Suite 410|Richmond
6|Cotiviti Inc|6802 Paragon Place|Suite 500|Richmond
6|Terazo Inc|6802 Paragon Place|Suite 625|Richmond
6|Maxary LLC|722 E Market St|St 102|Leesburg
6|Maxary LLC|722 E Market St|Ste 102|Leesburg
6|StrategyPundits Inc|722 E Market St|Ste 102-A16|Leesburg
6|Maxary LLC|722 E Market St|Suite 102|Leesburg
6|Alapient Inc|722 E Market St|Suite 102|Leesburg
6|Sigma Bright Solutions Inc|722 E Market St|Suite 102|Leesburg
6|GTT Americas LLC|7900 Tysons One Place|Suite 1450|McLean
6|MorganFranklin LLC|7900 Tysons One Place|Suite 300|McLean
6|MultiPlan Inc|7900 Tysons One Place|Suite 400|McLean
6|Intelsat US LLC|7900 Tysons One Place||McClean
6|Intelsat US LLC|7900 Tysons One Place||McLean
6|Multiplan Inc (d/b/a Claritev)|7900 Tysons One Place||McLean
6|Portsmouth City Public Schools|801 Crawford Street|Floor 3|Portsmouth
6|HALIFAX COUNTY PUBLIC SCHOOLS|801 Crawford Street|Floor 3|Portsmouth
6|Portsmouth City Public Schools|801 Crawford Street|Floor 3|Portsmouth, VA
6|Portsmouth City Public Schools|801 Crawford Street|Floor 3|801 Crawford Street
6|Portsmouth Public Schools|801 Crawford Street|Third Floor|Portsmouth
6|Portsmouth City Public Schools|801 Crawford Street||Portsmouth
6|Dexian LLC|8270 Greensboro Drive|Suite 1000|McLean
6|Signature Commercial Solutions LLC|8270 Greensboro Drive|Suite 1000|McLean
6|Digital Intelligence Systems LLC|8270 Greensboro Drive|Suite 1000|McLean
6|Digital Intelligence Systems LLC (DISYS)|8270 Greensboro Drive|Suite 1000|McLean
6|Signature Commercial Solutions LLC dba Dexian Signature Consultants|8270 Greensboro Drive|Suite 1000|McLean
6|Digital Intelligence Systems LLC|8270 Greensboro Drive||McLean
6|BY LIGHT PROFESSIONAL IT SERVICES LLC|8484 Westpark Drive|SUITE 600|McLean
6|Capital Automotive Real Estate Services Inc|8484 Westpark Drive|Suite 200|McLean
6|Aireon LLC|8484 Westpark Drive|Suite 300|McLean
6|National Automobile Dealers Association|8484 Westpark Drive|Suite 500|Tysons
6|Madison Energy Holdings LLC|8484 Westpark Drive|Suite 720|McLean
6|BY LIGHT PROFESSIONAL IT SERVICES LLC|8484 Westpark Drive||McLean
6|Urgent.ly|8609 WESTWOOD CENTER DR.|810 Suite|VIENNA
6|Urgent.ly Inc|8609 WESTWOOD CENTER DR.|810 Suite|VIENNA
6|Urgently Inc|8609 WESTWOOD CENTER DR.|810 Suite|VIENNA
6|JANOVA SOLUTIONS INC|8609 WESTWOOD CENTER DR.|SUITE 110|VIENNA
6|Urgent.ly|8609 WESTWOOD CENTER DR.|Suite 810|VIENNA
6|Urgent.ly Inc|8609 WESTWOOD CENTER DR.|Suite 810|VIENNA
6|ICF Macro Inc|9300 Lee Highway||Fairfax
6|ICF Resources LLC|9300 Lee Highway||Fairfax
6|ESAC INC|9300 Lee Highway||Fairfax
6|ICF RESOURCES LLC|9300 Lee Highway||Fairfax
6|ICF Incorporated LLC|9300 Lee Highway||Fairfax
6|ICF Next Inc|9300 Lee Highway||Fairfax
5|Strategic Alpha Inc|1001 19th Street North|16th Floor|Arlington
5|Strategic Alpha Inc|1001 19th Street North|17th Floor|Arlington
5|Advantia Holdings of Maryland LLC|1001 19th Street North|Suite 1001|Arlington
5|Venture Global LNG Inc|1001 19th Street North|Suite 1500|Arlington
5|VENTURE GLOBAL LNG INC|1001 19th Street North|Suite 1500|Arlington
5|Blue Collar Objects LLC|11325 Random Hills Road|360|Fairfax
5|CGI Technologies and Solutions Inc|11325 Random Hills Road|Fairfax|Fairfax
5|CGI Technologies and Solutions Inc|11325 Random Hills Road|N/A|Fairfax
5|Sangha CPA, P.C.|11325 Random Hills Road|Suite 360|Fairfax
5|CGI Technologies and Solutions Inc|11325 Random Hills Road||Fairfax
5|OAKTON TECHNOLOGIES LLC|11350 RANDOM HILLS ROAD|STE 800|FAIRFAX
5|AIBC SOLUTIONS LLC|11350 RANDOM HILLS ROAD|STE 800|FAIRFAX
5|AIBC SOLUTIONS LLC|11350 RANDOM HILLS ROAD|SUITE 800|FAIRFAX
5|VIZENS CORP|11350 RANDOM HILLS ROAD|SUITE 800|FAIRFAX
5|VIZENS CORP.|11350 RANDOM HILLS ROAD|SUITE 800|FAIRFAX
5|Technology Solutions Provider Inc|11490 COMMERCE PARK DRIVE|SUITE 200|RESTON
5|TECHNOLOGY SOLUTIONS PROVIDER INC|11490 COMMERCE PARK DRIVE|SUITE 200|RESTON
5|Law Offices of Rakesh Mehrotra|11490 COMMERCE PARK DRIVE|SUITE 300|RESTON
5|LAW OFFICES OF RAKESH MEHROTRA INC|11490 COMMERCE PARK DRIVE|SUITE 300|RESTON
5|LAW OFFICES OF RAKESH MEHROTRA|11490 COMMERCE PARK DRIVE|SUITE 300|RESTON
5|PMOrchestrator Inc|11710 Plaza America Dr.|STE 2000|Reston
5|GBTI SOLUTIONS INC|11710 Plaza America Dr.|Suite 2000|Reston
5|IOTAP Inc|11710 Plaza America Dr.|Suite 2000|Reston
5|PMOrchestrator Inc|11710 Plaza America Dr.|Suite 2000|Reston
5|Global Justice Solutions LLC|11710 Plaza America Dr.|Suite 2000|Reston
5|Software Catalysts LLC|11921 FREEDOM DRIVE|SUITE 543|RESTON
5|Software Catalysts LLC|11921 FREEDOM DRIVE|SUITE 550|RESTON
5|SOARSWELL SOLUTIONS LLC|11921 FREEDOM DRIVE|SUITE 550|RESTON
5|HARPRO TECH INC|11921 FREEDOM DRIVE|SUITE 570|RESTON
5|Software Catalysts LLC|11921 FREEDOM DRIVE|Suite 543|Reston
5|Martha Jefferson Medical Group LLC|1300 Sentara Park|3rd Floor|Virginia Beach
5|Sentara Medical Group|1300 Sentara Park|3rd Floor|Virginia Beach
5|Albemarle Physician Services - Sentara Inc|1300 Sentara Park|3rd Floor|Virginia Beach
5|Sentara Medical Group|1300 Sentara Park||Virginia Beach
5|Albemarle Physician Services - Sentara Inc|1300 Sentara Park||Virginia Beach
5|Navitas Business Consulting Inc|13241 Woodland Park Road|Suite 200|Herndon
5|J2 Engineers Inc|13241 Woodland Park Road|Suite 250|Herndon
5|B3 Group Inc|13241 Woodland Park Road|Suite 500|Herndon
5|Eagleforce Associates INC|13241 Woodland Park Road|Suite 600|Herndon
5|EAGLEFORCE ASSOCIATES INC|13241 Woodland Park Road|Suite 600|Herndon
5|American Institutes for Research|1400 Crystal Drive|Floor 10|Arlington
5|American Institutes for Research|1400 Crystal Drive|Flr. 10|Arlington
5|DrFirst.com Inc|1400 Crystal Drive|Suite 230|Arlington
5|The Aluminum Association Inc|1400 Crystal Drive|Suite 430|Arlington
5|American Institutes for Research|1400 Crystal Drive||Arlington
5|OMSAI COM LLC|14801 MUROADOCK ST|SUITE 155|CHATILLY
5|Omsai Com LLC|14801 MUROADOCK ST|SUITE 155|CHANTILLY
5|OMSAI COM LLC|14801 MUROADOCK ST|SUITE 155|CHANTILLY
5|Omsai Com LLC|14801 MUROADOCK ST|SUITE NO 155|CHANTILLY
5|Omsai Com LLC|14801 MUROADOCK ST||CHANTILLY
5|Globalgate IT Solutions LLC|14801 Murdock Street|155|Chantilly
5|Precise Inc|14801 Murdock Street|Suite 120-G|Chantilly
5|Venesco LLC|14801 Murdock Street|Suite 125|Chantilly
5|Globalgate IT Solutions LLC|14801 Murdock Street|Suite 155|Chantilly
5|Capital Infotech Inc|14801 Murdock Street|Suite 160|Chantilly
5|Dean & Company Strategy Consultants LLC|1600 Tysons Boulevard|5th Floor|McLean
5|Acentra Health LLC|1600 Tysons Boulevard|Suite 100|Mclean
5|Acentra Health LLC|1600 Tysons Boulevard|Suite 1000|McLean
5|Keystone Peer Review Organization LLC|1600 Tysons Boulevard|Suite 1000|McLean
5|Acentra Health LLC|1600 Tysons Boulevard|Suite 1000|Mclean
5|InfoCepts LLC|1750 Tysons Blvd.|Suite 1500|McLean
5|United Bus Technology Inc|1750 Tysons Blvd.|Suite 1500|McLean
5|Social Annex Inc|1750 Tysons Blvd.|Suite 1500|Mclean
5|Social Annex Inc|1750 Tysons Blvd.|Suite 1500|McLean
5|Artemis Consulting Inc|1750 Tysons Blvd.|Suite 1500|McLean
5|CVENT INC|1765 GREENSBORO STATION PL|7TH FLOOR|McLean
5|CVENT Inc|1765 GREENSBORO STATION PL|FLOOR 7|McLEAN
5|CVENT INC|1765 GREENSBORO STATION PL|Floor 7|MCLEAN
5|Equmas LLC|1765 GREENSBORO STATION PL|STE 900|MCLEAN
5|DALTICS INC|1765 GREENSBORO STATION PL|SUITE 900|MCLEAN
5|Rocade LLC|1812 N Moore St|Suite 1701|Arlington
5|NestlÃ© USA Inc|1812 N Moore St||Arlington
5|Nestlé USA Inc|1812 N Moore St||Arlington
5|Nestlé USA|1812 N Moore St||Arlington
5|Gerber Products Company|1812 N Moore St||ARLINGTON
5|Evolent Specialty Services Inc|1812 N Moore Street|Suite 1705|Arlington
5|Evolent Health LLC|1812 N Moore Street|Suite 1705|ARLINGTON
5|Gerber Products Company|1812 N Moore Street||Arlington
5|Nestle USA Inc|1812 N Moore Street||Arlington
5|NESTLE USA INC|1812 N Moore Street||Arlington
5|Strategy Inc|1850 Towers Crescent Plaza|N/A|Tysons Corner
5|MicroStrategy Inc|1850 Towers Crescent Plaza|N/A|Tysons Corner
5|Whitestone Law, PLLC|1850 Towers Crescent Plaza|Suite 550|Tysons
5|MicroStrategy Inc|1850 Towers Crescent Plaza||Tysons Corner
5|MicroStrategy Services Corporation|1850 Towers Crescent Plaza||Tysons Corner
5|VCL Law LLP|1945 Old Gallows Road|STE 260|Vienna
5|Astute Engineering, PLLC|1945 Old Gallows Road|Suite 201|Vienna
5|VCL Law LLP|1945 Old Gallows Road|Suite 260|Vienna
5|Mobile Frontiers|1945 Old Gallows Road|Suite 350|Vienna
5|Databuoy Corporation|1945 Old Gallows Road|Suite 730|Vienna
5|Antra Inc|21000 Atlantic Blvd|Suite 300|Sterling
5|Tech Wish LLC|21000 Atlantic Blvd|Suite 310|Sterling
5|Alpha Construction & Engineering Corporation|21000 Atlantic Blvd|Suite 400|Dulles
5|Cynet Systems Inc|21000 Atlantic Blvd|Suite 700|Sterling
5|Tech Wish LLC|21000 Atlantic Blvd|Suite 750|Sterling
5|Digit IT Solutions Inc|22375 Broderick Dr|STE 165-A101|Sterling
5|COM4 Global Inc|22375 Broderick Dr|Ste 235|Sterling
5|COM4 GLOBAL Inc|22375 Broderick Dr|Ste 235|Sterling
5|ITSTAC LLC|22375 Broderick Dr|Suite 130|Sterling
5|COM4 Global Inc|22375 Broderick Dr|Suite 235|Sterling
5|Swartek Corporation|22960 Shaw Road|601B|Sterling
5|Sapot Systems Inc|22960 Shaw Road|SUITE 600|Sterling
5|Veteran Corp|22960 Shaw Road|Suite - 605|sterling
5|Veteran Corp|22960 Shaw Road|Suite 603|sterling
5|Veteran Corp|22960 Shaw Road|Suite 605|sterling
5|Infomatics Corp|23465 Rock Haven Way|100|Dulles
5|Infomatics Corp.|23465 Rock Haven Way|Suite 100|STERLING
5|INFOMATICS CORP|23465 Rock Haven Way|Suite 100|Dulles
5|Infomatics Corp|23465 Rock Haven Way|Suite 100|Dulles
5|Cascades Data Solutions Inc|23465 Rock Haven Way|Suite 200|Dulles
5|Global Wireless Solutionbs Inc|23475 Rock Haven Way|Suite 165|Dulles
5|Global Wireless Solutions Inc|23475 Rock Haven Way|Suite 165|Dulles
5|MicroNet IT Solutions Inc|23475 Rock Haven Way|Suite 205|Sterling
5|CES Consulting LLC|23475 Rock Haven Way|Suite 255|Dulles
5|1st Americare LLC|23475 Rock Haven Way|Unit 205|Sterling
5|Kaztronix LLC|3033 Wilson Blvd.|Suite 220|Arlington
5|Brazen Technologies Inc|3033 Wilson Blvd.|Suite 470|Arlington
5|Kaztronix LLC|3033 Wilson Blvd.|Suite 700|Arlington
5|SIRTech LLC|3033 Wilson Blvd.|Suite 700|Arlington
5|Rize Money Inc|3033 Wilson Blvd.|Suite E - 112|Arlington
5|Innovatis Technologies Inc|3975 Fair Ridge Drive|Suite 242S|Fairfax
5|lnnovatis Technologies Inc|3975 Fair Ridge Drive|Suite 242S|Fairfax
5|Xcelerator Group LLC|3975 Fair Ridge Drive|Suite 250N-F|Fairfax
5|Frontier Management LLC|3975 Fair Ridge Drive|Suite N430|Fairfax
5|Frontier Management LLC|3975 Fair Ridge Drive|Suite T15|Fairfax
5|Britto Orthodontics|4080 Lafayette Center Drive|Suite 160-A|Chantilly
5|V.L.S. Systems Inc|4080 Lafayette Center Drive|Suite 300|Chantilly
5|V.L.S Systems Inc|4080 Lafayette Center Drive|Suite 300|Chantilly
5|Snap Inc|4080 Lafayette Center Drive|Suite 340|Chantilly
5|Snap Inc|4080 Lafayette Center Drive||Chantilly
5|Stand Together Foundation|4201 Wilson Blvd|Ste 0800|Arlington
5|InPursuitOf LLC DBA Stand Together Communications|4201 Wilson Blvd|Suite 0900|Arlington
5|RIT Solutions Inc|4201 Wilson Blvd|Suite 300|Arlington
5|Stand Together Chamber of Commerce Inc|4201 Wilson Blvd||Arlington
5|Stand Together Foundation|4201 Wilson Blvd||Arlington
5|AES Alamitos LLC|4300 Wilson Boulevard||Arlington
5|AES U.S. Services LLC|4300 Wilson Boulevard||Arlington
5|The AES Corporation|4300 Wilson Boulevard||Arlington
5|AES Services Inc|4300 Wilson Boulevard||Arlington
5|AES Clean Energy Services LLC|4300 Wilson Boulevard||Arlington
5|JZ Structural Consulting Inc|43130 Amberwood Plaza|Ste 235|Chantilly
5|Teleworld Solutions Inc|43130 Amberwood Plaza|Suite 210|South Riding
5|Interscripts Inc|43130 Amberwood Plaza|Suite 215|Chantilly
5|Interscripts Inc|43130 Amberwood Plaza|Suite 215|South Riding
5|JZ Structural Consulting Inc|43130 Amberwood Plaza|Suite 235|Chantilly
5|PVK Corporation|44081 Pipeline Plaza|STE 105/5|Ashburn
5|PVK Corporation|44081 Pipeline Plaza|Suite 105|Ashburn
5|PVK Corporation|44081 Pipeline Plaza|Suite 105/5|Ashburn
5|PVK Corporation|44081 Pipeline Plaza|Suite 105/5|ASHBURN
5|B2BEnable Inc|44081 Pipeline Plaza|Suite 315|Ashburn
5|Global Data Solutions Inc|44790 Maynard Sq|STE 300|Ashburn
5|Global Data Solutions Inc|44790 Maynard Sq|Ste 300|Ashburn
5|Techwizens LLC|44790 Maynard Sq|Suite 150|Ashburn
5|ITIYAM LLC|44790 Maynard Sq|Suite 230|Ashburn
5|Meritore Technologies LLC|44790 Maynard Sq|Suite 350|Ashburn
5|FanbulouZ LLC|4601 North Fairfax Drive|Suite 1200|Arlington
5|Fluence Energy LLC|4601 North Fairfax Drive|Suite 600|Arlingotn
5|Fluence Energy LLC|4601 North Fairfax Drive|Suite 600|Arlington
5|Fluence Energy LLC|4601 North Fairfax Drive|Suite 600|ARLINGTON
5|Fluence Energy Global Production Operation LLC|4601 North Fairfax Drive|Suite 600|Arlington
5|NUMERO DATA LLC|620 Herndon Parkway|Suite 110A|Herndon
5|NUMERO DATA LLC|620 Herndon Parkway|Suite 200A|Herndon
5|Cognowiz LLC|620 Herndon Parkway|Suite 200B|Herndon
5|Mascot Books INC|620 Herndon Parkway|Suite 320|Herndon
5|Tekizma Inc|620 Herndon Parkway|Suite 350|Herndon
5|FJ Capital Management LLC|7901 Jones Branch Drive|Suite 210|McLean
5|ProctorU Inc|7901 Jones Branch Drive|Suite 330|Mclean
5|Kajeet Inc|7901 Jones Branch Drive|Suite 350|McLean
5|Guidehouse Digital LLC|7901 Jones Branch Drive|Suite 600|McLean
5|Dovel Technologies LLC|7901 Jones Branch Drive|Suite 600|McLean
5|Aumvis Pharmatec LLC|8000 Towers Crescent Drive|13th Floor|Vienna
5|Steadfast Technologies Inc|8000 Towers Crescent Drive|Suite 1350|Vienna
5|Scoler Tec Inc|8000 Towers Crescent Drive|Suite 1350|Vienna
5|Quantrix Systems Inc|8000 Towers Crescent Drive|Suite 1350|Vienna.
5|Aumvis Pharmatec LLC|8000 Towers Crescent Drive|Suite 1355D|Vienna
5|Solv LLC|8201 Greensboro Drive|Ste 700|McLean
5|Medler Ferro Woodhouse & Mills PLLC|8201 Greensboro Drive|Suite 1060|McLean
5|BAE Systems Technology Solutions & Services Inc|8201 Greensboro Drive|Suite 1200|McLean
5|KLDiscovery ONTRACK LLC|8201 Greensboro Drive|Suite 300|McLean
5|Solv LLC|8201 Greensboro Drive|Suite 700|McLean
5|WIT Inc|8245 Boone Blvd|Suite 250|Vienna
5|WIT Inc|8245 Boone Blvd|Suite 250|vienna
5|WIT INC|8245 Boone Blvd|Suite 250|Vienna
5|Horizon Industries Limited|8245 Boone Blvd|Suite 300|Vienna
5|WIT Inc|8245 Boone Blvd|Suite 715|Vienna
5|OmniTek Consulting Inc|8260 Greensboro Drive|120|McLean
5|Utilli LLC|8260 Greensboro Drive|Suite 270|McLean
5|LSG Landscape Architecture Inc|8260 Greensboro Drive|Suite 325|Tysons
5|LSG Landscape Architecture Inc|8260 Greensboro Drive|Suite 325|McLean
5|Impexium Corporation|8260 Greensboro Drive||McLean
5|MYEYEDR. OPTOMETRY OF CONNECTICUT LLC|8614 WESTWOOD CENTER DRIVE|FLOOR 9|VIENNA
5|CAPITAL VISION SERVICES LLC|8614 WESTWOOD CENTER DRIVE|FLOOR 9|VIENNA
5|MED SOUTHWEST PLLC|8614 WESTWOOD CENTER DRIVE|SUITE 900|VIENNA
5|MYEYEDR. OPTOMETRY OF NORTH CAROLINA PLLC|8614 WESTWOOD CENTER DRIVE|SUITE 900|VIENNA
5|CAPITAL VISION SERVICES LLC|8614 WESTWOOD CENTER DRIVE|SUITE 900|VIENNA
4|Bublup Inc|1000 Wilson Blvd.|Suite 1800|Arlington
4|Sands Capital Management LLC|1000 Wilson Blvd.|Suite 3000|Arlington
4|RTX Corporation|1000 Wilson Blvd.||Arlington
4|Raytheon Technologies Corporation|1000 Wilson Blvd.||Arlington
4|Skill Logic Inc|10304 Eaton Place|100-108|Fairfax
4|J-CUBE LLC|10304 Eaton Place|Suite 100|Fairfax
4|RD International Services LLC|10304 Eaton Place|Suite 100|Fairfax
4|HM Protection Inc|10304 Eaton Place|Suite 100|Fairfax
4|Velocity Data Solutions LLC|10306 Eaton Pl|STE 300|Fairfax
4|United Help Ukraine Inc|10306 Eaton Pl|Ste 250|Fairfax
4|NewRay Development LLC|10306 Eaton Pl|Ste 300|Fairfax
4|Velocity Data Solutions LLC|10306 Eaton Pl||Fairfax
4|Crescent Hotels & Resorts|10306 Eaton Place|Suite 430|Fairfax
4|Crescent Hotels & Resorts LLC|10306 Eaton Place|Suite 430|Fairfax
4|CRESCENT HOTELS & RESORTS LLC|10306 Eaton Place|Suite 430|Fairfax
4|Chakrabarti Management Consultancy Inc|10306 Eaton Place|Suite 520|Fairfax
4|Cavnue LLC|1100 Wilson Blvd|11th Floor|Arlington
4|Trilogy Federal LLC|1100 Wilson Blvd|Suite 1100|Arlington
4|RBG Holding LLC|1100 Wilson Blvd|Suite 1210|Arlington
4|Qu POS Inc|1100 Wilson Blvd||Arlington
4|WISETEK PROVIDERS INC|11211 Waples Mill Road|Suite 220|Fairfax
4|Wisetek Providers Inc|11211 Waples Mill Road|Suite 220|Fairfax
4|WISETEK PROVIDERS INC|11211 Waples Mill Road|Suite 220|FAIRFAX
4|The Columbia Group Inc|11211 Waples Mill Road|Suite 310|Fairfax
4|IDEMIA AMERICA CORP.|11951 Freedom Dr.|Suite 1800|Reston
4|Software AG USA Inc|11951 Freedom Dr.|Suite 410|Reston
4|Software AG LLC|11951 Freedom Dr.|Suite 410|Reston
4|IDEMIA IDENTITY & SECURITY USA LLC|11951 Freedom Dr.||Reston
4|ScienceLogic Inc|11955 Democracy Drive|13th Floor|Reston
4|Internet Tool & Die Company|11955 Democracy Drive|16th Floor|Reston
4|Gate Gourmet Inc|11955 Democracy Drive|17th Floor|Reston
4|College Board|11955 Democracy Drive|N/A|Reston
4|Virtuous Tech Inc|12020 SUNRISE VALLEY DR|STE 100|RESTON
4|Virtuous Tech Inc|12020 SUNRISE VALLEY DR|STE 116|RESTON
4|PVR CONSULTING INC|12020 SUNRISE VALLEY DR|SUITE 100|RESTON
4|INTELLIGENT BUSINESS PLATFORMS LLC|12020 SUNRISE VALLEY DR|SUITE 101|RESTON
4|Perfect Sense Inc|12120 Sunset Hills Road|6th Floor|Reston
4|Sunset Learning Institute|12120 Sunset Hills Road|Suite 100|Reston
4|Apptium Technologies LLC|12120 Sunset Hills Road|Suite 250|Reston
4|Perfect Sense Inc|12120 Sunset Hills Road|Suite 600|Reston
4|Bowman Consulting Group Ltd.|12355 Sunrise Valley Dr.|Suite 520|Reston
4|1Rivet US Inc|12355 Sunrise Valley Dr.|Suite 610|Reston
4|1Rivet International Inc|12355 Sunrise Valley Dr.|Suite 610|Reston
4|1Rivet LLC|12355 Sunrise Valley Dr.|Suite 610|Reston
4|CarMax Auto Superstores Services Inc|12800 Tuckahoe Creek Parkway||Richmond
4|CarMax Enterprise Services LLC|12800 Tuckahoe Creek Parkway||Richmond
4|CarMax Enterprise Services LLC (CES)|12800 Tuckahoe Creek Parkway||Richmond
4|Carmax Enterprise Services LLC (CES)|12800 Tuckahoe Creek Parkway||Richmond
4|BBI Law Group, P.C.|12901 Worldgate Dr|STE 540|HERNDON
4|BBI Law Group P.C|12901 Worldgate Dr|STE 540|Herndon
4|UNISSANT INC|12901 Worldgate Dr|SUITE 600|HERNDON
4|BBI Law Group P.C.|12901 Worldgate Dr|Suite 540|Herndon
4|RiskSpan Inc|1300 17th Street North|1250 Suite|Arlington
4|RISKSPAN Inc|1300 17th Street North|1250 Suite|Arlington
4|RiskSpan Inc|1300 17th Street North|Suite 1250|Arlington
4|RISKSPAN Inc|1300 17th Street North|Suite 1250|Arlington
4|Management Systems International Inc|1320 N. Courthouse Road|Ste 600|Arlington
4|Tetra Tech ES Inc|1320 N. Courthouse Road|Suite 600|Arlington
4|The Seminar Network Inc|1320 N. Courthouse Road||Arlington
4|Stand Together Chamber of Commerce Inc|1320 N. Courthouse Road||Arlington
4|TMEIC CORPORATION AMERICAS|1325 ELECTRIC ROAD|SUITE 200|ROANOKE
4|TMEIC INTERNATIONAL CORPORATION|1325 ELECTRIC ROAD|SUITE 200|ROANOKE
4|TMEIC INTERNATIONAL CORPORATION|1325 ELECTRIC ROAD|Ste 200|ROANOKE
4|TMEIC CORPORATION AMERICAS|1325 ELECTRIC ROAD|Ste 200|Roanoke
4|Sky Solutions LLC|13921 Park Center Road|Suite 100|Herndon
4|SEMANTICBITS LLC|13921 Park Center Road|Suite 420|Herndon
4|Zolon Tech Inc|13921 Park Center Road|Suite 500|Herndon
4|Zolon Tech Solutions Inc|13921 Park Center Road|Suite 500|Herndon
4|BITFLOW INNOVATIVE GROUP INC|14102 SULLYFIELD CIRCLE|SUITE 350 C|CHANTILLY
4|BITFLOW INNOVATIVE GROUP INC|14102 SULLYFIELD CIRCLE|SUITE 350C|CHANTILLY
4|Bitflow Innovative Group Inc|14102 SULLYFIELD CIRCLE|SUITE 350C|Chantilly
4|Bitflow Group|14102 SULLYFIELD CIRCLE|SUITE 350C|Chantilly
4|Texperts Inc|14520 Avion Parkway|Suite 340|Chantilly
4|TEXPERTS Inc|14520 Avion Parkway|Suite 340|Chantilly
4|TekInsta Inc|14520 Avion Parkway|Suite 350|Chantilly
4|Tekinsta Inc|14520 Avion Parkway|Suite 350|Chantilly
4|REHAU Automotive LLC|1501 Edwards Ferry Road NE||Leesburg
4|REHAU Incorporated|1501 Edwards Ferry Road NE||Leesburg
4|REHAU Construction LLC|1501 Edwards Ferry Road NE||Leesburg
4|REHAU Industries LLC|1501 Edwards Ferry Road NE||Leesburg
4|Management Systems International Inc|1515 N. Courthouse Road|Suite 1000|Arlington
4|Rize Money Inc|1515 N. Courthouse Road|Suite 210|Arlington
4|AMERICAN PRESIDENTIAL LINES LLC|1515 N. Courthouse Road|Suite 700|Arlington
4|Sapient Goverment Services Inc|1515 N. Courthouse Road||Arlington
4|Vinsum Soft Inc|1530 Wilson Blvd|Suite 650|Arlington
4|Blue Altair LLC|1530 Wilson Blvd|Suite 650|Arlington
4|At Work Systems LLC|1530 Wilson Blvd|Suite 650|Arlington
4|Changeis Inc|1530 Wilson Blvd|Suite 700|Arlington
4|PTV America Inc|1530 Wilson Blvd.|Suite 510|Arlington
4|Changeis Inc|1530 Wilson Blvd.|Suite 700|Arlington
4|PTV America Inc|1530 Wilson Blvd.|Suite 710|Arlington
4|Crown Consulting Inc|1530 Wilson Blvd.|Suite 900|Arlington
4|Midnight Sun Technologies LLC|1577 Spring Hill Road|Apt. 320|Vienna
4|Lantuun Dohio|1577 Spring Hill Road|Suite 210|Vienna
4|Midnight Sun Technologies LLC|1577 Spring Hill Road|Suite 320|Vienna
4|SRB Technologies Inc|1577 Spring Hill Road|Suite 530|Vienna
4|Thomas Acupuncture Inc|1593 Spring Hill Road|Ste 115|Vienna
4|MHM Services Inc|1593 Spring Hill Road|Ste 600|Vienna
4|Buckingham Mortgage LLC|1593 Spring Hill Road|Suite 100|Vienna
4|MHM Health Professionals LLC|1593 Spring Hill Road|Suite 600|Vienna
4|EventBk Inc|1600 Tysons Blvd.|400|McLean
4|INADEV Corporation|1600 Tysons Blvd.|6th Floor|McLean
4|iTalkBB Media Inc|1600 Tysons Blvd.|Ste 750|McLean
4|iTalk Global Communications Inc|1600 Tysons Blvd.|Ste 750|McLean
4|Trellix Public Sector LLC|1640 Boro Place|3rd Floor|McLean
4|OmniTek Consulting Inc|1640 Boro Place|4th Floor|McLean
4|Musarubra US LLC|1640 Boro Place|Suite 300|Tysons
4|Geriti Inc|1640 Boro Place|Suite 400|McLean
4|Leidos Inc|1750 Presidents Street|Virginia|Reston
4|Leidos Inc|1750 Presidents Street||Reston
4|Leidos. Inc|1750 Presidents Street||Reston
4|Leidos Engineering LLC|1750 Presidents Street||Reston
4|Weatherhaven Resources Inc|1750 Tysons Blvd|Suite 1500|McLean
4|InfoCepts LLC|1750 Tysons Blvd|Suite 1500|McLean
4|International Law Offices of Fallah PLLC|1750 Tysons Blvd|Suite 1500|McLean
4|InfoCepts LLC|1750 Tysons Blvd|Suite 1508|McLean
4|Bloomberg Industry Group|1801 South Bell Street||Arlington
4|Bloomberg Industry Group Inc|1801 South Bell Street||Arlington
4|The Bureau of National Affairs Inc|1801 South Bell Street||Arlington
4|The Bureau of National Affairs Inc d/b/a Bloomberg Industry Group|1801 South Bell Street||Arlington
4|Nestle Purina PetCare Global Resources Inc|1812 N MOORE STREET||ARLINGTON
4|Gerber Products Company|1812 N MOORE STREET||ARLINGTON
4|GERBER PRODUCTS COMPANY|1812 N MOORE STREET||ARLINGTON
4|NESTLE USA INC|1812 N MOORE STREET||ARLINGTON
4|MarketShare Partners LLC|1906 Reston Metro Plaza|Suite 500|Reston
4|Security Services LLC|1906 Reston Metro Plaza|Suite 500|Reston
4|Neustar Information Services|1906 Reston Metro Plaza|Suite 500|Reston
4|Neustar Inc|1906 Reston Metro Plaza|Suite 500|Reston
4|Specialist Care Endodontics|1964 Gallows Road|Suite 220|Vienna
4|RAS CPA LLC|1964 Gallows Road|Suite 320|Vienna
4|Khalsa Professional Services|1964 Gallows Road|Suite 345|Vienna
4|Trustworthy Mortgage Corp.|1964 Gallows Road|Suite 350|Vienna
4|Smithfield Support Services Corp.|200 Commerce Street||Smithfield
4|MURPHY-BROWN LLC|200 Commerce Street||Smithfield
4|Smithfield Fresh Meats Sales Corp.|200 Commerce Street||Smithfield
4|Smithfield Packaged Meats Sales Corp.|200 Commerce Street||Smithfield
4|ELITE EMANATE LLC|205 Van Buren Street|SUITE 120|HERNDON
4|Elite Emanate LLC|205 Van Buren Street|Suite 120|Herndon
4|GAP Solutions Inc|205 Van Buren Street|Suite 205|Herndon
4|Gap Solutions Inc|205 Van Buren Street|Suite 205|Herndon
4|AMITI CONSULTING INC|20745 WILLIAMSPORT PL|STE 350|ASHBURN
4|Somireddy Law Group PLLC|20745 WILLIAMSPORT PL|STE 390|ASHBURN
4|AMITI CONSULTING INC|20745 WILLIAMSPORT PL|SUITE 350|ASHBURN
4|ALTEK INC|20745 WILLIAMSPORT PL|SUITE 370|ASHBURN
4|Finpal Services Inc|20745 Williamsport Pl.|Suite 200|Ashburn
4|Ride Business Solutions LLC|20745 Williamsport Pl.|Suite 200|Ashburn
4|Ridge Business Solutions LLC|20745 Williamsport Pl.|Suite 200|Ashburn
4|Zillion Technologies Inc|20745 Williamsport Pl.|Suite 250|Ashburn
4|SSTech LLC|21135 Whitfield Pl|STE 206|Sterling
4|SSTech LLC|21135 Whitfield Pl|Suite 206|Sterling
4|Optimuss Inc|21135 Whitfield Pl|Suite 206|Sterling
4|Ingenious Heads LLC|21135 Whitfield Pl|Suite 207|Sterling
4|LanceSoft Inc|2121 Cooperative Way|SUITE 130|Herndon
4|LanceSoft Inc|2121 Cooperative Way|Suite 130|Herndon
4|LANCESOFT INC|2121 Cooperative Way|Suite 130|Herndon
4|Iron Bow Technologies LLC|2121 Cooperative Way|Suite 500|Herndon
4|Laansu Incorporated|21355 Ridgetop Circle|Ste 155|Sterling
4|Laansu Incorporated|21355 Ridgetop Circle|Suite 155|Sterling
4|Schnabel Foundation Company|21355 Ridgetop Circle|Suite 250|Sterling
4|Antra Inc|21355 Ridgetop Circle|Suite 300|Dulles
4|Xceltech Inc|2136 GALLOWS ROAD|SUITE F|DUNN LORING
4|XCELTECH INC|2136 GALLOWS ROAD|SUITE F|DUNN LORING
4|ITALLIANZ INC|2136 GALLOWS ROAD|SUITE G|DUNN LORING
4|BUSINESS INTELLIGENCE SYSTEMS INC|2136 GALLOWS ROAD|SUITE H|DUNN LORING
4|PYCUBE INC|21515 RIDGETOP CIRCLE|SUITE 140|STERLING
4|NIVID INFOTECH INC|21515 RIDGETOP CIRCLE|SUITE 330|STERLING
4|NIVID INFOTECH INC|21515 RIDGETOP CIRCLE|Suite 330|STERLING
4|NIVID INFOTECH INC|21515 RIDGETOP CIRCLE|Suite 390|STERLING
4|PYCUBE INC|21515 Ridgetop Cir|Suite 140|Sterling
4|Nivid Infotech Inc|21515 Ridgetop Cir|Suite 330|Sterling
4|NIVID Infotech Inc|21515 Ridgetop Cir|Suite 330|Sterling
4|NIVID Infotech Inc|21515 Ridgetop Cir|Suite 390|Sterling
4|Datasync Inc|22636 Davis Drive|Suite 150|Sterling
4|Datasync INC|22636 Davis Drive|Suite 150|Sterling
4|DataSync Inc|22636 Davis Drive|Suite 150|Sterling
4|DATASYNC INC|22636 Davis Drive|Suite 150|Sterling
4|Targeted Victory LLC|2311 Wilson Blvd|Fl 2|Arlington
4|Registry of Interpreters for the Deaf|2311 Wilson Blvd|Ste 300, Office 18|Arlington
4|Air-Conditioning, Heating, and Refrigeration Institute|2311 Wilson Blvd|Ste 400|Arlington
4|Energix EPC US LLC|2311 Wilson Blvd||Arlington
4|Hauptman Ham, LLP|2318 Mill Road|Suite 1400|Alexandria
4|American Society of Clinical Oncology|2318 Mill Road|Suite 800|Alexandria
4|American Society of Clinical Oncology Inc|2318 Mill Road|Suite 800|Alexandria
4|AMERICAN SOCIETY OF CLINICAL ONCOLOGY INC|2318 Mill Road|Suite 800|ALEXANDRIA
4|ActioNet Inc|2600 Park Tower Drive|Suite 1000|Vienna
4|ENSCO Rail Inc|2600 Park Tower Drive|Suite 400|McLean
4|ENSCO Rail Inc|2600 Park Tower Drive|Suite 400|Vienna
4|ENSCO Rail Inc|2600 Park Tower Drive|Suite 400|Mclean
4|John Snow Inc|2733 Crystal Drive|4th Floor|Arlington
4|JSI RESEARCH & TRAINING INSTITUTE|2733 Crystal Drive|4th Floor|Arlington
4|JSI RESEARCH &TRAINING INSTITUTE|2733 Crystal Drive|4th Floor|Arlington
4|JSI RESEARCH & TRAINING INSTITUTE|2733 Crystal Drive|Floor 4|Arlington
4|American Technology Services LLC|2751 Prosperity Avenue|6th Floor|Fairfax
4|GAMS Development Corporation|2751 Prosperity Avenue|Suite 210|Fairfax
4|ASCENDING LLC|2751 Prosperity Avenue|Suite 240|Fairfax
4|ASCENDING Inc|2751 Prosperity Avenue|Suite 240|Fairfax
4|HEO USA INC|3033 Wilson Blvd|Ste 700|Arlington
4|Sentrana Inc|3033 Wilson Blvd|Suite 700|Arlington
4|Fonteva LLC|3033 Wilson Blvd|Suite 700|Arlington
4|Fonteva LLC|3033 Wilson Blvd|Suite 700, Office 762|Arlington
4|Legacy Investing LLC|3100 Clarendon Blvd.|Suite 1050|Arlington
4|Axios Media Inc|3100 Clarendon Blvd.|Suite 1300|Arlington
4|AXIOS MEDIA INC|3100 Clarendon Blvd.|Suite 1300|Arlington
4|CENTER FOR CLIMATE AND ENERGY SOLUTIONS|3100 Clarendon Blvd.|Suite 800|Arlington
4|Axios Media Inc|3100 Clarendon Boulevard|Suite 1300|Arlington
4|SOFTRAMS LLC|3100 Clarendon Boulevard|Suite 1400|Arlington
4|Softrams LLC|3100 Clarendon Boulevard|Suite 1400|Arlington
4|Zoobean Inc|3100 Clarendon Boulevard|Suite 200|Arlington
4|Fraym Inc|3101 Wilson Blvd|Suite 210|Arlington
4|ClinicaHealth Inc|3101 Wilson Blvd|Suite 220|Arlington
4|Fraym Inc|3101 Wilson Blvd|Suite 300|Arlington
4|Fonteva LLC|3101 Wilson Blvd|Suite 500|Arlington
4|General Dynamics Information Technology Inc|3150 Fairview Park Drive|Suite 100|Falls Church
4|CSRA LLC|3150 Fairview Park Drive||Falls Church
4|General Dynamics Information Technology Inc|3150 Fairview Park Drive||Falls Church
4|CSRA State and Local Solutions LLC|3150 Fairview Park Drive||Falls Church
4|LOGICATECH INC|3751 Westerre Pkwy,   B||RICHMOND
4|LOGICATECT INC|3751 Westerre Pkwy,   B||RICHMOND
4|LOGICATECH INC|3751 Westerre Pkwy,   B||Richmond
4|LOGICATECT  INC|3751 Westerre Pkwy,   B||RICHMOND
4|RadishConsultants LLC|3900 Jermantown Road|Suite 420|Fairfax
4|Raks Group LLC|3900 Jermantown Road|Suite 420|Fairfax
4|Radish Consultants LLC|3900 Jermantown Road|Suite 420|Fairfax
4|RAKS Group LLC|3900 Jermantown Road|Suite 420|Fairfax
4|InnoWave Technologies LLC|3949 Pender Drive|Suite 260|Fairfax
4|DigitalSpec LLC|3949 Pender Drive|Suite 305|Fairfax
4|Horizons Healthcare Services LLC|3949 Pender Drive|Suite 320|Fairfax
4|Horizons Healthcare Services|3949 Pender Drive|Suite 320|Fairfax
4|ENTAGILE LLC|4000 LEGATO ROAD|SUITE 1100|FAIRFAX
4|BOSTON ASSOCIATE SOFTWARE SYSTEMS LIMITED COMPANY|4000 LEGATO ROAD|SUITE 1100|FAIRFAX
4|ENTAGILE LLC|4000 LEGATO ROAD|SUITE 1100|Fairfax
4|Entagile LLC|4000 LEGATO ROAD|Suite 1100|Fairfax
4|AKVARR INC|4031 UNIVERSITY DRIVE|SUITE 100|FAIRFAX
4|AKVARR INC|4031 UNIVERSITY DRIVE|SUITE 206|FAIRFAX
4|AKVARR INC|4031 UNIVERSITY DRIVE|Suite 100|FAIRFAX
4|AKVARR INC|4031 UNIVERSITY DRIVE|Suite 206|FAIRFAX
4|XEN INFOTECH LLC|4229 LAFAYETTE CENTER DR|SUITE 1300D|CHANTILLY
4|CANOPYONE SOLUTIONS INC|4229 LAFAYETTE CENTER DR|SUITE 1625|CHANTILLY
4|CANOPY ONE SOLUTIONS INC|4229 LAFAYETTE CENTER DR|SUITE 1625|CHANTILLY
4|TECHNICAL STRATEGIES INC|4229 LAFAYETTE CENTER DR|SUITE 1650|CHANTILLY
4|Technogen Inc|4229 Lafayette Center Dr.|Ste 1880|Chantilly
4|Canopy One Solutions Inc|4229 Lafayette Center Dr.|Suite 1625|Chantilly
4|NETVISION RESOURCES INC|4229 Lafayette Center Dr.|Suite 1750|Chantilly
4|Technogen Inc|4229 Lafayette Center Dr.|Suite 1880|Chantilly
4|West Creek Financial Inc (d/b/a Koalafi)|424 Hull Street|STE 600|Richmond
4|Richmond Regional Planning District Commission|424 Hull Street|Ste 300|Richmond
4|West Creek Financial Inc|424 Hull Street|Suite 600|Richmond
4|West Creek Financial Inc (d/b/a Koalafi)|424 Hull Street|Suite 600|Richmond
4|The Nature Conservancy|4245 North Fairfax Drive|N/A|Arlington
4|The Nature Conservancy|4245 North Fairfax Drive|Suite 100|Arlington
4|Ramboll US Consulting Inc|4245 North Fairfax Drive|Suite 700|Arlington
4|The Nature Conservancy|4245 North Fairfax Drive||Arlington
4|AES Services Inc|4300 Wilson Blvd||Arlington
4|AES Next Operations LLC|4300 Wilson Blvd||Arlington
4|AES US Services LLC|4300 Wilson Blvd||Arlington
4|AES Clean Energy Services LLC|4300 Wilson Blvd||Arlington
4|DRT Strategies Inc|4401 Fairfax Drive|Suite 800|Arlington
4|CBG Building Company LLC|4401 Fairfax Drive|Suite 800|Arlington
4|CBG Building Company LLC (CRC Companies)|4401 Fairfax Drive|Suite 800|Arlington
4|CBG Building Company LLC|4401 Fairfax Drive|Suite Suite 800|Arlington
4|netLogic Solutions Inc|44320 Premier Plaza|Ste 210|AShburn
4|netLogic Solutions Inc|44320 Premier Plaza|Ste 210|Ashburn
4|USM Business Sytems Inc|44320 Premier Plaza|Suite 210|Ashburn
4|USM Business Systems Inc|44320 Premier Plaza|Suite 210|Ashburn
4|VS SOFT L.L.C.|44330 Premier Plaza|STE 130|Ashburn
4|Cyber Group Technologies LLC|44330 Premier Plaza|Ste 100|Ashburn
4|Tekcel Consulting Inc|44330 Premier Plaza|Suite 100|Ashburn
4|International Cloud Business Inc|44330 Premier Plaza|Suite 100|Ashburn
4|MRA GLOBAL TECH LLC|44679 ENDICOTT DR|SUITE 300|ASHBURN
4|INTERDEFENSE INC|44679 ENDICOTT DR|SUITE 300|ASHBURN
4|Interdefense Inc|44679 ENDICOTT DR|SUITE 300|ASHBURN
4|INTERDEFENSE INC|44679 ENDICOTT DR|SUITE 300-517|ASHBURN
4|INTERDEFENSE INC|44679 ENDICOTT DRIVE|SUITE 300|ASHBURN
4|ARISE GLOBAL SERVICES INC|44679 ENDICOTT DRIVE|SUITE 300-2003|Ashburn
4|ARISE GLOBAL SERVICES INC|44679 ENDICOTT DRIVE|SUITE 300-2003|ASHBURN
4|TECHEVISION LLC|44679 ENDICOTT DRIVE|SUITE 300-2020|ASHBURN
4|SHREEKARA INFOTECH INC|44790 MAYNAROAD SQ|STE 190|ASHBURN
4|SHREEKARA INFOTECH INC|44790 MAYNAROAD SQ|SUITE 190|ASHBURN
4|DELVIOM LLC|44790 MAYNAROAD SQ|SUITE 280|ASHBURN
4|Meritore Technologies LLC|44790 MAYNAROAD SQ|Ste 350|ASHBURN
4|AM Technologies Inc|44873 Falcon Place|118|Sterling
4|NeST Technologies Corporation|44873 Falcon Place|118|Sterling
4|Nest Technologies Corporation|44873 Falcon Place|Suite 118|Sterling
4|NeST Technologies Corporation|44873 Falcon Place|Suite 118|Sterling
4|VenaPortae Inc|44927 George Washington Blvd|Suite 265|Ashburn
4|Smart Tech Consultancy LLC|44927 George Washington Blvd|Suite 265|Ashburn
4|Vena Portae Inc|44927 George Washington Blvd|Suite 265|Ashburn
4|Orbysol Inc|44927 George Washington Blvd|Suite 265 MSC 1173|Ashburn
4|RevereIT LLC|45640 WILLOW POND PLAZA|200|STERLING
4|RevereIT LLC|45640 WILLOW POND PLAZA|SUITE 200|STERLING
4|RevereIT LLC|45640 WILLOW POND PLAZA|Suite 200|STERLING
4|RevereIT LLC|45640 WILLOW POND PLAZA||STERLING
4|Vercara LLC|45980 Center Oak Plaza|N/A|Sterling
4|Security Services LLC|45980 Center Oak Plaza|N/A|Sterling
4|Vercara LLC|45980 Center Oak Plaza||Sterling
4|Security Services LLC|45980 Center Oak Plaza||Sterling
4|iZeal Inc|46090 LAKE CENTER PLAZA|Suite 100|Sterling
4|Varnar Inc|46090 LAKE CENTER PLAZA|Suite 108|STERLING
4|VARNAR INC|46090 LAKE CENTER PLAZA|UNIT 108|STERLING
4|HORIZON SYSTEMS INC|46090 LAKE CENTER PLAZA|UNIT 209|STERLING
4|Snag Holdings Inc|4851 Lake Brook Drive||Glen Allen
4|Snagajob.com|4851 Lake Brook Drive||Glen Allen
4|Capital Square Realty Advisors LLC|4851 Lake Brook Drive||Glen Allen
4|Snagajob.com Inc|4851 Lake Brook Drive||Glen Allen
4|YPR INFOTEK INC|4860 Cox Road|Suite 200|Glen Allen
4|p3 fusion inc.|4860 Cox Road|Suite 200|Glen Allen
4|YPR Infotek Inc|4860 Cox Road|Suite 200|Glen Allen
4|Levco Management LLC|4860 Cox Road|Suite 350|Glen Allen
4|Lumber Liquidators|4901 Bakers Mill Lane||Richmond
4|LL Flooring Holdings Inc|4901 Bakers Mill Lane||Richmond
4|LL Flooring|4901 Bakers Mill Lane||Richmond
4|LL Flooring Holdings Inc d/b/a Lumber Liquidators|4901 Bakers Mill Lane||Richmond
4|DIGITAL INTELLIGENT SYSTEMS CORPORATION|5225 Hickory Park Dr|Suite A|Glen Allen
4|LORVENK TECHNOLOGIES LLC|5225 Hickory Park Dr|Unit A|Glen Allen
4|Lorvenk Technologies LLC|5225 Hickory Park Dr|Unit A|Glen Allen
4|LORVENK TECHNOLOGIES LLC|5225 Hickory Park Dr|Unit A|GLEN ALLEN
4|American Woodmark Corporatioin|561 Shady Elm Road||Winchester
4|American Woodmark|561 Shady Elm Road||Winchester
4|American Woodmark Corporation|561 Shady Elm Road||Winchester
4|American Woodmark Corporation, successor employer to RSI Home Products Management Inc|561 Shady Elm Road||Winchester
4|Titan Florida LLC|5700 Lake Wright Drive|Suite 300|Norfolk
4|Roanoke Cement Company LLC|5700 Lake Wright Drive|Suite 300|Norfolk
4|Titan America LLC|5700 Lake Wright Drive|Suite 300|Norfolk
4|Titan Florida LLC|5700 Lake Wright Drive||Norfolk
4|Covenant Holdings Group LLC|6066 Leesburg Pike|9th Fl.|Falls Church
4|Covenant Holdings Group LLC|6066 Leesburg Pike|9th Floor|Falls Church
4|Semaisim Immigration Law Office|6066 Leesburg Pike|Ste 320|Falls Church
4|Semaisim Immigration Law Office, PLLC|6066 Leesburg Pike|Suite 320|Falls Church
4|China Telecom (Americas) Corporation|607 Herndon Parkway|Suite 201|HERNDON
4|China Telecom (Americas)Corporation|607 Herndon Parkway|Suite 201|Herndon
4|China Telecom (Americas) Corporation|607 Herndon Parkway|Suite 201|Herndon
4|VBrick Systems Inc|607 Herndon Parkway|Suite 300|Herndon
4|Peridot Solutions LLC|7927 Jones Branch Dr|Suite 2140|McLean
4|Peridot Solutions LLC|7927 Jones Branch Dr|Suite 2150|McLean
4|Enquizit Inc|7927 Jones Branch Dr|Suite 400|McLean
4|Enquizit Inc|7927 Jones Branch Dr|Suite 400|Mclean
4|Pentagon Federal Credit Union|7940 Jones Branch Drive|Mclean|Mclean
4|Pentagon Federal Credit Union|7940 Jones Branch Drive||Tysons
4|Pentagon Federal Credit Union|7940 Jones Branch Drive||Mclean
4|Pentagon Federal Credit Union|7940 Jones Branch Drive||McLean
4|James Madison University|800 South Main Street|100 E. Grace St, Madison Hall|Harrisonburg
4|James Madison University|800 South Main Street|MSC 5731|Harrisonburg
4|James Madison Univeristy|800 South Main Street||Harrisonburg
4|James Madison University|800 South Main Street||Harrisonburg
4|Whitestone Law PLLC|8000 Westpark Drive|STE 250|McLean
4|RIVA Solutions Inc|8000 Westpark Drive|Suite 400|McLean
4|RAB3 Tech LLC|8000 Westpark Drive|Suite 430|McLean
4|Orbis America Inc|8000 Westpark Drive|Suite 620|McLean
4|DEMENTION X INC|8200 GREENSBORO DRIVE|SUITE 900|MCLEAN
4|GCB SERVICES LLC|8200 GREENSBORO DRIVE|SUITE 900|MCLEAN
4|DATAWIZ CORPORATION|8200 GREENSBORO DRIVE|SUITE 900|MCLEAN
4|SUPREMESOFT CORPORATION|8200 GREENSBORO DRIVE|SUITE 900|MCLEAN
4|Kryptowire Inc (dba Quokka.io)|8200 Greensboro Dr|750|McLean
4|Kryptowire Inc|8200 Greensboro Dr|STE 750|McLean
4|A&A Properties Inc|8200 Greensboro Dr|Ste 1440|Mclean
4|ThinkSense Inc|8200 Greensboro Dr|Suite 700|McLean
4|Galaxy Remodeling llc|8200 Greensboro drive|Suite 900|mclean
4|Galaxy Remodeling llc|8200 Greensboro drive|Suite 900|Mclean
4|GALAXY REMODELING LLC|8200 Greensboro drive|Suite 900|Mclean
4|Galaxy Remodeling LLC|8200 Greensboro drive|Suite 900|mclean
4|McFadyen Consulting Group Inc|8229 Boone Blvd|SUITE 820|Vienna
4|CSK & Company CPAs PLLC|8229 Boone Blvd|Suite 750|Vienna
4|McFadyen Consulting Group Inc|8229 Boone Blvd|Suite 820|Vienna
4|CPMC LLC|8229 Boone Blvd|Suite 885|Vienna
4|National Capital Legal Services|8230 Old Courthouse Road|200|Vienna
4|SLS Solutions Inc|8230 Old Courthouse Road|Ste 200|Vienna
4|SLS Solutions Inc|8230 Old Courthouse Road|Suite 200|Vienna
4|Womens Center|8230 Old Courthouse Road|Suite 500|VIENNA
4|ObjectVideo Labs LLC|8281 Greensboro Drive|Suite 100|McLean
4|ObjectVideo Labs LLC|8281 Greensboro Drive|Suite 100|Tysons
4|CREATIVE SYSTEMS AND CONSULTING LLC|8281 Greensboro Drive|Suite 200|McLean
4|Alarm.com Incorporated|8281 Greensboro Drive||McLean
4|Capstone Strategic Inc|8521 Leesburg Pike|Ste 230|Vienna
4|Skanska USA Civil Southeast Inc|8521 Leesburg Pike|Suite 220|Vienna
4|Quzara LLC|8521 Leesburg Pike|Suite 250|Vienna
4|Lessard Design Inc|8521 Leesburg Pike|Suite 700|Vienna
4|RangeForce Inc|8609 Westwood Center Dr.|Suite 110|Tysons Corner
4|Energy Vault Holdings|8609 Westwood Center Dr.|Suite 480|Vienna
4|Urgent.ly Inc|8609 Westwood Center Dr.|Suite 810|Vienna
4|Urgent.ly|8609 Westwood Center Dr.|Suite 810|Vienna
4|Health Blockchain Convergence Inc|8609 Westwood Center Drive|Suite 110|Tysons Corner
4|Ehlert Bryan Inc|8609 Westwood Center Drive|Suite 800|Vienna
4|Urgent.ly Inc|8609 Westwood Center Drive|Suite 810|Vienna
4|Urgent.ly|8609 Westwood Center Drive|Suite 810|Vienna
4|SYSTEMSOFT INC|9161 Liberia Ave|STE 203 A|Manassas
4|Nfinity IT LLC|9161 Liberia Ave|Ste 205/D|Manassas
4|Vision IT USA Inc|9161 Liberia Ave|Suite 203|Manassas
4|Frye & Company, P.C.|9161 Liberia Ave|Suite 304|Manassas
4|GSTATE CONSULTING LLC|9720 Capital Court|STE 301 2|Manassas
4|Convergent IT Solutions Inc|9720 Capital Court|STE 301 3|Manassas
4|JPI Technology LLC|9720 Capital Court|Suite 301|Manassas
4|B1 IT Solutions Inc|9720 Capital Court|Suite 301|Manassas
3|Zenith Software Solutions Inc|10 Pidgeon Hill Dr|Suite 230|Sterling
3|Vivikta Inc|10 Pidgeon Hill Dr|Suite 30|Sterling
3|Zenith Software Solutions Inc|10 Pidgeon Hill Dr|Suite 30|Sterling
3|ICLOUD TECHNOLOGIES CORP|100 Executive Dr|Unit D|Sterling
3|ICloud Technologies Corp|100 Executive Dr|Unit D|Sterling
3|ICloud Technologies Corp.|100 Executive Dr|Unit D|Sterling
3|RTX Corporation|100 Wilson Blvd.||Arlington
3|Raytheon Company|100 Wilson Blvd.||Arlington
3|RTX Technology Research Center, a Division of RTX Corporation|100 Wilson Blvd.||Arlington
3|Venture Global LNG Inc|1001 19th St North|Suite 1500|ARLINGTON
3|Venture Global LNG Inc|1001 19th St North|Suite 1500|Arlington
3|Venture Global LNG. Inc|1001 19th St North|Suite 1500|Arlington
3|Timmons Group|1001 Boulders Parkway|Suite 300|Richmond
3|Timmons Group|1001 Boulders Parkway|Suite 300|North Chesterfield
3|Shamin Hotels Inc|1001 Boulders Parkway|Suite 400|Richmond
3|UNICODE SYSTEMS INC|1033 STERLING ROAD|SUITE 204|HERNDON
3|UNICODE SYSTEMS INC|1033 STERLING ROAD|SUITE 205|HERNDON
3|DR TECHNOLOGIES INC|1033 STERLING ROAD|UNIT 104|HERNDON
3|Indus Group INC|1039 Sterling Road|Suite 103|Herndon
3|Indus Group Inc|1039 Sterling Road|Suite 103|Herndon
3|Lorshi Systems LLC|1039 Sterling Road|Suite 202|Herndon
3|Cyret Technologies Inc|10687 Gaskins Way|Ste 200|Manassas
3|Uniplus Consultants Inc|10687 Gaskins Way|Suite 200|Manassas
3|Cyret Technologies Inc|10687 Gaskins Way|Suite 200|Manassas
3|DIligent Group LLC|109 Carpenter Dr|Suite 110|Sterling
3|Diligent Group LLC|109 Carpenter Dr|Suite 110|Sterling
3|LussoTech LLC|109 Carpenter Dr|Suite 140|Sterling
3|Schnabel Management Services Inc|10900 Nuckols Road|Suite 210|Glen Allen
3|Owens & Minor Distribution Inc|10900 Nuckols Road|Suite 400|Glen Allen
3|Owens & Minor Medical Inc|10900 Nuckols Road|Suite 400|Glen Allen
3|Pancopia Inc|1100 Exploration Way|STE 208|Hampton
3|Tidal Flight Inc|1100 Exploration Way|Suite 302J|Hampton
3|National Institute of Aerospace Associates|1100 Exploration Way||Hampton
3|International Development Group Advisory Services LLC|1100 N Glebe Road|STE 800|Arlington
3|International Development Group Advisory Services LLC|1100 N Glebe Road|Ste 800|Arlington
3|SalesIntel Research Inc|1100 N Glebe Road|Suite 1010|Arlington
3|GENWORTH NORTH AMERICA CORPORATION|11011 West Broad Street|4th Floor|Glen Allen
3|Genworth North America Corporation|11011 West Broad Street|4th Floor|Glen Allen
3|Genworth North America Corporation|11011 West Broad Street||Glen Allen
3|Integrated Autism Behavior Services LLC|1110 Herndon Parkway|STE 305|Herndon
3|Swift Technologies Inc|1110 Herndon Parkway|Ste 203|Herndon
3|Integrated Autism Behavior Services LLC|1110 Herndon Parkway|Suite 305|Herndon
3|Distinctive Service Inc|11116 Industrial Road|Ste B|Manassas
3|Virginia Sign and Lighting Company|11116 Industrial Road||Manassas
3|VSL Electrical Signing Lighting LLC|11116 Industrial Road||Manassas
3|AXIOM LINK INC|11200 Waples Mill Road|STE 100|FAIRFAX
3|PSI International Inc|11200 Waples Mill Road|Suite 200|Fairfax
3|PSI INTERNATIONAL INC|11200 Waples Mill Road|Suite 200|Fairfax
3|Lumacyte Inc|1145 River Road|Suite 1|Charlottesville
3|Lumacyte LLC|1145 River Road|Suite 1|Charlottesville
3|Lumacyte LLC|1145 River Road|Suite 16|Charlottesville
3|Amount Small Business|11501 Sunset Hills Road|Ste 100|Reston
3|Amount Small Business|11501 Sunset Hills Road|Suite 100|Reston
3|Camino Financial Inc|11501 Sunset Hills Road|Suite 400|Reston
3|Blackboard Inc|11720 Plaza America Dr.|11th Floor|Reston
3|Stride Inc|11720 Plaza America Dr.|9th Floor|Reston
3|Stride Inc|11720 Plaza America Dr.|Floor 9|Reston
3|Sun Radia Inc|11872 Sunrise Valley Dr|STE 201|Reston
3|Sage Metrix Inc|11872 Sunrise Valley Dr|STE 201-B|Reston
3|Sage Metrix Inc|11872 Sunrise Valley Dr|Ste 201-B|Reston
3|USA Auto Sales|1189 Seminole Trail||Charlottesville
3|USA AUTOSALES|1189 Seminole Trail||Charlottesville
3|USA LLC|1189 Seminole Trail||Charlottesville
3|TalenTech Digital LLC|11890 Sunrise Valley Drive|Ste 112|Reston
3|Aarisha Inc|11890 Sunrise Valley Drive|Suite 601|Reston
3|VRONE Solutions Inc|11890 Sunrise Valley Drive|Suite 602|Reston
3|COLLABORAIT INC|119 ROWELL COURT|Suite A|FALLS CHURCH
3|COLLABORAIT INC|119 ROWELL COURT|Suite B|FALLS CHURCH
3|COLLABORAIT INC|119 ROWELL COURT||FALLS CHURCH
3|ComScore Inc|11950 Democracy Drive|Suite 600|Reston
3|comScore Inc|11950 Democracy Drive|Suite 600|Reston
3|comScore Inc|11950 Democracy Drive||Reston
3|Hanbury Evans Wright Vlattas and Company|120 Atlantic Street|Ste 100|Norfolk
3|Hanbury Evans Wright Vlattas Company|120 Atlantic Street|Suite 100|Norfolk
3|Hanbury Evans Wright Vlattas and Company|120 Atlantic Street|Suite 100|Norfolk
3|JEFFERSON SCIENCE ASSOCIATES LLC|12000 JEFFERSON AVENUE||NEWPORT NEWS
3|JEFFERSON SCIENCE ASSOCIATES LLC|12000 JEFFERSON AVENUE||Newport News
3|JEFFERSON SCIENCE ASSOCIATES. LLC|12000 JEFFERSON AVENUE||NEWPORT NEWS
3|Kile Park Reed and Houtteman PLLC|12011 Lee Jackson Memorial Highway|Ste 300|Fairfax
3|Kile Park Reed and Houtteman PLLC|12011 Lee Jackson Memorial Highway|Suite 300|Fairfax
3|KILE PARK REED & HOUTTEMAN PLLC|12011 Lee Jackson Memorial Highway|Suite 300|Fairfax
3|PRIME SOFTWARE GROUP LLC|12020 SUNRISE VALLEY DRIVE|SUITE 100|RESTON
3|OVS TECHNOLOGIES INC|12020 SUNRISE VALLEY DRIVE|SUITE 101 A|RESTON
3|OVS TECHNOLOGIES INC|12020 SUNRISE VALLEY DRIVE|SUITE 101A|RESTON
3|Nyquiste Corporation|12020 Sunrise Valley Dr.|STE100|Reston
3|Alpha 20 Group LLC|12020 Sunrise Valley Dr.|Ste 100|Reston
3|Skyway Tech Systems LLC|12020 Sunrise Valley Dr.|Suite 100|Reston
3|Congero Technology LLC|12110 SUNSET HILLS ROAD|SUITE 600|RESTON
3|CONGERO TECHNOLOGY LLC|12110 SUNSET HILLS ROAD|SUITE 600|RESTON
3|PEERISLANDS US INC|12110 SUNSET HILLS ROAD|SUITE 600|RESTON
3|ConquerTech Innovations LLC|12150 Monument Dr|Suite 505|Fairfax
3|ConquerTech Innovations LLC|12150 Monument Dr|Suite 505|Fairfax Dr
3|Conquertech Innovations LLC|12150 Monument Dr|Suite 505|Fairfax
3|The Whitt Company of Virginia LLC|12310 Pinecrest Road|Suite 202|Reston
3|Royce Construction Services LLC|12310 Pinecrest Road|Suite 208|Reston
3|Nortech North America Inc|12310 Pinecrest Road|Suite 306|Reston
3|Precision Orthodontics PC|12359 Sunrise Valley Drive|Suite 210|Reston
3|Orchid Solutions Inc|12359 Sunrise Valley Drive|Suite 260B|Reston
3|Orchid Solutions INC|12359 Sunrise Valley Drive|Suite 260B|Reston
3|CGI Federal Inc|12601 Fair Lakes Circle|Fairfax|Fairfax
3|CGI Federal Inc|12601 Fair Lakes Circle|N/A|Fairfax
3|CGI Federal Inc|12601 Fair Lakes Circle||Fairfax
3|Karsun Solutions LLC|12825 Worldgate Drive|Suite 500|Herndon
3|KARSUN SOLUTIONS LLC|12825 Worldgate Drive|Suite 500|Herndon
3|Bohler LLC|12825 Worldgate Drive|Suite 700|Herndon
3|BSI Group America Inc|12950 Worldgate Drive|Suite 800|Herndon
3|BSI America Professional Services Inc|12950 Worldgate Drive|Suite 800|Herndon
3|BSI Group Americas Inc|12950 Worldgate Drive|Suite 800|Herndon
3|VALIDATION ASSOCIATES LLC|131 Elden Street|SUITE 204|Herndon
3|VALIDATION ASSOCIATES LLC|131 Elden Street|Suite 204|Herndon
3|Validation Associates LLC|131 Elden Street|Suite 204|Herndon
3|Trua LLC|1320 Old Chain Bridge Road|Suite 300|McLean
3|Trua LLC|1320 Old Chain Bridge Road|Suite 440|McLean
3|Endera Systems LLC|1320 Old Chain Bridge Road|Suite 440|McLean
3|NIHA Technologies INC|13221 WOODLAND PARK ROAD|SUITE 420|HERNDON
3|NIHA Technologies INC|13221 WOODLAND PARK ROAD|SUITE 495|HERNDON
3|NIHA TECHNOLOGIES INC|13221 WOODLAND PARK ROAD||HERNDON
3|LANCESOFT INC|13454 Sunrise Valley Drive|Suite 120|Herndon
3|LanceSoft Inc|13454 Sunrise Valley Drive|Suite 120|Herndon
3|Navitas Business Consulting Inc|13454 Sunrise Valley Drive|Suite 240|Herndon
3|Virginia Dental Clinical Leaders, PLLC|13580 Groupe Drive|Suite 305|Woodbridge
3|Lightwave Dental Management LLC|13580 Groupe Drive|Suite 305|Woodbridge
3|Drs Cameron, Gladwell, Abdelbaky, Boes & Associates of NC, PLLC|13580 Groupe Drive|Suite 305|Woodbridge
3|ePlus Technology Inc|13595 Dulles Technology Drive||Herndon
3|ePlus Technology, inc.|13595 Dulles Technology Drive||Herndon
3|EPLUS TECHNOLOGY INC|13595 Dulles Technology Drive||Herndon
3|YUVI SYSTEMS INC|14150 WILLAROAD ROAD|STE 200|CHANTILLY
3|YUVI SYSTEMS INC|14150 WILLAROAD ROAD|SUITE 200|CHANTILLY
3|PROMATES TECHNOLOGIES LLC|14150 WILLAROAD ROAD|SUITE 205|CHANTILLY
3|netLogic Solutions Inc|14175 Sullyfield Circle|Ste 400|Chantilly
3|USM Business Systems Inc|14175 Sullyfield Circle|Suite 400|Chantilly
3|USM Business Sytems Inc|14175 Sullyfield Circle|Suite 400|Chantilly
3|Marashlian & Donahue, PLLC|1430 Spring Hill Road|Suite 310|McLean
3|Cyren Inc|1430 Spring Hill Road|Suite 330|McLean
3|A-TEK Inc|1430 Spring Hill Road|Suite 450|McLean
3|TechLaw Consultants Inc|14500 Avion Parkway|SUITE 300|Chantilly
3|Interscripts Inc|14500 Avion Parkway|Ste 125|Chantilly
3|Interscripts Inc|14500 Avion Parkway|Suite 125|Chantilly
3|OMSAI COM LLC|14801 MUROADOCK STREET|SUITE 155|CHANTILLY
3|CAPITAL INFOTECH INC|14801 MUROADOCK STREET|SUITE 160|CHANTILLY
3|GLOBALGATE IT SOLUTIONS LLC|14801 MUROADOCK STREET|SUITE 160|CHANTILLY
3|Amazon.com Services LLC|14th St S||Arlington
3|Zappos|14th St S||Arlington
3|Amazon Web Services LLC|14th St S||Arlington
3|Capital One Services LLC|15000 Capital One Drive|8372357|Richmond
3|Capital One Services LLC|15000 Capital One Drive||Richmond
3|Capital One, National Association|15000 Capital One Drive||Richmond
3|INDUS Corporation|1515 Wilson Boulevard|Suite 1100|Arlington
3|Advanced Management Technology Inc|1515 Wilson Boulevard|Suite 1100|Arlington
3|Summit Ridge Energy LLC|1515 Wilson Boulevard|Suite 300|Arlington
3|Mediso USA LLC|1530 Wilson Boulevard|Suite 115|Arlington
3|Lincoln Property Company|1530 Wilson Boulevard|Suite 200|Arlington
3|Association Analytics Inc|1530 Wilson Boulevard|Suite 400|Arlington
3|AILERON CONSULTING LLC|1550 Wilson Blvd.|Flr. 7|Arlington
3|Aileron Consulting LLC|1550 Wilson Blvd.|Flr. 7|Arlington
3|AILERON CONSULTING LLC|1550 Wilson Blvd.|Suite 700|Arlington
3|Halvik Corp.|1600 Spring Hill Road|Suite 240|Vienna
3|Halvik Corp|1600 Spring Hill Road|Suite 240|Vienna
3|Level Access Inc|1600 Spring Hill Road|Suite 400|Vienna
3|Association for Talent Development|1640 King Street|N/A|Alexandria
3|The Association for Talent Development|1640 King Street||Alexandria
3|Association for Talent Development|1640 King Street||Alexandria
3|DAOFENG & ANGELA FOUNDATION CORPORATION|1655 Fort Myer Drive|STE 800|Arlington
3|The ExCo Group LLC|1655 Fort Myer Drive|Suite 300|Arlington
3|57 Stars LLC|1655 Fort Myer Drive|Suite 920|Arlington
3|Susquehanna OB-GYN LLC|1700 N Moore Street|Suite 1210|Arlington
3|Eagle Technologies Inc|1700 N Moore Street|Suite 1620|Arlington
3|Finalcover LLC|1700 N Moore Street|Suite 1928|Arlington
3|TalenTech Digital LLC|1712 Clubhouse Road|STE 133|Reston
3|Management Science and Innovation LLC|1712 Clubhouse Road|Suite 103|Reston
3|TalenTech Digital|1712 Clubhouse Road|Suite 133|Reston
3|CLOUD PPH INC|1749 Old Meadow Road|SUITE 400|MCLEAN
3|CLOUD PPH INC|1749 Old Meadow Road|SUITE 425|MCLEAN
3|Astor & Sanders Corporation|1749 Old Meadow Road|Suite 300|McLean
3|D & R International Ltd.|1751 Pinnacle Dr.|Suite 600|McLean
3|S Nimbus LLC|1751 Pinnacle Dr.|Suite 600|McLean
3|BYE UAS Inc|1751 Pinnacle Dr.|Suite 612|McLean
3|COLLABORAIT INC|1760 Reston Pkwy|Suite 511A|Reston
3|CollaboraIT Inc|1760 Reston Pkwy|Suite 511A|Reston
3|TekSyntax Inc|1760 Reston Pkwy|Suite 511B|Reston
3|DXFactor LLC|1765 Greensboro Station Pl.|Ste 900|McLean
3|Datalite LLC|1765 Greensboro Station Pl.|Suite 900|McLean
3|DXFACTOR LLC|1765 Greensboro Station Pl.|Suite 900|McLean
3|Goel and Anderson LLC|1775 Wiehle Avenue|Suite 200|Reston
3|Goel & Anderson LLC|1775 Wiehle Avenue|Suite 200|Reston
3|Sphere of Influence Inc|1775 Wiehle Avenue|Suite 280|Reston
3|Planate Management Group LLC|1800 Diagonal Road|Ste 600|Alexandria
3|PLANATE MANAGEMENT GROUP LLC|1800 Diagonal Road|Suite 600|Alexandria
3|Internet 2.0 Inc|1800 Diagonal Road|Suite 600|Alexandria
3|Procon Consulting LLC|1800 Tysons Blvd|Suite 620|McLean
3|Trase Systems Inc|1800 Tysons Blvd|Suite 900|McLean
3|Red Cell Partners LLC|1800 Tysons Blvd|Suite 900|McLean
3|Brinks Incorporated|1801 Bayberry Ct.|400|Richmond
3|Brinks Incorporated|1801 Bayberry Ct.|Suite 400|Richmond
3|Brinks Incorporated|1801 Bayberry Ct.||Richmond
3|Fermi Energy Inc|1872 Pratt Drive|Suite 1205|Blacksburg
3|Li Industries|1872 Pratt Drive|Suite 1500|Blacksburg
3|Li Industries Inc|1872 Pratt Drive|Suite 1500|Blacksburg
3|NIRA Systems LLC|1900 Campus Commons Drive|Suite 100|Reston
3|Mayrock Inc|1900 Campus Commons Drive|Suite 100|Reston
3|StreetShares Inc|1900 Campus Commons Drive|Suite 200|Reston
3|SMITHFIELD FOODS INC|200 COMMERCE STREET||SMITHFIELD
3|SMITHFIELD FRESH MEATS SALES CORPORATION|200 COMMERCE STREET||SMITHFIELD
3|MURPHY-BROWN LLC|200 COMMERCE STREET||SMITHFIELD
3|GRA INCORPORATED|2000 Duke Street|Suite 300|Alexandria
3|Lincoln IP Inc|2000 Duke Street|Suite 300|Alexandria
3|GRA Incorporated|2000 Duke Street|Suite 300|Alexandria
3|Old Dominion University|2006 DRAGAS HALL|N/A|NORFOLK
3|OLD DOMINION UNIVERSITY RESEARCH FOUNDATION|2006 DRAGAS HALL||NORFOLK
3|OLD DOMINION UNIVERSITY|2006 DRAGAS HALL||NORFOLK
3|Conservation International|2011 Crystal Drive|Suite 600|Arlington
3|STE North America Inc|2011 Crystal Drive|Suite 750|Arlington
3|National Cooperative Bank, N.A. (NCB)|2011 Crystal Drive|Suite 800|Arlington
3|ITSyntax Inc|207 East Holly Avenue|Suite 203|sterling
3|ITSyntax Inc|207 East Holly Avenue|Suite 203|Sterling
3|ITsyntax Inc|207 East Holly Avenue|Suite 203|sterling
3|SRIVEN TECHNOLOGIES LLC|20745 WILLIAMSPORT PLACE|SUITE 220|ASHBURN
3|AMITI CONSULTING INC|20745 WILLIAMSPORT PLACE|SUITE 350|ASHBURN
3|ALTEK INC|20745 WILLIAMSPORT PLACE|SUITE 370|ASHBURN
3|SynapsIQ LLC|20755 Williamsport Pl.|Suite 120|Ashburn
3|CENTIPROS INC|20755 Williamsport Pl.|Suite 390|Ashburn
3|CENTIPROS LLC|20755 Williamsport Pl.|Suite 390|Ashburn
3|SZOOOM LLC|20937 Ashburn Road|STE 200|Ashburn
3|Novulis Corporation|20937 Ashburn Road|Suite 200|Ashburn
3|Sivikon Tech INC|20937 Ashburn Road|Suite 200|Ashburn
3|Element 84 LLC|210 N Lee Street|Suite 203|Alexandria
3|Element 84 Inc|210 N Lee Street|Suite 203|Alexandria
3|Element 84 Inc (Previously known as Azavea Inc)|210 N Lee Street|Suite 203|Alexandria
3|Ingenious Heads LLC|21135 Whitfield Place|STE 207|Sterling
3|Great Ocean Solutions Inc|21135 Whitfield Place|Suite 206C|Sterling
3|Ingenious Heads LLC|21135 Whitfield Place|Suite 207|Sterling
3|AUTARCHY SOLUTIONS INC|21335 SIGNAL HILL PLAZA|SUITE 250|STERLING
3|HYPERION TECHNOLOGIES LLC|21335 SIGNAL HILL PLAZA|SUITE 250|STERLING
3|HYPERION TECHNOLOGIES LLC|21335 SIGNAL HILL PLAZA|Suite 250|STERLING
3|Anova Law Group PLLC|21495 Ridgetop Circle|Suite 300|Sterling
3|AVI Technologies Inc|21495 Ridgetop Circle|Suite 308|Sterling
3|Technology Hub Inc|21495 Ridgetop Circle|Unit 308|Sterling
3|PYCUBE INC|21525 RIDGETOP CIRCLE|SUITE 110|STERLING
3|IntelliTek Inc|21525 RIDGETOP CIRCLE|SUITE 120|STERLING
3|Intellitek Inc|21525 RIDGETOP CIRCLE|SUITE 120|STERLING
3|IntelliTek Inc|21525 Ridgetop Circle|Suite 120|Sterling
3|Techligent Systems Inc|21525 Ridgetop Circle|Suite 210|Sterling
3|Asiacom Americas Inc|21525 Ridgetop Circle|Suite 260|Sterling
3|Zenith Software Solutions Inc|21785 Filigree Ct.|Suite 211|Ashburn
3|Zenith Software Solutions Inc|21785 Filigree Ct.|Unit 211|Ashburn
3|Zenith Software Solutions Inc|21785 Filigree Ct.|Unit 211,|Ashburn
3|Virginia Transformer Corporation (VTCR)|220 Glade View Drive NE||Roanoke
3|Virginia Transformer Corporation|220 Glade View Drive NE||Roanoke
3|Virginia Transformer Corp.|220 Glade View Drive NE||Roanoke
3|TECH MATRIX SOLUTIONS LLC|2201 Cooperative way|Ste 600|Herndon
3|Vercara LLC|2201 Cooperative way|Suite 350|Herndon
3|Salem InfoTech Inc|2201 Cooperative way|Suite 600|Herndon
3|Fareva Richmond Inc|2248 Darbytown Road||Henrico
3|Fareva USA Inc|2248 Darbytown Road||Henrico
3|Fareva Morton Grove Inc|2248 Darbytown Road||Richmond
3|Tappsys Inc|22570 Markey Ct|STE 201|Dulles
3|Noesys Inc|22570 Markey Ct|Suite 210|Dulles
3|Brambleton Piano Studio LLC|22570 Markey Ct||Sterling
3|TEKSKY LLC|22636 Glenn Dr|Suite 203|Sterling
3|Teksky LLC|22636 Glenn Dr|Suite 203|Sterling
3|Tekorg Inc|22636 Glenn Dr|Suite 203|Sterling
3|SAPOT SYSTEMS INC|22960 SHAW ROAD|SUITE 600|STERLING
3|SAPOT SYSTEMS INC|22960 SHAW ROAD|SUITE 600|STERELING
3|Sapot Systems Inc|22960 SHAW ROAD|SUITE 600|STERLING
3|University of Richmond|231 Richmond Way|University of Richmond|Richmond
3|Spider Management Company LLC|231 Richmond Way||Richmond
3|University of Richmond|231 Richmond Way||Richmond
3|Virginia Polytechnic Institute andStateUniversity d/b/a Virginia Tech|236 BURRUSS HALL||Blacksburg
3|Virginia Polytechnic Institute and State University d/b/a Virginia Tech|236 BURRUSS HALL||Blacksburg
3|Virginia Polytechnic Institute and StateUniversity d/b/a Virginia Tech|236 BURRUSS HALL||Blacksburg
3|MSAB Inc|241 18th Street South|Suite 202|Arlington
3|MSAB Incorporated|241 18th Street South|Suite 202|Arlington
3|Global Cold Chain Alliance Inc|241 18th Street South|Suite 620|Arlington
3|University of Virginia|2420 Old Ivy Road|3rd Floor|Charlottesville
3|University of Virginia|2420 Old Ivy Road|PO Box 400127|Charlottesville
3|The University of Virginia|2420 Old Ivy Road|Third Floor|Charlottesville
3|Sustainable Building Partners LLC|2701 Prosperity Avenue|Suite 100|Fairfax
3|Plateau Software Inc|2701 Prosperity Avenue|Suite 203|Fairfax
3|LinaSpace LLC|2701 Prosperity Avenue|Suite 215|Fairfax
3|Arivir Corp.|2841 Hartland Road|STE 200|Falls Church
3|Manjit Singh CPA PC|2841 Hartland Road|Ste 205|Falls Church
3|Manjit Singh CPA P.C., Certified Public Accountants|2841 Hartland Road|Suite 205|Falls Church
3|Guidehouse Inc|2941 Fairview Park Drive|501|Falls Church
3|Guidehouse Inc|2941 Fairview Park Drive|Suite 501|Falls Church
3|Axiom Resource Management Inc|2941 Fairview Park Drive|Suite 850|Falls Church
3|Virginia Community College System|300 Arboretum Place|Ste 200|N Chesterfield
3|Virginia Community College System|300 Arboretum Place|Ste 200|N. Chesterfield
3|Virginia Community College System|300 Arboretum Place|Suite 200|Richmond
3|Setty & Associates, Ltd.|3040 Williams Drive, Suite 600|N/A|Fairfax
3|Setty & Associates International PLLC|3040 Williams Drive, Suite 600||Fairfax
3|Setty & Associates LTD|3040 Williams Drive, Suite 600||Fairfax
3|Global Tel Link Corporation|3120 Fairview Park Drive|Suite 300|Falls Church
3|Economic Systems Inc|3120 Fairview Park Drive|Suite 500|Falls Church
3|Spin Systems Inc|3120 Fairview Park Drive|Suite 800|Falls Church
3|Silverchair Science Communications LLC|316 E Main St|Ste 300|Charlottesville
3|Silverchair Science & Communications LLC|316 E Main St|Suite 300|Charlottesville
3|Silverchair Science & Communications LLC|316 E Main St||Charlottesville
3|ClinRe Inc|3434 Washington Blvd.|Suite 1313|Arlington
3|Vianova Health Inc|3434 Washington Blvd.|Suite 1313|Arlington
3|Southeast Business Group|3434 Washington Blvd.|Suite 1313|Arlington
3|Intellisoft Technologies|3615 Chain Bridge Road|Ste D|Fairfax
3|INTELLISOFT TECHNOLOGIES INC|3615 Chain Bridge Road|Ste D|Fairfax
3|Cloud Federations Inc|3615 Chain Bridge Road|Ste D|Fairfax
3|G. R. PATEL & ASSOCIATES INC|4031 University Drive|Suite 100|Fairfax
3|Akvarr Inc|4031 University Drive|Suite 100|Fairfax
3|Ox Hill Realty LLC|4031 University Drive|Suite 400|Fairfax
3|AvalonBay Communities Inc|4040 Wilson Blvd.|STE 1000|Arlington
3|AvalonBay Communities Inc|4040 Wilson Blvd.|Suite 1000|Arlington
3|AvalonBay Communities Inc|4040 Wilson Blvd.||Arlington
3|Blank Slate Technologies LLC|4075 Wilson Blvd|8th Floor|Arlington
3|Cyber-Zeb Consulting LLC|4075 Wilson Blvd|Ste 800|Arlington
3|Atlas Economic Research Foundation|4075 Wilson Blvd|Suite 310|Arlington
3|Arlluk Technology Solutions LLC|4100 Lafayette Center Drive|Suite 303|Chantilly
3|Eagle Harbor Solutions LLC|4100 Lafayette Center Drive|Suite 303|Chantilly
3|Koniag Management Solutions LLC|4100 Lafayette Center Drive|Suite 303|Chantilly
3|UVA Community Health Medical Group|4105 Lewis and Clark Drive||Charlottesville
3|UVA Community Health|4105 Lewis and Clark Drive||Charlottesville
3|University of Virginia Health Services Foundation|4105 Lewis and Clark Drive||Charlottesville
3|OLD DOMINION UNIVERSITY RESEARCH FOUNDATION|4111 MONARCH WAY|N/A|NORFOLK
3|OLD DOMINION UNIVERSITY RESEARCH FOUNDATION|4111 MONARCH WAY||NORFOLK
3|ODU RESEARCH FOUNDATION|4111 MONARCH WAY||NORFOLK
3|MarginEdge Co|4200 Wilson Blvd|Suite 1100|Arlington
3|RedVector.com LLC|4200 Wilson Blvd|Suite 500|Arlington
3|Cambium Assessment Inc|4200 Wilson Blvd|Suite 610|Arlington
3|ARINSPECT INC|4205 Ridge Top Road||FAIRFAX
3|DXFactor LLC|4205 Ridge Top Road||Fairfax
3|CIPIO Inc|4205 Ridge Top Road||Fairfax
3|Powerup Technology Inc|4350 N. Fairfax Drive|SUITE 830|Arlington
3|PowerUp Technology Inc|4350 N. Fairfax Drive|Suite 830|Arlington
3|Powerup Technology Inc|4350 N. Fairfax Drive|Suite 830|Arlington
3|DTX-Digital Transformation-LLC|43661 Catton Place||Ashburn
3|DTX - Digital Transformation - LLC (Formerly known as Nadealy LLC)|43661 Catton Place||Ashburn
3|DTX-Digital Transformation-LLC (Formerly known as NADEAL LLC)|43661 Catton Place||Ashburn
3|Mindboard Inc|43676 Trade Center Place|Suite 235|Sterling
3|SDK Tech Corporation|43676 Trade Center Place|Suite135, Unit 209|Sterling
3|SDK Tech Corporation|43676 Trade Center Place|Unit 135, 209|Sterling
3|Range Finance Inc|440 Monticello Ave|Suite 1802 PMD 32321|Norfolk
3|OpenWater Software LLC|440 Monticello Ave|Suite 1802, PMB 53250|Norfolk
3|Motimatic, PBC|440 Monticello Ave|Suite 1802, PMB 665404|Norfolk
3|George Mason University|4400 University Drive|MS 4C3|Fairfax
3|George Mason University|4400 University Drive|MSN 4C3|Fairfax
3|George Mason University|4400 University Drive||Fairfax
3|Vertex Consulting Inc|44121 Harry Byrd Highway|Suite 240|Ashburn
3|Vertex Consulting Inc dba Vertex Group|44121 Harry Byrd Highway|Suite 240|Ashburn
3|IQLogg Inc|44121 Harry Byrd Highway|Suite 245|Ashburn
3|PIONEER CONSULTING SERVICES INC|44335 PREMIER PLAZA|SUITE 125|ASHBURN
3|CEREBRUM SOFTWARE SOLUTIONS INC|44335 PREMIER PLAZA|SUITE 210|ASHBURN
3|OPTIMUM SYSTEMS INC|44335 PREMIER PLAZA|SUITE 210|ASHBURN
3|YORKSHIRE GLOBAL SOLUTIONS INC|44355 PREMIER PLAZA|SUITE 120|ASHBURN
3|ARTHUR GRAND TECHNOLOGIES INC|44355 PREMIER PLAZA|Suite 110|Ashburn
3|Arthur Grand Technologies Inc|44355 PREMIER PLAZA|Suite 110|Ashburn
3|MRA GLOBAL TECH LLC|44679 ENDICOTT DR.|STE 300,|ASHBURN
3|MRA Global Tech LLC|44679 ENDICOTT DR.|STE 300,|ASHBURN
3|ARISE GLOBAL SERVICES INC|44679 ENDICOTT DR.|SUITE 300-2003|ASHBURN
3|QUALITICS LLC|44927 GEORGE WASHINGTON BLVD|265|ASHBURN
3|VENA PORTAE INC|44927 GEORGE WASHINGTON BLVD|STE 265|ASHBURN
3|QUALITICS LLC|44927 GEORGE WASHINGTON BLVD|SUITE 265|ASHBURN
3|Next Gen Software Solutions LLC|45150 Russell Branch Parkway|Suite 203B|Ashburn
3|VIRTUEON LLC|45150 Russell Branch Parkway|Suite 203D|Ashburn
3|Next Gen Software Solutions LLC|45150 Russell Branch Parkway|Suite203B|Ashburn
3|Trader Interactive|4525 Main St.|Suite 1101|Virginia Beach
3|Trader Interactive LLC|4525 Main St.|Suite 1101|Virginia Beach
3|Clark Nexsen Inc|4525 Main St.|Suite 1400|Virginia Beach
3|Decisions LLC|4588 Virginia Beach Blvd.|Apt. 104|Virginia Beach
3|Decisions LLC|4588 Virginia Beach Blvd.|SUITE 104|Virginia Beach
3|Decisions LLC|4588 Virginia Beach Blvd.|Suite 104|Virginia Beach
3|ORPRIZE LLC|459 HERNDON PKWY|STE 20|Herndon
3|CODE CONNECT INC|459 HERNDON PKWY|SUITE 16|HERNDON
3|EPIC SYSTEMS INC|459 HERNDON PKWY|SUITE 20|HERNDON
3|Cyberbahn Federal Solutions|4601 N. Fairfax Drive|SUITE 1200|Arlington
3|Cyberbahn Federal Solutions LLC|4601 N. Fairfax Drive|Suite 1200|Arlington
3|Fluence Energy LLC|4601 N. Fairfax Drive|Suite 600|Arlington
3|VACHI INFO TECH INC|46191 Westlake Dr|STE 202|Potomac Falls
3|VACHI INFO TECH INC|46191 Westlake Dr|Suite 202|Potomac Falls
3|AK IT Consulting Services LLC|46191 Westlake Dr|Suite 211|Sterling
3|Rigil Corporation|4800 Westfields Blvd.|120|Chantilly
3|Rigil Corporation|4800 Westfields Blvd.|Ste 120|Chantilly
3|Rigil Corporation|4800 Westfields Blvd.|Suite 120|Chantilly
3|Leeding Builders Group LLC|4840 Cox Road||Glen Allen
3|Hunt Construction Group Inc|4840 Cox Road||Glen Allen
3|AECOM Technical Services Inc|4840 Cox Road||Glen Allen
3|HAYMAN-WOODWARD HUMAN CAPITOL SERVICES LLC|500 MONTGOMERY STREET|SUITE 210|ALEXANDRIA
3|HAYMAN-WOODWARD GLOBAL MOBILITY SERVICES LLC|500 MONTGOMERY STREET|SUITE 210|ALEXANDRIA
3|HAYMAN WOODWARD CORP|500 MONTGOMERY STREET|SUITE 210|ALEXANDRIA
3|Nantez Inc|503 Carlisle Drive|STE 175A|Herndon
3|Realsoft Technologies LLC|503 Carlisle Drive|Suite 175|Herndon
3|Sailing International Trading LLC|503 Carlisle Drive|Unit 150|Herndon
3|Rhodeside & Harwell Inc|510 King Street|Suite 300|Alexandria
3|Rohdeside & Harwell Inc|510 King Street|Suite 300|Alexandria
3|Rhodeside & Harwell Incorporated|510 King Street|Suite 300|Alexandria
3|RIZONTEK INC|5180 Parkstone Drive|SUITE 175|Chantilly
3|Accent IT Staffing Inc|5180 Parkstone Drive|Suite 175B|Chantilly
3|Forella Group LLC|5180 Parkstone Drive|Suite 250|Chantilly
3|SOFTTHINK SOLUTIONS INC|560 HERNDON PARKWAY|100A|HERNDON
3|SOFTTHINK SOLUTIONS INC|560 HERNDON PARKWAY|SUITE 100A|HERNDON
3|SOFTTHINK SOLUTIONS INC|560 HERNDON PARKWAY|Suite 100A|HERNDON
3|CMA CGM AMERICA LLC|5701 LAKE WRIGHT DRIVE||NORFOLK
3|CMA CGM (AMERICA) LLC|5701 LAKE WRIGHT DRIVE||NORFOLK
3|CMA CGM (America) LLC|5701 LAKE WRIGHT DRIVE||NORFOLK
3|Rebel Idealist Inc|575 12th Road S|Apt. 502|Arlington
3|HEPTEA LEAF INTERNATIONAL|575 12th Road S||Arlington
3|Heptea Leaf International|575 12th Road S||Arlington
3|Shaffer, Wilson, Sarver & Gray, P.C.|607 Herndon Pkwy|Suite 100|Herndon
3|Shaffer, Wilson, Sarver & Gray, PC|607 Herndon Pkwy|Suite 100|Herndon
3|Softility Inc|607 Herndon Pkwy|Suite 304|HERNDON
3|Bon Secours Medical Group Richmond Primary Care LLC|7001 Forest Avenue|Suite 105|Richmond
3|Bon Secours Medical Group Richmond Specialty Care LLC|7001 Forest Avenue|Suite 400|Richmond
3|Bon Secours Medical Group Richmond Primary Care LLC|7001 Forest Avenue|Suite 405|Richmond
3|IT HUB INC|722 E Market Street|Suite 102|Leesburg
3|IT HUB INC|722 E Market Street|Suite 102, Ofc CA2|Leesburg
3|Elite Emanate LLC|722 E Market Street||Leesburg
3|ENTERPRISE BUSINESS SOLUTIONS INC|7631 LEESBURG PIKE|SUITE A|FALLS CHURCH
3|Enterprise Business Solutions Inc|7631 LEESBURG PIKE|SUITE A|FALLS CHURCH
3|INFOSPAN INC|7631 LEESBURG PIKE|SUITE B|FALLS CHURCH
3|INFOSPAN INC|7631 Leesburg Pike|Suite B|Falls Church
3|Infospan Inc|7631 Leesburg Pike|Suite B|Falls Church
3|QUANTUM TECHNOLOGIES INC|7631 Leesburg Pike|Suite C|Falls Church
3|Techpoint LLC|7777 Leesburg Pike|Suite 202 S|Falls Church
3|CAVEONIX|7777 Leesburg Pike|Suite 303S|Falls Church
3|CAVEONIX INC|7777 Leesburg Pike|Suite 303S|Falls Church
3|Augusta Health Care Inc|78 Medical Center Drive||Fishersville
3|Augusta Medical Group|78 Medical Center Drive||Fishersville
3|Augusta Healthcare Inc|78 Medical Center Drive||Fishersville
3|RonUSTech LLC|7880 Backlick Road|Ste 8|Springfield
3|Service Robotics & Technologies Inc|7880 Backlick Road|Suite 4B|Springfield
3|RonUSTech LLC|7880 Backlick Road|Suite 8|Springfield
3|B1 IT Solutions Inc|7900 Sudley Road|Suite 305|Manassas
3|BlupaceUS LLC|7900 Sudley Road|Suite 305 Office 102|Manassas
3|Data Capital Inc|7900 Sudley Road|Suite 374|Manassas
3|Hirexa Solutions INC|7918 Jones Branch Drive|4th Floor|McLean
3|Cygnus Consulting LLC|7918 Jones Branch Drive|4th Floor|McLean
3|Hirexa Solutions Inc|7918 Jones Branch Drive|Floor 4|McLean
3|Stansource Inc|7927 Jones Branch Drive|Suite 3125|McLean
3|Enquizit Inc|7927 Jones Branch Drive|Suite 400|Mclean
3|Advanced Computer Concepts Inc|7927 Jones Branch Drive|Suite 600N|McLean
3|myBliss Inc|7930 Jones Branch Drive|Suite 310|Mclean
3|Technology Ventures LLC|7930 Jones Branch Drive|Suite 310|McLean
3|Hilton Domestic Operating Company Inc|7930 Jones Branch Drive||McLean
3|Cadmus Holding Company Inc|800 N. Glebe Road|Suite 500|Arlington
3|Towers Watson Investment Services Inc|800 N. Glebe Road||Arlington
3|WILLIS TOWERS WATSON CAC INC|800 N. Glebe Road||Arlington
3|SymphonyAI NetReveal US Inc|800 Towers Crecent Boulevard|Floor 13|Vienna
3|Symphony AI NetReveal US Inc|800 Towers Crecent Boulevard|Floor 13th|Vienna
3|SymphonyAI NetReveal US Inc|800 Towers Crecent Boulevard|Floor 13th|Vienna
3|BAE Systems Holdings International LLC|8000 Towers Crescent Blvd|Floor 13|Vienna
3|BAE Systems Applied Intelligence Inc|8000 Towers Crescent Blvd|Floor 13|Vienna
3|BAE Inc|8000 Towers Crescent Blvd|Floor 13|Vienna
3|SES Americom Inc|8050 Piney Branch Lane||Bristow
3|O3B Networks USA LLC|8050 Piney Branch Lane||Bristow
3|O3b Networks USA LLC|8050 Piney Branch Lane||Bristow
3|Washington University of Science and Technology LLC|8133 Leesburg Pike|Ste 230|Vienna
3|iGlobal University LLC|8133 Leesburg Pike|Suite 220|Vienna
3|Tucker and Associates, PLLC|8133 Leesburg Pike|Suite 900|Vienna
3|Atlantic Realty Consultants Inc|8150 Leesburg Pike|Ste 1100|Vienna
3|Alpha Omega Integration LLC|8150 Leesburg Pike|Suite 1010|Vienna
3|Devfi Inc|8150 Leesburg Pike|Suite 705|Vienna
3|Harmonia Holdings Group LLC|8180 Greensboro Drive|STE 1000|McLean
3|Integrated Financial Analysts, Ltd.|8180 Greensboro Drive|Suite 650|McLean
3|NET ESOLUTIONS CORPORATION|8180 Greensboro Drive|Suite 900|Mclean
3|Federal Home Loan Mortgage Corporation|8200 Jones Branch Drive|Flr. 1|McLean
3|Federal Home Loan Mortgage Co.|8200 Jones Branch Drive||McLean
3|Federal Home Loan Mortgage Corporation|8200 Jones Branch Drive||McLean
3|Amedia LLC|8221 Old Courthouse Road|Suite 300|Vienna
3|Armedia LLC|8221 Old Courthouse Road|Suite 300|Vienna
3|AGI Odyssey|8221 Old Courthouse Road|Suite 390|Vienna
3|Federal Home Loan Mortgage Co.|8250 Jones Branch Drive|Floor 1|McLean
3|Federal Home Loan Mortgage Corporation|8250 Jones Branch Drive||McLean
3|Federal Home Loan Mortgage Co.|8250 Jones Branch Drive||McLean
3|SILA Solutions Group Inc|8251 Greensboro Drive|Suite 230|Mclean
3|TreasurySoft LLC|8251 Greensboro Drive|Suite 900|McLean
3|22nd Century Technologies Inc|8251 Greensboro Drive|Suite 900|McLean
3|Studebaker & Brackett PC|8255 Greensboro Drive|Suite 300|Tysons
3|Paradyme Management Inc|8255 Greensboro Drive|Suite 330|McLean
3|Counterpoint Consulting Inc|8255 Greensboro Drive|Suite 350|McLean
3|FreeAlliance.com LLC|8260 Greensboro Dr|Suite 150|McLean
3|POMEGA ENERGY TECHNOLOGIES|8260 Greensboro Dr|Suite 390|McLean
3|Pomega Energy Storage Technologies Inc|8260 Greensboro Dr|Suite 390|McLean
3|ObjectVideo Labs LLC|8281 Greensboro Dr.|Suite 100|McLean
3|Alarm.com Incorporated|8281 Greensboro Dr.||Tysons
3|Alarm.com Incorporated|8281 Greensboro Dr.||McLean
3|Target Labs INC|8300 Old Courthouse Road|Ste 250|Vienna
3|Target Labs Incorporated|8300 Old Courthouse Road|Suite 250|Vienna
3|Target Labs Inc|8300 Old Courthouse Road|Suite 250|Vienna
3|Multimedia Holdings Corporation|8350 Broad Street|Suite 2000|Tysons
3|TEGNA Memphis Broadcasting Inc|8350 Broad Street|Suite 2000|Tysons
3|Digital Gaming Corporation USA|8350 Broad Street|Suite 310|McLean
3|Space Centre Australia LLC|8401 Mayland Drive|STE S|Richmond
3|Pacifik International Investments LLC|8401 Mayland Drive|Suite 5373|Richmond
3|Arrowtek Technologies LLC|8401 Mayland Drive|Suite V|Richmond
3|SYNAPTEIN SOLUTIONS INC|8500 Leesburg Pike|SUITE 407|Vienna
3|TEXPERTS Inc|8500 Leesburg Pike|Suite 300|Vienna
3|PublicRelay Inc|8500 Leesburg Pike|Suite 7800|Vienna
3|NuAxis LLC|8605 Westwood Center Drive|Suite 300|Tysons
3|New Genesis LLC|8605 Westwood Center Drive|Suite 410|Vienna
3|Techligent Systems Inc|8605 Westwood Center Drive|Suite 503|VIENNA
3|Terra Site Constructors LLC|900 Shenandoah Shores Road|Suite 100|Front Royal
3|TSC-Edifice JV1 LLC|900 Shenandoah Shores Road|Suite 100|Front Royal
3|Terra Site Consructors LLC|900 Shenandoah Shores Road||Front Royal
3|Virginia Commonwealth University|912 West Grace Street, 4th Floor|P.O. Box 843043|Richmond
3|Virginia Commonwealth University|912 West Grace Street, 4th Floor|POB 843043|Richmond
3|Virginia Commonwealth Universith|912 West Grace Street, 4th Floor|POB 843043|Richmond
3|Owens & Minor Distribution Inc|9120 Lockwood Blvd.||Mechanicsville
3|Owens & Minor Medical Inc|9120 Lockwood Blvd.||Mechanicsville
3|O&M Halyard Inc|9120 Lockwood Blvd.||Mechanicsville
3|Ramsai Software Solutions INC|9485 Silver King Court|N/A|Fairfax
3|Ramsai Software Solutions Inc|9485 Silver King Court||Fairfax
3|Ramsai Software Solutions INC|9485 Silver King Court||Fairfax
3|Sunraise Technologies INC|9516 Lee Hwy|STE A|Fairfax
3|Sunraise Technologies INC|9516 Lee Hwy|Ste A|Fairfax
3|Sunraise Technologies Inc|9516 Lee Hwy|Suite A|Fairfax
3|Culmen International LLC|99 Canal Center Plaza|STE 125|Alexandria
3|DC Capital Partners Management, LP|99 Canal Center Plaza|STE 400|Alexandria
3|ST Engineering North America Inc|99 Canal Center Plaza|Suite 220|Alexandria
3|Elephant Insurance Services LLC|9950 Mayland Drive|4th Floor|Henrico
3|Elephant Insurance Services LLC|9950 Mayland Drive|Floor 4|Henrico
3|AGA Service Company|9950 Mayland Drive||Richmond
2|CMA CGM AMERICA LLC|1 CMA CGM WAY||NORFOLK
2|CMA CGM (AMERICA) LLC|1 CMA CGM WAY||NORFOLK
2|Virginia State University|1 Hayden Drive||Petersburg
2|Virginia State University|1 Hayden Drive||Virginia State University
2|AccuTEC Inc|1 Razor Blade Lane||Verona
2|AccuTec Inc|1 Razor Blade Lane||Verona
2|FERMATA ENERGY LLC|100 10TH ST NE|SUITE 101|CHARLOTTESVILLE
2|FERMATA ENERGY LLC|100 10TH ST NE||CHARLOTTESVILLE
2|2RW Consultants Inc|100 10th St. NE|Suite 202|Charlottesville
2|2RW Consultants Inc|100 10th St. NE||Charlottesville
2|University of Virginia Health Services Foundation|100 Avon Street|Suite 201|Charlottesville
2|University of Virginia Physicians Group|100 Avon Street|Suite 201|Charlottesville
2|University of Virginia Darden School Foundation|100 Darden Boulevard|P.O. Box 7263|Charlottesville
2|University of Virginia Darden School Foundation|100 Darden Boulevard||Charlottesville
2|James Madison University|100 East Grace Street, MSC 5731|2nd Floor|Harrisonburg
2|James Madison Universit|100 East Grace Street, MSC 5731||Harrisonburg
2|Hampton University|100 East Queen Street|Hampton University|Hampton
2|Hampton University|100 East Queen Street||Hampton
2|NTT Ltd Group Services America Inc|100 Shockoe Slip|2nd Floor|Richmond
2|NTT Ltd Group Services America Inc|100 Shockoe Slip|Flr. 2|Richmond
2|Regent University|1000 Regent University Drive|ADM 134|Virginia Beach
2|Regent University|1000 Regent University Drive||Virginia Beach
2|Phlow Corp|1001 Haxall Point|1B|Richmond
2|Silgan Dispensing Systems Corporation|1001 Haxall Point|Suite 701|Richmond
2|Milestone Financial Solutions|10108 Krause Road|Suite 201|chesterfield
2|Milestone Financial Solutions LLC|10108 Krause Road|Suite 201|Chesterfield
2|Xplore Ecommerce|102 Jousting Ct|Suit 203|FREDERICKSBURG
2|Xplore Ecommerce LLC|102 Jousting Ct|Suit 203|FREDERICKSBURG
2|Mpointaero Inc|10300 Eaton Place|Suite 440|Fairfax
2|Key Concepts Knowledgebase LLC|10300 Eaton Place|Suite 440|Fairfax
2|Eurofins Analytics LLC|10329 STONY RUN LN||Ashland
2|Analytics Corporation|10329 STONY RUN LN||Ashland
2|Innovatis Technologies Inc|10400 Eaton Place|Suite 101|Fairfax
2|Agile1 Tech Corporation|10400 Eaton Place|Suite 105|Fairfax
2|INFO LABS INC|1043 Sterling Road|Suite 202|Herndon
2|GD Infotek LLC|1043 Sterling Road|Suite 202|Herndon
2|USLaw Group llc|10432 Balls Ford Road, Historic District|Suite 300|Manassas
2|Capital Global Explorer, inc|10432 Balls Ford Road, Historic District|Suite 300|Manassas
2|Greensville County Schools|105 Ruffin St.||Emporia
2|Greensville County Public Schools|105 Ruffin St.||Emporia
2|ZENITH QUEST CORPORATION|10517 Critzer Shop Road||Afton
2|Zenith Quest Corporation|10517 Critzer Shop Road||Afton
2|Samaha Associates P.C.|10521 Rosehaven St.|Suite 200|Fairfax
2|Excel Rehabilitation & Physical Therapy, PLLC|10521 Rosehaven St.|Suite LL150|Fairfax
2|Checks and Balances Inc|10550 Linden Lake Plaza|Suite 200|Manassas
2|MCL Systems Limited|10550 Linden Lake Plaza|Suite 301|Manassas
2|The Law Offices of Robert K. Lacy|10560 Main Street|Suite 514|Fairfax
2|Stevie Awards Inc|10560 Main Street|Suite 519|Fairfax
2|Appalachian College of Pharmacy|1060 Dragon Road|Appalachian College of Pharmacy|Oakwood
2|Appalachian College of Pharmacy|1060 Dragon Road||Oakwood
2|Sun Tribe Development LLC|107 5th Street SE||Charlottesville
2|Sun Tribe Solar LLC|107 5th Street SE||Charlottesville
2|USA INTELLECTUAL PROPERTY RESEARCH AND EDUCATION INSTITUTE|107 Camille Ct|N/A|YORKTOWN
2|USA INTELLECTUAL PROPERTY RESEARCH AND EDUCATION INSTITUTE|107 Camille Ct||YORKTOWN
2|INDIVIOR INC|10710 MIDLOTHIAN TURNPIKE|SUITE 125|NORTH CHESTERFIELD
2|INDIVIOR INC|10710 MIDLOTHIAN TURNPIKE|SUITE 430|NORTH CHESTERFIELD
2|Transaction Network Services Inc|10740 Parkridge Boulevard|Suite 100|Reston
2|District Advisory LLC|10740 Parkridge Boulevard|Suite 500|Reston
2|Sevatec LLC|10780 Parkridge Blvd.|4th Floor|Reston
2|Octo Consulting Group LLC|10780 Parkridge Blvd.|Floor 4|Reston
2|InSource Software Solutions Inc|10800 Midlothian Turnpike|Suite 209|Richmond
2|DSD Partners LLC|10800 Midlothian Turnpike|Suite 300|Richmond
2|Decision Spot|10810 Trade Road||Richmond
2|Logexsoft Inc|10810 Trade Road||Richmond
2|Swift Technologies Inc|1100 Herndon Parkway|STE 203|Herndon
2|Swift Technologies Inc|1100 Herndon Parkway|Ste 203|Herndon
2|International Development Group Advisory Services LLC|1100 North Glebe Road|STE 800|Arlington
2|International Development Group Advisory Services LLC|1100 North Glebe Road|STE 950|Arlington
2|Synectics for Management Decisions Inc|1101 Wilson Blvd|Ste 1500|Arlington
2|Synectics for Management Decisions Inc|1101 Wilson Blvd|Suite 1500|Arlington
2|Synectics for Management Decisions Inc|1101 Wilson Blvd.|Suite 1500|Arlington
2|Enhesa Inc|1101 Wilson Blvd.|Suite 1750|Arlington
2|SMBW PLLC|111 Virginia Street|Suite 111|Richmond
2|Kaleo Inc|111 Virginia Street|Suite 300|Richmond
2|SkyCreek Corporation|1110  Herndon Parkway|Suite 200|Herndon
2|Skycreek Corporation|1110  Herndon Parkway|Suite 200|Herndon
2|ITL, NA Inc|11150 Sunset Hills Road|Suite 302|Reston
2|ITL NA Inc|11150 Sunset Hills Road|Suite 302|Reston
2|EA Roofing & Siding LLC|11170 LEE HIGHWAY|SUITE 150|Fairfax
2|E.A Roofing&Siding LLC|11170 LEE HIGHWAY|SUITE 150|Fairfax
2|Collaborative Solutions LLC|11190 Sunrise Valley Drive|Suite 110|Reston
2|Collaborative Solutions LLC|11190 Sunrise Valley Drive||Reston
2|PSI INTERNATIONAL INC|11200 WAPLES MILL ROAD|SUITE 200|FAIRFAX
2|PSI International Inc|11200 WAPLES MILL ROAD|SUITE 200|FAIRFAX
2|Washington Theological Seminary|11240 Waples Mill Road|201|Fairfax
2|Washington Theological Seminary|11240 Waples Mill Road|Suite 201|Fairfax
2|Consulting Engineers Coporation|11250 Roger Bacon Dr.|Unit 19|Reston
2|Consulting Engineers Corporation|11250 Roger Bacon Dr.|Unit 19|Reston
2|Diyo Technologies LLC|11260 Roger Bacon Drive|Suite 205|Reston
2|Byteforza Inc|11260 Roger Bacon Drive|Suite 504B|Reston
2|ThreatQuotient Inc|11400 Commerce Park Drive|Suite 200|Reston
2|Clarabridge Inc|11400 Commerce Park Drive|Suite 500|Reston
2|Integrity Risk International LLC|11440 Commerce Park Drive|Suite 300|Reston
2|Applied Information Sciences Inc|11440 Commerce Park Drive|Suite 600|Reston
2|Sage Computing Inc|11491 Sunset Hills Road|Suite 350|Reston
2|Hunter Associates Laboratory Inc|11491 Sunset Hills Road||Reston
2|Carahsoft Technology Corp.|11493 Sunset Hills Road|Suite 100|Reston
2|Public Sector Network Inc|11493 Sunset Hills Road|Suite 206W|Reston
2|International Registries Inc|11495 Commerce Park Drive||Reston
2|Administrative Control Services Inc|11495 Commerce Park Drive||Reston
2|Adovate LLC|1180 Seminole Trail|Ste 495|Charlottesville
2|AgroSpheres Inc|1180 Seminole Trail|Suite 100|Charlottesville
2|The Marbury Group, PLLC|11800 Sunrise Valley Drive|Suite 1500|Reston
2|Evolver LLC|11800 Sunrise Valley Drive|Suite 900|Reston
2|Nectar Info Tek LLC|11890 Sunrise Valley Dr|Suite 405|Reston
2|Div Info Tek Corp.|11890 Sunrise Valley Dr|Suite 405|Reston
2|FireEye Security Holdings US LLC|11911 Freedom Drive|Suite 201|Reston
2|EXCELACOM INC|11911 Freedom Drive|Suite 430|Reston
2|Intelearc Inc|11921 Freedom Dr.|Suite 550|Reston
2|Bridgesoft Infosec LLC|11921 Freedom Dr.|Suite 550|Reston
2|IDEMIA IDENTITY & SECURITY USA LLC|11951 Freedom Dr|STE 1800|Reston
2|IDEMIA IDENTITY & SECURITY USA LLC|11951 Freedom Dr||Reston
2|Jefferson Science Associates LLC|12000 Jefferson Avenue||Newport News
2|Jefferson Science Associates, LLc|12000 Jefferson Avenue||Newport News
2|Energix EPC US LLC|1201 Wilson Blvd., Ste. 2200||Arlington
2|Energix US LLC|1201 Wilson Blvd., Ste. 2200||Arlington
2|IT Data Consulting LLC|12020 Sunrise Valley Drive, Suite 100||Reston
2|ID Data Consulting LLC|12020 Sunrise Valley Drive, Suite 100||Reston
2|CACI Inc - Federal|12021 Sunset Hills Road||Reston
2|CACI INC - FEDERAL|12021 Sunset Hills Road||Reston
2|VeriSign Inc|12061 Bluemont Way||Reston
2|Verisign Inc|12061 Bluemont Way||Reston
2|Goel & Anderson LLC|12100 Sunset Hills Road|Suite 301|Reston
2|Neovera Inc|12100 Sunset Hills Road|Suite 610|Reston
2|TEOCO Corporation|12150 Monument Drive|Suite 700|Fairfax
2|International Logic Systems Inc|12150 Monument Drive|Suite 825|Fairfax
2|Zytus Inc|12201 Gayton Road|Ste 201-A|Richmond
2|Zytus Inc|12201 Gayton Road|Suite 201 - A|Richmond
2|ALLIANCE MEP ENGINEERS INC|12355 SUNRISE VALLEY DRIVE|SUITE 220|RESTON
2|ALLIANCE STRUCTURAL ENGINEERS INC|12355 SUNRISE VALLEY DRIVE|SUITE 220|RESTON
2|Lean Innovations Labs LLC|12392 Brown Fox Way||Reston
2|Lean Innovation Labs LLC|12392 Brown Fox Way||Reston
2|VVM Infotech LLC|12421 Gayton Bluffs Ln||Richmond
2|VVM Infotech LLC|12421 Gayton Bluffs Ln||RICHMOND
2|ENTAGILE LLC|12445 FALKIRK DRIVE|FAIRFAX|FAIRFAX
2|ENTAGILE LLC|12445 FALKIRK DRIVE||FAIRFAX
2|Ferguson Enterprises Inc|12500 Jefferson Avenue||Newport News
2|Ferguson Enterprises LLC|12500 Jefferson Avenue||Newport News
2|Performance Food Group|12500 West Creek Parkway||Richmond
2|Performance Food Group Inc|12500 West Creek Parkway||Richmond
2|Databasics Inc|12700 Sunrise Valley Drive|Suite 102|Reston
2|Intact Technology Inc|12700 Sunrise Valley Drive|Suite 410|Reston
2|Lean Innovations Labs LLC|12719 Laurel Grove Way||Fairfax
2|Lean Innovation Labs LLC|12719 Laurel Grove Way||Fairfax
2|Yacub Law Offices|12761 Darby Brook Ct|Suite 102|Woodbridge
2|Yacub Law Offices|12761 Darby Brook Ct||Woodbridge
2|Idea Entity Corporation|12801 Worldgate Drive|Suite 500B|Herndon
2|Idea Entity|12801 Worldgate Drive|Suite 500B|Herndon
2|KARSUN SOLUTIONS LLC|12825 WORLDGATE DRIVE|SUITE 500|HERNDON
2|KARSUN SOLUTIONS LLC|12825 WORLDGATE DRIVE|Suite 500|Herndon
2|CompuGain LLC|12901 Worldgate Drive|STE 510|Herndon
2|CompuGain LLC|12901 Worldgate Drive|Suite 510|Herndon
2|Trusted.com LLC|12930 Worldgate Drive|Suite 300|Herndon
2|Serco Inc|12930 Worldgate Drive|Suite 600|Herndon
2|Expel Inc|12950 Worldgate Dr.|Suite 200|Herndon
2|Datastrong LLC|12950 Worldgate Dr.|Suite 450|Herndon
2|BSI Group America Inc|12950 Worldgate Drive, Suite 800||Herndon
2|BSI America Professional Services Inc|12950 Worldgate Drive, Suite 800||Herndon
2|DeepSig Inc|1300 17th St N|Suite 1260|Arlington
2|Pienso Inc|1300 17th St N|Suite 380|Arlington
2|RISKSPAN Inc|1300 17th St North|Site 120|Arlington
2|RISKSPAN Inc|1300 17th St North|Suite 1250|Arlington
2|IntraFi LLC|1300 N. 17th Street|Suite 1800|Arlington
2|IntraFi Network LLC|1300 N. 17th Street|Suite 1800|Arlington
2|FEDPOINT SYSTEMS LLC|13042 Blackbird Pl||Fairfax
2|FEDPOINT SYSTEMS LLC|13042 Blackbird Pl||FAIRFAX
2|Altmore Capital Investment Management LLC|1310 N. Courthouse Road|Ste 110|Arlington
2|Altmore Capital Investment Management LLC|1310 N. Courthouse Road|Suite 110|Arlington
2|Rare|1310 North Courthouse Road|Suite 110|Arlington
2|Rare Inc|1310 North Courthouse Road|Suite 110|Arlington
2|Industrial Turnaround Corporation (ITAC)|13141 N. Enon Church Road||Chester
2|Industrial TurnAround Corporation (ITAC)|13141 N. Enon Church Road||Chester
2|Phoenix Renovation Corp.|1319 Powhatan Street||Alexandria
2|Phoenix Renovation Company LLC|1319 Powhatan Street||Alexandria
2|Niha Technologies Inc|13221, Woodland Park Road|Suite 420|Herndon
2|Niha Technologies Inc|13221, Woodland Park Road|Suite 495|Herndon
2|Navitas Business Consulting Inc|13241 Woodland Park ROAD|Suite 200|Herndon
2|Navitas Business Consulting Inc|13241 Woodland Park ROAD||Herndon
2|TMEIC CORPORATION AMERICAS|1325 Eletric Road|Ste 200|ROANOKE
2|TMEIC CORPORATION AMERICAS|1325 Eletric Road|Suite 200|Roanoke
2|Unique Technology Group Corp.|1340 Old Chain Bridge Road|100|Mc Lean
2|McLean C2 Education LLC|1340 Old Chain Bridge Road|Suite 200|McLean
2|NUMINFORMATICS INC|13537 Heathrow Ln||Centreville
2|NumInformatics Inc|13537 Heathrow Ln||Centreville
2|Blulogix LLC|1356 Beverly Road|Suite 300|McLean
2|Applications Technology (AppTek) LLC|1356 Beverly Road|Suite 300|McLean
2|Salisbury Country Club Ltd.|13620 W Salisbury Road||Midlothian
2|Salisbury Country Club Ltd|13620 W Salisbury Road||Midlothian
2|Newgen Software Inc|1364 Beverly Road|Ste 300|McLean
2|dbSeer Inc|1364 Beverly Road|Suite 105|Mclean
2|GreenBrilliance LLC|13655 Dulles Technology Dr.|Suite 130|Herndon
2|Green Brilliance LLC|13655 Dulles Technology Dr.|Suite 130|Herndon
2|XPAND Corporation|13665 Dulles Technology Dr.|Suite 100|Herndon
2|Xpand Corporation|13665 Dulles Technology Dr.|Suite 100|Herndon
2|Nuix North America Inc|13755 Sunrise Valley Drive|STE 300|Herndon
2|Nuix North America Inc|13755 Sunrise Valley Drive|Suite 300|Herndon
2|CONFIMINDS LLC|13800 COPPERMINE ROAD,|SUITE 118|HERNDON
2|VEENA CORP|13800 COPPERMINE ROAD,|SUITE 140|HERNDON
2|GD INFOTEK LLC|13800 COPPERMINE ROAD, SUITE 07|FIRST FLOOR|HERNDON
2|GD INTOTEK LLC|13800 COPPERMINE ROAD, SUITE 07|FIRST FLOOR|HERNDON
2|GERENT LLC|13800 Coppermine Blvd|Ste 159|Herndon
2|GERENT LLC|13800 Coppermine Blvd||Herndon
2|Aarna Priya Inc|13800 Coppermine Road, Ste 305||Herndon
2|AARNA PRIYA INC|13800 Coppermine Road, Ste 305||Herndon
2|Singularity Consulting Services LLC|13800 Coppermine Road, Suite 202|N/A|Herndon
2|Singularity Consulting Services LLC|13800 Coppermine Road, Suite 202||Herndon
2|ATCS, PLC|13861 Sunrise Valley Dr.|Suite 200|Herndon
2|ATCS Inc|13861 Sunrise Valley Dr.|Suite 200|Herndon
2|ST Engineering iDirect Inc|13861 Sunrise Valley Drive|Suite 300|Herndon
2|Tower Bridge International Group Inc|13861 Sunrise Valley Drive|Suite 400|Herndon
2|CAPITOL LAW PARTNERS PLLC|13873 PARK CENTER ROAD|SUITE 152|HERNDON
2|KSIT INFOTECH INC|13873 PARK CENTER ROAD|SUITE 359|HERNDON
2|Aarna Priya Inc|13873 Park Center Road, Suite 376||Herndon
2|AARNA PRIYA INC|13873 Park Center Road, Suite 376||Herndon
2|Expert AI Technologies Inc|13877 Walney Park Drive||Fairfax
2|Expert AI Technologies LLC|13877 Walney Park Drive||Chantilly
2|SKY SOLUTIONS LLC|13921 PARK CENTER ROAD|SUITE 100|HERNDON
2|ZOLON TECH SOLUTIONS INC|13921 PARK CENTER ROAD|SUITE 500|HERNDON
2|ECS Corporate Services Inc|14026 Thunderbolt Place|Suite 300|Chantilly
2|ECS Southeast LLC|14026 Thunderbolt Place|Suite 900|Chantilly
2|Westmoreland County School Board|141 Opal Lane||Montross
2|Westmoreland County Public Schools|141 Opal Lane||Montross
2|PIPER COMPANIES LLC|1410 Spring Hill Road|Suite 300|McLean
2|Piper Companies LLC|1410 Spring Hill Road|Suite 300|McLean
2|YM Dental Lab Inc|14100 PARK MEADOW DR|1st Floor|CHANTILLY
2|DENTCORE INC|14100 PARK MEADOW DR|STE 100|CHANTILLY
2|Data Analytics and Creative Solutions LLC|14101  Parke Long Ct|Ste 203|Chantilly
2|Data Analytics and Creative Solutions LLC|14101  Parke Long Ct|Suite 203|Chantilly
2|DATA ANALYTICS AND CREATIVE SOLUTIONS|14101 PARKE LONG COURT|SUITE 203|CHANTILLY
2|TELMA SOLUTIONS LLC|14101 PARKE LONG COURT|SUITE 206|CHANTILLY
2|Dhanu Global Enterprises Incorporation|14101 Parke Long Court|Suite 201|Chantilly
2|Telma Solutions LLC|14101 Parke Long Court|Suite 206|Chantilly
2|Dhanu Global Enterprises Incorporation|14101 Parke Long Ct.|Suite 201|Chantilly
2|Data Analytics and Creative Solutions LLC|14101 Parke Long Ct.|Suite 203|Chantilly
2|Endeavour Technologies Inc|14101 SULLYFIELD CIR|SUITE 400A|CHANTILLY
2|ENDEAVOUR TECHNOLOGIES INC|14101 SULLYFIELD CIR|SUITE 400A|CHANTILLY
2|Bryce Enterprise LLC|14101 Sullyfield Cir|STE 100|Chantilly
2|Endeavour Technologies Inc|14101 Sullyfield Cir|STE 400A|Chantilly
2|FiniteTek Inc|14102 Sullyfield Circle|Suite 2350-A|Chantilly
2|Technology Hub Inc|14102 Sullyfield Circle|Suite 350B|Chantilly
2|ACEINTEGRATOR INC|14120 Parke Long Court|Suite 205|CHANTILLY
2|Aceintegrator Inc|14120 Parke Long Court|Suite 205|Chantilly
2|National Datacare LLC|14155 Newbrook Drive|Suite 200|Chantilly
2|National Datacare Corporation|14155 Newbrook Drive|Suite 200|Chantilly
2|Dulles Geotechnical and Material Testing Services Inc|14155 Sullyfield Circle|Ste H|Chantilly
2|DULLES GEOTECHNICAL AND MATERIAL TESTING SERVICES INC|14155 Sullyfield Circle|Ste H|Chantilly
2|AJACE Inc|14159 Robert Paris CT|A|Chantilly
2|AJACE Inc|14159 Robert Paris CT|Suite A|Chantilly
2|AJACE INC|14159 Robert Paris Ct, Suite A||Chantilly
2|AJACE Inc|14159 Robert Paris Ct, Suite A||Chantilly
2|Ajace Inc|14159A ROBERT PARIS CT||CHANTILLY
2|AJACE INC|14159A ROBERT PARIS CT||CHANTILLY
2|AJACE Inc|14159A Robert Paris Ct||Chantilly
2|Ajace Inc|14159A Robert Paris Ct||Chantilly
2|BEHL ORTHODONTICS PLLC|142 Independence Blvd||Virgina Beach
2|BEHL ORTHODONTICS PLLC|142 Independence Blvd||Virginia Beach
2|Danville Regional Medical Center LLC|142 South Main Street||Danville
2|Danville Physician Practices LLC|142 South Main Street||Danville
2|HAVATECH Inc|14210 Sulleyfield Circle|Suite C|Chantilly
2|Havatech Inc|14210 Sulleyfield Circle|Suite C|Chantilly
2|Dynex Technologies, inc.|14340 Sullyfield Circle||Chantilly
2|Dynex Technologies Inc|14340 Sullyfield Circle||Chantilly
2|CATHERINE C LEAVITT DC LLC|1451 BELLE HAVEN ROAD|SUITE 330|ALEXANDRIA
2|CATHARINE C. LEAVITT DC LLC|1451 BELLE HAVEN ROAD|SUITE 330|ALEXANDRIA
2|TEXPERTS INC|14520 Avion Pkwy|Ste 340|CHANTILLY
2|TekInsta Inc|14520 Avion Pkwy|Ste 350|Chantilly
2|Trigent Solutions Inc|14801 Murdock St|Suite 120-A|Chantilly
2|eIDEA Inc|14801 Murdock St|Suite 145|Chantilly
2|McCabe World Travel Inc|1481 Chain Bridge Road|STE 200|McLean
2|Kids Language Art LLC|1481 Chain Bridge Road|SUITE 103|McLean
2|Parsetek Inc|14900 Bogle Dr|Suite 106|CHANTILLY
2|PARSETEK INC|14900 Bogle Dr|Suite 106|Chantilly
2|GSSR Inc|14900 Bogle Drive|Suite 100|Chantilly
2|Parsetek Inc|14900 Bogle Drive|Suite 106|Chantilly
2|AMPCUS Inc|14900 Conference Center Dr|Suite 500|Chantilly
2|Ampcus Inc|14900 Conference Center Dr|Suite 500|Chantilly
2|Child and Family Services of Eastern VA Inc|150 Boush Street|Suite 500|Norfolk
2|Child & Family Services of Eastern VA Inc|150 Boush Street|Suite 500|Norfolk
2|PrimeStreet LLC|150 Granby St||Norfolk
2|Prime Street LLC|150 Granby St||Norfolk
2|SOC Inc|1501 Duke Street|Suite 300|Alexandria
2|Student Opportunity Center Inc|1501 Duke Street|Suite 300|Alexandria
2|Mission Lane LLC|1504 Belleville Street||Richmond
2|Mission lane LLC|1504 Belleville Street||Richmond
2|Sapient Government Services Inc|1515 North Courthouse Road||Arlington
2|Sapient Government Services Inc|1515 North Courthouse Road||Arlingont
2|Summit Ridge Energy LLC|1515 Wilson Blvd|Suite 300|Arlington
2|Global Tech Inc|1515 Wilson Blvd|Suite 800|Arlington
2|New AeroFarms Inc|1526 Cane Creek Parkway||Ringgold
2|AF NEWCO INC|1526 Cane Creek Parkway||Ringgold
2|The Sycamore School|1550 Wilson Blvd|Ste 300|Arlington
2|Center for Regional Economic Competitiveness|1550 Wilson Blvd|Suite 600|Arlington
2|Edge Research|1560 Wilson Blvd.|Suite 475|Arlington
2|Association Analytics|1560 Wilson Blvd.|Suite 700|Arlington
2|Caton Construction Group Inc|158 Industrial Way|Suite 203|Troy
2|Caton Construction Group Inc|158 Industrial Way||Troy
2|Convergenz LLC|1595 Spring Hill Road|Suite 100|Vienna
2|FrontPoint Security Solutions LLC|1595 Spring Hill Road|Suite 700|Vienna
2|Winchester Radiologists, P.C.|160 Exeter Drive|Suite 103|Winchester
2|Winchester Radiologists, P.C.|160 Exeter Drive|Suite 104|Winchester
2|ADVANCESOFT INC|1604 SPRING HILL ROAD|2ND FLOOR - SUITE 224|VIENNA
2|Blue Lotus Systems Inc|1604 SPRING HILL ROAD|Suite 420|VIENNA
2|SWISSLOG LOGISTICS INC|161 ENTERPRISE DRIVE||Newport News
2|SWISSLOG LOGISTICS INC|161 ENTERPRISE DRIVE||NEWPORT NEWS
2|S.W.I.F.T. Inc|1621 McDevitt Dr.||Culpeper
2|SWIFT Inc|1621 McDevitt Dr.||Culpeper
2|Biomechanics Consulting and Research LC|1627 Quail Run|N/A|Charlottesville
2|Biomechanics Consulting and Research LLC|1627 Quail Run||Charlottesville
2|JTM Digital LLC|1660 International Dr|STE 600|Mclean
2|NET ESOLUTIONS CORPORATION|1660 International Dr|Suite 100|Mclean
2|Finalcover LLC|1700 N. Moore Street|Suite 1701|Arlington
2|Finalcover LLC|1700 N. Moore Street|Suite 1928|Arlington
2|Block.one LLC|1701 KRAFT DRIVE||BLACKSBURG
2|Bullish US LLC|1701 KRAFT DRIVE||BLACKSBURG
2|Koontz, Bryant, Johnson, Williams Inc|1703 N Parham Road|Suite 202|Henrico
2|Koontz Bryant Johnson Williams Inc|1703 N Parham Road|Suite 202|Henrico
2|St Jardins|171 Elden St|3C3|Brambleton
2|St Jardins|171 Elden St|3C3|Herndon
2|NIRSense Inc|1717 E Cary Street||Richmond
2|NIRSense LLC|1717 E Cary Street||Richmond
2|FairBlaze IT Inc|1735 Gilson Street|Suite 100|Falls Church
2|FairBlaze It Inc|1735 Gilson Street|Suite 100|Falls Church
2|CVENT INC|1765 GREENSBORO STATION PLACE|FLOOR 7TH|MCLEAN
2|MUTATIO INC|1765 GREENSBORO STATION PLACE|SUITE 900|MCLEAN
2|Cvent Inc|1765 Greensboro Station PL|Floor 7|Tysons
2|Cvent Inc|1765 Greensboro Station PL|Floor 7th|Tysons
2|AB2 Consulting Inc|1767 Business Center Dr|STE 202|Reston
2|AB2 Consulting Inc|1767 Business Center Dr|Suite 202|Reston
2|Amazon Development Center U.S. Inc|1770  Crystal Drive||Arlington
2|Amazon.com Services LLC|1770  Crystal Drive||Arlington
2|LSG Landscape Architecture Inc|1775 Greensboro Station Place|Suite 110|McLean
2|Vanasse Hangen Brustlin Inc|1775 Greensboro Station Place|Suite 200|Tysons
2|Kit Check Inc|1800 Duke Street|Suite 108|Alexandria
2|Bluesight Inc|1800 Duke Street|Suite 108|Alexandria
2|Trase Systems Inc|1800 Tysons Blvd.|Suite 900|McLean
2|Zephyr AI Inc|1800 Tysons Blvd.|Suite 901|McLean
2|Brinks Incorporated|1801 Bayberry Court|N/A|Richmond
2|Brinks Global Services USA Inc|1801 Bayberry Court||Richmond
2|Hypori Inc|1801 Robert Fulton Drive|SUITE 340|Reston
2|Pure Integration LLC|1801 Robert Fulton Drive|Suite 450|Reston
2|Meadows, Urqhuhart, Acree & Cook, LLP|1802 Bayberry Court|Suite 102|Henrico
2|Meadows, Urqhuhart, Acree & Cook, LLP|1802 Bayberry Court|Suite 102|Richmond
2|Arts & Letters Creative Co. LLC|1805 Highpoint Avenue||Richmond
2|ARTS & LETTERS CREATIVE CO. LLC|1805 Highpoint Avenue||RICHMOND
2|Somatus Inc|1861 International Drive|Suite 600|McLean
2|Somatus Inc|1861 International Drive|Suite 600|Mclean
2|Pearl Consulting Services Inc|1875 Campus Commons Dr|STE 210|Reston
2|Pearl Consulting Services Inc|1875 Campus Commons Dr|Suite 210|Reston
2|ScientiaMobile Inc|1875 Campus Commons Drive|Suite 300|Reston
2|Ventera Corporation|1875 Campus Commons Drive|Suite 304|Reston
2|Protech Dental Studio Inc|1890 PRESTON WHITE DR|STE 300|RESTON
2|Global Technology Associates LLC|1890 PRESTON WHITE DR|Suite 150|Reston
2|MAXIMUS Inc|1891 Metro Center Drive||Reston
2|Maximus Inc|1891 Metro Center Drive||Reston
2|Global Tech Inc|1900 Gallows Road|SUITE 800|Vienna
2|Intellect Solutions LLC|1900 Gallows Road|Suite 300|Vienna
2|Synergy Business Innovation & Solutions Inc|1902 Campus Commons Dr|Suite 430|Reston
2|Synergy Business Innovation & Solutions Inc|1902 Campus Commons Dr|Suite 600|Reston
2|CARILION MEDICAL CENTER|1906 Belleview Avenue, S.E.||Roanoke
2|Carilion Medical Center|1906 Belleview Avenue, S.E.||Roanoke
2|Consulting & IT LLC|1920 Association Drive|Suite 101|Reston
2|Cloud BC Labs Inc|1920 Association Drive|Suite 501|Reston
2|ARK SOLUTIONS INC|1939 Roland Clark Place, Suite 300||Reston
2|ARK Solutions Inc|1939 Roland Clark Place, Suite 300||Reston
2|Oblon, McClelland, Maier & Neustadt, LLP|1940 Duke Street||Alexandria
2|Five Guys Enterprises LLC|1940 Duke Street||Alexandria
2|DEXTER SYSTEMS INC|19490 SANDRIDGE WAY|SUITE 320|Leesburg
2|DEXTER SYSTEMS INC|19490 SANDRIDGE WAY|SUITE 320|LANSDOWNE
2|THE KOREA-US SCIENCE COOPERATION CENTER INC|1952 Gallows Road|Suite 202|Vienna
2|Yun Associates LLC|1952 Gallows Road|Suite 208|Vienna
2|STraffic America LLC|1953 Gallows Road|Suite 145|Vienna
2|Kazi Inc|1953 Gallows Road|Suite 508|Vienna
2|POMS CORPORATION|196 Van Buren Street|Suite 200|HERNDON
2|Armature Solutions Corporation|196 Van Buren Street||Herndon
2|Liberty University Inc|1971 University Blvd|N/A|Lynchburg
2|Liberty University Inc|1971 University Blvd||Lynchburg
2|HOMEWORK SOLUTIONS INC|2 Pidgeon Hill Drive|Suite 300|Sterling
2|Albryte Support Services LLC|2 Pidgeon Hill Drive|Suite 540|Sterling
2|Mejenta Systems Inc|20 Pidgeon Hill Dr|Suite 208|Sterling
2|Mejenta Systems Inc|20 Pidgeon Hill Dr|Suite 208|Potomac Falls
2|Washington & Baltimore Suburban Press Network Inc|20 Pidgeon Hill Dr.|Suite 201|Sterling
2|MEJENTA SYSTEMS INC|20 Pidgeon Hill Dr.|Suite 208|Sterling
2|Virginian Physical Therapy and Staffing LLC|20 Pidgeon Hill Drive|SUITE 103|Sterling
2|Mejenta Systems Inc|20 Pidgeon Hill Drive|Suite 208|Sterling
2|Catholic Diocese of Arlington|200 N. Glebe Road|Suite 922|Arlington
2|Catholic Diocese of Arlington|200 N. Glebe Road||Arlington
2|Triumph Services|200 Westgate Parkway|Suite 100|Henrico
2|Terazo Inc|200 Westgate Parkway|Suite 101|Richmond
2|Easy Dynamics Corporation|2000 Corporate Ridge|Ste 240|McLean
2|OBXtek Inc|2000 Corporate Ridge|Suite 400|McLean
2|ACTFORE INC|2000 EDMUND HALLEY DRIVE|SUITE 330|RESTON
2|IBA PROTON THERAPY INC|2000 EDMUND HALLEY DRIVE||RESTON
2|Imaan International Inc|2000 International Parkway|STE 101|Fredericksburg
2|Imaan International Inc|2000 International Parkway|Suite 101|Fredericksburg
2|Dominion Digital Inc|2000 W. Marshall Street|2nd Floor|Richmond
2|Dominion Digital Inc|2000 W. Marshall Street|Second Floor|Glen Allen
2|SAPPHIRE SOFTWARE SOLUTIONS INC|20130 LAKEVIEW CENTER PLZ|SUITE 400|ASHBURN
2|Veloce IT Group LLC|20130 LAKEVIEW CENTER PLZ|Suite 458|ASHBURN
2|Sapphire Software Solutions Inc|20130 Lakeview Center Plz|Ste 400|Ashburn
2|COM4 Global Inc|20130 Lakeview Center Plz|Suit 400|Ashburn
2|Abdev Solutions Inc|20130 Lakeview center Plaza|Ste 452|Ashburn
2|Abdev Solutions Inc|20130 Lakeview center Plaza||Ashburn
2|Infovista Corporation|20405 Exchange Street|Suite 300|Ashburn
2|InfoVista Corporation|20405 Exchange Street|Suite 301|Ashburn
2|ZYMO SOLUTIONS LLC|205 VAN BUREN ST|SUITE 120|HERNDON
2|EMFOI INC|205 VAN BUREN ST|SUITE 120|HERNDON
2|Emfoi Inc|205 Van Buren St,|Suite 120|Herndron
2|Enfoi Inc|205 Van Buren St,|Suite 120|Herndron
2|ITSyntax Inc|207 East Holly Ave|Ste 203|Sterling
2|ITSyntax Inc|207 East Holly Ave|Suite 203|Sterling
2|Zillion Technologies Inc|20745 Williamsport Pl|Suite 250|Ashburn
2|Altek Inc|20745 Williamsport Pl|Suite 370|Ashburn
2|Somireddy Law Group PLLC|20745 Williamsport Pl, Suite 390||Ashburn
2|Somireddy Law Group|20745 Williamsport Pl, Suite 390||Ashburn
2|KODEVA LLA|20755, WILLIAMSPORT PL|SUITE 320|ASHBURN
2|KODEVA LLC|20755, WILLIAMSPORT PL|SUITE 320|ASHBURN
2|LynxTech Group LLC|209 Elden St|Suite 208|Herndon
2|LynxTech Group LLC|209 Elden St|Suite 306|Herndon
2|Bonaventure Construction LLC|209 Madison Street|4th Floor|Alexandria
2|Bonaventure Shared Services LLC|209 Madison Street|Suite 400|Alexandria
2|Lynchburg Nephrology Physicians, P.L.L.C.|2091 Langhorne Road||Lynchburg
2|Lynchburg Nephrology Physicians, P.L.L.C|2091 Langhorne Road||Lynchburg
2|Science and Technology Corporation|21 Enterprise Parkway|Suite 150|Hampton
2|Analytical Mechanics Associates Inc|21 Enterprise Parkway|Suite 300|Hampton
2|ANTRA INC|21000 ATLANTIC BLVD.|SUITE 300|STERLING
2|TECHWISH LLC|21000 ATLANTIC BLVD.|SUITE 310|STERLING
2|Morten Beyer & Agnew Inc|2101 Wilson Blvd.|Suite 1001|Arlington
2|Erickson Immigration Group, P.C.|2101 Wilson Blvd.|Suite 1100|Arlington
2|Morten Beyer & Agnew Inc|2101 Wilson Boulevard|Suite 1001|Arlington
2|Kerecis LLC|2101 Wilson Boulevard|Suite 900|Arlington
2|Robin Merger Corporation Inc|2111 Wilson Blvd Suite 3000||Arlington
2|Robin Merger Co. LLC|2111 Wilson Blvd Suite 3000||Arlington
2|U.S. Software & Consulting Inc|21165 Whitfield Place|106|Sterling
2|US Software & Consulting Inc|21165 Whitfield Place|106|Sterling
2|Overview Energy Inc|21220 Ashburn Crossing Drive|120|Ashburn
2|Overview Energy Inc|21220 Ashburn Crossing Drive|Suite 120|Ashburn
2|Unison Marketplace Inc (formerly FedBid Inc)|21251 Ridgetop Circle|Suite 100|Dulles
2|MHM Health Professionals LLC|21251 Ridgetop Circle|Suite 150|Sterling
2|Pro-Football LLC|21300 Coach Gibbs Drive||Ashburn
2|Pro-Football Inc|21300 Coach Gibbs Drive||Ashburn
2|COMPROBASE INC|21351 GENTRY DRIVE|SUITE 245|STERLING
2|VIGNA SOLUTIONS INC|21351 GENTRY DRIVE|Suite 145|STERLING
2|Antra Inc|21355 Ridgetop CircleSuite 300||Dulles
2|Antra Inc|21355 Ridgetop CircleSuite 300||Dulles,
2|Xceltech Inc|2136 Gallows Road|Suite F|Dunn Loring
2|ITAllianz Inc|2136 Gallows Road|Suite G|Dunn Loring
2|Asiacom Americas Inc|21400 Ridgetop Circle|Ste 180|Sterling
2|Asiacom Americas Inc|21400 Ridgetop Circle|Suite 180|Sterling
2|Technology Hub Inc|21495 Ridgetop Cir|STE Unit 308|Sterling
2|Brothers Consulting LLC|21495 Ridgetop Cir|Suite 203|Sterling
2|Nivid Infotech Inc|21515 Ridgetop Circle|Suite 330|Sterling
2|Nivid InfoTech Inc|21515 Ridgetop Circle|Suite 330|Sterling
2|CAMPAIGN FOR UYGHURS INC|2160 VEENENDAAL CT||HERNDON
2|CAMPAIGN FOR UYGHURS INCORPORATED|2160 VEENENDAAL CT||HERNDON
2|Dr. Ruparelia & Associates-Cascades Sterling, PLLC|21680 Ridgetop Circle|Suite 120|Sterling
2|Dr. Ruparelia & Associates-Cacades Sterling, PLLC|21680 Ridgetop Circle|Suite 120|Sterling
2|KARYO E SYSTEMS INC|21913 GULLANE WAY||Ashburn
2|KARYO E SYSTEMS INC|21913 GULLANE WAY||ASHBURN
2|Valley Health System|220 Campus Blvd.|Suite 420|Winchester
2|Valley Physician Enterprise Inc|220 Campus Blvd.|Suite 420|Winchester
2|Winchester Medical Center|220 Campus Boulevard|Suite 420|Winchester
2|Warren Memorial Hospital|220 Campus Boulevard||Winchester
2|VW Credit Inc|2200 Ferdinand Porsche Drive||Herndon
2|Volkswagen Group of America Inc|2200 Ferdinand Porsche Drive||Herndon
2|Ashoka|2200 Wilson Blvd|Suite 102|Arlington
2|The Players Soccer Academy Travel|2200 Wilson Blvd|Suite 320|Arlington
2|Volkswagen Group of America Inc|2200 Woodland Pointe Ave||Herdon
2|Volkswagen Group of America Inc|2200 Woodland Pointe Ave||Herndon
2|SMK SOFT INC|2201 COOPERATIVE WAY|SUITE 600|HERNDON
2|MERP Systems Inc|2201 COOPERATIVE WAY|SUITE 600|HERNDON
2|J-Ram IT Consulting Inc|2201 Co-operative Way|Ste 600|Herndon
2|J-Ram IT Consulting Inc|2201 Co-operative Way|Ste 600|Ashburn
2|Unboxed Technology LLC|2201 W. Broad Street|Suite 202|Richmond
2|Summit Human Capital|2201 W. Broad Street|Suite 208|Richmond
2|Halifax Regional Hospital|2204 Wilborn Ave||South Boston
2|Sentara Healthcare|2204 Wilborn Ave||South Boston
2|MID ATLANTIC WINGS LLC|222 CENTRAL PARK AVE|SUITE 1640|VIRGINIA BEACH
2|MID ATLANTIC TACO LLC|222 CENTRAL PARK AVE|SUITE 1640|VIRGINIA BEACH
2|LAP PETROLEUM LLC|222 CENTRAL PARK AVENUE|STE 1640|VIRGINIA BEACH
2|JULIE LUMBER LLC|222 CENTRAL PARK AVENUE|SUITE 400|VIRGINIA BEACH
2|Capital IT Solutions INC|222 Catoctin Circle, SE|Ste 126|Virginia Beach
2|Capital IT Solutions INC|222 Catoctin Circle, SE|Ste 126|Leesburg
2|LAP PETROLEUM LLC|222 Central Park Avenue|Ste 1640|Virginia Beach
2|Mid Atlantic Taco LLC|222 Central Park Avenue|Ste 1640|Virginia Beach
2|OxiWear Inc|2231 Crystal Drive|Ste 204|Arlington
2|Oxiwear Inc|2231 Crystal Drive|Suite 204|Arlington
2|Datalogiqs Inc|22636 Davis Dr|Ste 130|Sterling
2|Datasync Inc|22636 Davis Dr|Ste 150|Sterling
2|TEKORG INC|22636 GLENN DR|STE 203|STERLING
2|TEKORG INC|22636 GLENN DR|SUITE 203|STERLING
2|TEKSKY LLC|22636 GLENN DRIVE|SUITE 203|STERLING
2|TEKORG INC|22636 GLENN DRIVE|SUITE 203|STERLING
2|Master Informatix Systems Inc|22648 Glenn Drive|Suite 105|Sterling
2|Stealth Solutions Inc|22648 Glenn Drive|Suite 206-D|Sterling
2|Assyst Inc|22866 Shaw Road||Sterling
2|Assyst Inc (formerly Advanced Software Systems)|22866 Shaw Road||Sterling
2|Windward Consulting Group Inc|2291 Wood Oak Drive|Suite 150|Herndon
2|Deltek Inc|2291 Wood Oak Drive||Herndon
2|Liberian International Ship and Corporate Registry|22980 Indian Creek Drive|Suite 200|Dulles
2|LISCR LLC|22980 Indian Creek Drive|Suite 200|Dulles
2|i360 Holdings LLC|2300 Clarendon Boulevard|Suite 800|Arlington
2|Demeter Analytics Services LLC|2300 Clarendon Boulevard|Suite 800|Arlington
2|Stride Inc|2300 Corporate Park Drive||Herndon
2|K12 Inc|2300 Corporate Park Drive||Herndon
2|MARY WASHINGTON HEALTHCARE|2300 FALL HILL AVE|SUITE 207|Fredericksburg
2|Mary Washington Healthcare Physicians|2300 FALL HILL AVE||Fredericksburg
2|Associated General Contractors of America|2300 Wilson Blvd|Suite 300|Arlington
2|As If Pictures US Inc|2300 Wilson Blvd|Suite 700, Number 1038|Arlington
2|Comtrix Solutions Inc|23099 Red Sunset Place||Aldie
2|Cosmic Healthcare LLC|23099 Red Sunset Place||Aldie
2|Collaborative Health Partners|2321 Wards Road||Lynchburg
2|Liberty Mountain Medical Group|2321 Wards Road||Lynchburg
2|Trianz Digital Consulting Inc|2325 Dulles Corner Blvd|Suite 575|Herndon
2|Exostar LLC|2325 Dulles Corner Blvd|Suite 600|Herndon
2|Vinci Construction LLC|2331 Mill Road, Suite 501||Alexandria
2|VINCI Construction LLC|2331 Mill Road, Suite 501||Alexandria
2|Communities in Schools Inc|2345 Crystal Drive|700|Arlington
2|2U Inc|2345 Crystal Drive|Suite 1100|Arlington
2|INFOMATICS CORP.|23465 ROCK HAVEN WAY|SUITE 100|STERLING
2|CASCADES DATA SOLUTIONS INC|23465 ROCK HAVEN WAY|SUITE 200|DULLES
2|China Unicom Americas Operations Ltd.|2355 Dulles Corner Blvd|STE 688|Herndon
2|China Unicom Americas Operations Ltd.|2355 Dulles Corner Blvd|Suite 688|Herndon
2|Rivanna Medical LLC|2400 Hunters Way||Charlottesville
2|Rivanna Medical Inc|2400 Hunters Way||Charlottesville
2|Specialists on Call LLC|2411 Dulles Corner Park Dr.|Suite 475|Herndon
2|Specialists On Call LLC (f/k/a Specialists On Call Inc)|2411 Dulles Corner Park Dr.|Suite 475|Herndon
2|Pisoft Inc|24371 Linden Tree Ct|N/A|Aldie
2|Pisoft Inc|24371 Linden Tree Ct||Aldie
2|LORSHI SYSTEMS LLC|24600 Millstream Dr|SUITE 455|Aldie
2|LORSHI SYSTEMS LLC|24600 Millstream Dr|Suite 455|Aldie
2|Prime IT Solutions LLC|24763 Miners Mill Pl||Aldie
2|Prime IT Solutions|24763 Miners Mill Pl||Aldie
2|Chiron Physical Therapy of VA|24790 Meadows Farm||South Riding
2|Chiron Physical Therapy of VA LLC|24790 Meadows Farm||South Riding
2|SWARTEK CORPORATION|2503 DEER WOOD CT||HERNDON
2|SWARTEK CORPORATION|2503 DEER WOOD CT||Herndon
2|Dominion Dental USA Inc|251 18th Street South|Suite 900|Arlington
2|Dominion National|251 18th Street South|Suite 900|Arlington
2|Creative Systems and Consulting, L.L.C.|2550 S Clark St|12th Floor|Arlington
2|CREATIVE SYSTEMS AND CONSULTING LLC|2550 S Clark St|Suite 1200|Arlington
2|National Police Foundation|2550 S Clark Street|Suite 1130|Arlington
2|Association of Childrens Museums Inc|2550 S Clark Street|Suite 600|Arlington
2|Incentive Technology Group LLC|2550 South Clark Street|12th Floor|Arlington
2|Creative Systems and Consulting LLC|2550 South Clark Street|Suite 200|Arlington
2|ERP CLOUD TECHNOLOGIES LLC|2551 DULLES VIEW DRIVE|SUITE 350|HERNDON
2|SYSTEM SOFT TECHNOLOGIES LLC|2551 DULLES VIEW DRIVE|SUITE 350|HERNDON
2|Jacobs Technology Inc|2551 Dulles View Drive|Suite 700|Herndon
2|NTT DATA Federal Services Inc|2551 Dulles View Drive||Herndon
2|Cloud Nine Technologies Inc|2553 Dulles View Dr.|Suite 240|Herndon
2|Openet Telecom Inc|2553 Dulles View Dr.|Suite 500|Herndon
2|Aura Sub LLC|2553 Dulles View Drive|4th Floor|Herndon
2|Intersections Inc|2553 Dulles View Drive|4th Floor|Herndon
2|AAA VIRGINIA CONSULTING INC|26 Plaza Street NE|SUITE C|Leesburg
2|AAA Virginia Consulting Inc|26 Plaza Street NE|Suite C|Leesburg
2|ENSCO Inc|2600 Park Tower Drive, Suite 400||Vienna
2|ENSCO Rail Inc|2600 Park Tower Drive, Suite 400||Vienna
2|Golden Bowl Inc|2623 Wards Road||Lynchbur
2|Golden Bowl Inc|2623 Wards Road||Lynchburg
2|PersuMedia LLC|2650 Park Tower Drive|STE 501|Vienna
2|Ethics Resource Center Inc|2650 Park Tower Drive|Suite 802|Vienna
2|Sunset Pool Management Inc|2701 N. Pershing Drive||Arlington
2|Sunset Pool Inc|2701 N. Pershing Drive||Arlington
2|METROPOLITAN WASHINGTON AIRPORTS AUTHORITY|2733 CRYSTAL DRIVE|Suite 500|ARLINGTON
2|METROPOLITAN WASHINGTON AIRPORTS AUTHORITY|2733 CRYSTAL DRIVE|TWO POTOMAC YARD BUILDING|ARLINGTON
2|American Technology Services LLC|2751 Prosperity Ave|6th Floor|Fairfax
2|Overture LLC|2751 Prosperity Ave|Suite 250|Fairfax
2|Hauni Richmond Inc|2800 Charles City Road||Richmond
2|Korber Technologies Inc|2800 Charles City Road||Richmond
2|USA CABINET STORE LLC|2832 DORR AVE|STE E|FAIRFAX
2|USA KITCHEN EXPO FAIRFAX LLC|2832 DORR AVE|STE E|FAIRFAX
2|ACE Physical Therapy & Sports Medicine Institute LLC|2841 Hartland Road,  401||Falls Church
2|Advanced Medical & Professional Solutions Inc|2841 Hartland Road,  401||Falls Church
2|PeopleNTech LLC|2900 Eisenhower Avenue|5th floor|Alexandria
2|Washington University of Science and Technology LLC|2900 Eisenhower Avenue|5th floor|Alexandria
2|Decision Spot|2900 Polo Parkway|103|Midlothian
2|Ashlake Tech LLC|2900 Polo Parkway|Suite 103|Midlothian
2|The Cardiovascular Group PC|2901 Telestar Court|Suite 300|Falls Church
2|National Association of Insurance and Financial Advisors|2901 Telestar Court||Falls Church
2|CustomInk LLC|2910 District Avenue, Ste. 300||Fairfax
2|Printfection LLC|2910 District Avenue, Ste. 300||Fairfax
2|MAC ST HOSPITALITY GROUP|2930 CHAIN BRIDGE ROAD|111|STERLING
2|MAC ST HOSPITALITY GROUP LLC|2930 CHAIN BRIDGE ROAD|111|OAKTON
2|Brothers Consulting LLC|2971 Valley Ave|Suite 205|Wichester
2|Brothers Consulting LLC|2971 Valley Ave|Suite 205|Winchester
2|Shamin Hotels Inc|300 E. Franklin Street||Richmond
2|Shamin Hotels|300 E. Franklin Street||Richmond
2|The Common Application Inc|3003 Washington Boulevard|Suite 1000|Arlington
2|Symplicity Corporation|3003 Washington Boulevard|Suite 900|Arlington
2|Setty & Associates LTD|3040 Williams Drive Suite 600||Fairfax
2|Setty & Associates International, PLLC|3040 Williams Drive Suite 600||Fairfax
2|SANNISOFT LLC|3060 Williams Drive|STE 300|Fairfax
2|SANNISOFT LLC|3060 Williams Drive|Suite 300|Fairfax
2|Stafford County School Board|31 Stafford Avenue||Stafford
2|Stafford County Public Schools|31 Stafford Avenue||Stafford
2|Nelson Byrd Woltz LLC|310 E Market Street||Charlottesville
2|Nelson Byrd Woltz LLC|310 E Market Street||Charlottesbville
2|Strategic Innovation Group LLC|3100 Clarendon Blvd|Suite 200|Arlington
2|Bridgeline Mid-Atlantic Inc|3100 Clarendon Blvd|Suite 200|Arlington
2|Kaztronix LLC|3101 Wilson Blvd.|Suite 500|Arlington
2|DFS Construction Corporation|3101 Wilson Blvd.|Suite 700|Arlington
2|AZZAD ASSET MANAGEMENT INC|3141 FAIRVIEW PARK DRIVE|SUITE 355|FALLS CHURCH
2|BIZFLOW CORP.|3141 FAIRVIEW PARK DRIVE|SUITE 850|Falls Church
2|Soli Organic Inc|3156 N. Valley Pike||Rockingham
2|Soli Organics Inc|3156 N. Valley Pike||Rockingham
2|Giants Services Sprl Llc|317 Moseby Court|Apt. F|MANASSAS PARK
2|Giants Services Sprl Llc|317 Moseby Court|Apt. F|Manassas Park
2|GIANTS SERVICES SPRL LLC|317 Moseby Court,|Apt. F|MANASSAS PARK
2|GIANTS SERVICES SPRL LLC|317 Moseby Court,|Apt. F|Manassas Park
2|Bayview Physician Services, P.C.|3241 Western Branch Boulevard||Chesapeake
2|Bayview Physician Services|3241 Western Branch Boulevard||Chesapeake
2|Ranieri and Associates PLC|33 Cedarside Ct||Front Royal
2|RANIERI AND ASSOCIATES PLC.|33 Cedarside Ct||Front Royal
2|The Uttermost Co.|3325 Grassy Hill Road||Rocky Mount
2|The Uttermost Company|3325 Grassy Hill Road||Rocky Mount
2|Lynker Corporation|338 East Market St|SUITE 100|Leesburg
2|LYNKER TECHNOLOGIES LLC|338 East Market St|SUITE 100|Leesburg
2|ClinRÃ© Inc|3434 Washington Blvd, Ste 1300|Mailbox 13|Arlington
2|CLINRE INC|3434 Washington Blvd, Ste 1300|Mailbox 13|Arlington
2|PEAK PERFORMANCE CONSULTING LLC|344 McLaws Circle||Williamsburg
2|PEAK PHYSICAL THERAPY PLC|344 McLaws Circle||Williamsburg
2|Liberty Source PBC|355 Fenwick Road||Hampton
2|Liberty Source PBA|355 Fenwick Road||Hampton
2|IBS of America Corporation|3732 Profit Way|N/A|CHESAPEAKE
2|IBS of America Corporation|3732 Profit Way||Chesapeake
2|S R Health Care Services Inc|375 Four Leaf Lane|Suite 201 A|Charlottesville
2|SR Health Care Services Inc|375 Four Leaf Lane|Suite 201A|Charlottesville
2|LOGICATECH INC|3751 WESTERRE PKWY, STE   B||RICHMOND
2|LOGICATECH INC|3751 WESTERRE PKWY, STE   B||RICJMOND
2|AMERICAN INFOSYS INC|3781 Westerre Pkwy   F||RICHMOND
2|3781 Westerre Pkwy F|3781 Westerre Pkwy   F||RICHMOND
2|AMERICAN INFOSYS INC|3781 Westerre Pkwy,   F||RICHMOND
2|American Infosys Inc|3781 Westerre Pkwy,   F||Richmond
2|Deque Systems Inc|381  Elden Street|Suite 2000|Herndon
2|Deque Systems Inc|381  Elden Street|Suite 2000|Hernson
2|Ingress IT Solutions LLC|3855 Rainier Dr||Fairfax
2|Ingress IT Solutions|3855 Rainier Dr||Fairfax
2|NAVHEALTH INCORPORATED|3865 WILSON BLVD|SUITE 225|ARLINGTON
2|NavHealth Inc|3865 WILSON BLVD|SUITE 500|ARLINGTON
2|FAM Construction LLC|3877 Fairfax Ridge Road|Suite 300C|Fairfax
2|FAM Construction LLC|3877 Fairfax Ridge Road||Fairfax
2|Asset Performance Partners Inc|3900 Westerre Parkway|Ste 300|Richmond
2|Global Infrastructure Services LLC|3900 Westerre Parkway|Suite 300|Richmond
2|TECHSPHERE LLC|3900 Westerre Pkwy|Suite 300|Innsbrook
2|Web3ola LLC|3900 Westerre Pkwy|Suite 300|Richmond
2|Virginia Animal Care PLLC|3903 Fair Ridge Dr|Suite A|Fairfax
2|Virginia Animal Care PLLC|3903 Fair Ridge Dr|Suite A1|Fairfax
2|Expert AI Technologies Inc|3916 Clares Ct.||Fairfax
2|Expert AI Technologies|3916 Clares Ct.||Fairfax
2|AMA Engineers LLC|3930 Pender Drive|Suite 310|Fairfax
2|NeuroPsych Wellness Center, P.C.|3930 Pender Drive|Suite 350|Fairfax
2|NewsHour Productions LLC|3939 Campbell Avenue||Arlington
2|Newshour Productions LLC|3939 Campbell Avenue||Arlington
2|Wright Aloba CPA,PC|4000 W Mercury Blvd||Hampton
2|Wright Aloba, CPA,PC|4000 W Mercury Blvd||Hampton
2|Akvarr Inc|4031 University Dr|Suite 100|Fairfax
2|Han and Associates, PLLC|4031 University Dr|Suite 100|Fairfax
2|Jonas Collections and Recovery Inc|4035 Ridge Top Road|Suite 600|Fairfax
2|JONAS COLLECTIONS AND RECOVERY INC|4035 Ridge Top Road|Suite 600|Fairfax
2|Hart Business Solutions LLC|405 E Laburnum Ave|Ste 3, PMB 53|Richmond
2|Second Nature Brands Inc|405 E Laburnum Ave|Suite 3|Richmond
2|Torc Robotics Inc|405 Partnership Dr.||Blacksburg
2|TORC Robotics Inc|405 Partnership Dr.||Blacksburg
2|TORC Robotics Inc|405 Partnership Drive||Blacksburg
2|TORC ROBOTICS INC|405 Partnership Drive||Blacksburg
2|Atlas Economic Research Foundation|4075 Wilson Blvd.|Suite 310|Arlington
2|Decision Lens Inc|4075 Wilson Blvd.|Suite 700|Arlington
2|ICS NETT INC|4116 Walney Road|Suite D|Chantilly
2|ICS Nett INC|4116 Walney Road|Suite D|Chantilly
2|Smarton Solutions Inc|4118 E Parham ROAD|STE B|Henrico
2|Logicroute LLC|4118 E Parham ROAD|STE C|Henrico
2|Smarton Solutions Inc|4118 E Parham Road|Suite B|Henrico
2|Logicroute LLC|4118 E Parham Road|Suite C|Henrico
2|Highway Loss Data Institute|4121 Wilson Boulevard|6th Floor|Arlington
2|Insurance Institute for Highway Safety|4121 Wilson Boulevard|6th Floor|Arlington
2|RawKey Technologies LLC|41465 Courtney Nicole PL||Aldie
2|Rawkey Technologies LLC|41465 Courtney Nicole PL||ALDIE
2|RawKey Technologies|41465 Courtney Nicole Pl||Aldie
2|RawKey Technologies LLC|41465 Courtney Nicole Pl||Aldie
2|DOMINION CONSTRUCTION PARTNERS LLC|4198 COX ROAD|STE 107|GLEN ALLEN
2|DOMINION CONSTRUCTION PARTNERS LLC|4198 COX ROAD|SUITE 107|GLEN ALLEN
2|MarginEdge Co|4200 Wilson Blvd.|Suite 1100|Arlington
2|Cambium Assessment Inc|4200 Wilson Blvd.|Suite 610|Arlington
2|Electrotempo Inc|4201 Wilson Blvd.|Suite 300|Arlington
2|RIT Solutions Inc|4201 Wilson Blvd.|Suite 300|Arlington
2|ARINSPECT INC|4205 RIDGE TOP ROAD||FAIRFAX
2|DXFACTOR LLC|4205 RIDGE TOP ROAD||FAIRFAX
2|Annandale OB-GYN Inc|4208 Evergreen Ln|Suite 213|Annadale
2|Annandale OBGYN|4208 Evergreen Ln|Suite 213|Annandale
2|TANVI IT SOLUTIONS INC|4211 Pleasant Valley Road|STE 230|Chantilly
2|Interon IT Solutions LLC|4211 Pleasant Valley Road|Ste 200|Chantilly
2|ISOFTECH INC|4211, PLEASANT VALLEY ROAD|STE 230|CHANTILLY
2|TANVI IT SOLUTIONS INC|4211, PLEASANT VALLEY ROAD|STE 230|CHANTILLY
2|APPLIED PREDICTIVE TECHNOLOGIES INC|4250 FAIRFAX DRIVE|FLOOR 11|ARLINGTON
2|APPLIED PREDICTIVE TECHNOLOGIES INC|4250 FAIRFAX DRIVE|Suite 1100|ARLINGTON
2|APPLIED PREDICTIVE TECHNOLOGIES INC|4250 NORTH FAIRFAX DRIVE|FLOOR 11|ARLINGTON
2|APPLIED PREDICTIVE TECHNOLOGIES INC|4250 NORTH FAIRFAX DRIVE|Suite 1100|ARLINGTON
2|Viscadia Inc|4250 North Fairfax Drive|Suite 600|Arlington
2|Path Finder Tech Corporation|4250 North Fairfax Drive|Suite 600|Arlington
2|Revelado Inc|43028 Ashley Heights Cir||Ashburn
2|Revelado Inc,|43028 Ashley Heights Cir||Ashburn
2|RDM INTERNATIONAL INC|43671 Trade Center Pl|SUITE 130|STERLING
2|RDM International Inc|43671 Trade Center Pl|Suite 130|Sterling
2|AffluentTEK LLC|43676 Trade Center PL|STE 235|Dulles
2|AffluentTEK LLC|43676 Trade Center PL|Ste 235|Dulles
2|RecoveryTrek LLC|440 Monticello Avenue|Ste 100|Norfolk
2|Motimatic, PBC|440 Monticello Avenue|Suite 1802, PMB 665404|Norfolk
2|The Hanover Research Council LLC|4401 Wilson Blvd.|4th Floor|Arlington
2|American Association of Motor Vehicle Administrators|4401 Wilson Blvd.|Suite 700|Arlington
2|Moxie IT Solutions Inc|44025 Pipeline plaza|Suite 110|Ashburn
2|Moxie IT Solutions|44025 Pipeline plaza|Suite 110|Ashburn
2|IT Minds LLC|44075 Pipeline Plaza|Suite 305|Ashburn
2|Ucode Technologies LLC|44075 Pipeline Plaza|Suite 320-2|Ashburn
2|Ucode Technologies L.L.C.|44075 Pipeline plaza|Suite 302-2|Ashburn
2|Ucode Technologies L.L.C.|44075 Pipeline plaza|suite 302-2|Ashburn
2|COMMITPOINT INC|44084 Riverside Pkwy|Suite LL 300|Leesburg
2|COMMITPOINT INC|44084 Riverside Pkwy|Suite LL300|Leesburg
2|ICSA INC|44110 ASHBURN SHOPPING PLAZA|STE 255|ASHBURN
2|ICSA INC|44110 ASHBURN SHOPPING PLAZA|SUITE 255|ASHBURN
2|UV TECHNOLOGY SOLUTIONS INC|44110 Ashburn Shopping Plaza|Suite 201|ASHBURN
2|ICSA Inc|44110 Ashburn Shopping Plaza|Suite 255|Ashburn
2|JK Moving & Storage Inc|44112 Mercure Circle||Sterling
2|JK Moving Services|44112 Mercure Circle||Sterling
2|TEK GIANTS INC|44121 HARRY BYROAD HIGHWAY|SUITE 240-G|ASHBURN
2|IQLOGG INC|44121 HARRY BYROAD HIGHWAY|SUITE 245|ASHBURN
2|ASTA CRS INC|44121 HARRY BYROAD HWY|SUITE 230|ASHBURN
2|NEXTGEN IT SOLUTIONS INC|44121 HARRY BYROAD HWY|SUITE 240-G|ASHBURN
2|NEXTGEN IT SOLUTIONS INC|44121 HARRY BYROAD HWY.|SUITE 240-G|ASHBURN
2|NEXTGEN IT SOLUTIONS INC|44121 HARRY BYROAD HWY.|SUITE 240-G|ASHBRUN
2|Notes n Beats|44190 Waxpool Road|162|Ashburn
2|Notes n Beats LLC|44190 Waxpool Road|Suite 162|Ashburn
2|EXTEND INFORMATION SYSTEMS INC|44258 MERCURE CIRCLE|SUITE 102A|STERLING
2|EXTEND INFORMATION SYSTEMS INC|44258 MERCURE CIRCLE|UNIT 102 A|STERLING
2|Axial Energy Engineering LLC|4426 Redwood Ln||Earlysville
2|Axial Energy LLC|4426 Redwood Ln||Earlysville
2|6AI INC|44330 PREMIER PLAZA|STE 100|ASHBURN
2|International Cloud Business Inc|44330 PREMIER PLAZA|Suite 100|Ashburn
2|NEXZENPROS|44330 mercure cir|Suite 160|Sterling
2|Technology Hub Inc|44330 mercure cir|Suite 167|Sterling
2|PIONEER CONSULTING SERVICES INC|44335 PREMIER PLAZA, SUITE 120||ASHBURN
2|DYNAMIC TECHNOLOGY INC|44335 PREMIER PLAZA, SUITE 120||Ashburn
2|Rimisoft LLC|4437 Brookfield Corporate Dr.|Suite 101|Chantilly
2|Rimisoft LLC|4437 Brookfield Corporate Dr.||Chantilly
2|Loginsoft Consulting LLC|4437 Brookfield Corporate Drive|Suite 101|Chantilly
2|Campbell, Veltri & Clark, PLC|4437 Brookfield Corporate Drive|Suite 205|Chantilly
2|Qualsoft Inc|44381 Navajo Drive||Ashburn
2|QualSoft Inc|44381 Navajo Drive||Ashburn
2|Hanley Energy LLC|44427 Atwater Drive|Suite 130|Ashburn
2|Morcom International Inc|44427 Atwater Drive|Suite 140|Ashburn
2|RAKS Group LLC|4451 Brookfield Corporate Drive|Suite 103|Chantilly
2|Raks Group LLC|4451 Brookfield Corporate Drive|Suite 103|Chantilly
2|Ace Integrator Inc|4455 Brookfield Corporate Dr|Ste 102B|Chantilly
2|Aceintegrator Inc|4455 Brookfield Corporate Dr|Suite 102B|Chantilly
2|JEK ENGINEERING LLC|4460 Brookfield Corporate Drive|Suite J|Chantilly
2|Tech Tammina LLC|4460 Brookfield Corporate Drive|Suite N|Chantilly
2|Oakridge Auction Gallery Inc|44675 Cape Ct|STE 171|Ashburn
2|Oakridge Auction Gallery Inc|44675 Cape Ct|Ste 171|Ashburn
2|Levanture Inc|44679 Endicott Drive|Suite 300 800|Ashburn
2|Cognowiz LLC|44679 Endicott Drive|Suite 300-778|Ashburn
2|The Advizor Group LLC|4470 Cox Road|Suit 275|Glen Allen
2|The Advizor Group LLC|4470 Cox Road|Suite 275|Glen Allen
2|DELVIOM LLC|44790 MAYNAROAD SQUARE SUITE 280||ASHBURN
2|Delviom LLC|44790 MAYNAROAD SQUARE SUITE 280||Ashburn
2|Estatespace LLC|448 Springvale Road||Great Falls
2|Estatespace Inc|448 Springvale Road||Great Falls
2|Black Canyon Consulting LLC|4490 Market Commons Dr.|307|Fairfax
2|Black Canyon Consulting LLC|4490 Market Commons Dr.|Unit 307|Fairfax
2|Black Canyon Consulting LLC|4490 Market Commons Drive|397|Fairfax
2|Black Canyon Consulting LLC|4490 Market Commons Drive|Suite 307|Fairfax
2|Fire Ants Capital LLC|44921 George Washington Blvd|145|ASHBURN
2|Lateetud Inc|44921 George Washington Blvd|Suite 200/205|Ashburn
2|I-CONNECT, LC|44933 GEORGE WASHINGTON BLVD|125|ASHBURN
2|i-Connect LC|44933 GEORGE WASHINGTON BLVD|suite 125|ASHBURN
2|i-Connect, LC|44933 George Washington Blvd|125|Ashburn
2|i-Connect LC|44933 George Washington Blvd|Suite 125|Ashburn
2|Airline Tariff Publishing Company (ATPCO)|45005 Aviation Drive||Sterling
2|Airline Tariff Publishing Company (ATPCO)|45005 Aviation Drive||Dulles
2|Nallapaneni Consultants LLC|4510 Cox Road|STE 300|Glen Allen
2|Nallapaneni Consultants LLC|4510 Cox Road|Suite 300|Glen Allen
2|Markel Group|4521 Highwoods Parkway||Glen Allen
2|Markel Corporation|4521 Highwoods Parkway||Glen Allen
2|Synchronisys Inc|45240 Business Court|Suite 150|Sterling
2|Armature Solutions Corporation|45240 Business Court|Suite 400|Dulles
2|Mythics Inc|4525 Main Street|Suite 1500|Virginia Beach
2|Mythics LLC|4525 Main Street|Suite 1500|Virginia Beach
2|ANCHOR HOMES LLC|45448 E. SEVERN WAY|SUITE 100|STERLING
2|IN-STOCK CABINETS LLC|45448 E. SEVERN WAY|SUITE 100|STERLING
2|DxForge Inc, a subsidiary of Zyxware Technologies Private Limited|457B Carlisle Dr|Suite 205|Herndon
2|DxForge Inc|457B Carlisle Dr|Suite 205|Herndon
2|Bestpegasus LLC|459 Herndon Pkwy|Ste 20|Herndon
2|IT Objects LLC|459 Herndon Pkwy|Suite 20|Herndon
2|G&D Mobile Security America Inc|45925 Horseshoe Drive||Dulles
2|G D Mobile Security America Inc|45925 Horseshoe Drive||Dulles
2|CyberBahn Federal Solutions LLC|4601 Fairfax Dr.|Suite 1200|Arlington
2|Cyberbhan Federal Solutions LLC|4601 Fairfax Dr.|Suite 1200|Arlington
2|Fluence Energy LLC|4601 N Fairfax Drive|Suite 600|Arlington
2|Fluence Energy LLC|4601 N Fairfax Drive||Arlington
2|Techwish LLC|46040 Center Oak Plaza|125|Sterling
2|Techwish LLC|46040 Center Oak Plaza|Suite 125|Sterling
2|CB Fleet Laboratories|4615 Murray Place||Lynchburg
2|CB FLEET COMPANY INC|4615 Murray Place||Lynchburg
2|Stealth Solutions Inc|46191 Westlake Dr.|Suite 112|Sterling
2|Stealth Solutions Inc|46191 Westlake Dr.|Suite 122|Sterling
2|Stealth Solutions Inc|46191 Westlake Drive|Suite 112|Sterling
2|RD International Services LLC|46191 Westlake Drive|Suite 12|Sterling
2|BUSINESS INTELLIGENCE SOLUTIONS INC|462 HERNDON PKWY|UNIT 107,|HERNDON
2|Business Intelligence Solutions Inc|462 HERNDON PKWY|Unit 107|HERNDON
2|SV INFO TECH INC|462 Herndon Parkway|STE 206|Herndon
2|Atlas Wireless and Telecommunications Inc|462 Herndon Parkway|Suite 105|Herndon
2|Veracity Consulting Group LLC|4800 Cox Road|Suite 100|Glen Allen
2|Veracity Consulting Group LLC|4800 Cox Road||Glen Allen
2|Amentum Services Inc|4800 Westfields Blvd|Suite 400|Chantilly
2|AMENTUM SERVICES INC|4800 Westfields Blvd|Suite 400|Chantilly
2|2nd Order Solutions Inc|4991 Lake Brook Drive|Suite 50|Glen Allen
2|2nd Order Solutions Inc|4991 Lake Brook Drive|Suite 50|GLEN ALLEN
2|Riverside Health System|500 J. Clyde Morris Blvd.||Newport News
2|Riverside Hospital Inc|500 J. Clyde Morris Blvd.||Newport News
2|Sentara Martha Jefferson Medical Group|500 Martha Jefferson Drive||Charlottesville
2|Sentara Healthcare|500 Martha Jefferson Drive||Charlottesville
2|Dollar Tree Distribution Inc|500 Volvo Parkway||Chesapeake
2|Dollar Tree Management LLC|500 Volvo Parkway||Chesapeake
2|Advance Auto Business Support LLC|5008 Airport Road||Roanoke
2|Advance Stores Company Inc|5008 Airport Road||Roanoke
2|COSTAR REALTY INFORMATION INC|501 S 5th Street||Richmond
2|CoStar Realty Information Inc|501 S 5th Street||Richmond
2|REALSOFT TECHNOLOGIES LLC|503 CARLISLE DRIVE|SUITE 175|HERNDON
2|ADDO CONSULTING INC|503 CARLISLE DRIVE|Suite 250|HERNDON
2|MOSES OFORI|508 STOCKTON ROAD||NORFOLK
2|MOSES NII ARYEE OFORI|508 STOCKTON ROAD||NORFOLK
2|Lynk Global Inc|510 N. Washington Street|Suite 200|Falls Church
2|Lynk Global Inc|510 N. Washington Street|Suite 300|Falls Church
2|Old Dominion University|5115 Hampton Blvd||Norfolk
2|Old Dominion University|5115 Hampton Blvd||NORFOLK
2|Old Dominion University|5115 Hampton Blvd.|2006|NORFOLK
2|Old Dominion University|5115 Hampton Blvd.||NORFOLK
2|Busch LLC|516 Viking Drive||Virginia Beach
2|Busch Consolidated Inc|516 Viking Drive||Virginia Beach
2|ADAEQUARE INC|5160 PARKSTONE DR|SUITE 100|CHANTILLY
2|AUGMENTARE INC|5160 PARKSTONE DR|SUITE 100|CHANTILLY
2|ADAEQUARE INC|5180 PARKSTONE DR|SUITE 105|CHANTILLY
2|AUGMENTARE INC|5180 PARKSTONE DR|SUITE 105|CHANTILLY
2|New Horizons Regional Education Centers|520 Butler Farm Road||Hampton
2|New Horizons Regional Education Center|520 Butler Farm Road||Hampton
2|Amazon.com Services LLC|525 14th Street S||Arlington
2|Amazon Web Services Inc|525 14th Street S||Arlington
2|Amazon.com Services LLC|52514th St S||Arlington
2|Amazon Web Services Inc|52514th St S||Arlington
2|HMP Properties LLC|5388 Discovery Park Blvd.|Suite 300|Williamsburg
2|N&H Hotels LLC|5388 Discovery Park Blvd.|Suite 300|Williamsburg
2|ENSCO Rail Inc|5400  Port Royal Road||Springfield
2|ENSCO Inc|5400  Port Royal Road||Springfield
2|Alfa Laval Inc|5400 International Trade Drive|N/A|Richmond
2|Alfa Laval Inc|5400 International Trade Drive||Richmond
2|Wave Civil II|5400 Shawnee Road|STE 310|Alexandria
2|Securicon LLC|5400 Shawnee Road|Suite 206|Alexandria
2|Bluestar Systems Inc|5455 Quaint Dr||Woodbridge
2|BLUESTAR SYSTEMS INC|5455 Quaint Dr||Woodbridge
2|Pictor Biotech Inc|5516 Industrial Park Road||Norton
2|Solar Biotech Inc|5516 Industrial Park Road||Norton
2|Elite Business Consulting LLC|555 Grove St|Suite 100|Herndon
2|NextXAP Inc|555 Grove St|Suite 210|Herndon
2|Teknowleap Inc|555 Grove Street,|Suite 209|Herndon
2|Teknowleap Inc|555 Grove Street,|Suite 209|Herndon,
2|MOTO Technology Services LLC|5555 Greenwich Road||Virginia Beach
2|ECPI University LLC|5555 Greenwich Road||Virginia Beach
2|Vanovers Hometown Hardwood|5597 Seminary Road|1318|Falls Church
2|TASDEMIR MARBLE & GRANITE LLC|5597 Seminary Road|Apt. 602-S|Falls Church
2|CHEMTREAT INC|5640 COX ROAD|N/A|GLEN ALLEN
2|ChemTreat Inc|5640 COX ROAD|N/A|GLEN ALLEN
2|Total Resource Management Inc|5695 King Center Drive|Suite 200|Alexandria
2|Total Resource Management Inc|5695 King Center Drive||Alexandria
2|HeartCry Missionary Society|5732 Airport Road NW||Roanoke
2|HeartCry Missionary Society Inc|5732 Airport Road NW||Roanoke
2|Howell Metal Co.|574 New Market Depot Road||New Market
2|Howell Metal Company|574 New Market Depot Road||New Market
2|iSoft Solution LLC|5794 Valley View Dr||Alexandria
2|ISOFT Solution LLC|5794 Valley View Dr||Alexandria
2|Skience LLC|580 HERNDON PARKWAY|SUITE 400|HERNDON
2|Skience LLC|580 HERNDON PARKWAY|SUITE 500|HERNDON
2|Bon Secours Medical Group Richmond Specialty Care LLC|5875 Bremo Road|Suite 710|Richmond
2|Bon Secours Medical Group Richmond Primary Care LLC|5875 Bremo Road|Suite 710(B)|Richmond
2|Sia Precision Education Inc|5902 North Cranston Lane||Fredericksburg
2|Sia Precision Education Inc|5902 North Cranston Lane||Fredricksburg
2|The Edgar Lomax Company|5971 Kingstowne Village Pkwy|Ste 240|Alexandria
2|Kratos Communications Inc|5971 Kingstowne Village Pkwy|Suite 200|Alexandria
2|Mashup IT Inc|6 Pidgeon Hill Drive|Ste 100|Sterling
2|iQuasar LLC|6 Pidgeon Hill Drive|Suite 305|Sterling
2|Virginia Department of Taxation|600 E. Main Street|23rd Floor|Richmond
2|Virginia Department of Transportation|600 E. Main Street|23rd Floor|Richmond
2|Sentara Healthcare|600 Gresham Drive||Norfolk
2|Pathology Sciences Medical Group P.C.|600 Gresham Drive||Norfolk
2|Infoserv LLC|6000 Camerons Ferry Drive||Haymarket
2|Infoserv LLC|6000 Camerons Ferry Drive||Gainesville
2|Sentara Healthcare|6015 Poplar Hall Drive|Suite 100|Norfolk
2|Sentara Health|6015 Poplar Hall Drive|Suite 100|Norfolk
2|Potomac Corporation Conference of Seventh-day Adventists|606 Greenville Avenue||Staunton,
2|Potomac Conference Corporation of Seventh-day Adventists|606 Greenville Avenue||Staunton,
2|Avertra, Corp.|610 Herndon Parkway|Suite 400|Herndon
2|Avertra Corp.|610 Herndon Parkway|Suite 400|Herndon
2|English Construction Company Inc|615 Church Street|Ste 2|Lynchburg
2|English Construction Company Inc|615 Church Street|Suite 2|Lynchburg
2|Unique Technology Group Corp.|6560 Backlick Road|STE 200|Springfield
2|Unique Technology Group Corp.|6560 Backlick Road|STE 216|Springfield
2|WASATCH INFOTECH LLC|6564 Loisdale Court|Suite 600 V|Springfield
2|Bowhead Mission Solutions LLC|6564 Loisdale Court|Suite 900|Springfield
2|James River Management Company Inc|6641 West Broad Street|Ste 300|Richmond
2|James River Management Company Inc|6641 West Broad Street|Suite 300|Richmond
2|Sun Distribution LLC|6701 Loisdale Road Unit L||Springfield
2|Sun Distribtuion LLC|6701 Loisdale Road Unit L||Springfield
2|INTERNATIONAL JUSTICE MISSION|671 N. GLEBE ROAD|SUITE 800|ARLINGTON
2|ETRADE FINANCIAL HOLDINGS LLC|671 N. GLEBE ROAD||ARLINGTON
2|ETRADE FINANCIAL HOLDINGS LLC|671 N. Glebe Road||Arlington
2|ETrade Financial Holdings LLC|671 N. Glebe Road||Arlington
2|Pave America Interco LLC|6801 Kennedy Road|Suite 201|Warrenton
2|Brothers National LLC|6801 Kennedy Road|Suite 201|Warrenton
2|BEST FAMILY CHIROPRACTIC LLC|6858 OLD DOMINION DR|SUITE 200-B|MCLEAN
2|BEST FAMILY CHIROPRACTIC LLC|6858 OLD DOMINION DR|SUITE 200A|MCLEAN
2|ANCHOR HOMES LLC|6862 Elm St|SUITE 110|McLean
2|ANCHOR HOMES LLC|6862 Elm St|Ste 110|McLean
2|Mayra Cisneros Group Inc|6932 Little River Turnpike|Unit B|Annandale
2|Mayra Cisneros Group Inc|6932 Little River Turnpike|Unit B|Alexandria
2|Terra Site Contructors LLC|6944 Winchester Road||Front Royal
2|Terra Site Constructors LLC|6944 Winchester Road||Front Royal
2|Procreate Fertility Center of Virginia PLLC|700 Oak Grove Road||Chesapeake
2|IVF Virginia LLC|700 Oak Grove Road||Chesapeake
2|University of Virginia Investment Management Co.|701 E Water Street|Floor 4|Charlottesville
2|University of Virginia Investment Management Co.|701 E Water Street||Floor 4
2|Bon Secours Medical Group Hampton Roads Primary Care LLC|7025 Harbour View Blvd|Suite 118|Suffolk
2|Bon Secours Medical Group Hampton Roads Specialty Care LLC|7025 Harbour View Blvd|Suite 118|Suffolk
2|GovSmart|715 Charlton Avenue||CHARLOTTESVILLE
2|GovSmart Inc|715 Charlton Avenue||CHARLOTTESVILLE
2|Maxary LLC|722 E Market st|St 102|Leesburg
2|Maxary LLC|722 E Market st|suite 102|Leesburg
2|Arkhya Tech Inc|722 Grant Street|Suite G|Herndon
2|Advansys Inc|722 Grant Street|Suite I|Herndon
2|Eastern Virginia Medical School|735 Fairfax Ave|Suite 972|Norfolk
2|Eastern Virginia Medical School|735 Fairfax Ave|Suite 972|Nofolk
2|ERVA LLC|7351 Lockport Place|Suite C|Lorton
2|Erva LLC|7351 Lockport Place|Suite C|Lorton
2|Chesapeake Hospital Authority|736 Battlefield Blvd North||Chespeake
2|Chesapeake Hospital Authority|736 Battlefield Blvd North||Chesapeake
2|RAAS INC|740 Adkins Road||Richmond
2|RAAS Inc|740 Adkins Road||Richmond
2|Granules Consumer Health Inc|7413 Cushing Road||Manassas
2|Granules Consumer Health LLC|7413 Cushing Road||Manassas
2|Ferguson Enterprises LLC|751 Lakefront Commons||Newport News
2|Ferguson Enterprises Inc|751 Lakefront Commons||Newport News
2|Danville Dental Associates, P.C.|770 Piney Forest Road|Suite A|Danville
2|Danville Dental Associates PC|770 Piney Forest Road|Suite A|Danville
2|Washington Theological Seminary|7700 Little River Turnpike|Suite 205|Annandale
2|Korean Community Service Center of Greater Washington Inc|7700 Little River Turnpike|Suite 406|Annandale
2|Creative Information Technology Inc|7799 Leesburg Pike|500 North|Falls Church
2|Creative Information Technology Inc|7799 Leesburg Pike|Suite 500 North|Falls Church
2|Casepoint LLC|7900 Tysons One Pl|680|Tysons
2|IronNet Cybersecurity|7900 Tysons One Pl|Suite 400|McLean
2|Hollins University|7916 Williamson Road|Box 9716|Roanoke
2|Hollins University|7916 Williamson Road||Roanoke
2|Leading Path LLC|7925 Jones Branch Dr|Suite 3250-A|McLean
2|Cybertek LLC|7925 Jones Branch Dr|ste 3300|McLean
2|TechCORE Management Solutions Services LLC|800 Corporate Drive|Suite 301-314|Stafford
2|PeopleCorp America Inc|800 Corporate Drive|Suite 301-500|Stafford
2|Kryptowire Inc (dba Quokka.io)|800 N Glebe Road|720|Arlington
2|Cadmus Holding Company Inc|800 N Glebe Road|Suite 500|Arlington
2|Evolent Health LLC|800 N. GLEBE ROAD|SUITE 500|ARLINGTON
2|WILLIS TOWERS WATSON US LLC|800 N. GLEBE ROAD||ARLINGTON
2|Extend Health LLC|800 North Glebe Road||Arlington
2|Extend Health Inc|800 North Glebe Road||Arlington
2|Symphony AI NetReveal US Inc|8000 Towers Crecent Boulevard|Floor 13|Vienna
2|SymphonyAI NetReveal US Inc|8000 Towers Crecent Boulevard|Floor 13|Vienna
2|Aumvis Pharmatec LLC|8000 Towers Crescent Dr|Suite 1335D|Vienna
2|SAI MORTGAGE INC|8000 Towers Crescent Dr|Suite 210|Vienna
2|APT Holdings LLC|802 Cromwell Park Drive|Suite T|Glen Burnie
2|APT Holdings LLC d/b/a Active Physical Therapy|802 Cromwell Park Drive|Suite T|Glen Burnie
2|Madison Energy Holdings LLC|8100 Boone Boulevard|Suite 310|Vienna
2|Madison Energy Holdings LLC|8100 Boone Boulevard|Suite 430|Vienna
2|INOVA HEALTH CARE SERVICES|8110 GATEHOUSE ROAD|FIRST FLOOR|FALLS CHURCH
2|INOVA HEALTH CARE SERVICES|8110 GATEHOUSE ROAD||FALLS CHURCH
2|INOVA HEALTH CARE SERVICES|8110 Gatehouse Road||Falls Church
2|Inova Health System|8110 Gatehouse Road||Falls Church
2|CT Solutions Inc|8130 Boone Blvd|Suite 220|Tysons
2|CT SOLUTIONS INC|8130 Boone Blvd|Suite 220|Vienna
2|Virginia Commonwealth University|817 W Franklin Street|2nd Floor|Richmond
2|Virginia Commonwealth University|817 W Franklin Street|2nd Flr|Richmond
2|ANUJA OHRI-PARIKH, D.M.D., P.C.|8170 SILVERBROOK ROAD,|STE D|LORTON
2|ANUJA OHRI-PARIKH, D.M.D., P.C.|8170 SILVERBROOK ROAD,|SUITE D|LORTON
2|NAVY FEDERAL CREDIT UNION|820 Follin Lane SE||VIENNA
2|Navy Federal Credit Union|820 Follin Lane SE||Vienna
2|UPCODEIT LLC|8200 GREENSBORO DR.|SUITE 900|MCLEAN
2|KRYPTOWIRE LLC|8200 GREENSBORO DR.|Suite 750|McLean
2|Radiant Digital Solutions Inc|8229 Boone Blvd.|Suite 325|Vienna
2|McFadyen Consulting Group Inc|8229 Boone Blvd.|Suite 820|Vienna
2|Concepts Information Technology Inc|8230 BOONE BOULEVAROAD|8230 BOONE BOULEVARD, SUITE 403|VIENNA
2|Concepts Information Technology Inc|8230 BOONE BOULEVAROAD|SUITE 403|VIENNA
2|DIRECT HOLDINGS AMERICAS LLC|8260 WILLOW OAKS CORPORATE DR|SUITE 500|FAIRFAX
2|DIRECT HOLDINGS AMERICAS INC|8260 WILLOW OAKS CORPORATE DR|SUITE 500|FAIRFAX
2|Digital Intelligence Systems LLC|8270 Greensboro Dr.|Suite 1000|McLean
2|Dexian LLC|8270 Greensboro Dr.|Suite 1000|McLean
2|Corporation for Digital Scholarship|8300 Boone Blvd|Suite 500|Vienna
2|Everbridge Inc|8300 Boone Blvd|Suite 800|Vienna
2|Counterpoint Consulting Inc|8300 Boone Blvd.|Suite 350|Vienna
2|Synaptitude Inc|8300 Boone Blvd.|Suite 500|Vienna
2|Arteeth Dental Laboratory Inc|8321 Old Courthouse Road|Ste 150|Vienna
2|Rising Media Corporation|8321 Old Courthouse Road|Suite 260|Vienna
2|TEGNA Inc|8350 Broad St.|2000|Tysons
2|Premion LLC|8350 Broad St.|Suite 2000|Tysons
2|Lasership Inc|8401 Greensboro Dr|7th Floor|McLean
2|LaserShip Inc|8401 Greensboro Dr|7th floor|McLean
2|TEXPERTS Inc|8500 LEESBURG PIKE|SUITE 300|Vienna
2|WHDA, LLP|8500 LEESBURG PIKE|SUITE 7500|TYSONS
2|Bus Patrol America LLC|8540 Cinder Bed Road|Suite 400|Lorton
2|BusPatrol America LLC|8540 Cinder Bed Road|Suite 400|Lorton
2|RIVERSIDE PHYSICIAN SERVICES INC (D/B/A RIVERSIDE MEDICAL GROUP)|856 J. CLYDE MORRIS BOULEVAROAD|SUITE A|NEWPORT NEWS
2|Riverside Physician Services Inc (d/b/a Riverside Medical Group)|856 J. CLYDE MORRIS BOULEVAROAD|SUITE A|NEWPORT NEWS
2|Riverside Medical Group|856 J. Clyde Morris Blvd.|Suite A|Newport News
2|Riverside Physician Services Inc|856 J. Clyde Morris Blvd.|Suite A|Newport News
2|DigMed LLC|8603 Westwood Center Drive|Floor 4|Tysons
2|Advansys Inc|8603 Westwood Center Drive|Suite 330|Vienna
2|TECHLIGENT SYSTEMS INC|8605 WESTWOOD CENTER DRIVE|SUITE 503|VIENNA
2|Techligent Systems Inc|8605 WESTWOOD CENTER DRIVE|SUITE 503|VIENNA
2|SRB Technologies Inc|8605 Westwood Center Dr.|Suite 301|Vienna
2|DATAWIZ CORPORATION|8605 Westwood Center Dr.|Suite 303|Vienna
2|KCI General Contracting Services LLC|8649 Phoenix Drive||Manassas
2|KCI Contracting Services LLC|8649 Phoenix Drive||Manassas
2|Omaarav Lodging II LLC|865 N. Military Highway||Norfolk
2|Omaarav Lodging LLC|865 N. Military Highway||NORFOLK
2|ETELLIGENT GROUP LLC|880 HARRISON STREET SE|SUITE 127|LEESBURG
2|FRACSYS INC|880 HARRISON STREET SE|SUITE 54|LEESBURG
2|MyStudio Academy|8932 Burke Lake Road||springfield
2|MyStudio Academy Inc|8932 Burke Lake Road||Springfield
2|Virginia College Savings Plan|9001 Arboretum Pkwy||North Chesterfield
2|Commonwealth Savers Plan|9001 Arboretum Pkwy||North Chesterfield
2|Ascend Partner Services LLC|901 N. Glebe Road|5th Floor|Arlington
2|Kinetica DB Inc|901 N. Glebe Road|STE 700|Arlington
2|Ascend Partners Services LLC|901 North Glebe Road|Flr 5|Arlington
2|Ascend Partner Services LLC|901 North Glebe Road||Arlington
2|AhaApps LLC|9020 Stony Point Parkway|140|Richmond
2|AhaApps LLC|9020 Stony Point Parkway||Richmond
2|EmSi Engineering Inc|9110 Railroad Dr.|Suite 150A|Manassas Park
2|EmSi Engineering Inc|9110 Railroad Dr.||Manassas Park
2|Vision IT USA Inc|9161 liberia Ave|STE 203|Manassas
2|Vision IT USA Inc|9161 liberia Ave|Suite 203|Manassas
2|SAGE SOLUTIONS LLC|919 E MAIN STREET|SUITE 1000|RICHMOND
2|SAGE TECHSOLUTIONS LLC FKA SAGE SOLUTIONS LLC|919 E MAIN STREET|SUITE 1000|RICHMOND
2|Pit Rho Corporation|935 King William Drive||Charlottesville
2|Rho Impact Inc|935 King William Drive||Charlottesville
2|HADIAMONDSTAR SOFTWARE SOLUTIONS LLC|9477 B, Silver King Court|N/A|Fairfax
2|HADIAMONDSTAR SOFTWARE SOLUTIONS LLC|9477 B, Silver King Court||Fairfax
2|Hadiamondstar Software Solutions LLC|9477 Silver King Court|STE B|Fairfax
2|Hadiamondstar Software Solutions LLC|9477 Silver King Court|Suite B|Fairfax
2|Uperio USA LLC|9480 Contractors Court||Manassas
2|P&J/Arcomet LLC|9480 Contractors Court||Manassas
2|YAKSHNA SOLUTIONS INC|950 HERNDON PARKWAY|SUITE 280|HERNDON
2|YAKSHNA SOLUTIONS INC|950 HERNDON PARKWAY|SUITE 410|HERNDON
2|Hunton Andrews Kurth LLP|951 East Byrd Street|Riverfront Plaza, East Tower|Richmond
2|Hunton Andrews Kurth LLP|951 East Byrd Street||Richmond
2|Mindspecs LLC|9671 Sliding Hill ROAD|STE 102|Ashland
2|Vypra Inc|9671 Sliding Hill ROAD|STE 102|Ashland
2|Vypra Inc|9671 Sliding Hill Road|Ste 102|Ashland
2|Vypra Inc|9671 Sliding Hill Road|Suite 102|Ashland
2|Jubilee Campaign USA Inc|9689 Main Street|Suite C|Fairfax
2|Jubilee Campsign USA Inc|9689 Main Street|Suite C|Fairfax
2|B1 IT Solutions Inc|9720 Capital Court, Condo 301|Office 2|Manassas
2|B1 IT Consulting Services|9720 Capital Court, Condo 301|Office 2|Manassas
2|FORMDesign LLC|9990 Fairfax Boulevard|Suite 530|Fairfax
2|Potomac Economics Ltd.|9990 Fairfax Boulevard|Suite 560|Fairfax
2|Mercatus Center Inc|George Mason University, 3434 Washington Blvd.|4th Floor|Arlington
2|Mercatus Center Inc|George Mason University, 3434 Washington Blvd.|Flr. 4th|Arlington
2|Blumberg Digital|PO BOX 2411||Arlington
2|Blumberg Digital LLC|PO BOX 2411||Arlington
1|BODY KINETICA REHAB LLC|07617 LITTLE RIVER TURNPIKE|SUITE 110|ANNANDALE
1|Christopher Newport University|1 Avenue of the Arts||Newport News
1|CMA CGM (AMERICA) LLC|1 CMA CGM Way||Norfolk
1|Clinch Professional Physicians Services LLC|1 Clinic Road||Cedar Bluff
1|Hampden-Sydney College|1 College Road||Hampden Sydney
1|Gridiron Fiber Corporation|1 Lumos Plaza||Waynesboro
1|DullesSystems Inc|1 N Broad St|Ste A Ofc 105|Luray
1|Techinvents Inc|1 N Broad St Ste A, Office 108||Luray
1|The Fila Group LLC|1 North Broad Street|Suite A-106|Luray
1|Home School Legal Defense Association|1 Patrick Henry Circle||Purcellville
1|Marsh & McLennan Agency LLC|1 S. Jefferson Street||Roanoke
1|SOUTHERN VIRGINIA UNIVERSITY|1 UNIVERSITY HILL DRIVE||BUENA VISTA
1|Down Under Construction LLC|10 Bryant Court||Sterling
1|Tim Abbott LLC|10 Havenwoods Way||Fredericksburg
1|Fermata Energy LLC|100 10th Street NE|Suite 101|Charlottesville
1|Biologics Consulting Group Inc|100 Daingerfield Road|Suite 400|Alexandria
1|James Madison University|100 E Grace Street, MSC 5731, 2nd Floor||Harrisonburg
1|Hampton University|100 E. Queen St||Hampton
1|James Madison University|100 East Grace Street||Harrisonburg
1|James Madison University|100 East Grace Street, Second Floor||Harrisonburg
1|Hyper Solutions Inc|100 Eastshore Drive, Suite 100||Glen Allen
1|iCloud Technologies Corp|100 Executive Drive|Unit D|Sterling
1|National Institute of Aerospace Associates|100 Exploration Way||Hampton
1|LIBERTY CHRISTIAN ACADEMY|100 MOUNTAIN VIEW ROAD||LYNCHBURG
1|Suffolk Public Schools|100 N. Main Street||Suffolk
1|Commonwealth Trading Partners Inc|100 North Pitt Street|Suite 425|Alexandria
1|Manassas Park City Schools|100 Park Central Plaza|Suite 300|Manassas Park
1|Damon B Thompson DDS. P.C.|100 Quin W Stuart Blvd.||Christiansburg
1|Great Falls Software Solutions Inc|1000 Evonshire Ln.||Great Falls
1|Thriveworks Administrative Services LLC|1000 Jefferson Street|Suite 2C|Lynchburg
1|REGENT UNIVERSITY|1000 REGENT UNIVERSITY DRIVE||VIRGINIA BEACH
1|Regent University|1000 Regent University Dr.||Virginia Beach
1|Smithfield-Preston Foundation|1000 Smithfield Plantation Road||Blacksburg
1|SANDS CAPITAL MANAGEMENT LLC|1000 WILSON BLVD|SUITE 3000|ARLINGTON
1|Ashoka|1000 Wilson Blvd|Suite 1900|Arlington
1|NEEVSYS INC|10005  OAKTON CROSSING CT||OAKTON
1|NEEVSYS INC|10005 OAKTON CROSSING CT||OAKTON
1|Wesam Surgery PLLC|10009 Southpoint Pkwy|Ste 201A|Fredericksburg
1|Silgan Dispensing Systems Corporation|1001  Haxall Point|Suite 701|Richmond
1|Lovelytics Data LLC|1001 19th St N|Suite 602|Arlington
1|DRT Strategies Inc|1001 19th St. N.|Suite 1200|Arlington
1|Venture Global LNG Inc|1001 19th St. North|Suite 1500|Arlington
1|TIMMONS GROUP|1001 BOULDERS PARKWAY|SUITE 300|RICHMOND
1|SILGAN DISPENSING SYSTEMS CORPORATION|1001 HAXALL POINT|SUITE 701|RICHMOND
1|KIMC (U.S.) Inc|1001 Nineteenth Street North|Suite 800|Arlington
1|American Council on the Teaching of Foreign Languages Inc|1001 North Fairfax Street|Suite 200|Alexandria
1|Rsquared Fund Management LLC|1005 Dead Run Dr||McLean
1|Built Biotechnologies Inc|10050 Tinder Lane||Unionville
1|IT Excel LLC|1007 Frederick Street SW|Suite 101|Vienna
1|Bon Secours Medical Group Hampton Roads Primary Care LLC|1008 Bon Secours Drive||Suffolk
1|Quzara LLC|10095 Spartans Hollow Court||Great Falls
1|University Education Services Inc (UES)|101 Adams Dr.||Lynchburg
1|VA Auto Glass|101 Charles ST||arrisonburg
1|Empowering Youth for Positive Change LLC|101 Cowardin Ave||Richmond
1|Gonzales Services LLC|101 E. Holly Avenue|Suite 17|Sterling
1|Mary Baldwin University|101 East Frederick Street, Academy Street||Staunton
1|DISASTER TECHNOLOGIES INCORPORATED|101 N Union Street|Suite 204|Alexandria
1|Commonwealth of Virginia State Board of Education|101 N. 14th Street||Richmond
1|Parker Rodriguez Inc|101 N. Union Street|Suite 320|Alexandria
1|Barnes Design Group|101 North Lynnhaven Road|Suite 203|Virginia Beach
1|Parker Rodriguez Inc|101 North Union Street|Suite 320|Alexandria
1|iThrive Games Foundation|101 W. Main Street||Norfolk
1|X Corp Solutions Inc|1010 Corporate Drive|Suite 310|Stafford
1|VCU Health System Authority|1010 E. Marshall St.|Room 204|Richmond
1|PGLS LLC|1010 N Glebe Road|Suite 450|Arlington
1|Phoenix Oversight Group LLC|1010 North Glebe Road|Suite 610|Arlington
1|Brothers Consulting LLC|1010 Themis Street SE||Leesburg
1|NB CONSULTANTS INC|10119 HOMAR POND DRIVE||FAIRFAX STATION
1|DEX Labs Inc|10121 Leakane Ct||Oakton
1|Insigma Inc|1013 Founders Ridge Ln.||McLean
1|Epiphany Preschool Inc|1014 Country Club Dr||Vienna
1|Group K Diagnostics Inc|1015 Chestnut Street|Suite 1010|Philadelphia
1|Simmons, Rockecharlie & Prince Inc|10150 Staples Mill Road|Suite A|Glen Allen
1|Fencing Sports Academy Inc|10165 Marshall Pond Road||Burke
1|Tolbert Music Inc|10175 Wavell Road||Fairfax
1|Regulus Group LLC|102 N Main Street||Woodstock
1|Arkhya Tech Inc|1020 Elden St.,|Suite 102|Herndon
1|VTT LLC|1020 Lotus Dr.||Alton
1|VTT LLC|1020 Lotus Drive||Alton
1|Riverside Health System|1020 Old Denbigh Boulevard||Newport News
1|Swedish Match North America LLC|1021 East Cary Street|Suite 1600|Richmond
1|Anton Paar USA Inc|10215 Timber Ridge Drive||Ashland
1|MALWA TRUCK LINE INC|10224 RESIDENCY ROAD||MANASSAS
1|Malwa Truck Line Inc|10224 Residency Road||Manassas
1|Dunbar PLLC|1025 Boulders Parkway|Suite 310|Richmond
1|Bakeshop VA Corporation|1025 N Fillmore St||Arlington
1|FTG Circuits Fredericksburg Inc|1026 Warrenton Road||Fredericksburg
1|Dominion MicroProbes Inc|1027 Stonewood Dr.||Charlottesville
1|North South 804 Apps LLC|10286 Staples Mill Road|Ste 618|Glen Allen
1|Salam Institute for Peace and Justice|1029 Poplar Drive||Falls Church
1|Halifax County Public Schools|1030 Mary Bethune St|Ste 100|Halifax
1|Halifax County Public Schools|1030 Mary Bethune Street|Ste 100|Halifax
1|Old Dominion University Research Foundation|1030 University Boulevard||Suffolk
1|THINKFORE INC|10304 EATON PL|SUITE 100-113|FAIRFAX
1|PMA Inc|10325 Warwick Blvd||Newport News
1|Tagma Solutions Inc|10327 Democracy Lane|Suite B|Fairfax
1|Eurofins Analytics LLC|10329 Stony Run Lane||Ashland
1|Sunray Systems Inc|1033 Sterling Road|Unit 104|Herndon
1|The Virginia Conference of the United Methodist Church|10330 Staples Mill Road||Glen Allen
1|Scoutbee Inc|10332 Main Street|Suite 347|Fairfax
1|BENCHMARK MANAGEMENT INC|10341-B Democracy Lane|STE 208|FAIRFAX
1|InnovTech Inc|1035 Sterling Road|Suite 201|Herndon
1|Bluocean Digital LLC|10351 Carol Street||Great Falls
1|Eyegaze Inc|10363 Democracy Lane||Fairfax
1|Brand 804 LLC|10376 Lime Tree Ct||Manassas
1|Sciquiry Inc|1038 Brook  Valley  Lane||McLean
1|E.T. Gresham Company Inc|1038 W. 26th St.||Norfolk
1|LORSHI SYSTEMS LLC|1039 STERLING ROAD|SUITE 202|HERNDON
1|MOLG INC|104 CARPENTER DRIVE|SUITE 100|STERLING
1|DLP Twin County Physician Practices LLC|104 Cranberry Street||Galax
1|Danville Urologic Clinic|1040 Main Street||Danville
1|THE BOLTAKKE LAW GROUP PC|10400 EATON PL STE 228||FAIRFAX
1|GL Intelligence Inc|10400 Eaton Place, Suite 215||Fairfax
1|Radiologic Associates of Fredericksburg, Ltd|10401 Spotsylvania Ave|Suite 200|Fredericksburg
1|GD Infotek LLC|1043, Sterling Road|Suite 202|Herndon
1|Bode Cellmark Forensics Inc|10430 Furnace Road|Suite 107|Lorton
1|SIGMASOFT LLC|10432 BALLS FOROAD ROAD|SUITE 300|MANASSAS
1|OUTCOMES INCORPORATED|10432 BALLS FOROAD ROAD, SUITE 300|SUITE 300|MANASSAS
1|PARA IT SOLUTIONS LLC|10432 Ball Fords Road|Ste 300|Manassas
1|VIVA POOLS LLC|10432 Calumet Grove Dr||Fairfax
1|TELAV CONSTRUCTION LLC|10455 WHITE GRANITE DR|SUITE 425|OAKTON
1|Wright Patman Congressional Federal Credit Union|10461 White Granite Drive||Oakton
1|S2R Architects PC|10486 Colonel Court||Manassas
1|IdeaGen Inc|105  E Roanoke Street||Blacksburg
1|IdeaGen Inc|105 E Roanoke Street||Blacksburg
1|Agralytica Inc|105 Oronoco Street|Suite 312|Alexandria
1|Greensville County Public Schools|105 Ruffin Street||Emporia
1|Bigdata Dimension Inc|105 Stony Pointe Way|Suite 220|Strasburg
1|Digital Video Group Inc|105 Sylvia Road||Ashland
1|Electric Power Systems International Inc|1051 Technology Park Dr.||Glen Allen
1|ZENITH AEROTECH|10517 CRITZERS SHOP ROAD||AFTON
1|Zenith Firearms Inc|10517 Critzers Shop Road||Afton
1|USA Immigration Lawyers PLLC|10521 Judicial Drive|Suite 205|Fairfax
1|VA HOME CARE INC|10530 Warwick Avenue|Suite C-6|Fairfax
1|BowerGroupAsia Inc|10533 Main Street||Fairfax
1|Wright Family Dentistry, PLLC|1055 Kempsville Road||Virginia Beach
1|Potomac Economics Ltd.|10560 Arrowhead Drive|Suite 400|Fairfax
1|LUZON TECHNOLOGIES INC|10560 MAIN ST.|SUITE 416|FAIRFAX
1|Luzon Technologies Inc|10560 Main ST|Suite 416|Fairfax
1|Stevie Awards Inc|10560 Main St.|Ste 519|Fairfax
1|Zenith Quest Corporation|10571 Critzer Shop Road||Afton
1|Wakefield Country Day School Inc|1059 Zachary Taylor Highway||Huntly
1|Quality Mid-Western Holdings|10595 Furnace Road|Suite 140|Lorton
1|Farm Credit of the Virginias ACA|106 Sangers Lane||Staunton
1|Onyx Design and Consulting LLC|10600 Runaway Lane||Great Falls
1|ANDRO AND ANGELOS LLC|10601 Patterson Ave||Henrico
1|Andro&angelos llc|10601 Patterson Avenue||Henrico
1|Dr. Felton & Associates of Chester, PLLC|10611 Greenyard Road|Suite A|Chester
1|Eagle Construction of VA LLC|10618 Patterson Avenue||Henrico
1|WDP & Associates Consulting Engineers Inc|10621 Gateway Boulevard|Suite 200|Manassas
1|Global Network Technology Inc|10623 ELMONT CT||FAIRFAX
1|ANDREW ELLIOTT|10623 JONES ST|STE 101A|FAIRFAX
1|Orbysol Inc|10640 Main St|Suite 301|Fairfax
1|Aspire IT Experts Solutions LLC|10647 Benmable Dr||Glen Allen
1|Aspire IT Experts Solutions LLC|10647 Benmable Drive||Glen Allen
1|UNIPLUS CONSULTANTS INC|10687 GASKINS WAY, SUITE 200||MANASSAS
1|Uniplus Consultants Inc|10687 Gaskins way|STE 200|Manassas
1|Sun Tribe Development LLC|107 5th Street Southeast||Charlottesville
1|DAB Inspection and Consulting Services LLC|107 Carpenter Drive|Suite 215|Sterling
1|ROJA VEMULA DDS PLC|107 E HOLLY AVENUE|SUITE 5|STERLING
1|Rivanna Medical LLC|107 E Water Street||Charlottesville
1|ROJA VEMULA DDS PLC|107 EAST HOLLY AVENUE SUITE 5||STERLING
1|STA Technology Corporation|107 Holly Avenue|Suite 13|Sterling
1|Global Business Travel Association (GBTA) Inc|107 S West Street|Suite 762|Alexandria
1|Decision Desk HQ LLC|107 S. West St, STE 948||Alexandria
1|Virginia Dental Practice Associates PC|1070 W Mercury Blvd||Hampton
1|Virginia Dental Practice Associates PC|1070 W. Mercury Blvd||Hampton
1|FACETS Cares Inc|10700 Page Avenue|Building B|Fairfax
1|ScienceLogic Inc|10700 Parkridge Boulevard|Suite 200|Reston
1|HOOVER & STRONG INC|10700 TRADE ROAD||NORTH CHESTERFIELD
1|FAIRFAX OPERATOR LLC|10701 MAIN STREET|N/A|FAIRFAX
1|FAIRFAX OPERATOR LLC|10701 Main St|N/A|Fairfax
1|Acuity – PT&C LLC|10701 Parkridge Blvd|Suite 200|Reston
1|SAREEN & ASSOCIATES INC|10702 Vandor Lane||Manassas
1|Lee DC Active Family Wellness|10721 Main Street|Suite 1500|Fairfax
1|LeaseAccelerator Inc|10740 Parkridge Blvd|Suite 701|Reston
1|Electra.aero Inc|10761 James Payne Court||Manassas
1|SWaN & Legend Management Services Company LLC|108 Loudoun Street SW||Leesburg
1|AQ BAJWA LLC|108 STONEY BROOK DRIVE||Abingdon
1|Solid Construction Inc|10803 Main Street, Ste 600||Fairfax
1|VALKYRIE CYBER LLC|10829 CAMPAIGN CT||MANASSAS
1|ABV FINANCIAL SERVICES LLC|10854 Holman Ridge Road||GLEN ALLEN
1|FutureView Systems LLC|10859 Meadow Pond Lane||Oakton
1|Vision IT USA Inc|10875 MAIN ST|STE 205|FAIRFAX
1|Geoenv Engineers And Consultants LLC|10875 Main St|Suite 213|Fairfax
1|Alexandria Place Therapy LLC|108A South Columbus Street||Alexandria
1|LUSSOTECH LLC|109 CARPENTER DRIVE|SUITE 140|STERLING
1|Diligent Group LLC|109 Caarpenter Dr|Suite 110|Sterling
1|VMR Technologies LLC|109 Carpenter Drive|Suite 250|Sterling
1|Diligent Group LLC|109 Carpeter Dr|Suite 110|Sterling
1|Diligent Group LLC|109 carpenter Dr|Suite 110|Sterling
1|India Bazaar of Fairfax LLC|10980 Fairfax Blvd||Fairfax
1|Wintergreen Pacific LLC|11 Grassy Ridge||Roseland
1|The Georges Inn LLC|11 N Main Street||Lexington
1|AVAANI LLC|11 Town Center Drive|Suite 185|Lovettsville
1|SPRINGBOK INC|110 OLD PRESTON AVE||CHARLOTTESVILLE
1|Virginia Department of Energy|1100 Bank Street|8th Floor|Richmond
1|CACI INC - FEDERAL|1100 N GLEBE ROAD||ARLINGTON
1|Cyberbahn Federal Solutions LLC|1100 N. Glebe  Road|Suite 1010|Arlington
1|International Development Group Advisory Services LLC|1100 North Glebe Road, Ste 800||Arlington
1|Cavnue LLC|1100 Wilson Blvd.|11th Floor|Arlington
1|Leadership Institute|1101 N Highland St|Steven P.J. Wood Building|Arlington
1|AMERICAN FOUNDATION FOR THE BLIND INC|1101 WILSON BLVD|6TH FLOOR|ARLINGTON
1|Franklin Park Management LLC|1101 Wilson Ave|9th Floor|Arlington
1|Synectics for Management Decisions Inc|1101 Wilson Blvd., Suite 1500|Arlington, Va. 22209|Arlington
1|GENWORTH NORTH AMERICA CORPORATION|11011 WEST BROAD STREET||GLEN ALLEN
1|GENWORTH NORTH AMERICA CORPORATION|11011 West BROAD STREET||GLEN ALLEN
1|RetailData LLC|11013 W. Broad Street|Suite 300|Glen Allen
1|Fairfax Import Sales LLC|11020 FAIRFAX BLVD||Fairfax
1|Joe Nduti|1104 W Broad St|1043|Falls Church
1|James River Slate Company Inc|11040 Bridgeport Road|SR 652|Arvonia
1|Warwick Plumbing and Heating Corporation|11048 Warwick Blvd.||Newport News
1|Willsmarg Technologies LLC|1108 E Main St|Ste 906|Richmond
1|ALEXANDRIA SOCCER ASSOCIATION|1108 JEFFERSON STREET||ALEXANDRIA
1|Alexandria Soccer Association|1108 Jefferson Street||Alexandria
1|EXCELACOM INC|11091 SUNSET HILLS ROAD|SUITE 500|RESTON
1|Smartroof LLC|11091 Sunset Hills Road, ,  VA|Suite 600|Reston
1|Kaleo Inc|111 Virginia St|Ste 300|Richmond
1|International Solutions Group Inc|1110  Elden Street|STE 201|Herndon
1|International Solutions Group Inc|1110 A Elden Street|Suite 201|Herndon
1|International Solutions Group Inc|1110 Elden Street|Suite 201|Herndon
1|The Brite Group Inc|1110 Herndon Prakway|Suite 301|Herndon
1|Logistics Capital & Strategy LLC|1110 N Glebe Road|Suite 590|Arlington
1|Logistics Capital & Strategy LLC|1110 North Glebe Road|Suite 590|Arlington
1|Genworth North America Corporation|11101 West Broad Street|4th Floor|Glen Allen
1|HydroGeoLogic Inc|11107 Sunset Hills Road|Suite 400|Reston
1|New North LLC|11109 Grey Oaks Estates Ct.||Glen Allen
1|International Solutions Group Inc|1110A Elden Street|Suite 201|Herndon
1|OxiWear Inc|1111 Arlington Blvd|STE 305|Arlignton
1|Collaborative Health Partners of Virginia|1111 Corporate Park Drive|Ste D|Forest
1|Sands Anderson PC|1111 E Main St|Suite 2400|Richmond
1|McCandlish Holton, PC|1111 E. Main St.|Suite 2100|Richmond
1|Commonwealth of Virginia Secy of Administration|1111 East Broad Street||Richmond
1|Kitces.com LLC|11110 Sunset Hills Road|Suite 2231|Reston
1|Goveplace Inc|11111 Sunset Hills Road|Suite 200|Reston
1|Management Science and Innovation LLC|11130 Sunrise Valley Drive|Suite 310|Reston
1|OVH US LLC|11160-C1 SOUTH LAKES DRIVE|SUITE 811|RESTON
1|PHARMAHELP FOUNDATION INC|11166 FAIRFAX BOULEVAROAD|SUITE 500|FAIRFAX
1|SPARKTECHSOL.COM LLC|11166 Fairfax Blvd|Suite 500 1025|Fairfax
1|David Orr Associates Inc|11180 Sunrise Valley Drive|Suite 200|Reston
1|Techsur Solutions LLC|11190 Sunrise Valley Dr|Suite 130|Reston
1|Bruce R. Wardell, Architect, P.C. dba BRW Architects|112 4th Street NE||Charlottesville
1|Daniel OConnells Irish Restaurant LLC|112 King Street||Alexandria
1|ACTION GRAPHICS & SIGNS INC|112 WAYNE AVE|N/A|CHESAPEAKE
1|EQUINOXYS INC|11200 BRANTON LANE||GREAT FALLS
1|Equinoxys Inc|11200 Branton Lane||Great Falls
1|PSI International Inc|11200 Waples Mill Road Suite 200||Fairfax
1|DATASIRE LLC|11207 B NUCKOLS ROAD||GLEN ALLEN
1|DATASIRE LLC|11207-B NUCKOLS ROAD||GLEN ALLEN
1|J. SPARGO & ASSOCIATES INC|11208 Waples Mill Road|Suite 112|Fairfax
1|WISETEK PROVIDERS INC|11211 Waples Mill ROAD|Suite 220|Fairfax
1|Kasi Inc|11220 September Lane||Fairfax Station
1|Smoore Labs|11225 ASSETT LOOP|STE 100|MANASSAS
1|Island Empire Tech Systems (IETS)|11230 Waples Mill Road|Suite 105|Fairfax
1|Amruta Inc|1125 Emancipation Hwy|Suite 400|Fredericksburg
1|Byteforza Inc|11260  Roger Bacon Drive|Suite 504B|Reston
1|CrossRoads Church|1127 Surrey Crescent||Norfolk
1|Zestron Corporation|11285 Assett Loop||Manassas
1|Terramar USA LLC|1130 Kingwood Avenue||Norfolk
1|Richard Bland College of William & Mary|11301 Johnson Road||South Prince George
1|Advanced Revert LLC|1131 Mica Road||Ridgeway
1|SANGHA CPA, P.C.|11325 RANDOM HILLS ROAD|SUITE 360|FAIRFAX
1|Govin Technologies LLC|11334 Sadler Walk Lane||Glen Allen
1|Team Net Medical|1135 Heatherstone Dr||Fredericksburg
1|Galaxy Remodeling llc|11350 Random Hills Road, Suite 800|Galaxy Remodeling llc|Fairfax
1|GS2 Ventures LLC|11357 Nuckols Road|Suite 114|Glen Allen
1|Virginia Repertory Theatre|114 W Broad St||Richmond
1|Lorvenk Technologies LLC|11409|Dublin RD|Glen Allen
1|LORVENK TECHNOLOGIES LLC|11409 DUBLIN ROAD||GLEN ALLEN
1|Lorvenk Technologies LLC|11409 Dublin ROAD||Glen Allen
1|CLEVER SYS INC|11425 ISAAC NEWTON SQUARE, SUITE 202||RESTON
1|Aurality Inc|11435 Fairfax Drive||Great Falls
1|SportsOffice Software LLC|1144 Executive Blvd|Bldg B, Suite 106|Chesapeake
1|VENYATECH SOLUTIONS LLC|11441 HAYLOFT LN||GLEN ALLEN
1|SeKON Enterprise Inc|11480 Commerce Park Drive|Suite 100|Reston
1|Technology Solutions Provider Inc|11490 COMMERCE PARK DR|Suite 200|RESTON
1|CloudNova Technologies LLC|11490 Commerce Park|STE 230|Reston
1|OPULENT DENTAL PLLC|115 Akers Farm Road NE|Suite 3|Christiansburg
1|Oxford Finance LLC|115 S. Union Street|Suite 300|Alexandria
1|Camino Financial Inc|11501 Sunset Hills Road, Ste. 400||Reston
1|Integral Group LLC|11520 Nuckols Road   110||Glen Allen
1|KASS Solutions LLC|11523 Sadler Walk Ln||Glen Allen
1|CSXPERTS LLC|11535 Nuckols Road|Suite E|Glen Allen
1|CSXPERTS LLC|11535 Nuckols Road, Suite E||Glen Allen
1|nbj Architecture, PLC|11537 Nuckols Road|Suite B|Henrico
1|Palyrian LLC|11548 Southington Ln||Herndon
1|GLOBAL SUMI TECHNOLOGIES INC|11549 NUCKOLS ROAD STE B||GLEN ALLEN
1|Productiv Inc|1157 Jefferson Green Cir.||Midlothian
1|Productiv Inc|1157 Jefferson Green Circle||Midlothian
1|David P Maunder Consulting Services Inc|11570 Lake Newport Road||Reston
1|eKuber Ventures Inc|1158 ROBINDALE DRIVE||GREAT FALLS
1|De Leau LLC|116 Dan View Drive||Danville
1|The Pragma Corporation|116 East Broad Street|Suite A|Falls Church
1|Gray Matter Systems LLC|116 Sylvia Road|Suite G|Ashland
1|Quantum Lending Solutions Inc|11600 Sunrise Valley Dr|Suite 180|Reston
1|UNITED SPECTRUM SOLUTIONS LLC|11602 TORI GLEN COURT||HERNDON
1|Tektycoon LLC|11608 Parsons Walk Court||Glen Allen
1|Tektycoon LLC|11608 Parsons Walk Ct||Glen Allen
1|Zoomph Inc|11654 Plaza America Drive|731|Reston
1|LAS Group LLC|11671 Charter Oak Ct|101|Reston
1|Bull Run Kitchen and Bath Inc|11696 Sudley Manor Dr.||Manassas
1|Softeon Inc|11700  Plaza America Dr., STE  910||Reston
1|Zion Acupuncture LLC|11707 Bowman Green Dr|1st Flr|Reston
1|Cybertec Inc|11710 PLAZA AMERICA DRIVE|SUITE 2000|RESTON
1|108 Info System LLC|11710 Plaza America Dr|Suite 2000|Reston
1|IOTAP Inc|11710 Plaza America Dr, Suite 2000||Reston
1|RMantra Solutions Inc|11710 Plaza America Drive Suite 2000||Reston
1|Aktra Inc|11710 Plaza America Drive, Suite 2000||Reston
1|Actionable Intellectual Property Intelligence LLC|11718 Bowman Greeen Dr.||Reston
1|MULTIVISION LLC|11730 PLAZA AMERICA DR|SUITE 211|RESTON
1|Revature LLC|11730 Plaza America Dr|3rd Floor|Reston
1|Revature LLC|11730 Plaza America Dr.|Ste 211|Reston
1|Purnovate Inc|1180 Seminole Trl|Ste 495|Charlottesville
1|Sentara Healthcare|11803 Jefferson Ave||Newport News
1|Justsmile Magazine LLC|11804 MILL CROSS TER||GLEN ALLEN
1|Lalaith Astor Technical Consulting House LLC|11812 Grey Birch Pl.||Reston
1|Navigant Educational Consulting LLC|11815 Fountain Way|Suite 300|Newport News
1|Hope In Home Care LLC|11835 Rock Landing Drive||Newport News
1|Genex Systems LLC|11848 Rock Landing Drive|Suite 303|Newport News
1|NETSTYLE CORP.|11875 LEXINGTON VALLEY DRIVE||MANASSAS
1|CNCM LLC|11890 SUNRISE VALLEY DR|SUITE 409|RESTON
1|SJM PARTNERS INC|11890 SUNRISE VALLEY DRIVE|SUITE 554|RESTON
1|TalenTech Digital LLC|11890 Sunrise Valley Driver Ste 112||Reston
1|ACCELERATION POINT LLC|119 NORFOLK AVENUE SW|STE 230|ROANOKE
1|QUANTUM TECHNOLOGIES INC|119 Rowell Ct|Suite B|Falls Church
1|TekSyntax Inc|119 Rowell Ct.|Suite B|Falls Church
1|Collaborative Solutions LLC|1190 Sunrise Valley Dr., Suite 110||Reston
1|PROOF Management LLC|11911 Freedom Dr|Suite 1080|Reston
1|Canvas Solutions Inc|11911 Freedom Dr.|Suite 400|Reston
1|Canvas Solutions Inc|11911 Freedom Drive, Suite 850||Reston
1|Tkxel LLC|11921 Freedom Dr,|Ste 550|Reston
1|Tkxel LLC|11921 Freedom Dr, Two Fountain Square|Ste 550|Reston
1|INTELEARC INC|11921 Freedom Dr.,||Reston
1|BlackRainbow Inc|11921 Freedom Drive, Suite  532||Reston
1|Tkxel LLC|11921 Freedom Drive, Two Fountain Square|Ste 550|Reston
1|Falcon Global Inc|11924 belmont park ct||glen allen
1|OddsJam Inc|1193 Lees Meadow Court||Great Falls
1|MANDIANT INC|11951 Freedom Drive, 6th Floor|6th Floor|Reston
1|Software AG LLC|11951 Freedom Drive, Suite 410||Reston
1|IDEMIA AMERICA CORP.|11951 Freedom St.|Suite 1800|Reston
1|ScienceLogic Inc|11955 Democracy Dr|13th Floor|Reston
1|ScienceLogic Inc|11955 Democracy Dr.|Floor 13|Reston
1|Global Impact|1199 N. Fairfax Street|Suite 300|Alexandria
1|PRA Group Inc|120  Corporate Blvd.||Norfolk
1|BOWLING GREEN SNF LLC|120 Anderson Avenue|N/A|Bowling Green
1|PRA Group Inc|120 Corporate Blvd||Norfolk
1|PRA Group Inc|120 Corporate Blvd.||Norfolk
1|PRA Group Inc|120 Corporate Boulevard||Norfolk
1|Fulcrum Collaborations LLC|120 East Shore Drive|Suite 100|Glen Allen
1|Fulcrum Collaborations LLC|120 Eastshore Drive|Suite 100|Glen Allen
1|Apex Clean Energy Inc|120 Garrett Street|Suite 700|Charlottesville
1|Warren Memorial Hospital|120 N Commerce Avenue||Front Royal
1|Protestant Episcopal High School in Virginia|1200 N. Quaker Lane||Alexandria
1|Eastern Mennonite University|1200 Park Road||Harrisonburg
1|JEFFERSON SCIENCE ASSOCIATES LLC|12000 JEFFERSON AVE||NEWPORT NEWS
1|Jefferson Science Associates LLC|12000 Jefferson Ave||Newport News
1|AGILITY TECHNOLOGIES INC|12001 SUNRISE VALLEY DRIVE,  SUITE 350||RESTON
1|Pearl Consulting Services Inc|12001 Sunrise Valley Dr|Suite 400|Reston
1|Clinical Care Options LLC|12001 Sunrise Valley Drive||Reston
1|Bit4Logic LLC|12001 Sunrise valley dr,|Suite 400,|Reston
1|Stratez Infotech Inc|12005 Sunrise Valley Dr|Suite 405|Reston
1|SYNAPTEIN SOLUTIONS INC|12007 Sunrise Valley Dr|Suite 355|Reston
1|Tobii Technology Inc|12007 Sunrise Valley Drive|Suite 400|Reston
1|Tellius Inc|12007 Sunrise Valley Drive, Ste 230||Reston
1|NUVITEK LLC|1201 WILSON BLVD|SUITE 27-105|ARLINGTON
1|Science Applications International Corporation|12010 Sunset Hills Road||Reston
1|ControlCase LLC|12015 Lee Jackson Memorial Highway|Suite 520|Fairfax
1|Technosoft USA Inc|12020 SUNRISE VALLEY DR, STE 100||RESTON
1|OVS TECHNOLOGIES INC|12020 SUNRISE VALLEY DR.|SUITE 101 A|RESTON
1|AGILITY TECHNOLOGIES INC|12020 SUNRISE VALLEY DRIVE, SUITE 100||RESTON
1|Intelligent Business Platforms LLC|12020 Sunrise Valley|Suite 101|Reston
1|MSQUARE SYSTEMS INC|12020 Sunrise Valley Dr,|Ste 126,|Reston,
1|Relis Management Company|12020 Sunrise Valley Dr.,|Suite 100|Reston
1|Relis Managment Company|12020 Sunrise Valley Drive,|STE 100|Reston
1|AMI Expeditionary Healthcare LLC|12030 Sunrise Valley Drive|Suite 250|Reston
1|Aeronautical Systems Incorporated|12040 South Lakes Dr.|STE 203|Reston
1|VeriSign Inc|12061 bluemont Way||Reston
1|WASHINGTON FIRE PROTECTION ENGINEERING LLC|12067 CADET CT||MANASSAS
1|Clear Summit LLC|1209 Belvoir Ln.,||Virginia Beach
1|Skanska USA Civil Southeast Inc|121 Sampson Creek Road||Chesapeake
1|Recite Me NA LLC|12110 Sunset Hills Road, Ste 600||Reston
1|NextQuarter Inc|12110 Sunset Hills Road, Suite 600||Reston
1|RiverFront Investment Group LLC|1214 E. Cary Street|n/a|Richmond
1|Atlantic Shores Christian Schools|1217 N. Centerville Turnpike||Chesapeake
1|Korean United Methodist Church of Greater Washington|1219 Swinks Mill Road||McLean
1|Seygen Inc|1220 N. Fillmore Street, Suite 330||Arlington
1|Seygen Inc|1220 N. Fillmore Street, Suite 410|N/A|Arlington
1|iTech AG LLC|1220 North Fillmore St.|Ste 400|Arlington
1|VIRGINIA DEPARTMENT OF TRANSPORTATION|1221 E. BROAD ST||RICHMOND
1|VIRGINIA DEPARTMENT OF TRANSPORTATION|1221 E. BROAD ST.||RICHMOND
1|Virginia Department of Transportation|1221 E. BROAD STREET||Richmond
1|Virginia Department of Transportation|1221 E. Broad St.||Richmond
1|Virginia Department of Transportation|1221 E. Broad Street||Richmond
1|Virginia Department of Transportation|1221 East Broad St||Richmond
1|Virginia Department of Transportation|1221 East Broad Street||Richmond
1|LORVENK TECHNOLOGIES LLC|12218 Country Creek Way||GLEN ALLEN
1|LORVENK TECHNOLOGIES LLC|12218 Country creek way||GLEN ALLEN
1|Cyber Resource Provider LLC|12240 Manor Crossing Dr||Glen Allen
1|Atlantic Building Supply|12249 Livingston Road||Manassas
1|RECURSION TECHNOLOGIES INC|12249 PAXTON GLEN TER||GLEN ALLEN
1|Public Broadcasting Service|1225  S Clark St||Arlington
1|GBR Architects LLC|123 N Pitt Street|Suite 300|Alexandria
1|Focused Ultrasound Foundation|1230 Cedars Court|Suite 206|Charlottesville
1|Focused Ultrasound Foundation|1230 Cedars Ct.|Suite 206|Charlottesville
1|Nortech North America Inc|12310 Pinecrest Road, Ste. 306||Reston
1|Nortech North America Inc|12310 Pinecrest Road, Suite   306||Reston
1|Nortech North America Inc|12310 Pinecrest Road, Suite  306||Reston
1|Nortech North America Inc|12310 Pinecrest Road, Suite 306||Reston
1|Nortech North America Inc|12310 Pinecrest Road, Suite 360||Reston
1|Nortech North America Inc|12310 Pinecrest Road. Ste. 306||Reston
1|Peabody School|1232 Stoney Ridge Road||Charlottesville
1|Conscendo Aviation Investments LLC|12332 Towncenter Plaza|Suite 612|Sterling
1|Lean IT Inc|12336 Morning Creek Road||Glen Allen
1|Lean IT Incorporated|12336 morning creek rd||Glen Allen
1|Retired Professional Football Players Common Good Fund Inc|1235 S Clark St|Suite 314|Arlington
1|INTERNATIONAL JUSTICE MISSION|1235 S. CLARK STREET|SUITE 1400|ARLINGTON
1|Government Scientific Source Inc|12351 Sunrise Valley Drive||Reston
1|Bowman Consulting Group Ltd.|12355|Sunrise Valley Drive|Reston
1|SMK SOFT INC|12359 SUNRISE VALLEY DR.|SUITE 170|RESTON
1|PRECISION ORTHODONTICS, PLLC|12359 SUNRISE VALLEY DRIVE|SUITE 210|RESTON
1|Orchid Solutions Inc|12359 Sunrise Valley Dr.|Suite 260B|Reston
1|CoreSite, L.L.C.|12369 SUNRISE VALLEY DR||RESTON
1|VVM INFOTECH LLC|12421 GAYTON BLUFFS LN.||RICHMOND
1|VVM INFOTECH LLC|12421 Gayton Bluffs ln||Richmond
1|Entagile LLC|12445 Falkirk Dr||Fairfax
1|Entagile LLC|12445 Falkirk Drive||Fairfax
1|ICH Consulting Inc|1245 Whitehorse Mercerville Road|Suite 423|Hamilton Township
1|Newport News Public Schools|12465 Warwick Blvd.||Newport News
1|Iluka Resources Inc|12472 St. John Church Road||Stony Creek
1|Iluka Resources (TN) LLC|12472 St. Johns Church Road||Stony Creek
1|Fair Oaks SNF Operations LLC|12475 Lee Jackson Memorial Highway||Fairfax
1|Styx Technology LLC|12506 Weyers Cave Ct.||Herndon
1|Agape Consulting|1251 Kempsville Road||Norfolk
1|MT TAM INNOVATIONS LLC|12520 PHILMONT DRIVE||HERNDON
1|CGI Federal Inc|12601 Fair Lake Circle||Fairfax
1|Clever Bricks LLC|12606 Hay Meadow Pl||Herndon
1|Virginia Mercantile LLC|12644 Chapel Road|Suite F|Clifton
1|Xcelerator Group LLC|12647 Dusty Wheel Lane||Fairfax
1|ROUTE2 CONSULTING LLC|1267 MAGNOLIA LN||HERNDON
1|Sev1Tech LLC|12700 Black Forest Ln|Suite 306|Woodbridge
1|The Wolf Group, PC|12701 FAIR LAKES CIRCLE|SUITE 220|FAIRFAX
1|The Wolf Group, PC|12701 Fair Lakes Circle|Suite 220|Fairfax
1|QSI SERVICES INC|12729 WESTIN ESTATES DR.||GLEN ALLEN
1|MonTek LLC|12754 Heron Ridge Dr||Fairfax
1|Yacub Law Office LLC|12761 Darby Brook Ct.|Suite 102|Woodbridge
1|Yacub Law Office LLC|12761 Darby Brook Ct.,|102|Woodbridge
1|Calums Pro LLC|12801 Fair Lakes Parkway|Suite 150|Fairfax
1|Innovative Dynamic Solutions Global Inc|12808 Pinecrest Road||Herndon
1|SES Americom Inc|12811  Randolph Ridge Lane||Manassas
1|SES Americom Inc|12811  Randolph Ridge Ln.||Manassas
1|SES Americom Inc|12811 Randolph Ridge Lane||Manassas
1|Bakka Group LLC|12812 Night Owl Ct.||Bristow
1|J & J Tech LLC|12825 Shadow Oak Ln||Fairfax
1|Sun Info Tech Systems Inc|12833 Williams Meadow Ct||Herndon
1|Heaven Sent by Hometown Healthcare|12900 JEFFERSON DAVIS HIGHWAY||Chester
1|BBI Law Group, P.C.|12901 Worldate Dr|STE 540|HERNDON
1|TRUSTED.COM|12930 WORLDGATE DR|SUITE 300|HERNDON
1|Creoal Consulting LLC|12950 Worldgate Dr|Suite 450|Herndon
1|Intigno Inc|12975 Highland Oaks Ct|N/A|Fairfax
1|VK Tech Inc|12986 Azalea Woods Way||Herndon
1|VK Tech Inc|12986 Azalea woods way||Herndon
1|Riosoft Technology Inc|130 Miller Ln||Cumberland
1|Pienso Inc|1300 17th St N Ste 380||Arlington
1|Decile LLC|1300 17th St. N.|Floor 17|Arlington
1|DeepSig Inc|1300 7th St. N|Suite 1260|Arlington
1|The Glow Plastic Surgery LLC|1300 Chain Bridge Road|Floor 2|McLean
1|Armenian American Cultural Association Inc|1300 Crystal Drive|Suite 1504|Arlington
1|Greensville County Public Schools|1300 Greensville County Circle|Suite C|Emporia
1|CARTER BANK & TRUST|1300 KINGS MOUNTAIN ROAD||MARTINSVILLE
1|B. Riley Securities|1300 N 17th Street|2nd Floor|Arlington
1|B. Riley Securities Inc|1300 North 17th Street|Suite 1300|Arlington
1|Riverside Health System|1300 Old Denbigh Boulevard||Newport News
1|Praxis Solutions LLC|13001 Walton Bluff Ct.||Mildlothian
1|University of Mary Washington|1301 College Avenue||Fredericksburg
1|WireWheel Inc|1301 N. Courthouse Road|Suite 200|Arlington
1|Endera Systems LLC|1302 Old Chain Bridge Road|Suite 440|McLean
1|Viva Tek LLC|13029 Farthingale Dr||OAK HILL
1|Viva Tek LLC|13029 Farthingale Drive||Oak Hill
1|TruWeather Solutions Inc|1303 Sawbridge Way||Reston
1|FEDPOINT SYSTEMS LLC|13042 Blackbird Pl,||FAIRFAX
1|Schenker Inc|1305 Executive Blvd|Ste 200|Chesapeake
1|Schenker Inc|1305 Executive Blvd.,|Suite 200|Chesapeake
1|Solent Ventures LLC|1305 Titania Lane||Mclean
1|Yazam Inc|1307 Dolley Madison Blvd.|Fl. 4|McLean
1|Validation Associates LLC|131 ELDEN STREET|SUITE 204|Herndon
1|Validation Associates LLC|131 Elden St.|Suite 204|Herndon
1|Morgan Gick McBeath & Associates|131 Great Falls Street|Suite 200|Falls Church
1|AVER TECHNOLOGIES INC|13104 QUEENSDALE DRIVE||WOODBRIDGE
1|Aver Technologies Inc|13104 Queensdale Drive||Woodbridge
1|Cape School Inc|13115 West James Anderson Highway||Buckingham
1|Holistic Acupuncture at McLean LLC|1313 DOLLEY MADISON BLVD|SUITE 204|McLean
1|Imerys Norfolk Inc|1316 Priority Lane||Chesapeake
1|RRMM Architects, P.C.|1317 Executive Boulevard|Suite 200|Chesapeake
1|IcyTech|13175 Fox hunt ln|apt 149|herndon
1|Southwest Virginia Community Health Systems Incorporated|13191 Glenbrook Avenue|P. O. Box 297|Meadowview
1|Indigo Strategic Holdings LLC|132 Woodworkers Court||Chesapeake
1|Stand Together Foundation|1320 N Courthouse Road|Suite 400|Arlington
1|Black Wolf Services LLC|1320 Profit Court||Woodbridge
1|J.R. REINGOLD & ASSOCIATES INC|1321 DUKE STREET||ALEXANDRIA
1|NIHA TECHNOLOGIES INC|13221 WOODLAND PARK ROAD, SUITE 420||HERNDON
1|NIHA TECHNOLOGIES INC|13221 WOODLAND PARK ROAD, SUITE 495||HERNDON
1|Organizational Sciences LLC|1323 Ballantrae Farm Drive||McLean
1|ILOGIXEDGE LLC|13237 Copper Cove Way||Herndon
1|Navitas Business Consulting Inc|13241 WOODLAND PARK ROAD|Suite 200|Herndon
1|EAGLEFORCE ASSOCIATES INC|13241 WOODLAND PARK ROAD STE. 600||Herndon
1|Navitas Business Consulting Inc|13241 Woodland Park ROAD Suite 200||Herndon
1|TMEIC INTERNATIONAL CORPORATION|1325  Electric Road|STE 200|Roanoke
1|INTEGRATED TECHNOLOGY SERVICES INC|13250 Middleton Farm ln||Herndon
1|Bauer Compressors Inc|1328 Azalea Garden Road||Norfolk
1|IPLUS GLOBAL USA LLC|13280 Woodland Park Road|Suite 140|Herndon
1|The Womens Center|133 Park St. NE||Vienna
1|Sentara Health|1330 Sentara Park||Virginia Beach
1|Sub Shop LLC|13308 Terry Cloth Lane||Centreville
1|Elite Concrete LLC|13320 Spriggs Road||Manassas
1|Sweet Briar Institute|134 Chapel Road||Sweet Briar
1|Christendom College LLC|134 Christendom Drive||Front Royal
1|Johnson Health Center|134 Elon Road||Madison Heights
1|Alexandria City Public Schools|1340 Braddock Place|5th Floor|Alexandria
1|Global Vox LLC|13401 Calm View Way||Herndon
1|SVAA Infotech Incorporated|13401 Launders St.||Herndon
1|Andiron AI Inc|1342 Potomac School Road||McLean
1|GSO Aviation Inc|135 Airside Drive||Danville
1|Talent Ola Inc|135 Roland CT SW||Vienna
1|Connectchain Inc|13502 Sayward Blvd||Herndon
1|Macro Labs Inc|13512 Heathrow Ln||Centreville
1|Kratos Communications Inc|13530 Dulles Technology Dr|Suite 600|Herndon
1|Airside Mobile Inc|13530 Dulles Technology Drive|Suite 100|Herndon
1|Lucia Perez Troisi, DMD, PLLC|1354 Kempsville Road|Suite 101|Chesapeake
1|KMC Inc|1357 Northwyck Court||McLean
1|CATES ENGINEERING, LTD.|13575 HEATHCOTE BOULEVAROAD|SUITE 170|GAINESVILLE
1|Lightwave Dental Management LLC|13580 Groupe Drive Suite|Suite 305|Woodbridge
1|Strategy to Win Consulting Group LLC|13593 Melville Ln||Chantilly
1|LARGETON INC|13598 Air & Space Museum Pkwy||Herndon
1|RBSM LLP|1360 Beverly Road|Ste 305|Mclean
1|Consulting Technology Services Inc|13606 Red Squirrel Way||Herndon
1|Salisbury Country Club Ltd|13620 W Salisbury||Midlothian
1|Century Concrete LLC|1364 Air Rail Ave||Virginia Beach
1|NEWGEN SOFTWARE INC|1364 BEVERLY ROAD|Suite 300|McLean
1|Global Vox LLC|13685 Air & Space Museum Pkwy||Herndon
1|Corelogos LLC|13709 Black Spruce Way,||Chantilly
1|JP Technologies LLC|13776 Premier Plaza|Suite 100, Room-6|Ashburn
1|VELOCITY DATA SOLUTIONS LLC|13778 EARHART CIR.||HERNDON
1|Velocity Data Solutions LLC|13778 Earhart Cir||Herndon
1|Harrisburg Community Health Center Inc|1380 Little Sorrell Dr.|Suite 100|Harrisonburg
1|S3SOL INC|13800  Coppermine Road||Herndon
1|GD INFOTEK LLC|13800 COPPERMINE ROAD , 1ST FLOOR|SUITE 07|HERNDON
1|SHREETEK INC|13800 COPPERMINE ROAD DULLES|ROOM NUMBER 126|HERNDON
1|HASHI SOLUTIONS LLC|13800 COPPERMINE ROAD, FIRST FLOOR||HERNDON
1|VALIANT TEK GROUP INC|13800 COPPERMINE ROAD, SUITE 101||HERNDON
1|VEENA CORP|13800 COPPERMINE ROAD, SUITE 140|N/A|HERNDON
1|TEK-STAR CORPORATION|13800 Coopermine Road|STE 103|Herndon
1|Tek Staffing Inc|13800 Copper Mine Road|Suit 110|Herndon
1|GERENT LLC|13800 Coppermine Blvd, Ste 159||Herndon
1|Universal Business Solutions Inc|13800 Coppermine Road , Suite  127||Herndon
1|Accentuate IT Solutions LLC|13800 Coppermine Road .|Suite 248|Herndon
1|Aarna Priya Inc|13800 Coppermine Road Ste 305||Herndon
1|Sage Metrix Inc|13800 Coppermine Road,||Herndon,
1|Powergain Technology Inc|13800 Coppermine Road, 1st FL||Herndon
1|INFOCOGNIZE INC|13800 coppermine road||HERNDON
1|Acentle Inc|13800, COPPERMINE ROAD|STE 107|Herndon
1|Team Velocity Marketing|13825 Sunrise Valley Drive|Suite 150|Herndon
1|CJW CONTRACTORS INC|13849 PARK CENTER ROAD|SUITE B|HERNDON
1|Navient Business Processing Group LLC|13865  Sunrise Valley Drive|Suite 110|Herndon
1|AttainX Inc|13873  Park Center Road|Suite 212N|Herndon
1|Cliff Service Inc,|13873 Park Center Dr|STE 181|Herndon
1|AIA SOLUTIONS INC|13873 Park Center Road,|Suite 155-7|Herndon
1|Metanoia Solutions Inc|13873 Park Center Road, Suite 55E||Herndon
1|Expert AI Technologies LLC|13877 Walney Park Dr.||Fairfax
1|Verma & Nosrat PLLC|13880 Braddock Road|Suite 307|Centreville
1|Applied Engineering Management Corporation|13880 Dulles Corner Lane|Suite 300|Herndon
1|BA DECOR LLC|1389 Chain Bridge  Road||Mc Lean
1|NUCLEUS INCORPORATED|13901 WILLAROAD ROAD||CHANTILLY
1|SullySmiles LLC|13905A Metrotech Drive||Chantilly
1|Christ Chapel Assembly of God Inc|13909 Smoketown Road||Woodbridge
1|Lowell Managment Company LLC|13914 Greendale Dr.||Woodbridge
1|Zolon Tech Solutions Inc|13921 Park Center|Ste 500|Herndon
1|SKY SOLUTIONS LLC|13921 Park Center ROAD|Suite 100|Herndon
1|Worldwide Mission Critical LLC|13921 Park Center Road, Suite 460||Herndon
1|Shenandoah Valley Organic LLC|140 Research Drive||Harrisonburg
1|The Roseline Financial Group LLC|140 Virginia St|Suite 300|Richmond
1|American Institutes for Research|1400 Crystal Drive Flr. 10||Arlington
1|American Institutes for Research|1400 Crystal Drive[[MAIL ALL PACKAGES TO TRACEY IN|Flr. 10|Arlington
1|St. Paul United Methodist Church INC|1400 G Street||Woodbridge
1|Crown Consulting Inc|1400 Key Blvd., Suite 1100||Arlington
1|Technology Talent Network LLC|1400 Shepard Drive|Suite 200|Sterling
1|NextdayBeltsville LLC|14000 Thunderbolt Pl.|STE K|Chantilly
1|Millcraft LLC|14000 Thunderbolt Place|Suite K|Chantilly
1|Express Enterprize Corporation|14001 Crown Court|STE 104|Woodbridge
1|Shades of Light|14001 Justice Road||Midlothian
1|VIRGINIA KITCHEN AND BATH LLC|14006 LEE JACKSON MEMORIAL HWY||CHANTILLY
1|Atlantic Constructors Inc|1401 Battery Brooke Parkway||Richmond
1|Virginia Department of Transportation|1401 E. Broad St.||Richmond
1|Virginia Department of Transportation|1401 East Broad Street||Richmond
1|Technology Hub Inc|14012 Sullyfield Circle|SUITE 340B|Chantilly
1|Virginia Christian University|14012-F Sullyfield Cir||Chantilly
1|Virginia Christian University|14012-F Sullyfield Cir.||Chantilly
1|TECHNOLOGY TALENT NETWORK LLC|1402 Shepard Dr|Suite 100|Sterling
1|Safe Kids Holdings Inc|1402 Stanbridge Pl.||Vienna
1|Chirag Patel CPA PLLC|1403 Greenbrier Parkway|Suite 465|Chesapeake
1|National Capital Legal Services|1405 S Fern St .|ste 96698|Arlington
1|Cube84 Inc|1405 S Fern St.|Suite 212|Arlington
1|RVA Ed LLC|1407 Summit Avenue||Richmond
1|Legacy Holdings LLC|1409 Huguenot Road||Midlothian
1|Urban Gym LLC|1409 North Nash Street||Arlington
1|Swisslog Logistics Inc|141 Enterprise Drive||Newport News
1|ANA HOSPITALITY INC|141 W 15TH STREET||FRONT ROYAL
1|F.R. Drake Company|1410 Genicom Drive||Waynesboro
1|Zachary Piper LLC|1410 SPRING HILL ROAD|STE 300|MCLEAN
1|CONSULTSTAFF INC|14100 PARKE LONG COURT|SUITE I|CHANTILLY
1|Hanker Systems Inc|14100 Parke Long Court|STE I|Chantilly
1|Hyposoft Solutions Inc|14100 Sully field circle|Suite 400|Chantilly
1|RLT TECHNOLOGIES INC|14101 PARKE LONG CT|SUITE Z|CHANTILLY
1|RCube IT LLC|14101 Park Long Ct|Suite S|Chantilly
1|Data Analytics and Creative Solutions LLC|14101 Parke Long Ct|Suite 203|Chantilly
1|ENDEAVOUR TECHNOLOGIES INC|14101 Sullyfield Cir.|Suite 400A|Chantilly
1|ESVEE TECHNOLOGIES INC|14101 Sullyfield Circle|Suite 400 D|Chantilly
1|Bitflow Innovative Group Inc|14102 Sullyfield Cir|Ste 350C|Chantilly
1|AVI TECHNOLOGIES INC|14102 Sullyfield Circle  350B||Chantilly
1|Apex-2000 Inc|14104 Robert Paris Court||Chantilly
1|STONE SOLUTIONS AND DESIGN LLC|14112 Newbrook Dr.||Chantilly
1|APTION LLC|14113 ROBERT PARIS CT|STE 107|Chantilly
1|Wilmer Technologies INC|14113 Robert Paris CT|Suite 108|Chantilly
1|Wilmer Technologies Inc|14113 Robert Paris Court|Suite 108|Chantilly
1|Parsetek Inc|14117 Robert Paris Ct||CHANTILLY
1|VARCONS INC|14120 Newbrook Dr|Suite 280|Chantilly
1|Pinnacle Education Services Inc|14120 Newbrook Dr.||Chantilly
1|Varcons Inc|14120 Newbrook Dr.,|Suite 280|Chantilly
1|ACEINTEGRATOR INC|14120 Parke Long  Court|Suite 205|CHANTILLY
1|KANOR SYSTEMS INC|14123 Robert Paris Ct||Chantilly
1|Piedmont Senior Resources Area Agency on Aging Inc|1413 S Main Street||Farmville
1|The Legacy Foundation LLC|1415 Rolkin Ct.|Suite 204|Charlottesville
1|QBURST TECHNOLOGIES INC|14150 NEWBROOK DR.|SUITE 115|CHANTILLY
1|QBURST TECHNOLOGIES INC|14150 NEWBROOK DRIVE|SUITE 115|CHANTILLY
1|AJACE Inc|14150 Robert Paris CT|Suite A|Chantilly
1|Promates Technologies LLC|14150 Willard Road|Suite 205|Chantilly
1|AJACE Inc|14159  Robert Paris CT|Suite A|Chantilly
1|AJACE Inc|14159  Robert Paris Ct|Suite A|Chantilly
1|AJACE Inc|14159 A Robert Paris Ct||Chantilly
1|AJACE INC|14159 Robert Paris Ct|Suite A|Chantilly
1|AJACE Inc|14159 Robert Paris Ct.|Suite A|Chantilly
1|Ajace Inc|14159A Robert Paris Court||Chantilly
1|Ajace Inc|14159A Robert Paris Ct.||Chantilly
1|AppGuard Inc|14170 New Brook Drive||Chantilly
1|USM Business Sytems Inc|14175 Sully Field Circle|Suite 400|Chantilly
1|Diyo Technologies LLC|14175 Sullyfield Cir.|Suite 500|Chantilly
1|Danville Regional Medical Center LLC|142 S. Main Street||Danville
1|Q-Free America Inc|1420 Kristina Way|Suite 102|Chesapeake
1|MJ WELLS & ASSOCIATES INC|1420 SPRING HILL ROAD|SUITE 610|TYSONS
1|DATAWIZ CORPORATION|14200 Park Meadow Drive|Suite 250N|Chantilly
1|Sustainable Design Consulting LLC|1421 Lombardy Alley|1st Floor|Richmond
1|Microgen Health Inc|14225 Sullyfield Cir|Suite E|Chantilly
1|Noesys Inc|14240 SullyField Cir|STE F|Chantilly
1|Noesys Inc|14240 Sullyfield Cir Unit-f|N/A|Chantilly
1|WebStrategies Inc|14241 Midlothian Tpke.|Suite 306|Midlothian
1|Advertising Analytics LLC|1427 Leslie Avenue||Alexandria
1|SKY SOLUTIONS LLC|14301 SULLYFIELD CIRCLE|SUITE 207|CHANTILLY
1|CMR Solutions LLC|14321 Winter Breeze Dr|Ste 70|Midlothian
1|BLUEGENAI INC|14341 SYDNEY MEADOW CT||LEESBURG
1|Alzner Foundation Inc|1439 Mayflower Dr.||McLean
1|Whereoware LLC|14399 Penrose Place|Suite 450|Chantilly
1|Registrar Corp|144 Research Drive||Hampton
1|U-Play USA LLC|1440 London Bridge Road||Virginia Beach
1|Chain Bridge Bank National Association|1445 A Laughlin Avenue||McLean
1|J-Cube LLC|14468 Glencrest Circle||Centreville
1|Zamma Corporation|14468 Litchfield Drive||Orange
1|Better Life 4 Forbidden Country|14497 Potomac Mills Road|Suite 1179|Woodbridge
1|BLESSINGS HOME HEALTH LLC|145 Harrell Road|Suite 117|Fredericksburg
1|Interscripts Inc|14500 Avion Parkway,|Suite 125|Chantilly
1|Welsh Flaxman & Gitler LLC|1451 DOLLEY MADISON BLVD|STE 210|MCLEAN
1|Spectrum Center Inc|1451 Dolley Madison Blvd.|Suite 320|McLean
1|Heritage Baptist Church|14510 Spriggs Road||Woodbridge
1|Empire NextGen Solutions Inc|14515 Kestral CT||Woodbridge
1|TEXPERTS INC|14520 AVION PKWY|SUITE 340|CHANTILLY
1|Champaka Thai Massage & Spa LLC|14535 John Marshall Hwy|205|GAINESVILLE
1|Terra Site Constructors LLC|14566 Lee Road|Suite 400|Chantilly
1|Shenandoah University|1460 University Dr.||Winchester
1|Noesys Inc|14631 Lee Hwy|Suite 416|Centreville
1|Niesha Investment LLC|1464 Jeb Stuart Hwy||Red Oak
1|Fernandez Group LLC|14640 Hancock Village Street||Chesterfield
1|CEYLON EDUCATION CORPORATION, LTD|1468 KEMPSVILLE ROAD||CHESAPEAKE
1|CLUTCHPOINT LLC|14701 LEE HWY|Ste 203|CENTREVILLE
1|Clutchpoint LLC|14701 Lee Hwy|Ste 203|Centreville
1|JV Solutions LLC|14701 Lee Hwy, Suite 308||Centreville
1|CLUTCHPOINT LLC|14701 ROUTE 29|Ste 203|CENTREVILLE
1|Agridulce LLC|1472 N Beauregard Street||Alexandria
1|JP CONSTRUCTION INC|14721 INDUSTRY COURT||WOODBRIDGE
1|DEVEREAUX & ASSOCIATES, PC|1477 CHAIN BRIDGE ROAD|SUITE 200|MCLEAN
1|OMSAI COM LLC|14801 MUROADOCK AT||CHANTILLY
1|GLOBALGATE IT SOLUTIONS LLC|14801 MUROADOCK STREET, SUITE 155||CHANTILLY
1|GLOBALGATE IT SOLUTIONS LLC|14801 MUROADOCK STREET, SUITE 160||CHANTILLY
1|SUN SYSTEMS LLC|14801 Murdock St, Suite 155||Chantilly
1|The Stone Studio LLC|14805 Willard Road|Suite H|Chantilly
1|Teleworld Solutions Inc|14850 CONFERENCE CENTER DR|Suite 250|Chantilly
1|Teleworld Solutions Inc|14850 Conference Center DR|Suite 250|Chantilly
1|Teleworld Solutions Inc|14850 Conference Center Dr|Ste 250|Chantilly
1|Teleworld Solutions Inc|14850 Conference Center Dr.|Suite 250|Chantilly
1|CORT Business Services Corporation|14850 Conference Center Dr., Suite 110||Chantilly
1|Teleworld Solutions Inc|14850 Conference Center Drive|Suite 250|Chantilly
1|Teleworld Solutions Inc|14850 Conference Center Plaza|Suite 250|Chantilly
1|OnTrac Logistics Inc|14850 Thompson Road||Chantilly
1|Global Geotechnical Consultants LLC|14879 Farm Creek Drive, Unit M||Woodbridge
1|Parsetek Inc|14900 Bogle Dr, ,|Suite 106|CHANTILLY
1|GSSR Inc|14900 Bogle Drive Suite 100||Chantilly
1|GSSR Inc|14900 Bogle Drive Suite 102||Chantilly
1|GSSR Inc|14900 Bogle Drive, Suite 100||Chantilly
1|GSSR Inc|14900 Bogle Drive, Suite 102||Chantilly
1|AMPCUS Inc|14900 Conference Center Drive|Suite 500|Chantilly
1|TEKCEL8 INC|14901 BOGLE DRIVE|SUITE 205|CHANTILLY
1|Deven Software LLC|14901 Bogle Drive, Suite 304||Chantilly
1|Virginia Mennonite Retirement Community|1491 Virginia Avenue||Harrisonburg
1|Lake Manassas SNF LLC|14935 Holly Knoll Lane||Gainesville
1|CakeBoxx Technologies LLC|1499 Chain Bridge Road|Suite 104|McLean
1|PROMATES LLC|14991 SHADY OAK LN||HAYMARKET
1|PRA Group Inc|150 Corporate Blvd||Norfolk
1|LOGICAL PARADIGM LLC|150 ELDEN STREET|SUITE 245|HERNDON
1|Logical Paradigm LLC|150 Elden Street|Suite 245|Herndon
1|Prime Street LLC|150 Granby Street||Norfolk
1|Institute for Advanced Learning & Research|150 Slayton Ave||Danville
1|Kaufman & Canoles, P.C.|150 W Main St.|Suite 2100|Norfolk
1|Yokohama Tire Manufacturing Virginia LLC|1500 Indiana Street||Salem
1|CORT Business Services Corporation|15000 Conference Center Drive, Suite 110||Chantilly
1|CORT Business Services Corporation|15000 Conference Center Drive, Suite 440||Chantilly
1|Tadjer-Cohen-Edelson Associates Inc|1501 Farm Credit Drive|Suite 2300|McLean
1|University of Lynchburg|1501 Lakeside Drive||Lynchburg
1|The Law Office of Manuel Rivera, Esq. & Associates, P.C.|1501 Lee Highway|STE 208|Arlington
1|Amount Small Business|1501 Sunset Hills Road|Suite 100|Reston
1|Potomac Architectural Millwork Corp.|15010 Farm Creek Drive|Suite 100|Woodbridge
1|Mission Lane LLC|1504 Belleville St||Richmond
1|SMYRNA INTERNATIONAL INC|15060 FARM CREEK DRIVE,||WOODBRIDGE
1|Valley Proteins LLC|151 Valpro Drive||Winchester
1|Greenway Engineering Inc|151 Windy Hill Ln||Winchester
1|Global Infrastructure Services LLC|1513 Split Oak Ln|C|Henrico
1|Greg L. LaVecchia DMD and Associates PLLC|1515 Wilson Blvd.|Suite 103|Arlington
1|Elizabeth River Crossings OpCo LLC|152 Tunnel Facility Drive||Portsmouth
1|Resolve to Save Lives Inc|1520 Belle View Blvd|Suite 4036|Alexandria
1|Better Horse Inc|1520 Duke of Windsor Road||Virginia Beach
1|NEW AEROFARMS INC|1526 CANE CREEK PARKWAY||RINGGOLD
1|G&G Bright Diamonds LLC|1529 Huguenot Road||Midlothian
1|Mediso USA LLC|1530  Wilson Boulevard|Suite 115|Arlington
1|Hyper Solutions Inc|1540 E Parham Road||Richmond
1|RVET Operating LLC|1545 Crossways Blvd.|Suite 200|Chesapeake
1|Central Senior Center|15451 Lee Highway||Centreville
1|First Meridian Medical LLC dba MRI & CT Diagnostics|1554 River Birch Run North||Chesapeake
1|Onfido Inc|1560 Wilson Blvd|Ste 625|Arlington
1|BLUE SKY LASER & TOX LLC|1560 Wilson Blvd Ste 850||Arlington
1|Onfido Inc|1560 Wilson Bvd|Suite 625|Arlington
1|Coyne & Delany Co|1565 Avon Street Ext||Charlottesville
1|SYNAPTEIN SOLUTIONS INC|1568 SPRING HILL ROAD|SUITE 402|MCLEAN
1|Syneren Technologies Corporation|1577 Spring Hill Road, Suite 410||Vienna
1|Skysoft Inc|1585 Anderson Road|F529|McLean
1|Buckingham Mortgage LLC|1593 SPRING HILL ROAD|STE 100|VIENNA
1|HUE & CRY|16 S. 17th Street, 2nd Floor||Richmond
1|Shri Padmavati LLC|160 Front Royal Pike||Winchester
1|Gianna Pediatrics|160 Hunters Roadg.||Christiansbrg
1|DroneUp LLC|160 Newtown Road|Suite 500|Virginia Beach
1|DroneUp LLC|160 Newtown road|Suite 500|Virginia Beach
1|CIBT Inc|1600  International Drive|SUITE 600|McLean
1|National Association of Convenience Stores|1600 Duke Street||Alexandria
1|CIBT Inc|1600 International Dr|Suite 600|McLean
1|LEGO Manufacturing Virginia Inc|1600 Ruffin Mill Road||Colonial Heights
1|LUFFING FUTURE LLC|1600 S JOYCE ST||ARLINGTON
1|CrossCountry Consulting|1600 TYSONS BLVD.|SUITE 1100|MCLEAN
1|INADEV Corporation|1600 Tysons Blvd.  600||McLean
1|FEMINIST MAJORITY FOUNDATION|1600 WILSON BLVD.|SUITE 801|ARLINGTON
1|The Network Group Inc|1600 Wilson Blvd|Suite 1350|Arlington
1|Schnabel Management Services Inc|16000 Christensen Road|Suite 101|Glen Allen
1|Abingdon Physician Partners|16000 Johnston Memorial Drive|Suite A|Abingdon
1|Viridiant|1601 Rolling Hills Dr.||Richmond
1|Equitable Real Estate Partners|1604 Santa Rosa Road|Suite 203|Richmond
1|Advancesoft Inc|1604 Spring Hill Road, 2nd Floor|STE 224|Vienna
1|Seven-Teahouse LLC|1607 Village Market Blvd SE|Suite 104|Leesburg
1|NowSecure Inc|1608 Spring Hill Road|Suite 200|Vienna
1|Swisslog Logistics Inc|161 Enterprise Drive||Newport News
1|CONCERT TECH CORPORATION|161 FORT EVANS ROAD|SUITE 235|LEESBURG
1|MAVEN INC|161 FORT EVANS ROAD NE,|SUITE 235|LEESBURG
1|KOLLABIO INC|161 FORT EVANS ROAD, NE|SUITE 210|LEESBURG
1|Softrams LLC|161 Fort Evans Road NE, Suite 205||Leesburg
1|Cormac Corporation|161 Fort Evans Road, NE|Suite 250|Leesburg
1|App Takeoff LLC|16112 Scottwood Road||Midlothian
1|Virginia Family Dentistry PC|1612 Huguenot Road||Midlothian
1|PearlX Infrastructure LLC|1612B Cambridge Circle||Charlottesville
1|Apricus International LLC|1616 Fort Myer Drive|Ste 1500|Arlington
1|Gregory T Harvey DMD, PC|1618 W Main Street||Salem
1|Oakcrest School|1619 Crowell Road||Vienna
1|Maa Khodiyar LLC|1620 Armory Dr||Franklin
1|S.W.I.F.T. Inc|1621 McDevitt Drive||Culpeper
1|Excel Group LLC|1621 North Kent Street|Suite 1115|Arlington
1|MWB Contractor Services LLC|1630 Hylton Ave||Woodbridge
1|MWB Contractor Services LLC|1630 Hylton Avenue||Woodbridge
1|Summit Human Capital|1635 W. Broad St.||Richmond
1|Summit Human Capital|1635 W. Broad Street||Richmond
1|OmniTek Consulting Inc|1640 Boro Pl|4th Floor|McLean
1|Intigno Inc|1640 Boro Place FL 4|N/A|McLean
1|American Academy of Otolaryngology-Head and Neck Surgery Foundation Inc|1650 Diagonal Road||Alexandria
1|Amalga Systems Inc|1650 Silver Hill Drive|Suite 1909|McLean
1|INADEV Corporation|1651 Old Meadow Road, Suite 205||McLean
1|Paxton Contractors Corporation|1652 Pine Acres Lane||Suffolk
1|Synectics for Management Decisions Inc|1655  Fort Myer Drive|Ste 360|Arlington
1|The Conservation Fund|1655 N Fort Myer Drive|Suite 1300|Arlington
1|The Medical Device Innovative Consortium|1655 N Ft. Myer Drive|12th Floor|Arlington
1|LUXE Exteriors LLC|1656 Parkcrest Circle|Suite 200|Reston
1|ICS NETT INC|1660 INTERNATIONAL DRIVE|SUITE 200|MCLEAN
1|EventBK Inc|1660 International Dr.|Suite 600|McLean
1|Total Health Concepts LLC|169 East Street NE||Vienna
1|Aspetto Inc|1691 Emancipation Hwy.||Fredericksburg
1|Blue Ridge Bank, N.A.|17 W. Main Street||Luray
1|Diakon Logistics Inc|170 W. Shirley Avenue|Suite 203|Warrenton
1|Army Navy Country Club|1700 Army Navy Drive||Arlington
1|Amazon.com Services LLC|1700 Crystal Drive||Arlington
1|Finalcover LLC|1700 N Moore St|Suite 1701|Arlington
1|Youth Venture Inc|1700 NORTH MOORE STREET|Suite 2000|Arlington
1|Bricklayer AI Inc|1702 Woodman Drive||McLean
1|V4 Development LLC|17043 Dunns Chapel Road||Montpelier
1|FERMATA ENERGY LLC|1705 LAMBS ROAD||CHARLOTTESVILLE
1|AMC Technology LLC|1707 Summit Avenue|Suite 201|Richmond
1|BISWAS INFORMATION TECHNOLOGY SOLUTIONS INC|171 ELDEN STREET|SUITE 2C1|HERNDON
1|Childrens Heart Institute Inc|171 Elden Street|Suite 2C4|Herndon
1|Phoenix Integration Inc|1715 Pratt Drive|Suite 2000|Blacksburg
1|RationalSoft Inc|1717 Drewlaine Drive||Vienna
1|Trilogy Mentors Inc|1717 E Cary St.||Richmond
1|Thrive Financial Inc|1717 East Cary Street|Suite 3112|Richmond
1|Luminas LLC|1724 Lake Shore Crest Drive|31|Reston
1|VEDAS INFORMATION TECHNOLOGIES INC|1730 ARLINGTON BLVD|604|Arlington
1|Solidcore Holdings LLC|1735 N. Lynn Street|Suite 650|Arlington
1|Pipio Inc|1736 Seagull Court|Unit 205|Reston
1|Coresix Precision Glass Inc|1737 Enddeavor Drive||Williamsburg
1|SAMAMPAH AUTO &SHIPPING LLC|17378  CUSACK LANE||Dumfries
1|Groundworks Operations LLC|1741 Corporate Landing Parkway||Virginia Beach
1|Amazing Nails Spa LLC|1741 J Virginia Avenue||Harrisonburg
1|Amazing Nails Spa LLC|1741 Virginia Avenue|Suite J|Harrisonburg
1|CLOUD PPH INC|1749 Old Meadow ROAD|Suite 400|MCLEAN
1|Catalyst Business Consulting Inc|1749 Old Meadow Road Suite 400||McLean
1|3G Architects LLC|1749 Old Meadow Road, Suite 506||McLean
1|Bublup Inc|175 Chain Bridge Road||McLean
1|Leidos Inc|1750 President Street||Reston
1|Leidos Inc|1750 Presidents St||Reston
1|GENERAL INFORMATION TECHNOLOGY INC|1750 TYSONS BLVD|Suite 1500|McLean
1|Centre Law & Consulting LLC|1750 Tysons Blvd. Suite 1650||Tysons, VA
1|Weatherhaven Reources Inc|1750 Tysons Boulevard|Suite 1500|McLean
1|international Law Offices of Fallah PLLC|1750 tysons blvd|suite 1500|mclean
1|S NIMBUS LLC|1751 PINNACLE DR|SUITE 600|MCLEAN
1|Envoys Inc|1751 PINNACLE DRIVE|SUITE 600|MCCLEAN
1|Cloudramp LLC|1751 Pinnacle Dr|Suite 600|McLean
1|Cloudramp LLC|1751 Pinnacle Dr,|Suite 600|McLean
1|The IQ Business Group Inc|1751 Pinnacle Dr.,|Suite 600|McLean
1|Novaks Gymnastic Center Inc|17535 Old Stage Coach Road||Dumfries
1|Mountain Mission School Inc|1760 Edgewater Drive||Grundy
1|NovaGigs Inc|1765 Greensboro Station Place, Suite 900||McLean
1|DXFACTOR LLC|17650 Greensboro Station Pl., Ste 900||McLean
1|Amazon.com Services LLC|1770 Crystal drive||Arlington
1|PIXALATE INC|1775 Greensboro Station|Suite 425|Mclean
1|Sysintelli Inc|1775 TYSONS BLVD|Suite 05124|TYSONS
1|NTELX INC|1775 TYSONS BLVD.|FLOOR 5|TYSONS
1|Qrvey Inc|1775 Tysons Blvd, Fl 5||Tysons
1|VRTL Space LLC|1775 Tysons Blvd, Floor 5||McLean
1|CAVEONIX INC|1775 Tysons Blvd.,|5th Floor|Tysons
1|Campaign Registry Inc|1775 Tysons Boulevard|5th Floor|McLean
1|MG Educational Consulting Inc|1775 Verona Drive||Charlottesville
1|FORM Architects, PLLC|1777 N. Kent Street|Suite 150|Arlington
1|Nathan Associates LLC|1777 North Kent Street|Suite 1400|Arlington
1|WorldVu Development LLC d/b/a OneWeb|1785 Greensboro Station Place|Tower 3|McLean
1|Monticello Consulting Group Inc|1791 Cambridge Drive|Suite 201|Richmond
1|Casanel Farm LLC|17956 Canby Road||Leesburg
1|Alimond Photography LLC|18 Royal Street SE|300|Leesburg
1|McAirlaids Inc|180 Corporate Dr||Rocky Mount
1|Bluesight Inc|1800  Duke Street|Suite 108|Alexandria
1|Horizon global Partners LLC|1800 Alexander Bell Drive|Suite P100|Reston
1|London Company of Virginia LLC|1800 Bayberry Ct.|Suite 301|Richmond
1|NIMML Institute Inc|1800 Kraft Drive|Suite 100|Blacksburg
1|City of Alexandria Virginia Sanitation Authority|1800 Limerick Street||Alexandria
1|Zephyr AI Inc|1800 Tysons Boulevard|Suite 901|McLean
1|American Society of Civil Engineers|1801 Alexander Bell Drive||Reston
1|BRINKS INCORPORATED|1801 BAYBERRY COURT||RICHMOND
1|World Pediatrics|1801 East Cary St.|Suite 1|Richmond
1|Clarewood University Inc|1801 Old Reston Avenue|Suite 100|Reston
1|KYM Advisors Inc|1801 Reston Parkway|Suite 302|Reston
1|Cleverex Systems Inc|1801 Robert Fulton Dr Ste 500||Reston
1|Pure Integration LLC|1801 Robert Fulton Dr.|Suite 450|Reston
1|The Bureau of National Affairs Inc|1801 SOUTH BELL STREET||ARLINGTON
1|Hart Business Solutions LLC|1806 Summit Ave|Ste 300 PMB 2133|Richmond
1|Veterinarian Electronic Assistant Inc|181 E Reed Ave|Ste 207|Alexandria
1|Maag Gala Inc|181 Pauley St||Eagle Rock
1|Maag Reduction Inc|181 Pauley St.||Eagle Rock
1|Nestle Purina PetCare Global Resources Inc|1812 N Moore St.||Arlington
1|Nestle Purina PetCare Global Resources Inc|1812 N. Moore St||Arlington
1|Khanijo|1818 Liberty St, Suite 500||Reston
1|RealCoderz Inc|1818 Library St|Suite 500|Reston
1|Verity Commercial LLC|1821 Michael Faraday Dr.|Suite 208|Reston
1|Brody Jewish Center|1824 University Circle||Charlottesville
1|Pediatric Physicians of Reston, PC|1830 Town Center Drive|Suite 205|Reston
1|WillowTree LLC|1835 Broadway St||CHARLOTTESVILLE
1|WillowTree LLC|1835 Broadway Street||Charlottesville
1|Valley Health System|1840 Amherst Street||Winchester
1|Spcii Technologies Inc|18458 Forest Road||Forest
1|Zoomph Inc|1856 Old Reston Avenue|Suite 100|Reston
1|LifeNet Health|1864 Concert Drive||Virginia Beach
1|EPL America LLC|187 Cane Creek Blvd||Danville
1|EPL America LLC|187 Cane Creek Blvd.||Danville
1|Professional Service Inc|1879 Easterly Road||Reston
1|Winchester Cardiology and Vascular Medicine, P.C.|1880 Amherst Street|Suite 100|Winchester
1|GATE GOURMET INC|1880 CAMPUS COMMONS DRIVE|SUITE 200|RESTON
1|Ventera Corporation|1881 Campus Commons Dr|Suite 350|Reston
1|Ventera Corporation|1881 Campus Commons Dr.|Suite 350|Reston
1|Raul V. Bravo Associates Inc|1889 Preston White Dr.|Suite 202|Reston
1|Global Technology Associates LLC|1890 Preston White Dr|STE 150|Reston
1|Global Technology Associates LLC|1890 Preston White Dr.|Suite 150|Reston
1|Global Technology Associates LLC|1890 Preston White Drive|Suite 150|Reston
1|American College of Radiology|1891 Preston White Drive||Reston
1|The Matthews Group Inc|18915 Lincoln Road||Purcellville
1|American College of Radiology|1892 Preston White Drive||Reston
1|American College of Radiology|1892 Preston Whtie Drive||Reston
1|Electrosoft Services Inc|1893 Metro Center Drive|Suite 228|Reston
1|Appteon Inc|1893 Metro Center Drive, Suite 106||Reston
1|Medexy LLC|1895 Preston White Dr.|Suite 101|Reston
1|Armantek LLC|1897 Preston White Drive|Suite 202|Reston
1|SMART CITIES COUNCIL INC|1900 CAMPUS COMMONS DRIVE|SUITE 100|RESTON
1|NIRA Systems LLC|1900 Campus Commons Dr|Suite 100|Reston
1|Imagine Camelback Middle Inc|1900 Gallows Road,|Suite 250|Vienna
1|Mervis Diamond Corporation|1900 Mervis Way||Tysons
1|TekSynap Corporation|1900 Oracle Way|Suite 800|Reston
1|GLOBALTEKFORCECOM INC|1900 RESTON METRO PLAZA|Suite 600|Reston
1|GLOBALTEKFORCECOM INC|1900 RESTON METRO PLAZA, 6th Floor|Suite 600|Reston
1|AGILITY TECHNOLOGIES INC|1900 RESTON METRO PLAZA, SUITE 609||RESTON
1|Rolls-Royce Corporation|1900 Reston Station Boulevard|Floor 4|Reston
1|Subudhi Consulting Group Inc|1901 E Franklin St|Suite 111|Richmond
1|Subudhi Consulting Group Inc|1901 E Franklin Street|Suite 111|Richmond
1|Language Associates LLC|1901 Fort Myer Drive|Suite 600|Arlington
1|Eagle Technologies Inc|1901 N Moore Street|Suite 702|Arlington
1|The Rosser Foundation|1901 N. Armistead Avenue||Hampton
1|Energy Ventures Analysis Inc|1901 N. Moore St.|Suite 1200|Arlington
1|MacroSys LLC|1901 North Moore Street, Suite 602||Arlington
1|Synergy Business Innovation & Solutions Inc|1902 Campus Commons Drive|Suite 430|Reston
1|IT Excel LLC|1910 Association Dr|Suite 101|Reston
1|Miller DDS of Lynchburg P.C.|1910 Thomson Drive||Lynchburg
1|Enhesa Inc|1911 Fort Myer Drive|Suite 1150|Arlington
1|Alphataraxia Management LP|1911 N Fort Myer Dr|Suite 800|Arlington
1|LaserShip Inc|1912 Woodford Road||Vienna
1|Agile Aspects LLC|19139 Zachary Ln||Leesburg
1|NTENT Inc|1919 Gallows Road|Suite 1050|Vienna
1|CONSULTING & IT LLC|1920 ASSOCIATION DR|STE 101|RESTON
1|Apptad Inc|1920 Association Dr.|Suite 500|Reston
1|Centra Health Inc|1920 Atherholt Road||Lynchburg
1|Vertical Aviation International Inc|1920 Ballenger Avenue||Alexandria
1|NODAL EXCHANGE LLC|1921 GALLOWS ROAD|3RD FLOOR|TYSONS CORNER
1|Brundidge & Stanger, P.C.|1925 Ballenger Avenue|STE 560|Alexandria
1|Skysoft Inc|1927 Anderson Road||Falls Church
1|SS Software Solutions LLC|1931 Kennedy Drive||McLean
1|Excidion Inc|1934 Old Gallows Road, Suite 350||Vienna
1|Agastya Khayal LLC|1936 Blue Hills Dr NE||Roanoke
1|Synergy Consulting & CPA LLC|1939 Roland Clarke Pl|Suite 310|Reston
1|ARK Solutions Inc|1939 Roland Clarke Place, Suite 300|N/A|Reston
1|SystemLink Inc|1939 Roland Clarke Place, Suite 340||Reston
1|American Drug Center Inc|1940 Laskin Road|Suite 306|Virginia Beach
1|OSullivan Films Inc|1944 Valley Avenue||Winchester
1|BIOMECHANIC PHYSICAL THERAPY|19441 GOLF VISTA PLAZA|SUITE 340|LEESBURG
1|Astute Engineering, PLLC|1945  Old Gallows Road|Suite 201|Vienna
1|EAI TECHNOLOGIES LLC|1945 OLD GALLOWS ROAD|SUITE 310|VIENNA
1|County of Albemarle|195 PEREGORY LANE||CHARLOTTESVILLE
1|Natures Touch Frozen Foods LLC|195 Toray Dr||Front Royal
1|PIETY TECH LLC|1950 OLD GALLOWS ROAD, SUITE 450||VIENNA
1|Ofinno LLC|1950 OPPORTUNITY WAY|STE 1200|Reston
1|Alliance Executive Search LLC|1950 Old Gallows Road|Suite 410|Vienna
1|Trillion Technology Solutions Inc|1950 Roland Clarke Place|Suite 410|Reston
1|Valcourt Exterior Building Services of Florida, L.C.|1951 Kidwell Drive|Suite 350|Vienna
1|Janus International Hospitality Student Exchange LLC|19519 Jefferson Davis Hwy||Ruther Glen
1|Korea-US Quantum Technology Cooperation Center|1952 Gallows Road Ste 200||Vienna
1|PSYCHOLOGY ASSOCIATES OF NORTHERN VIRGINIA LLC|1954 Opitz Blvd.||WOODBRIDGE
1|MakarySoft LLC|19586 Aspendale Sq||Ashburn
1|POMS CORPORATION|196 VAN BUREN STREET|SUITE 200|HERNDON
1|Fideli Law PLLC|1960 Gallow Road, Suite 220||Vienna
1|Landmark Title Services Inc|1960 Gallows Road, Suite 110A||Vienna
1|TRUSTWORTHY MORTGAGE CORPORATION|1964 GALLOWS ROAD|SUITE 350|VIENNA
1|USA Intellectual Property Research And Education Institute|1965 Algonquin Trail ,Williamsburg,VA 23185||Williamsburg
1|USA Intellectual Property Research And Education Institute|1965 Algonquin Trail,Williamsburg VA 23185||Williamsburg
1|DXFactor LLC|1965 Greensboro Station Pl|Suite 900|McLean
1|Salem VA Medical Center|1970 Roanoke Blvd||Salem
1|Liberty University Inc|1971 University Blvd.||Lynchburg
1|BETTER AND BEST HOME CARE LLC|1976 WILLIAM STREET||FREDERICKSBURG
1|Potomac River Group LLC|19775 Belmont Executive Plaza|Suite 525|Ashburn
1|Potomac River Group|19775 Belmont Executive Plaza, Suite 525||Ashburn
1|Illuminate Technologies LLC|198 Van Buren Street|Suite 200|Herndon
1|Virginia University of Integrative Medicine|1980 Gallows Road||Vienna
1|REMEDYBIZ INC|1984 Isaac Newton Sq W|Suite 202|RESTON
1|CodeBroker LLC|1984 Isaac Newton Square W|Suite 205|Reston
1|Maryland and Virginia Milk Producers Cooperative Association|1985 Isaac Newton Square West||Reston
1|Infopact Inc|19977 Augusta Village Pl||Ashburn
1|Infopact Inc|19977 Augusta Village Place||Ashburn
1|Food Service Direct Logistics LLC|2 Eaton St|Suite 805|Hampton
1|Engivision Systems LLC|2 Mucklehany Ln||Sterling
1|Landmark Hotel Group LLC|20 Constitution Drive|Suite 100|Virginia Beach
1|Civitas Health Services Inc|20 W Williamsburg Road||Sandston
1|Catholic Diocese of Arlington|200  North Glebe Road||Arlington
1|Amify Inc|200 12th St. S, Ste. 801||Arlington
1|Management Systems International Inc|200 12th Street South|Suite 1200|Arlington
1|Amify Inc|200 12th Street South, Suite 801||Arlington
1|Hanover County Public Schools|200 Berkley Street||Ashland
1|VMDO Architects, P.C.|200 E Market Street||Charlottesville
1|VMDO Architects, P.C.|200 East Market Street||Charlottesville
1|Xalud Therapeutics Inc|200 Garrett Street|Suite S|Charlottesville
1|The College of William and Mary|200 South Boundary Street|Reves Center for International Studies|Williamsburg
1|Six Half Dozen LLC|200 South Peyton Street|Suite 203|Alexandria
1|Hampton University|200 William R Harvey Way||Hampton
1|Hampton University|200 William R. Harvey Way||Hampton
1|International Consulting Associates Inc|2000 14th Street N|Suite 350|Arlington
1|Syneren Technologies Corporation|2000 14th Street North, Suite 730||Arlington
1|MedStar- Georgetown Medical Center Inc|2000 15th St., North|Suite 301|Arlington
1|Dominion Digital Inc|2000 East Marshal Street|Second Floor|Richmond
1|Hanwha Azdel Inc|2000 Enterprise Dr||Forest
1|Hanwha Azdel Inc|2000 Enterprise Dr.||Forest
1|Hanwha Azdel Inc|2000 Enterprise Drive||Forest
1|CELLINK LLC|2000 KRAFT DRIVE|SUITE 2125|BLACKSBURG
1|Rivian Systems LLC|2000 Kraft Drive|Suite 1300|Blacksburg
1|Rivian Systems LLC|2000 Kraft Drive Suite 1300|Suite 1300|Blacksburg
1|Dominion Digital Inc|2000 Marshall Street|2nd Floor|Richmond
1|Dominion Digital Inc|2000 W. Marshall St.||Richmond
1|Sauer Brands Inc|2000 West Broad Street||Richmond
1|Wayne County Public Schools|2001 East Royall Avenue||Goldsboro
1|TechLab Inc|2001 Kraft Dr.||Blacksburg
1|Plasser American Corp.|2001 Myers Road||Chesapeake
1|Electrify America LLC|2003 Edmund Hailey Dr.||Reston
1|Electrify America LLC|2003 Edmund Halley Dr.||Reston
1|OLD DOMINION UNIVERSITY|2006  DRAGAS HALL||NORFOLK
1|Old Dominion University|2006 Dragas Hall||Norfolk
1|Dfuse Technologies inc|20068 Forest Farm Lane||Ashburn
1|Old Dominion University|2006I Dragas Hall||Norfolk
1|Military Officers Association of America|201  North Washington St.||Alexandria
1|Georgetown Post Inc|201 12th Street South|Suite 702|Arlington
1|Empower Counseling, PC|201 Brockenbrough Place||Forest
1|Longwood University|201 High Street||Farmville
1|Rhino.AI|201 N Union Street|STE 300|Alexandria
1|The Critical Mass LLC|201 N. Union St.|Suite 110|Alexandria
1|Military Officers Association of America|201 North Washington St||Alexandria
1|Cloud Builders LLC|201 Park Washington Court||Falls Church
1|Hollingsworth-Pack Corporation|201 Penman Drive|Suite G|Williamsburg
1|Hollingsworth-Pack Corporation|201 Penniman Road|STE G|Williamsburg
1|Southview Development LLC|201 W Main St|Ste 7|Christiansburg
1|Kollmorgen Corporation|201 W Rock Road||Radford
1|Centra Medical Group LLC|2010 Atherholt Road||Lynchburg
1|CLC Compliance Technologies Inc|2010 Corporate Ridge|Suite 540|McLean
1|RMH Medical Group LLC|2010 Health Campus Dr.||Harrisonburg
1|RMH Medical Group LLC|2010 Health Campus Drive||Harrisonburg
1|National Cooperative Bank, N.A.|2011 Crystal Dr.|Suite 800|Arlington
1|International Foundation for Electoral Systems|2011 Crystal Drive, Floor 10||Arlington
1|NOVATEUR RESEARCH SOLUTIONS LLC|20110 ASHBROOK PLACE|SUITE 170|ASHBURN
1|MQ Prime LLC|20110 Ashbrook Place|Suite 155|Ashburn
1|Zasti Inc|20116 Ashbrook PL|STE 130|Ashburn
1|Zasti Inc|20116 Ashbrook Pl|Suite 130|Ashburn
1|Janitza LP|20122 Ashbrook Place|Unit 100|Ashburn
1|Veloce IT Group LLC|20130 LAKEVIEW CENTER PLZ STE 458||ASHBURN
1|S3 Solutions LLC|20130 Lakeview Center Plaza  442||Ashburn
1|S3 Solutions LLC|20130 Lakeview Center Plaza 442||Ashburn
1|S3 Solutions LLC|20130 Lakeview Center Plaza suite 442||Ashburn
1|DATA AFFECT LLC|20130 Lakeview Center Plaza, Suite 400||Ashburn
1|S3 Solutions LLC|20130 Lakeview Center Plaza, Suite 442||Ashburn
1|DSP REAL ESTATE CAPITAL LLC|20130 Lakeview Center Plz, Suite 410||Ashburn
1|EPMINTEGRATORS INC|20130 Lakeview Centre|Suite 400|Ashburn
1|Lateetud Inc|20130, Lakeview Center Plaza|Suite 400|Ashburn
1|Kumar LLc|2015 Staples Mill Road||Richmond
1|Systems Engineering Services Corporation|20170 Trappe Road||Bluemont
1|Bay Avionics, Ltd.|202 Airport Ct.|Hangar 3|Suffolk
1|Next Gen Software Solutions LLC|202 Church ST SE|STE 525|Leesburg
1|Lakarya LLC|202 Church St SE|Suite 544|Leesburg
1|LYNKER TECHNOLOGIES LLC|202 Church Street, SE|SUITE 536|Leesburg
1|UNITED GLOBAL PROFESSIONAL SERVICES INC|202 GEESE LANDING|N/A|GLEN ALLEN
1|UNITED GLOBAL PROFESSIONAL SERVICES INC|202 Geese Landing|N/A|Glen Allen
1|Virginia Office of the Attorney General|202 N 9th Street||Richmond
1|Harmonia Holdings Group LLC|2020 Kraft Dr|STE 2400|Blacksburg
1|Harmonia Holdings Group LLC|2020 Kraft Drive|Suite 2400|Blacksburg
1|Vital Projects and Marketing Services dba Enterprise Agility Consulting|2022 Grey Oaks Park Ln||Glen Allen
1|Old Dominion University|2022 Koch Hall||Norfolk
1|Rare Book School at The University of Virginia|2023 Ivy Road||Charlottesville
1|Hyposoft Solutions Inc|20251 MILLSTEAD DR||ASHBURN
1|Kairos Counseling Inc|20276 Timberlake Road|Suite A|Lynchburg
1|Eastern Shore Rural Health System Inc|20280 Market Street||Onancock
1|INFO LABS INC|203 Elden St.|Suite 404|Herndon
1|Digital Bazaar Inc|203 Roanoke St W||Blacksburg
1|Tempur Production USA LLC|203 Tempur-Pedic Drive||Duffield
1|KeyLogic Associates Inc|2034 Eisenhower Avenue|Suite 115|Alexandria
1|Yorkshire Global Solutions Inc|20340 Bowfonds St.||Ashburn
1|Quris8 Inc|20358 River Ridge Terrace|Ste 102|Ashburn
1|SADAAN LLC|20368 River Bank Street||Sterling
1|Technology Talent Network LLC|20384 Winfield Pl||Sterling
1|RANDOLPH-MACON COLLEGE|204 HENRY STREET||ASHLAND
1|Columbia Capital, L.P.|204 South Union Street||Alexandria
1|Washington and Lee University|204 W. Washington St.||Lexington
1|Washington and Lee University|204 West Washington Street||Lexington
1|Nethyve Technologies Inc|20443 Cherrystone Pl||Ashburn
1|MyEdMaster LLC|205 Colleen Ct.||Leesburg
1|EMFOI INC|205 VAN BUREN STREET|SUITE 120|HERNDON
1|Techsur Solutions LLC|205 Van Buren|Suite 120|Herndon
1|SynapsIQ LLC|205 Van Buren St.||Herndon
1|Tellius Inc|205 Van Buren Street, Suite 120  1012||Herndon
1|Tellius Inc|205 Van Buren Street, Suite 120  1058||Herndon
1|Tellius Inc|205 Van Buren Street, Suite 120 4||Herndon
1|IORMYX INC|205 VanBuren St|Suite 120|HERNDON
1|ASCELLA TECHNOLOGIES INC|205 VanBuren Street|Suite 201|Herndon
1|Virginia University of Lynchburg|2058 Garfield Ave||Lynchburg
1|Astronomy Data Processing Corporation|206 Wirt Street NW||Leesburg
1|Nishu Hotel LLC|2060 Rosser Ave||Waynesboro
1|Ashburn Animal Care PLLC|20630 Ashburn Road|Suite 189|Ashburn
1|Patimalla Inc|20638 Marblehead Drive||Ashburn
1|TEK-STAR CORPORATION|20665 Erskine Terrace||Ashburn
1|ITSYNTAX INC|207 EAST HOLLY AVE|SUITE 203|STERLING
1|Virginia South Psychiatric & Family Services PC|207 N. 4th Avenue||Hopewell
1|Patel & Thoria LLC|207 Sterrett Road||Fairfield
1|Franklin City Public Schools|207 W. 2nd Ave||Franklin
1|AMITI CONSULTING INC|20745 WILLIAMSPORT PL.|SUITE 350|ASHBURN
1|KNACK INC|20752 WINDEMERE CT||POTOMAC FALLS
1|KODEVA LLC|20755 WILLIAMSPORT PL.|SUITE 320|ASHBURN
1|ENLIVEN TECHNOLOGIES INC|20755 WillamSport Place|Suite 230|Ashburn
1|ENLIVEN TECHNOLOGIES INC|20755 WilliamSport Place|Suite 230|Ashburn
1|Loudoun Hospitality Management LLC|20755 Williamsport PL|STE 290|Ashburn
1|Loudoun Hospitality Management LLC|20755 Williamsport PL, STE 290||Ashburn
1|ANVI Technologies Inc|20755 Williamsport Place, Unit 340|N/A|Ashburn
1|KODEVA LLC|20755, WILLIAMSPORT PL.|SUITE 320|ASHBURN
1|NORTHERN VIRGINIA HEMATOLOGY ONCOLOGY ASSOCIATES, P.C|2079 DANIEL STUART SQUARE||WOODBRIDGE
1|Northern Virginia Hematology Oncology Associates Inc|2079 Daniel Stuart Square||Woodbridge
1|Crespin Enterprises Inc|208 Noland Street||Falls Church
1|Alliance Industrial Corporation|208 Tomahawk Industrial Park||Lynchburg
1|X-BOLT ORTHOPEDICS INC|20802 Unison Road||Round Hill
1|LynxTech Group LLC|209 Elden St,|Suite 306|Herndon
1|GNRSystems Inc|209 Elden St.|Suite 203|Herndon
1|Rams of Virginia Inc|2090 Anderson Hwy|STE E|Powhatan
1|Creative Gardens Early Education VA LLC|20909 Ashburn Village Blvd||Ashburn
1|Pivotal Leap LLC|20968 Nightshade PL||Ashburn
1|H & S RESTAURANTS INC|2099 SUN HARBOUR AVE|STE 115|SUFFOLK
1|H & S Restaurants Inc|2099 Sun Harbour Ave|STE 115|Suffolk
1|SCIENCE AND TECHNOLOGY CORPORATION|21 ENTERPRISE PARKWAY|SUITE 150|HAMPTON
1|CO Specialty Dental Services PLLC|210 Executive Center Parkway||Fredericksburg
1|Martins Construction Corp.|210 Little Falls Street|Suite 300|Falls Church
1|Element 84 Inc|210 North Lee Street|Suite 203|Alexandria
1|Center for Open Science|210 Ridge McIntire Road|Suite 500|Charlottesville
1|Center for Open Science|210 Ridge McIntire Road,  Ste. 500||Charlottesville
1|Center for Open Science|210 Ridge McIntire Road, Ste. 500||Charlottesville
1|Delorean Power LLC|210 Wesmond Drive||Alexandria
1|GENERAL CIGAR COMPANY INC|2100 East Cary Street||Richmond
1|Antra Inc|21000 Atlantic Blvd, Suite 300||Sterling
1|Techwish LLC|21000 Atlantic Blvd. Suite 200||Sterling
1|Antra Inc|21000 Atlantic Boulevard|Suite 300|Sterling
1|Antra Inc|21000 Atlantic Bvld|Suite 300|Sterling
1|Devout Inc|21001 Sycolin Road|Suite 210|Ashburn
1|SMK SOFT INC|2101 COOPERATIVE WAY|SUITE 600|HERNDON
1|Glave & Holmes Architecture|2101 E. Main Street||Richmond
1|Zima-Pack LLC|2101 Pine Forest Dr.||South Chesterfield
1|AJW Inc|2101 Wilson Blvd|Ste 530|Arlington
1|Worldwide Mission Critical LLC|21022 Roaming Shores Terrace||Ashburn
1|CIS Secure Computing|21050  Ashburn Crossing Drive|Suite 145|Ashburn
1|Clango Inc|2107 Wilson Blvd|Suite 250|Arlington
1|TechClick LLC|21082 Mossy Glen Ter||Ashburn
1|Dunlap Bennett and Ludwig, PLLC|211 Church Street SE||Leesburg
1|Procon Inc|211 Industry Blvd||Rocky Mount
1|DULLES KITCHEN AND BATH LLC|211 MILL ST NE||Vienna
1|Internet 2.0 Inc|211 North Union Street|Suite 100|Alexandria
1|ITOLOGI GROUP INC|2110 WILKIES CT|APT 102|HERNDON
1|Stratera Technologies Inc|2111 Eisenhower Avenue|Suite 406|Alexandria
1|Remedy Health Associates LLC|2111 Wilson Blvd.|Suite 330|Arlington
1|United Service Organizations Inc|2111 Wilson Boulevard|Suite 1200|Arlington
1|Cyber Technology Innovations LLC|2112 Gallows Road|Suite B2|Vienna
1|SSTech LLC|21135 Whitfield PL Ste 206||Sterling
1|SSTech LLC|21135 Whitfield Pl.|Suite 206|Sterling
1|SSTech LLC|21135 Whitfield Pl.,|Suite 206|Sterling
1|Millennium Software Consulting LLC|2114 Angus Road|STE 221|Charlottesville
1|Scarpa Inc|2114 Barracks Road||Charlottesville
1|ROJA VEMULA DDS PLC|21145 WHITFIELD PL|SUITE 102|POTOMAC FALLS
1|GreenLyne Inc|2115 North Quinn Street||Arlington
1|AMF Automation Technologies LLC|2115 W. Labernum Avenue||Richmond
1|Delta Medical Transport Inc|2116 Dabney Road|Suite D|Richmond
1|National Automotive Charging Systems Inc|2120 Carter Gallier Blvd.||Powhatan
1|LanceSoft Inc|2121  Cooperative Way|Suite 130|Herndon
1|FEDERATED WIRELESS INC|2121 Crystal Drive|Suite 700|Arlington
1|COMMERCIAL LYNKS INC|2121 Eisenhower Ave|Ste 403|Alexandria
1|RKG Associates Inc|2121 Eisenhower Avenue|Suite 402|Alexandria
1|Smart Farm LLC|2124 Hackberry Road||Sutherlin
1|Clean Virginia|213 7th St. NE||Charlottesville
1|Carilion Services Inc|213 S. Jefferson St.||Roanoke
1|Carilion Services Inc|213 S. Jefferson Street||Roanoke
1|Sussex County Public Schools|21302 Sussex Drive||Stony Creek
1|Petersburg Family Dental PLLC|21312 Chesterfield Ave||Petersburg
1|COMPROBASE INC|21351 GENDRY DRIVE|SUITE 245|STERLING
1|LM HEAVY CIVIL CONSTRUCTION LLC|21351 GENTRY DRIVE,|SUITE 215,|STERLING,
1|Comprobase Inc|21351 Gentry Dr|Ste 245|Sterling
1|Comprobase Inc|21351 Gentry Dr.|Suite 245|Sterling
1|Teksome Solutions Inc|21351 Gentry Drive  140||Sterling
1|Antra Inc|21355 Ridgetop Circle Suite 300||Dulles
1|Weris Inc|21355 Ridgetop Circle, Suite 160||Sterling
1|Antra Inc|21355 Ridgetop Circle, Suite 300||Dulles
1|Antra Inc|21355 Ridgetop CircleSuite 300 Dulles, VA||Dulles
1|Antra Inc|21355 Ridgetop CircleSuite 300 Dulles, VA 20166||Dulles
1|MAC ST HOSPITALITY GROUP LLC|21441 PACIFIC BLVD|115|STERLING
1|MAC ST Hospitality Group LLC|21441 Pacific Blvd|STE 115|Sterling
1|Addo Consulting Inc|21454 Grey Slate Ct||Ashburn
1|PNCOTECH LLC|21480 MOUNT STERLING TERRACE|UNIT 301|STERLING
1|Technology Hub Inc|21495 RIDGETOP CIRCLE|Ste 308|STERLING
1|AVI TECHNOLOGIES INC|21495 Ridgetop Circle, Suite 308||Sterling
1|Quantum Computing Inc|215 Depot Court SE||Leesburg
1|Thirdera LLC|215 Depot Ct SE,  2nd Floor||Leesburg
1|Thirdera LLC|215 Depot Ct. SE||Leesburg
1|Ferrum College|215 Ferrum Mountain Road||Ferrum
1|Intellitek Inc|21525 RIDGETOP CIRCLE, SUITE 120||STERLING
1|ALTEK INC|21525 Ridgetop Cir|Ste 140|Sterling
1|Quantum Movement Inc|2157 N Brandywine Street||Arlington
1|Cubic Digital Intelligence Inc|21580 Beaumeade Circle|Suite 230|Ashburn
1|CODE CONNECT INC|2161 SAN MORITZ CIR|105|HERNDON
1|i-Connect LC|21630 Ridgetop Circle|suite 120|STERLING
1|Sada Technologies LLC|2165 San Moritz Cir|APT 206|Herndon
1|Arkin Software Technologies Inc|21687 Steatite Ct||Ashburn
1|Thundermoth|21706 Kings Crossing Terrace||Ashburn
1|SAN SOLUTIONS INC|21783 GOOSE CROSS TER||ASHBURN
1|Zenith Software Solutions Inc|21785 Filigree Ct|Unit 211|Ashburn
1|Worldstrides|218  West Water Street|Suite 400|Charlottesville
1|Lakeland Tours LLC|218 West Water Street|Suite 400|Charlottesville
1|Karyo e-Systems Inc|21913 Gullane Way||Ashburn
1|The Teneo Group LLC|220 Crispin Trail||Winchester
1|VIRGINIA TRANSFORMER CORP. (VTCR)|220 GLADE VIEW DR NE||ROANOKE
1|VIRGINIA TRANSFORMER CORPORATION|220 GLADE VIEW DRIVE||ROANOKE
1|VIRGINIA TRANSFORMER CORPORATION|220 GLADE VIEW DRIVE NE||ROANOKE
1|Peninsula Pediatric Dentistry, PC|220 Nat Turner Blvd||Newport News
1|Peninsula Pediatric Dentistry, PC|220 Nat Turner Blvd S||Newport News
1|Elevance Health Inc|220 Virginia Avenue||Indianapolis
1|Media Barn Inc|2200 Clarendon Blvd  1401||Arlington
1|Freedom Life Church International Inc|2200 Coliseum Dr||Hampton
1|Seven Hills SNF Operations LLC|2200 Landover Place||Lynchburg
1|Sussex County Public Schools|2200 Sussex Drive||Stony Creek
1|NV KITCHEN AND BATH REMODELING INC|22000 Dulles Retail Plaza|Suite 178|Sterling
1|Pistevo Decision LLC|2201 Cooperative Way, STE 600||Herndon
1|Pistevo Decision LLC|2201 Cooperative Way, Suite 600||Herndon
1|Summit Human Capital|2201 W. Broad St|Suite 208|Richmond
1|Sentara Halifax Regional Hospital|2204 Wilborn Avenue||South Boston
1|Enhanced Homes LLC|2205 S Shirlington Road||Arlington
1|Roanoke College|221 College Lane||Salem
1|Roanoke College|221 College Ln.||Salem
1|L3Harris Technologies Inc|221 Jefferson Ridge Parkway||Lynchburg
1|Netkraft Inc|2210 Station Road||North Chesterfield
1|Simulated Aptitude Inc|22101 Highview Trail Place||Broadlands
1|Lick Mountain LLC|2215 Buck Mountain Road||Free Union
1|AIBDTEK LLC|222 Alpine Ct||Irving
1|CAPITAL IT SOLUTIONS INC|222 CATOCTIN CIR SE|SUITE 126|LEESBURG
1|CAPITAL IT SOLUTIONS INC|222 CATOCTIN CIR SE.|SUITE 126|LEESBURG
1|IT PANDITS INC|222 Catoctin Cir SE Suite 126||Leesburg
1|CarMax Auto Superstores Services Inc|2220 W Broad St||Richmond
1|Union.fi Labs Inc|223 E City Hall Ave|Suite 300|300
1|Union.fi Labs Inc|223 E City Hall Avenue|Suite 300|Norfolk
1|Sentara Dominion Health Medical Associates, Ltd.|2232 Wilborn Avenue||South Boston
1|Monkton Inc|2236 Central Ave||Tysons
1|Incept Data Solutions Inc|22365 BRODERICK DR, SUITE 230||Sterling
1|NGS INFONET INC|22365 BRODERICK DRIVE, SUITE 320||STERLING
1|IGNITEC INC|22365 BRODERICK DRIVE, SUITE 340||STERLING
1|WYNBIT INC|22365 Broderick Dr|STE-230|Sterling
1|Ignitec Inc|22365 Broderick Drive|Suite 340|Sterling
1|Ignitec Inc|22365 Broderick Drive, Suite 340||Sterling
1|Version IT Inc|22365 Broderick dr|STE 230|Sterling
1|OVS TECHNOLOGIES INC|22375 BRODERICK DRIVE|SUITE 165|STERLING
1|HTMS INC|22375 Broderick Dr,|Suite 130 B,|Sterling
1|Digit IT Solutions Inc|22375 Broderick Dr, STE 165-A101||Sterling
1|Becky Healthcare LLC|22375 Broderick Dr.|Ste 250|Sterling
1|Brambleton Piano Studio LLC, dba Opus Conservatory|22377 Belmont Ridge Road||Ashburn
1|OTT HYDROMET CORPORATION|22400 DAVIS DRIVE|SUITE 100|STERLING
1|Foxcroft School|22407 Foxhound Lane||Middleburg
1|BurgerBusters Inc|2242 West Great Neck Road||Virginia Beach
1|Loudoun Medical Group, P.C.|224D Cornwall Street NW|Suite 403|Leesburg
1|AXIAS INC|225 REINEKERS LANE|STE 200|ALEXANDRIA
1|1800ADMIN LLC|22522 Welborne Manor Square||Ashburn
1|Noesys Inc|22570 Markey Court|Suite 210|Dulles
1|Muhlbauer Inc|226 Picketts Line||Newport News
1|Blueridge Infotech Corp|22621 Amendola Terrace|Suite 153|Ashburn
1|TEKORG INC|22636 GLEEN DR|SUITE 203|STERLING
1|NEXTGEN IT SERVICES INC|22636 GLENN DR.|SUITE 302|STERLING
1|TEKORG INC|22636 GLENN DRIVE, SUITE 203||STERLING
1|TEKORG INC|22636 Glenn Drive|Suit 203|Sterling
1|Teksky LLC|22636 Glenn drive||Sterling
1|NLX Holding Corporation|22640 Davis Drive||Sterling
1|SEER SOLUTIONS INC|22648 GLENN DR|SUITE 205|STERLING
1|Axis Tech Inc|22648 Glenn Dr|Ste 106|Sterling
1|Axis Tech Inc|22648 Glenn Dr.|Suite 106|Sterling
1|Edward Via College of Osteopathic Medicine|2265 Kraft Dr.||Blacksburg
1|Edward Via College of Osteopathic Medicine|2265 Kraft Drive||Blacksburg
1|FrontPoint Security Solutions LLC|22650 Executive Drive|Suite 119-122|Sterling
1|DECOVITA-USA INC|22675 Dulles Summit Court|Suite 125|Sterling
1|KETHAMSOFT LLC|22677 Flowing Spring Sq||Ashburn
1|LEVANTURE INC|22710 EXECUTIVE DRIVE|SUITE 100|STERLING
1|Levanture Inc|22710 Executive DR|Suite 100|Sterling
1|Levanture Inc|22710 Executive Dr|Suite 100|Sterling
1|Levanture Inc|22710 Executive Drive|Suite 100|Sterling
1|Savannah Holding Company Inc|22712 Commerce Center Ct|Ste 160|Sterling
1|CENTIPROS INC|22739 HEATHBROOK WAY||ASHBURN
1|Volans Corporation|22740 Dulles Gap Court||Ashburn
1|Axxor N.A. LLC|2275 Cane Creek Parkway||Ringgold
1|BSR Technologies LLC|22821 Nichols Farm Way||Ashburn
1|Books International Inc|22883 Quicksilver Drive||Dulles
1|TEKNOWLEAP INC|22900 SHAW ROAD|SUITE 101-6|STERLING
1|GARDENS FOUNDATION|22970 BUBBLING BROOK DRIVE||BRAMBLETON
1|Unanet Inc|22970 INDIAN CREEK DR|STE 200|Dulles
1|Unanet Inc|22970 Indian Creek Drive|200|Dulles
1|Swanan LLC|22986 Fox Fire Terrace||ASHBURN
1|SUSSEX COUNTY PUBLIC SCHOOLS|22OO SUSSEX DRIVE||STONY CREEK
1|HUE & CRY|23 S 13TH STREET|Fl 2|Richmond
1|Crater District Area Agency on Aging|23 Seyler Dr||Petersburg
1|CARING ANGELS HOME HEALTH LLC|230 COSTELLO DR.|SUITE 200|WINCHESTER
1|Caring Angels Home Health LLC|230 Costello Dr., Suite 200|N/A|Winchester
1|BGF INDUSTRIES INC|230 SLAYTON AVENUE||DANVILLE
1|National Student Clearinghouse|2300 Dulles Station Blvd|Suite 220|Herndon
1|National Student Clearinghouse|2300 Dulles Station Blvd.|Suite 220|Herndon
1|MARY WASHINGTON HEALTHCARE|2300 FALL HILL AVENUE, SUITE 207||Fredericksburg
1|Sharp Tax & Accounting Services Inc|2300 N Pershing Drive|Suite 201|Arlington
1|RMC 2021 LLC|2300 Wilson Blvd.||Arlington
1|Aeroflite Engineering LLC|2301 Concert Court|N/A|Vienna
1|St Jardins|23021 Olympia Dr||Brambleton
1|Strategic Education Inc|2303 Dulles Station Blvd||Herndon
1|Iron Bow Technologies LLC|2303 Dulles Station Blvd.|Suite 400|Herndon
1|Quartermaster AI Inc|2308 Mount Vernon Ave  138||Alexandria
1|Schizophrenia & Related Disorders Alliance of America|2308 Mount Vernon Avenue|207|Alexandria
1|AI Consultants Inc|23098 Red Sunset Place||Aldie
1|AI Consultants Inc|23098 Red Sunset place,||Aldie
1|Infinity Medical Management LLC|231 Medical Park Drive|Bluefield|Virginia
1|Targeted Victory LLC|2311 Wilson Blvd.|Floor 2|Arlington
1|August Consulting Inc|23150 Glenorchy Ct||Ashburn
1|Servzit Systems Inc|23174 Glenorchy Ct||Ashburn
1|AMERICAN ACADEMY OF PHYSICIAN ASSISTANTS INC (AAPA)|2318 MILL ROAD|SUITE 1300|ALEXANDRIA
1|Hauptman Ham, LLP|2318 Mill ROAD|Suite 1400|Alexandria
1|Aureka Biotechnologies Inc|23181 Verdugo Dr|Ste 106|Laguna Hills
1|Verdict Technologies Inc|23206 Manitoba Ct||Ashburn
1|Global Tunnels Limited Company|2321 Grove Avenue||Falls Church
1|American Drug Center Inc|2322 E Little Creek Road||Norfolk
1|Consulting Technology Services Inc|23245 Meadowvale Glen Ct||Sterling
1|Trianz Consulting Inc|2325 Dulles Corner Blvd.|Suite 575|Herndon
1|Arelion U.S. Inc|2325 Dulles Corner Boulevard|Suite 550|Herndon
1|Big Eye Technologies LLC|23284 Evergreen Ridge dr||Ashburn
1|Lancaster County Public Schools|2330 Irvington Road||Weems
1|VINCI CONSTRUCTION GRANDS PROJETS USA|2331 Mill Road|Suite 501|Alexandria
1|Business Performance Systems LLC|2337 Brittany Parc Dr||Falls Church
1|Business Performance Systems LLC|2337 Brittany Parc Drive||Falls Church
1|ARUS TECHNOLOGY INTERNATIONAL INC|23391 VIRGINIA ROSE PL||ASHBURN
1|Intellectfaces Inc|23397 Minerva Dr||Ashburn
1|Airline Tariff Publishing Company (ATPCO)|2340 Dulles Corner Blvd|Suite 800|Herndon
1|RIVERSIDE SNF LLC|2344 Riverside Drive|N/A|Danville
1|INFOMATICS CORP|23465 ROCK HAVEN WAY,|SUITE 100|DULLES
1|Infomatics Corp|23465 Rock Haven Way, Suite 100||Dulles
1|CONVISYS LLC|23521 LOFTHILL DR.||BRAMBLETON
1|CONVISYS LLC|23521 LOFTHILL DRIVE||BRAMBLETON
1|CHINA UNICOM (AMERICAS) OPERATIONS LIMITED|2355 DULLES CORNER BOULEVAROAD|Suite 688|HERNDON
1|Ritham Inc|23565 Silken Moss Ct||Ashburn
1|InfoChain Technologies Inc|23580 Silken Moss CT||BRAMBLETON
1|Infodyanimix Software Solutions LLC|23581 Silken Moss Ct||ASHBURN
1|SECUNETICS INC|23585 OVERLAND DRIVE|SUITE 108|STERLING
1|RUDVED IMPORTS LLC|23590 Boca Field Terrace||Ashburn
1|VMR Technologies LLC|23599 Cranford Knoll Ct||Aldie
1|Hampton Roads Shipping Association|236 E. Plume Street||Norfolk
1|ARKTEK IT SOLUTIONS LLC|23646 Sailfish Sq||Ashburn
1|Arya Tech Solutions LLC|23649 Sailfish Sq.||Ashburn
1|Hitech Incubator LLC|23671 Rouse Farm Ln.|Suite 100|Aldie
1|Belvac Production Machinery Inc|237 Graves Mill Road||Lynchburg
1|Old Dominion University Research Foundation|238 Kaufman Hall||Norfolk
1|Advanced Network Technology Solutions Inc|2386 Dakota Lakes Dr.||Herndon
1|Intellizant LLC|2390 Stone Fence Lane||Herndon
1|Intellizant LLC|2390 Stone Fence Ln||Herndon
1|AIBC Solutions LLC|2390 Woodland Pond Ln||Herndon
1|Indigo Technology and Management Systems Inc|23961 Nightsong CT||Aldie
1|Lithe Solutions Inc|23983 Mill Wheel Pl||Aldie
1|Jocassee Quantitative LLC|240 Main Street|Suite 301|Charlottesville
1|Virginia Health Rehabilitation Agency LLC|240 Nat Turner Blvd|N/A|Newport News
1|Silverchair Science & Communications LLC|240 W Main St|Suite 100|Charlottesville
1|Quad-C Management Inc|240 W Main Street|Suite 600|Charlottesville
1|Investure LLC|240 W. Main Street|Suite 500|Charlottesville
1|The Foleck Center|2400 Cunningham Dr|Suite 100|Hampton
1|PARHAM CARE CENTER LLC|2400 E. Parham Road|N/A|Richmond
1|Ignitho Technologies Inc|2400 OLD BRICK ROAD|SUITE 302|GLEN ALLEN
1|AhaApps LLC|2400 Old Brick Road||Glen Allen
1|GEAKMINDS INC|24016 AUDUBON TRAIL DR||ALDIE
1|Lyon Architecture PLLC|2402 Mount Vernon Avenue|Suite 2|Alexandria
1|Frontier IT Solutions Inc|24031 Ashby Oak Ct||Ashburn
1|Marieke Consulting Inc|2406 N Potomac St||Arlington
1|Page IT Solutions|24121 Statesboro Pl.,||Ashburn
1|Technova Systems Inc|2414 Cypress Green Lane||Herndon
1|Nectar Info Tek LLC|2420 Curie Ct||Herndon
1|Acoustical Solutions|2420 Grenoble Road||Richmond
1|NEWK SOLUTIONS LLC|2426 7 Quail crossing way||Aldie
1|A4 Solutions LLC|24264 Yellow Hammer Ct||Aldie
1|Plasser American Corp.|2428 Josef Theurer Ln.||Chesapeake
1|JKG Solutions Inc|24331 Winding Willow Court||Aldie
1|JKG Solutions Inc|24331 Winding Willow Ct||Aldie
1|MID ATLANTIC TACO LLC|2434 GUM ROAD||CHESAPEAKE
1|S3 Solutions LLC|24375 Linden Tree Ct||Aldie
1|Hampton University|244 William R Harvey Way|International Office|Hampton
1|Encompass Health Rehabilitation Hospital of Northern Virginia LLC|24430 Millstream Drive||Aldie
1|Shenandoah Trading Co.|245 Shepardstown Ct||Purcellville,
1|AMERICAN PUBLIC POWER ASSOCIATION|2451 CRYSTAL DRIVE|SUITE 1000|ARLINGTON
1|American Association of Museums|2451 Crystal Dr|Suite 1005|Arlington
1|Ramin IT Inc|24510 Laurel Thicket Terrace||Sterling
1|Morsink Soccer Academy|24540 Arcola Center Plaza|Suite 100-115|Sterling
1|LORSHI SYSTEMS LLC|24600 MILLSTREAM DR|SUITE 455|ALDIE
1|Covalent Management Inc|24600 Millstream Drive|Suite 410|Aldie
1|First Information Technology Services|2461 S. Clark Street|Suite 830|Arlington
1|First Information Technology Services|2461 South Clark Street|Suite 830|Arlington
1|Geetha Foods LLC|24646 SALMON RIVER PL||Aldie
1|Geetha Foods LLC|24646 Salmon River Pl.||Aldie
1|VIVID TECHNOLOGIES INC|24718 TRIBE SQUARE|APT 306|DULLES
1|YUVI SYSTEMS INC|24751 MINERS MILL PL.||ALDIE
1|VSK Consulting Inc|24760 Switchgrass Ct||Aldie
1|SIRI SOFT SYSTEMS INC|24779 MINERS MILL PL||ALDIE
1|RNK PLLC|2480 Osborne Road||Chester
1|Capital Second Investments LLC|2480 S Glebe Road||Arlington
1|Capital First Investments LLC|2480 South Glebe Road||Arlington
1|Alexys Corporation|24855 Serpentine PL||Stone Ridge
1|Zora Technology Inc|24877 Myers Glen Pl||Chantilly
1|Srishti Innovative LLC|24887 Myers Glen Pl||Chantilly
1|Mario Industries of Virginia Inc|2490 Patterson Ave||Roanoke
1|Loving Angels Health Care LLC|24958 Castleton Drive||Chantilly
1|Pallet Machinery Group Inc|250 Commerce Road|Unit A|Tappahannock
1|Virginia Polytechnic Institute and State University|250 Drillfield Drive|236 BURRUSS HALL|Blacksburg
1|Monteverde Engineering & Design Studio, PLC|250 E Elizabeth Street|Suite 114|Harrisonburg
1|Monteverde Engineering & Design Studio PLC|250 East Elizabeth Street|Suite 114|Harrisonburg
1|Shri Padmavati LLC|250 Front Royal Pike||Winchester
1|AMPEL LLC|250 West Main Street, Suite 300||Charlottesville
1|Intelligent Platforms LLC|2500 Austin Drive||Charlottesville
1|Randolph College|2500 Rivermont Avenue||Lynchburg
1|Trex Company Inc|2500 Trex Way||Winchester
1|MOST Investments LLC|2500 WILSON BLVD|SUITE 200|ARLINGTON
1|Most Investments LLC|2500 Wilson Blvd.|Suite 200|Arlington
1|Swartek Corporation|2503 Deer Wood Ct.,||Herndon
1|The Good Food Institute Inc|2503D N Harrison St|19|Arlington
1|Digital Links Inc|25049 Cambridge Hill Ter||Chantilly
1|Fortis Solutions Group LLC|2505 Hawkeye Court||Virginia Beach
1|SYSTECH SOLUTIONS INC|25063 KINGSCOTE COURT||CHANTILLY
1|SYSTECH SOLUTIONS INC|25063 KINGSCOTE CT||CHANTILLY
1|Cyber & Coffee LLC|2510 Paxton Street||Woodbridge
1|VIRGINIA BEACH CITY PUBLIC SCHOOLS|2512 GEORGE MASON DRIVE||VIRGINIA BEACH
1|Aigora LLC|2515 Whispering Oaks Court||Midlothian
1|PBR GROUP LLC|25152 ELK LICK ROAD|Suite 224|CHANTILLY
1|ADK LLC|2517 JAMES MADISON CIRCLE||HERNDON
1|VIVID TECHNOLOGIES INC|25179 Methley Plum Place||Aldie
1|Commercial Concrete Inc|25201 Pleasant Valley Road||Chantilly
1|VITCON SYSTEMS INC|25259 DESTINATION SQUARE||Aldie
1|ConquerTech Innovations LLC|25272 Ripley Field Dr.||Chantilly
1|LOUDOUN MOTOR CARS LLC|25280 PLEASANT VALLEY ROAD|SUITE 174|CHANTILLY
1|Eastern Columbia Plaza LLC|25330 Eastern Marketplace Plaza||Chantilly
1|TECHNOCRAFTS INC|25356 HERRING CREEK DRIVE||CHANTILLY
1|Bravent LLC|25363 Justice Dr||Chantilly
1|UNITED GRANITE LLC|25391 PLEASANT VALLEY ROAD||CHANTILLY
1|TECH TO TECH INC|25411 KINSALE PLACE||ALDIE
1|The School Board of the City of Petersburg|255 South Boulevard East||Petersburg
1|Creative Systems and Consulting LLC|2550 S. Clark Street|12th Floor|Arlington
1|NTT DATA Services Federal Government LLC|2551 Dulles View Drive, 400||Herndon
1|Ecosene LLC|2552 Glengyle dr||Vienna
1|Innova Staffing LLC|2552 SAndbourne Ln||Herndon
1|GD VA PLLC|2553 Chain Bridge Road||Vienna
1|Cosima Solutions LLC|25549 Byrnes Crossing Dr||Chantilly
1|Mevco USA Inc,|2555 Vale ridge Ct,||Oakton
1|Eastern Data of Virginia Inc .|2569 Horse Pasture Road||virginia beach
1|S3SOL INC|25721 Hayden Prairie Ct||Aldie
1|TuniraSoft LLC|25724 Garnett Hill Dr||Aldie
1|Interon IT Solutions LLC|25899 Sycamore Grove PL||Aldie
1|InfoMarines Inc|25937 Royston Pass Cir||Aldie
1|AAA VIRGINIA CONSULTING INC|26 PLAZA STREET NE|SUITE C|LEESBURG
1|IT PANDITS INC|26 PLAZA STREET NORTHEAST|SUITE B|LEESBURG
1|IT PANDITS INC|26 Plaza Street Northeast|STE B|Leesburg
1|ActioNet Inc|2600 Park Tower Drive Suite 1000||Vienna
1|ActioNet Inc|2600 Park Tower Drive, Suite 1000||Vienna
1|Framing Concepts Inc|2600 Performance Court||Virginia Beach
1|EZ Fed Tech LLC|26016 Rachel Hill Dr.|Suite 101|Chantilly
1|Buford Road Pharmacy Inc|2608 BUFOROAD ROAD||N CHESTERFIELD
1|Child Development Leaders LLC|2609 Mount Vernon Avenue||Alexandria
1|GAUT INVESTMENT CORP|2615 Hanco Center Dr||Woodbridge
1|WTAnow LLC|26153 Rachel Hill Dr||Chantilly
1|RVA Physicaltherapy & Sports Rehab LLC|2620 A Gaskins Road||Henrico
1|Gaea Group LLC|2629 PADDOCK GATE CT||Herndon
1|Commonwealth of Virginia Central State Hospital|26317 W. Washington St.||Petersburg
1|Indic Solutions Inc|26486 BARTON PARK CT||CHANTILLY
1|Indic Solutions Inc|26486 Barton Park CT||Chantilly
1|Indic Solutions Inc|26486 Barton Park Court||Chantilly
1|Indic Solutions Inc|26486 Barton Park Ct||Chantilly
1|PersuMedia LLC|2650 Park Tower Dr|Suite 501|Vienna
1|Architectural Graphics Inc|2655 International Parkway||Virginia Beach
1|Pyramid Systems Inc|2677 Prosperity Ave, Ste 250||Fairfax
1|Pyramid Systems Inc|2677 Prosperity Ave, Ste 700||Fairfax
1|Pyramid Systems Inc|2677 Prosperity Avenue|Suite 700|Fairfax
1|Pyramid Systems Inc|2677 Prosperity Avenue Suite 250||Fairfax
1|Pyramid Systems Inc|2677 Prosperity Avenue Suite 700||Fairfax
1|Compete Easy Inc|2680 Logmill Road||Haymarket
1|Virginia South Psychiatric & Family Services, P.C.|269 Medical Park Blvd||Petersburg
1|Virginia South Psychiatric & Family Services, PC|269 Medical Park Blvd.||Petersburg
1|No Hot Ashes LLC|27 S Davis Ave||Richmond
1|ARTS & LETTERS CREATIVE CO. LLC|2700 E Cary St||RICHMOND
1|Abeyon LLC|2700 S Quincy St|Suite 290|Arlington
1|Ticket Evolution Inc|2700 S Quincy Street|Suite 225|Arlington
1|Plateau Software Inc|2701 Prosperity Ave|Suite 203|Fairfax
1|PARSEC SOLUTIONS L.L.C.|27035 POST TIME CT||Chantilly
1|High Sierra Pools Inc|2704 Columbia Pike||Arlington
1|Anord Mardix (USA) Inc|2704 Seven Hills Blvd.||Henrico
1|PATNER CONSTRUCTION INC|2710 PROSPERITY AVENUE|SUITE 120|FAIRFAX
1|Data Analytics and Creative Solutions LLC|27175  PADDOCK TRAIL PL||Chantilly
1|Data Analytics and Creative Solutions LLC|27175 PADDOCK TRAIL PL||Chantilly
1|EMG Acquisition Company LLC|272 Bendix Road|Suite 525|Virginia Beach
1|Dextall Inc|2720 Prosperity Ave, Suite 400||Fairfax
1|Blue Ridge School Incorporated|273 Mayo Drive||St George
1|Prime Vision Technology US Inc|2733 Crystal Dr.|Suite 1050|Arlington
1|Marble Systems Inc|2737 Dorr Avenue||Fairfax
1|Fox Rehab PT MD LLC|2738 S Troy Street||Arlington
1|Integration Technologies Group Inc|2745 Hartland Road||Falls Church
1|ECS FEDERAL LLC|2750 PROSPERITY AVENUE|SUITE 600|FAIRFAX
1|Consolidated Safety Services Inc|2750 Prosperity Ave|Suite 200|Fairfax
1|ECS Federal LLC|2750 Prosperity Avenue|Suite 600|Fairfax
1|Prostate Centers Physician Group-Delaware LLC|2755 Hartland Road|Suite 110|Falls Church
1|ANRA TECHNOLOGIES INC|27651 EQUINE COURT||CHANTILLY
1|Ticket Evolution Inc|2788 S Arlington Mill Drive|Suite 275|Arlington
1|University of Richmond|28 Westhampton Way||Richmond
1|Dominion Heart and Vascular Clinic Inc|280 Charles Dimmock Parkway|Suite 2|Colonial Hgts
1|Robin Merger Corporation Inc|2800 Shirlington Road|Suite 1001|Arlington
1|Express Enterprize Corporation|2801 PS Business Center Drive||Woodbridge
1|ABTech Solutions LLC|2802 Musang Dr||Herndon
1|Subcomm LLC|2807 Middleboro Dr||Falls Church
1|Marymount University|2807 N Glebe Road||Arlington
1|Vericol LLC|2809 N Edison Street||Arlington
1|McKing Consulting Corporation|2810 Old Lee Highway|Suite 300|Fairfax
1|The Freelancing Hub LLC|2825 Dumbarton Road||Richmond
1|S.B. Ballard Construction Company|2828 Shipps Corner Road||Virginia Beach
1|Arsenal Enterprise Capital Management|283 Constitution Drive|Suite 525|Virginia Beach
1|Avyuct LLC|2832 Thistleberry Court||Herndon
1|APOLLO TECHNOLOGY SOLUTIONS LLC|2841 HARTLAND ROAD|SUITE 205|FALLS CHURCH
1|ACE Physical Therapy & Sports Medicine Institute LLC|2841 Hartland Road,  401B||Falls Church
1|York River Painting Inc|2866 Lees Neck Farm Road||SALUDA
1|Ingenuiti LLC|2876 Guardian Lane||Virginia Beach
1|AirParts Aero Inc|2890 Emma Lee Street|Suite 100|Falls Church
1|PeopleNTech Institute of Information Technology Inc|2900 Eisenhower Ave|5th floor|Alexandria
1|HITT CONTRACTING INC|2900 FAIRVIEW PARK DRIVE||FALLS CHURCH
1|HITT Contracting Inc|2900 Fairview Park Drive||Falls Church
1|Global Environment & Technology Foundation|2900 S. Quincy Street|Suite 375|Arlington
1|Wendroff and Associates LLC|2900 South Quincy Street|Suite 360|Arlington
1|Petroleum Marketing Group|2900 TELESTAR CT||FALLS CHURCH
1|Petroleum Marketing Group|2900 Telestar CT||Falls Church
1|Petroleum Marketing Group Inc|2900 Telestar Court||Falls Church
1|Petroleum Marketing Group|2900 Telestar Ct||Falls Church
1|THE ENABLED MANUFACTURING LLC|2903 COMMERCE STREET|SUITE D|BLACKSBURG
1|CustomInk LLC|2910 District Avenue|Suite 300|Fairfax
1|Medical Society of Virginia Foundation|2924 Emerywood Pkwy|Ste 300|Richmond
1|IONIC DEZIGN STUDIOS INC|293 INDEPENDENCE BOULEVAROAD, SUITE 308||VIRGINIA BEACH
1|Innerspec Technologies Inc|2940 Perrowville Road||Forest
1|Guidehouse Inc|2941 Fairview Park Dr.|Suite 501|Falls Church
1|Angel Heart & Soul Dentistry, PLLC|2942 PATRICK HENRY DR||FALLS CHURCH
1|Southern Trust Mortgage LLC|295 Bendix Road|Suite 400|Virginia Beach
1|Lemon Video LLC|2963 Sleepy Hollow Road||Falls Church
1|iCUBE Inc|2982 Rittenhouse Circle||Fairfax
1|Ladybug Tools LLC|2993 Eskridge Road||Fairfax
1|KITE Technologies LLC|3 Peebles St|Unit 8|South Hill
1|ARGUS SERVICES INC|30 CATOCTIN CIRCLE SE|SUITE 10|LEESBURG
1|Virginia Community College System|300 Arboretum Parkway|Suite 200|Richmond
1|TKA ARCHITECTS PC|300 CHURCH ST. SE||BLACKSBURG
1|Shamin Hotels Inc|300 E Franklin Street||Richmond
1|SUN TRIBE SOLAR LLC|300 E MAIN STREET|SUITE 200|CHARLOTTESVILLE
1|Blue Ridge Websoft LLC|300 E Main St.|Suite 310|Charlottesville
1|Shamin Hotels Inc|300 E. Franklin ST||Richmond
1|Owl Peak Technologies Inc|300 E. Main Street|Second Floor|Charlottesville
1|Setty & Associates LTD|300 East Main Street Suite 307||Charlottesville
1|Setty & Associates LTD|300 East Main Street, Suite 307||Charlottesville
1|iClean Air Products LLC|300 Fort Evans Road|104|Leesburg
1|Resilient Health & Community Support Services LLC|300 Franklin St|Ste 231|Martinsville
1|City of Bristol, Virginia|300 Lee Street||Bristol
1|RKG Associates Inc|300 MONTGOMERY STREET|SUITE 203|ALEXANDRIA
1|Mosaic Steel Orchestra Inc|300 Monticello Avenue|297|Norfolk
1|National Center for State Courts|300 Newport Avenue||Williamsburg
1|Encompass Health Rehabilitation Hospital of Fredericksburg LLC|300 Park Hill Drive||Fredericksburg
1|IRFlex Corporation|300 Ringgold Industrial Parkway||Danville
1|Sentara Healthcare|3000 Coliseum Drive||Hampton
1|National Industries for the Blind|3000 Potomac Ave||Alexandria
1|National Industries for the Blind|3000 Potomac Avenue||Alexandria
1|Airlines Reporting Corporation|3000 Wilson Boulevard|Suite 300|Arlington
1|Airlines Reporting Corporation|3000 Wilson Boulevard, Suite 300|N/A|Arlington
1|3001 Atlantic LLC|3001 Atlantic Ave||Virginia Beach
1|Symplicity Corporation|3003 Washington BLVD|Suite 900|Arlington
1|Symplicity Corporation|3003 Washington Blvd.|Suite 900|Arlington
1|Symplicity Corporation|3003 Washington Blvd., Suite 900||Arlington
1|Hayes Microbial Consulting LLC|3005 E Boundary Terrace, Suite F||Midlothian
1|Signature Pool Management LLC|3006 West Marshall St.||Richmond
1|Luna Innovations Inc|301 1st Street SW|Suite 200|Roanoke
1|Klann Inc|301 4th St||Waynesboro
1|Waynesboro City Public Schools|301 Pine Ave||Waynesboro
1|Waynesboro City Public Schools|301 Pine Avenue||Waynesboro
1|THE DEFENSE FORUM FOUNDATION INC|3014 CASTLE ROAD||FALLS CHURCH
1|Froehling & Robertson Inc|3015 Dumbarton Road||Richmond
1|WealthForge Holdings Inc|3015 W Moore St|Ste 102|Richmond
1|Acoustical Solutions|3017 Vernon Road||Henrico
1|PS Fertility Inc|3030 Vision Ln|Ste 250|Charlottesville
1|Trellis Data USA inc|3033 Wilson Boulevard|Suite 700|Arlington
1|Trellis Data USA inc|3033 Wilson Boulevard, Suite 700||Arlington
1|Dominguez Wealth Management Solutions Inc|304 Bulifants Boulevard|Suite 101|Williamsburg
1|Compass Youth Services LLC|3040 Avemore Square Place||Charlottesville
1|E-KARE INC|3040 WILLIAMS DR|STE 610|FAIRFAX
1|BUSINESS AND SUPPORT SERVICES|3044 CATILIN AVENUE||QUANTICO
1|BUSINESS AND SUPPORT SERVICES|3044 CATLIN AVENUE||QUANTICO
1|BUSINESS AND SUPPORT SERVICES DIVISION|3044 Catlin Ave||QUANTICO
1|Emory & Henry College|30461 Garnand Dr||Emory
1|Emory & Henry University|30461 Garnand Dr.||Emory
1|Emory & Henry University|30461 Garnand Drive||Emory
1|Virginia Military Institute|305 Letcher Avenue||Lexington
1|April Bonus LLC|305 s payne street|301|alexandria
1|Bixal Solutions Inc|3050 Chain Bridge Road, Suite 305||Fairfax
1|Quality Food Group LLC|3050 Williamsburg Road||Richmond
1|LUZON TECHNOLOGIES INC|3060 WILLIAMS DRIVE|SUITE 3051|FAIRFAX
1|GODWIN PHARMACY INC|3061 Godwin Blvd|ste 109|Suffolk
1|iSmile of Herndon, PLLC|3065A Centerville Road||Herndon
1|E.E. Reed Construction - East Coast LLC|3076 Centreville Road|Suite 100|Herndon
1|Virginia Beach School of the Arts Inc|3083 Brickhouse Ct||Virginia Beach
1|The Inn at Little Washington|309 Middle Street||Washington
1|Stafford County School Board|31 Stafford Drive||Stafford
1|Apex Clean Energy Inc|310 4th Street NE|Suite 300|Charlottesville
1|Nelson Byrd Woltz Landscape Architect, PLLC|310 E Market St||Charlottesville
1|Nelson Byrd Woltz LLC|310 East Market Street||Charlottesville
1|Cite Design Inc|310 N. Adams St.||Richmond
1|Auterion Inc|3100 CLARENDON BLVD||ARLINGTON
1|Softrams LLC|3100 Clarendon Boulevard, Suite 1400||Arlington
1|Fonteva LLC|3101 Wilson Boulevard|Suite 500|Arlington
1|Commonwealth Endodontics, PLLC|3107 Hungary Spring Road||Richmond
1|Architecture AF PLLC|311 N 2nd St||Richmond
1|Persian Cultural Center Inc|311-A Maple Avenue, West||Vienna
1|Enterprise Solutions Inc|3110 Fairview Park Dr.|Ste 120|Falls Church
1|Capital HealthCare LLC|3117 Duke Street||Alexandria
1|Conviso Inc|312 E Main Street|Suite 200|Luray
1|Softthink Solutions Inc|312 East Market Street|Suite H|Leesburg
1|HeadsUp Inc|312 Owaissa Road Southeast||Vienna
1|Cognizance Technologies LLC|312-F E Market St.|Suite 112|Leesburg
1|Red Oak Strategic LLC|312CalvertAvenue||Alexandria
1|Pixel Wall Inc|313 Greenhill Street||Great Falls
1|ASRS INC|313 N GLEBE ROAD|STE 209|ARLINGTON
1|Swtch Communications & Media|3130 Fairview Park Dr.||Falls Church
1|Business Computers Management Consulting Group LLC|3130 Fairview Park Drive|Suite 350|Falls Church
1|B.J. Kang Law, PC|3135 Mount Vernon Avenue||Alexandria
1|Virginia Community Healthcare Association|3138 Westerre Parkway|Suite 2|Henrico
1|OPN Law PLC|3140 Chaparral Dr|Suite 200C|Roanoke
1|American Automatic Sprinkler Co Inc|3149 Draper Drive||Fairfax
1|Radford University|314B Tyler Place|PO Box 6889|Radford
1|Frederick County Sanitation Authority|315 Tasker Road||Stephens City
1|In Motion US LLC|3157 State St||Blacksburg
1|MISSIONARIES OF GOOD EDUCATION AND HEALTHCARE INC|316 warren ave|Ste 2|front royal
1|Integration Technologies Group Inc|3180 Fairview Park Dr.|Suite 175|Fairfax
1|VIA design architects, pc|319 E Plume St||Norfolk
1|DC Group Investment LLC|320 23rd St S|Suite 300|Arlington
1|Bluestem Asset Management LLC|320 E. Main Street|Suite B|Charlottesville
1|Martinsville Physician Practices LLC|320 Hospital Drive||Martinsville
1|MPR Associates Inc|320 King Street|Suite 400|Alexandria
1|MTFA ARCHITECTURE PLLC|3200 LANGSTON BLVD||ARLINGTON
1|Kelvin A. Creyts|3201 Jermantown Road|Suite 575|Fairfax
1|Nuaav Inc|3204 Lock Gate Ct||Herndon
1|Nuaav Inc|3204 Lockgate Ct||Herndon
1|FRENCH H MOORE III DDS P C.|321 Court St.||Abingdon
1|Hayes Dental Associates, PC|3224 George Washington Memorial Highway||Hayes
1|Congressional School Inc|3229 Sleepy Hollow Road||Falls Church
1|Friendly City Psychology PLLC|3230 Peoples Drive|Suite 110|Harrisonburg
1|Telemet America Inc|325 FIRST ST||ALEXANDRIA
1|Playful Learners Preschool LLC|325 Rivanna Plaza Dr||Charlottesville
1|NOVIK KIM & LEE PLLC|3251 OLD LEE HIGHWAY|STE 500|FAIRFAX
1|BAREUN MEDIA INC|3251 OLD LEE HYW STE 506||FAIRFAX
1|DIGITAL BARRIERS USA INC|328 VICTORY DRIVE||HERNDON
1|AFFORDABLE DENTURES & IMPLANTS-DANVILLE II PC|3284 Riverside Drive||Danville
1|Infectious Diseases Physicians Inc|3289 Woodburn Road|Suite 200|Annandale
1|NewMarket Services Corporation|330 S 4th St.||Richmond
1|NewMarket Services Corporation|330 S. 4th St.||Richmond
1|NewMarket Services Corporation|330 S. 4th Street||Richmond
1|Home & Leisure Inc|3300 Dill Smith Drive||Fredericksburg
1|International Consulting Associates Inc|3300 Fairfax Drive|Suite 302|Arlington
1|Henry County School Board|3300 Kings Mountain Road|P.O. Box 8958|Collinsville
1|Woodburn Endoscopy Center, PLLC|3301 Woodburn Road|Suite 109|Annandale
1|99MediaLab LLC|3310 Bourbon St.||Fredericksburg
1|DIASTOAVIE- DIASPORA TOGOLAISE ASSISTANCE VIE|3314 Lyons Avenue||Norfolk
1|Framatome Inc|3315 Old Forest Road||Lynchburg
1|Mutant Medea Inc|3321 E. Princess Anne Road|Suite 1B|Norfolk
1|McChrystal Group LLC|333  N Fairfax St|STE 100|Alexandria
1|McChrystal Group LLC|333 North Fairfax Street|Suite 100|Alexandria
1|Winchester Medical Center|333 West Cork Street||Winchester
1|Blackfin Real Estate Investors LLC|3330 N. Washington Blvd|Suite 200|Arlington
1|SYNERGY BIOFUELS LLC|334 GUY WALTON DRIVE||PENNINGTON GAP
1|Synergy Biofuels LLC|334 Guy Walton Dr||Pennington Gap
1|Eiserone LLC|338 E Market St|Suite 109|Leesburg
1|LYNKER Corporation|338 East Market St.|SUITE 100|Leesburg
1|Union Presbyterian Seminary|3401 Brook Road||Richmond
1|Cybastion Institute of Technology LLC|3401 Fairfax Dr.|Suite 3200|Arlington
1|Universal Data Solutions Inc|3404 Brightfield Court||Herndon
1|HAULOTTE US INC|3409 CHANDLER CREEK ROAD||VIRGINIA BEACH
1|Haulotte U.S. Inc|3409 Chandler Creek Road||Virginia Beach
1|VIDA Real Estate Properties LLC|3418 N THOMAS ST||Arlington
1|Cooks Architecture Incorporated|3424 Mansfield road||Falls Church
1|Somic America Inc|343 E Lee Trinkle Drive||Wytheville
1|Ippon Technology Inc|3431 W Leigh St||Richmond
1|Ippon Technology Inc|3431 W Leigh Street||Richmond
1|Ippon Technology Inc|3431 W. Leigh Street||Richmond
1|ClinRé Inc|3434 Washington Blvd,|Ste 1313|Arlington
1|Maier & Maier, PLLC|345 Patrick St||Alexandria
1|Maier & Maier PLLC|345 S. Patrick Street||Alexandria
1|Maier & Maier, PLLC|345 South Patrick Street||Alexandria
1|Prince Edward County Public Schools|35 Eagle Drive||Farmville
1|Freedom Life Church International Inc|35 Tide Mill Lane||Hampton
1|Dev Investment LLC|3500 W Main St||Danville
1|Navigant Educational Consulting LLC|3501 Rose Crest Lane||Fairfax
1|THRESHOLDS DESIGN LLC|3509 moody ave||richmond
1|Navigant Educational Consulting LLC|3510 Rose Crest Lane||Fairfax
1|Space Centre Australia LLC|35442 Chincoteague Road||Wallops Island
1|Delta Star Inc|3550 MAYFLOWER DR||LYNCHBURG
1|BAREUN MEDIA INC|3554 CHAIN BRIDGE ROAD  306||FAIRFAX
1|Klockner Pentaplast of America Inc|3585 Kloeckner Road||Gordonsville
1|Nobletech Services LLC|36 Hammond Drive||Lovettsville
1|Xuejuan Dance Ensemble LLC|360 Herndon Parkway|Suite 900|Herndon
1|Xuejuan Dance Ensemble LLC|360 Herndon Pkwy|900|Herndon
1|RxWellness Spine & Health - Vienna Oakton LLC|360 Maple Avenue W||Vienna
1|Colonial Kidneycare Specialists PC|3601 Boulevard|Suite C|Colonial Heights
1|Altria Client Services LLC|3601 Commerce Road||Richmond
1|SWVA Dental Specialists|3604 Brambleton Avenue||Roanoke
1|Tech Interacts Inc|3615 chain Bridge Road|Suite C|Fairfax
1|Branch Civil Inc|3635 Peters Creek Road||Roanoke
1|LOANCARE LLC|3637 Sentara Way||Virginia Beach
1|3D Imaging and Simulation Corp Americas|365 Herndon Pkwy|Suite 18|Herndon
1|InHand Networks Inc|3650 CONCOROADE PKWY|Suite 200|Chantilly
1|Grof USA Distributors Inc|3656 Centerview Drive|Units 7&8|Chantilly
1|Zigma World LLC|3656 Centerview Drive, Unit 4||Chantilly
1|American Hofmann, Corp|3700 Cohen Place||Lynchburg
1|Liberty Christian Academy|3701 Candlers Mountain Road||Lynchburg
1|Granules Pharmaceuticals Inc|3701 Concorde Parkway||Chantilly
1|CUSTOMER VALUE PARTNERS INC|3701 PENDER DRIVE|SUITE 200|FAIRFAX
1|Technova Systems Inc|3701 Pender Drive|Suite 510|FAIRFAX,
1|M and Z construction and consulting LLC|3701 S George Mason Drive|Suite 2018N|Falls Church
1|Anderson Dental Associates, PLLC|3701 S. George Mason Drive|Suite C7N|Falls Church
1|Himes Associates, Ltd.|3702 Pender Dr.|Suite 120|Fairfax
1|Himes Associates LTD|3702 Pender Drive|Suite 120|Fairfax
1|LA TERMINUS FOUNDATION|3705 S GEORGE MASON DRIVE|Suite 915|Falls Church
1|MEDICAL FACILITIES OF AMERICA XI, LP|3710 LEE HIGHWAY||ARLINGTON
1|Leading Edge Systems Richmond|3711-A Westerre Parkway||Richmond
1|PROTESTANT EPISCOPAL THEOLOGICAL SEMINARY|3737 SEMINARY ROAD||ALEXANDRIA
1|Monarch Construction Inc|374 Maple Ave E|Suite 300|Vienna
1|Monarch Construction Inc|374 Maple Ave East|STE 300|Vienna
1|SR HEALTH CARE SERVICES INC|375 FOUR LEAF LANE|SUITE 201 A|CHARLOTTESVILLE
1|S R Health Care Services Inc|375 Four Leafe Lane|Suite 201 A|Charlottesville
1|LOGICATECH INC|3751 WESTERRE PKWY ,STE B||Richmond
1|LOGICATECH INC|3751 WESTERRE PKWY STE B||Richmond
1|LOGICATECH INC|3751 Westerre Pkwy   B||RICHMOND
1|Nearson Inc|3775-C Pickett Road||Fairfax
1|AMERICAN INFOSYS INC|3781 WESTERRE PKWY, STE   F||RICHMOND
1|AMERICAN INFOSYS INC|3781 Westerre Pkwy F||RICHMOND
1|AMERICAN INFOSYS INC|3781 Westerre Pkwy, F||RICHMOND
1|AMERICAN INFOSYS INC|3781 Westerre pkwy,   F||RICHMOND
1|American Infosys INC|3781 Weterre Pkwy,   F||RICHMOND
1|Commonwealth of Virginia Marine Resources Commission|380 Fenwick Road|Building 96|Hampton
1|Advanced Management Strategies Group|3800 Fettler Park Drive|Suite 201|Dumfries
1|One Discovery Inc|3800 Sleepy Hollow Drive||Falls Church
1|IN4.OS US LLC|381 Elden St|Ste 2200|Herndon
1|National Experienced Workforce Solutions|3811 North Fairfax Drive|Suite 900|Arlington
1|HENRICO COUNTY PUBLIC SCHOOLS|3820 NINE MILE ROAD||Henrico
1|USUI International Corporation|3824 Cook Blvd||Chesapeake
1|Stone Hot Pizza of Skyline LLC|3829 S George Mason Drive||Falls Church
1|Northern Virginia Endodontic Associates PLLC|3833 N. Fairfax Drive|Suite 440|Arlington
1|HAN SONG YANG INC|3852-A DULLES SOUTH CT.||CHANTILLY
1|THREATCONNECT INC|3865 WILSON BLVD.|Suite 550|ARLINGTON
1|NavHealth Inc|3865 Wilson Blvd|Suite 500|Arlington
1|Structural Engineering Group Inc|38997 E Colonial Highway||Hamilton
1|Simba Enterprises LLC|39 Fort Evans Road NE||Leesburg
1|Monarch Construction Inc|390-A Maple Ave E||Vienna
1|Monarch Construction Inc|390-A Maple Ave East||Vienna
1|MYPROMOVERS LLC|3900 Skyhawk Dr.||Chantilly
1|Cosmos Granite DC LLC|3900 Stonecroft Blvd|Suite B|Chantilly
1|Estes Express Lines|3901 West Broad Street||Richmond
1|T. E. LLC|3905 Railroad Ave|Ste 202S|Fairfax
1|T.E. LLC|3905 Railroad Ave, Ste. 202S||Fairfax
1|Lambda Technologies LLC|3913 Chantilly Road||Chantilly
1|IonIdea Inc|3913 Old Lee Highway|Suite 33B|Fairfax
1|Expert AI Technologies LLC|3916 Clares Court||Fairfax
1|Expert AI Technologies LLC|3916 Clares Ct||Fairfax
1|GRANITE ASAP LLC|3920 STONECROFT BLVD|Unit D|Chantilly
1|RK Trading Corp|3925 Deep Rock Road||Henrico
1|CREDOTECH LLC|3930 PENDER DR.|STE 160|FAIRFAX
1|Pearl Consulting Services Inc|3931 Avion Park Ct|Suite 231|Chantilly
1|Genesis Fiber Optic Splicing Inc|3932 Holland Blvd|Suite 1|Chesapeake
1|ALGORITHM INC|3949 PENDER DR.|SUITE 350|FAIRFAX
1|ALGORITHM INC|3949 PENDER DRIVE|SUITE 350|FAIRFAX
1|Algorithm Inc|3949 Pender Dr,|Suite 350|Fairfax
1|Algorithm Inc|3949 Pender Dr.|Suite 350|Fairfax
1|Hope Tower LLC|3950 Courthouse Road||Hopewell
1|Crestline Hotels & Resorts LLC|3950 UNIVERSITY DRIVE|SUITE 301|FAIRFAX
1|Crestline Hotels & Resorts LLC|3950 University Drive|Ste 301|Fairfax
1|Vision Point Systems Inc|3951 Pender Dr.|Suite 115|Fairfax
1|Tridium Inc|3951 WESTERRE PKWY|Suite 350|Richmond
1|Northern Virginia Science Center Foundation|3957 Pender Dr|Ste 100|Fairfax
1|Grass Roots Development Inc|3960 Dick Woods Road||Charlottesville
1|Munificent Group LLC|3963 Highland Oaks Dr||Fairfax
1|Hamsitek LLC|3978 Royal Lytham Dr||Fairfax
1|Inertial Labs Inc|39959 Catoctin Ridge Street||Paeonian Springs
1|Historic Richmond Foundation|4 E. Main Street|Suite 1C|Richmond
1|Greene County School Board|40 Celt Road|PO Box 1140|Stanardsville
1|Hampton Roads Proton Beam Therapy|40 Enterprise Parkway||Hampton
1|Hampton University Proton Therapy Institute|40 Enterprise Pkwy||Hampton
1|MARSHALL CONSULTING GROUP LLC|400 Holiday Ct|Suite 202|Warrenton
1|Colonial Beach School District|400 Lincoln Avenue||Colonial Beach
1|United Accreditation Foundation Inc|400 North Center Dr, Ste 202||Norfolk
1|MacGregor USA Inc|400 Rotary St.||Hampton
1|TAXANALYSTS|400 S. Maple Avenue|Suite 400|Falls Church
1|Wright Aloba CPA,PC|4000 W  Mercury Blvd||Hampton
1|Kirkby, White Consulting LLC|4006 Cary Street Road||Richmond
1|EZcabinetry Inc|401 Industry Drive|Suite A|Hampton
1|Albemarle County Public Schools|401 McIntire Road|Suite 125|Charlottesville
1|Turnkey Enterprises Inc|4010 Old Gun Road E||Midlothian
1|ServIT LLC|4012 Sherford Dr||Fairfax
1|ServIT LLC|4012 Sherford Dr.||Fairfax
1|ServIT LLC|4012 Sherford Drive||Fairfax
1|Stephen Bradley Eventing|402 Andromeda Terrace NE||Leesburg
1|Bridgewater College|402 E. College St.||Bridgewater
1|Bridgewater College|402 East College Street||Bridgewater
1|Canady Consulting Inc|403 Cornerstone St.||Lynchburg
1|AKVARR INC|4031 UNIVERSITY DRIVE,|SUITE 206|FAIRFAX
1|AKVARR INC|4031 UNIVERSITY DRIVE, SUITE 100||FAIRFAX
1|AKVARR INC|4031 UNIVERSITY DRIVE, SUITE 206||FAIRFAX
1|Akvarr Inc|4031 University Blvd|Suite 100|Fairfax
1|AKVARR INC|4031 University Dr.|Suite 206|Fairfax
1|INTEROS INC|4040 FAIRFAX DRIVE|SUITE 900|ARLINGTON
1|Interos Inc|4040 Fairfax Drive|Suite 800|Arlington
1|Brazen Technologies Inc|4040 N. Fairfax Drive, 7th Floor|Suite D|Arlington
1|CEG Solutions LLC|4040 North Fairfax Drive|Suite 700|Arlington
1|Pointe Advisory Inc|4040 Wilson Boulevard|Suite 400|Arlington
1|Virginia Oncology Care, PC|405 Chatham Heights Road||Fredericksburg
1|TORC ROBOTICS INC|405 PARTNERSHIP DR.||BLACKSBURG
1|TORC ROBOTICS INC|405 PARTNERSHIP DRIVE||BLACKSBURG
1|Airington Law Corp|4050 Innslake Dr||Richmond
1|Avis Global IT Solutions Inc|4050 Innslake Drive|STE 365|Glen Allen
1|Integrity Windows LLC|4050 Integrity Drive||Roanoke
1|Bluestone Pediatrics, PLC|4059 Quarles Ct||Rockingham
1|Virginia Oncology Care, PC|406 Chatham Square Office Park||Fredericksburg
1|George Washington Regional Commission|406 Princess Anne Street||Fredericksburg
1|Free Form Counseling LLC|406 W Franklin St|Suite 201|Richmond
1|DataPrime Inc|40623 Canongate Dr.||Leesburg
1|DataPrime Inc|40623 Canongate Drive||Leesburg
1|Christine Wang & Associates, Ltd.|407 Church Street, NE, Suite G||Vienna
1|TANGENT LABS LLC|407 LORTON COURT||CHESAPEAKE
1|L.F. Jennings Inc|407 N. Washington St|Suite 200|Falls Church
1|Oxford Strategic Legal Advisors|40715 Newton Place||Leesburg
1|Riner Grocery LLC|4074 Webbs Mil Road||Riner
1|DECISION LENS INC|4075 WILSON BLVD|SUITE 700|ARLINGTON
1|DECISION LENS INC|4075 WILSON BOULEVAROAD|SUITE 700|ARLINGTON
1|FEDERATED WIRELESS INC|4075 Wilson Boulevard|9th Floor|Arlington
1|SAAP INNOVATIONS LLC|40769 MAPLE VALLEY CT,||ALDIE
1|Suh Dental PLLC|408 Peachtree Lane||Yorktown
1|V.L.S Systems Inc|4080 Lafayette Center Dr.|Suite 300|Chantilly
1|RAB3 Tech LLC|4085 Chain Bridge Road|Suite 301|Fairfax
1|Finpal Services Inc|40869 Glenpane Way||Aldie
1|ILOGIXEDGE LLC|40968 Maplehurst Dr||Aldie
1|ILogixedge LLC|40968 Maplehurst dr||Aldie
1|ATLANTIC COAST MORTGAGE LLC|4097 MONUMENT CORNER DR|6TH FLOOR|FAIRFAX
1|Daon Inc|4097 Monument Corner Drive|Suite 550|Fairfax
1|ARKTEK IT SOLUTIONS LLC|4100 LAFAYETTE CENTER DR|SUITE 115A|CHANTILLY
1|Vachi Info Tech Inc|4100 Lafayette Center Dr,|Suite 204|Chantilly,
1|3Pillar Global Inc|4100 Monument Corner Dr.|Suite 200|Fairfax
1|CC Pace Systems Inc|4100 Monument Corner Drive|Suite 400|Fairfax
1|NTT DATA Europe & Latam, Branch in USA Inc|4100 North Fairfax Drive|Suite 810|Arlington
1|Stokes Environmental Associates, Ltd.|4101 Granby Street|Suite 404|Norfolk
1|Bishard Development Corporation|4104 Holly Road||Virginia Beach
1|UVA Health Services Foundation|4105 Lewis & Clark Dr.||Charlottesville
1|US Meadowdale PC|4106 Meadowdale Blvd||North Chesterfield
1|Luminary LLC|411 E Alexandria Ave||Alexandria
1|OHagan Meyer LLP|411 E. Franklin|Suite 500|Richmond
1|Suthars Inc|411 Park Avenue||Danville
1|Old Dominion University Research Foundation|4111 Monarch Way, Suite 204||Norfolk
1|VIGNET INC|4114 LEGATO ROAD|SUITE 900|FAIRFAX
1|Rish Systems LLC|41205 Lenah Point Dr||Aldie
1|Rish Systems LLC|41205 Lenah point dr||Aldie
1|IKASYSTEMS, A DELAWARE COMPANY|4121 COX ROAD|SUITE 200|GLEN ALLEN
1|Inov LLC|41229 Bloomfield Hills Court||Aldie
1|Inov LLC|41229 Bloomfield Hills Ct||Aldie
1|Red Pulley Technology Solutions Inc|41237 Bloomfield Hills Ct||Aldie
1|MOSS CONSTRUCTION COMPANY|4125 Lafayette Center Drive|Suite 100|Chantilly
1|AM Infosystems Inc|41252 Lenah Point Dr||Aldie
1|V & A Software Solutions Inc|41255 Trumpet Honeysuckle Dr||Aldie
1|Knit Technologies Inc|41261 Lenah Point Dr||Aldie
1|ADVIK IT SOLUTION INC|41265 Stags Leap Dr||Aldie
1|GeoStructures INC|413 BROWNING CT||PURCELLVILLE
1|Ourisman Chantilly Imports Inc|4135 Auto Park Circle||Chantilly
1|Interscripts Inc|41431 Nicholson Meadows Pl||Aldie
1|Interscripts Inc|41431 Nicholson Meadows Pl.,||Aldie
1|RawKey Technologies LLC|41465 COURTNEY NICOLE PL||Aldie
1|RawKey Technologies LLC|41465 Courtney Nicole Pl.||Aldie
1|IonIdea Inc|4153 Chain Bridge Road||Fairfax
1|DMY Engineering Consultants Inc|4170 Lafayette Center Drive|Ste 500|Chantilly
1|E2 Infotech llc|41723 Cynthia Ter||Aldie
1|E2 Infotech LLC|41723 Cynthia Terrace||Aldie
1|Journey Group Inc|418 Fourth St. NE||Charlottesville
1|Tekcel8 Inc|41837 Walden Knoll Ct||Aldie
1|Tekcel8 Inc|41837 Walden Knoll Ct.||Aldie
1|JourneyBlazers LLC|41857 Wind Dancer Ct||Aldie
1|Greystone Servicing Company LLC (f/k/a Greystone Servicing Corporation Inc)|419 Belle Air Lane||Warrenton
1|Awen Solutions Group LLC|4196 Merchant Plaza|Suite 711|Woodbridge
1|Artek Solutions Inc|41987 Ashby Gap Pl||Aldie
1|Nilit America Inc|420 Industrial Park Dr||Ridgeway
1|Averett University|420 West Main Street||Danville
1|Sumitomo Machinery Corporation of America|4200 Holland Boulevard||Chesapeake
1|H2O Innovation Waterhub Inc|4200 Innslake Drive|Suite 102|Glen Allen
1|Power Distribution Inc|4200 OAKLEYS COURT||RICHMOND
1|DRH DVM PLC|4205 EVERGREEN LANE|N/A|ANNANDALE
1|SAGGI SOLUTIONS INC|42079 BARRYMOORE PLACE||CHANTILLY
1|Saggi Solutions Inc|42079 Barrymoore Place||Chantilly
1|Patient Advocate Foundation Inc|421 Butler Farm Road||Hampton
1|Embody Inc|4211 Monarch Way|Ste 500|Norfolk
1|ISOFTECH INC|4211 PLEASANT VALLEY ROAD|STE 230|CHANTILLY
1|Quoin Pharmaceuticals Inc|42127 Pleasant Forest Court||Ashburn
1|OUTCOMES INCORPORATED|4215 LAFAYETTE CENTER DRIVE|SUITE 6|CHANTILLY
1|YOTABYTES INC|4216 EVERGREEN LANE|SUITE 131|ANNANDALE
1|Samanyusoft LLC|42190 BANFF SPRINGS PL||CHANTILLY
1|VEN SOFT LLC|4221 WALNEY ROAD|SUITE 500|Chantilly
1|VEN SOFT LLC|4221 WALNEY ROAD, SUITE 500||CHANTILLY
1|Tekinsta Inc|4221 Walney Road|Suite 301|Chantilly
1|Applet Systems LLC|4229  Lafayette Center Drive|STE 1750|Chantilly
1|ML TECHNOLOGIES LLC|4229 LAFAYETTE CENTER DR.|SUITE 1300B|CHANTILLY
1|GSQUIRE BUSINESS SOLUTIONS INC|4229 LAFAYETTE CENTER DR.  1625||CHANTILLY
1|CANOPY ONE SOLUTIONS INC|4229 LAFAYETTE CENTER DR.,  1625||CHANTILLY
1|TECHNICAL STRATEGIES INC|4229 LAFAYETTE CENTER DRIVE|SUITE 1650|CHANTILLY
1|Cosqube Inc|4229 Lafayette Ce Dr Suite 1625||Chantilly
1|Technogen Inc|4229 Lafayette Center Dr,|Ste 1880|Chantilly
1|CosQube Inc|4229 Lafayette Center Dr.,  1625||Chantilly
1|ABD Solutions Inc|4229 Lafayette Center Drive, Suite   1500||Chantilly
1|CosQube Inc|4229 Lafayette Centre Dr|Suite 1625|Chantilly
1|Cosqube Inc|4229 Lafayette Centre Dr Suite  1625||Chantilly
1|Aimic Inc|4229 Lafayette Centre Dr, 1125A,||Chantilly
1|Global Tech Consultants Inc|4229 lafayette center drive||Chantilly
1|GV TECH LLC|42301 IMPERVIOUS TER||BRAMBLETON
1|VMark Solutions Inc|42361 Winbury West Place||Sterling
1|Vmark Solutions Inc|42361 Winsbury West pl||Sterling
1|Vmark Solutions Inc|42361 winsbury west pl||Sterling
1|Nfinity IT LLC|42362 Pondarosa Dr||Chantilly
1|Nfinity IT LLC|42362 Pondarosa Dr.||Chantilly
1|Nfinity IT LLC|42362 Pondarosa dr||Chantilly
1|Bye UAS Inc|424 A South ST|Unit 206|FRONT ROYAL
1|Phlow Corporation|424 Hull St.|Suite 400|Richmond
1|Northern Virginia Waldorf School Initiative|424 N Washington St||Alexandria
1|INIT Innovations in Transportation Inc|424 Network Station||Chesapeake
1|Poole & Poole Architecture LLC|4240 Park Place Court||Glen Allen
1|CES Consulting LLC|4245 Sigler Road||Warrenton
1|Professional Service Inc|4245 Upper Park Drive||Fairfax
1|Aimic Inc|42461 Angela Faye SQ||Ashburn
1|AIMIC INC|42461 Angela Faye Square||Ashburn
1|Lansing Machine Services Inc|425 NETWORK STA STE 20||CHESAPEAKE
1|Convoke Inc|4250  N. Fairfax Drive|STE 550|Arlington
1|G and I Consulting Group Inc|4250 N Fairfax Drive|Suite 600|Arlington
1|Fors Marsh Group LLC|4250 N. Fairfax Drive|Suite 520|Arlington
1|IDEMIA AMERICA CORP.|4250 Pleasant Valley Road||Chantilly
1|K-MAKIN TECHNOLOGIES INC|42607 STRATFOROAD LANDING DRIVE||ASHBURN
1|Punita Group Inc|42618 Trade West Drive||Sterling
1|WEST PARK SUPPLIES LLC|4262 ENTRE CT|UNIT U|CHANTILLY
1|Surge Infotech LLC|42658 Kitchen Prim Ct||Broadlands
1|ThoraSys Inc|42690 Chisholm Dr||Boradlands
1|SVT Robotics Inc|427 Granby St.||Norfolk
1|Falcon Capital Advisors LLC|427 N. Lee Street||Alexandria
1|Tech Savants LLC|42703 Burbank Ter||Sterling
1|Falcon Heating & Air Conditioning Inc|42731 Trade West Drive||Sterling
1|VIEWSOFT INC|42732 MOUNT AUBURN PLACE||ASHBURN
1|Viewsoft Inc|42732 Mount Auburn Place||Broadlands
1|INFINITY HEALTHCARE SOLUTIONS LLC|42733 RIDGEWAY DR||BROADLANDS
1|Infinity Healthcare Solutions LLC|42733 Ridgeway Dr||Broadlands
1|Cloudorama Solutions|42778 Lauder Terrace||Ashburn
1|Virginia Historical Society|428 N. Arthur Ashe Blvd.||Richmond
1|Client Focus LLC|42809 Souther Dr||Centreville
1|Client Focus LLC|42809 Souther Drive||Centreville
1|Ashburn Consulting LLC|42813 FOREST SPRING DRIVE||LEESBURG
1|Ashburn Consulting LLC|42813 Forest Spring Drive||Leesburg
1|CARINA MEDICAL LLC|42822 RAVENGLASS DR||ASHBURN
1|Carina Medical LLC|42822 Ravenglass Drive||Ashburn
1|Vissat Solutions Inc|42861 Hoysville Manor Dr||Ashburn
1|V & A Software Solutions Inc|42882 Truro Parish Dr|Suite 206-A|Ashburn
1|ADVANCE DIGITAL SYSTEMS INC|4290 CHAIN BRIDGE ROAD|SUITE 200|FAIRFAX
1|Devfi Inc|4290 Chain Bridge Road|Suite 201|Fairfax
1|CHA GROUP LLC|4290 Chain Bridge Road Ste 302||Fairfax
1|Pointerra US Inc|42905 Secretariat Court||Ashburn
1|G&D Currency Technology America Inc|42925 Horseshoe Drive||DULLES
1|Hash Agile Technologies LLC|42934 Conquest Cir||Ashburn
1|Washington University of Virginia|4300 Evergreen Lane||Annandale
1|The Republican Foundation|4300 Langston Blvd.|Apt.513|Arlington
1|AES US Services LLC|4300 WILSON BOULEVAROAD||Arlington
1|AES Services Inc|4300 Wilson Blvd.||Arlington
1|Powerup Technology Inc|4301 Fairfax Drive|Suite 301|Arlington
1|National Rural Electric Cooperative Association|4301 Wilson Boulevard||Arlington
1|Revelado Inc|43028 Ashley Heights circle||Ashburn
1|BRICK AND BYTE INC|43070 OLD RYAN ROAD||ASHBURN
1|Resource Stack Inc|43089 Forest Edge Sq||Broadlands
1|RESOURCE STACK INC|43089 Forest Edge Sq.||Broadlands
1|TRIVENI SUPERMARKET LLC|43090 Peacock Market Plaza|Suite 190|South Riding
1|T and T Consulting Services Inc|431 Park Ave, Unit 201||Falls Church
1|Solomon Hess LLC|431 Park Avenue, Ste 401||Falls Church
1|JZ Structural Consulting Inc|43130 Amberwood Plaza, Suite 235||Chantilly
1|iShift LLC|43152 LAUGHING QUAIL CT||ASHBURN
1|Path Finder Tech Corporation|4325 Evergreen Drive,||Woodbridge
1|Classic Cottages LLC|433 E Monroe Ave||Alexandria
1|Classic Cottages LLC|433 E. Monroe Avenue||Alexandria
1|ELITE ACCOUNTING GROUP PLLC|4330 Evergreen Lane Ste 1||Annandale
1|ELITE ACCOUNTING GROUP PLLC|4330 Evergreen Lane Ste I||Annandale
1|Delta Consulting Group Inc|4330 Prince William Parkway|Suite 301|Woodbridge
1|Gaithersburg Cabinetry & Millwork Inc|4338 AIKEN DRIVE||WARRENTON
1|DataXstream LLC|434 McLaws Circle||Williamsburg
1|L & R Consulting Inc|43443 Stukely Dr||Sterling
1|TAG INFORMATION TECHNOLOGY SERVICES|43464 KATLING SQ.||CHANTILLY
1|Cliq Solutions LLC|43475 Freeport Pl||Sterling
1|Acendre Inc|4350 Fairfax Dr.|830|Arlington
1|American Consumer Institute Center for Citizen Research|4350 Fairfax Drive|Suite 725|arlington
1|Ramboll US Consulting Inc|4350 North Fairfax Drive|Suite 300|Arlington
1|INTO Mason LLC|4352 Mason Pond Drive||Fairfax
1|OPTIMUM SYSTEMS INC|43538 BOWMANTOWN BRIDGE CT.||ASHBURN
1|SPro Systems Inc|43541 Eileens Choice Way||Chantilly
1|Bon Secours Medical Group Richmond Primary Care LLC|436 Clairmont Court|Suite 105|Colonial Heights
1|OMAR ENTERPRISE LLC|43670 GREENWAY CORPORATE DR|SUITE 112|ASHBURN
1|ENGINEERED SERVICES INC|43670 TRADE CENTER PLACE|SUITE 100|STERLING
1|GeneSiC Semiconductor Inc|43670 Trade Center Pl,|Suite 155,|Sterling
1|InHand Networks Inc|43671 Trade Center Place|Suite 100|Sterling
1|Verve IT Solutions LLC|43676 Trade Center Pl|Suite 235|Dulles
1|Cliq Solutions LLC|43760 TRADE CENTER PLACE 135||Sterling
1|GLOBAL ACTION ALLIANCE INC|43773 WOODWORTH COURT||ASHBURN
1|Global Action Alliance Inc|43773 Woodworth CT||Ashburn
1|Amplio.ai Inc|43877 Paramount Place||Chantilly
1|Wellspring of Hope LLC|439 Walkers Ford Road||Concord
1|HeadsUp Inc|4390 Lorcom Lane|103|Arlington
1|International Association of Chiefs of Police|44 Canal Center Plaza|Suite 200|Alexandria
1|Virginia Arts Festival Inc|440 Bank Street||Norfolk
1|Hooker Furnishings Corporation|440 Commonwealth Blvd E||Martinsville
1|Fortress Proprietas, P.C.|440 Monticello Avenue, Suite 1876||Norfolk
1|APEX SYSTEMS LLC|4400 COX ROAD|SUITE 200|GLEN ALLEN
1|Keiter Stephens Hurst Gary & Shreaves|4401 Dominion Blvd||Glen Allen
1|John Moriarty & Associates of Virginia LLC|4401 N Fairfax Drive|Suite 700|Arlington
1|John Moriarty & Associates of Virginia LLC|4401 N. Fairfax Drive|Suite 700|Arlington
1|American Association of Motor Vehicle Administrators|4401 Wilson Blvd|Ste 700|Arlington
1|CBG Building Company LLC|4401 Wilson Boulevard|Suite 600|Arlington
1|Moxie IT Solutions Inc|44025 Pipeline Plaza|Suite 110|Ashburn
1|Data Concepts LLC|4405 Cox Road|Suite 140|Glen Allen
1|Tech Brights LLC|44073 Eastgate View Dr,||Chantilly
1|IT MINDS LLC|44075 PIPELINE PLAZA|SUITE 305|ASHBURN
1|C3Spectra Inc|44075 Pipeline Plaza, Suite 300||Ashburn
1|COMMITPOINT INC|44084 RIVERSIDE PKWY|SUITE LL300|LEESBURG
1|Cignus Consulting LLC|44084 Riverside Parkway|Suite 120|Leesburg
1|Vied Technologies Inc|44095 Pipeline Plaza, Suite 200||Ashburn
1|Traittek LLC|44103 Turf Field SQ||Chantilly
1|JK Moving & Storage Inc|44112 Mercure Cir.||Sterling
1|Med-Strategies Inc|44121 Harry Byrd Hwy.|Suite 254|Ashburn
1|KSB Inc|4415 Sarellen Road||HENRICO
1|Lansdowne Mental Health Services, PLLC|44169 Riverpoint Drive||Leesburg
1|Fonteva LLC|4420 Fairfax Drive|Suite 500|Arlington
1|Amerigroup Corporation|4425 Corporation Lane|Suite 300|Virginia Beach
1|BINARY LOGIC IT LLC|44258 MERCURE CIR.|SUITE 102 A|STERLING
1|Pixel Wall Inc|4429 Brookfield Corporate Drive, Suite 300||Chantilly
1|VIS IT Solutions Inc|44330 Mercure Cir.|Suite 256|Sterling
1|Vector Info Solutions Inc|44330 Mercure Cir.,  133||Dulles
1|Technology Hub Inc|44330 Mercure cir|Suite 167|Sterling
1|Techizee Inc|44330 Mercure circle|STE 269|Sterling
1|Srishti Innovative LLC|44330 Mercury Cir, Ste 257||Sterling
1|Identity and Access Solutions LLC|44335 Premier Plaza, Suite 220||Ashburn
1|Dynamic Technology Inc|44335 Premier Plz|Suite 120|Ashburn
1|DPR SOLUTIONS INC|44345 PREMIER PLAZA, SUITE 130||ASHBURN
1|Capital IT Solutions INC|44345 Premier Plz|Suite 100|Ashburn
1|V-ENVISAGE SOLUTIONS INC|4435 Waterfront Drive,|Suite 204,|Glen Allen,
1|Yorkshire Global Solutions Inc|44355 Premier Plaza|Suite 120|Ashburn
1|Cliff Services Inc|44355 Premier Plaza,|Unit 210,|Ashburn
1|Cliff Services Inc|44355 Premier Plaza, Unit 210,||Ashburn
1|Technova Systems Inc|4437 Brookfield Corp Drive|Suite 101|Chantilly
1|Hanns Data LLC|44375 Hempland Dr.||Ashburn
1|Hanley Energy LLC|44381 Russell Branch Parkway||Ashburn
1|AMERICAN CONSULTING GROUP INC|44387 STONEYRUN PL||ASHBURN
1|Universal Tech Solutions Inc|44398 Stoneyrun Place||Ashbrun
1|Independent Project Analysis Inc|44426 Atwater Drive||Ashburn
1|IV IT SOLUTIONS LLC|4445 CORPORATION LN|SUITE 259|VIRGINIA BEACH
1|EMG Acquisitions LLC|4445 Corporation Lane|Suite 172|Virginia Beach
1|EVENT TECHNOLOGY EXPERTS|4445 Corporation Ln|Ste 264|Virginia Beach
1|Arrowtek Technologies LLC|4445 Corporation Ln.|Suite 264|Virginia Beach
1|James River Cardiology LLC|445 Charles H. Dimmock Parkway|Suite 100|Colonial Heights
1|PRIME SOLUTIONS INC|4451 BROOKFIELD CORPORATE DR.|SUITE 108|CHANTILLY
1|ICONIC INFOSYS INC|4451 BROOKFIELD CORPORATE DRIVE|SUITE 103|CHANTILLY
1|Iconic Infosys Inc|4451 Brookfield Corporate Dr.|Ste 103|Chantilly
1|ACEINTEGRATOR INC|4455 BROOJFIELD  CORPORATE DR|SUITE 102B|CHANTILLY
1|ACEINTEGRATOR INC|4455 BROOKFIELD CORPORATE DR|SUITE 102B|CHANTILLY
1|ACEINTEGRATOR INC|4455 BROOKFIELD CORPORATE DRIVE|Suite 102B|CHANTILLY
1|Employment Services LLC|4455 South Blvd||Virginia Beach
1|TECH TAMMINA LLC|4460 BROOKFIELD CORPORATE DRIVE|SUITE N|CHANTILLY
1|Tech Tammina LLC|4460 Brookfield Corporate Dr|Suite N|Chantilly
1|JCL Consulting LLC|4460 Brookfield Corporate Dr.|Suite K|Chantilly
1|INTERNATIONAL PLASMA TECHNOLOGY CENTER, CORP|4460 Whiting Road||Marshall
1|RetailData LLC|4461 Cox Road|Suite 300|Glen Allen
1|I Remodel & Design LLC|44632 Guilford Dr|SUITE 106|Ashburn
1|Cubic Digital Intelligence Inc|44645 Guilford Drive|Suite 203|Ashburn
1|DISYS Solutions Inc|44670 Cape Court|Suite 100|Ashburn
1|NEDIA ENTERPRISES INC|44675 CAPE COURT|SUITE 120|ASHBURN
1|Oakridge Auction Gallery Inc|44675 Cape Court|Suite 171|Ashburn
1|INTERDEFENSE INC|44679 ENDICOTT DR STE 300||ASHBURN
1|Arise Global Services Inc|44679 Endicott Dr, Suite 300-2003||Ashburn
1|Identika LLC|44679 Endicott Dr.|STE 315|Ashburn
1|VIBRANT TECHNOLOGIES INC|44679 Endicott Drive Ste 300|Unit 869|Ashburn
1|DATAEXON LLC|44679 Endicott Drive Suite 300||Ashburn
1|DATAEXON LLC|44679 Endicott Drive Suite 300-558||Ashburn
1|GENIEIUM INC|44679 Endicott Drive, Suite 300||ASHBURN
1|GENIEIUM INC|44679 Endicott Drive, Suite 300  792||ASHBURN
1|SecurDI LLC|44679, Endicott Dr|Suite 262|Ashburn
1|SecurDI LLC|44679, Endicott Dr,|Suite 262,|Ashburn
1|The Advizor Group LLC|4470  Cox Road|Suite 275|Glen Allen
1|THE ADVIZOR GROUP LLC|4470 COX ROAD|Suite 275|GLEN ALLEN
1|Tekwiz LLC|44765 Malden Pl||Ashburn
1|Istream Solutions Inc|44790  Maynard Square|Ste 250|Ashburn
1|DELVIOM LLC|44790 MAYNAROAD SQ STE 280||ASHBURN
1|DELVIOM LLC|44790 MAYNAROAD SQ SUITE 280||ASHBURN
1|MERITORE TECHNOLOGIES LLC|44790 MAYNAROAD SQ.|STE 350|ASHBURN
1|Delviom LLC|44790 Maynard Sq Ste 280||Ashburn
1|Global Data Solutions Inc|44790 Maynard Sq Ste 300||Ashburn
1|Meritore Technologies LLC|44790 Maynard Sq, Suite  350||Ashburn
1|Delviom LLC|44790 Maynard Square Suite 280||Ashburn
1|Delviom LLC|44790 Maynard Square,|Suite 280|Ashburn
1|Delviom LLC|44790 Maynard Square, Suite 280||Ashburn
1|NeST Technologies Corporation|44873 Falcon Place  118||Sterling
1|Nest Technologies Corporation|44873 Falcon Place, Suite 118||Sterling
1|Freyssinet Inc|44880 Falcon Place|Suite 100|Sterling
1|BLACK CANYON CONSULTING LLC|4490 MARKET COMMONS DRIVE|UNIT 307|FAIRFAX
1|Black Canyon Consulting LLC|4490 Market Commons Dr|307|Fairfax
1|AMPSIGHT|44921 GEORGE WASHINGTON BLVD.|255|ASHBURN
1|Lateetud Inc|44921, George Washington Blvd.|Suite 200/205|Ashburn
1|SRICHAKRA VISION INC|44927 GEORGE WASHINGTON BLVD.|SUITE 265, MSC 1173|ASHBURN
1|VENA PORTAE INC|44927 George Washington Blvd  Suite   265||Ashburn
1|NYKA TECH INC|44927 George Washington Boulevard|STE 265|Ashburn
1|i-Connect LC|44933 George Washington Blvd.|Suite 125|Ashburn
1|LIVING ABUNDANTLY YOUTH VISION|45 ISLAND VIEW DRIVE||NEWPORT NEWS
1|Dobson DaVanzo & Associates LLC|450 MAPLE AVENUE E|STE 303|VIENNA
1|PNCOTECH LLC|450 MAPLE AVENUE E.|SUITE 303H|VIENNA
1|PNCOTECH LLC|450 Maple Ave E|STE 303H|Vienna
1|Dobson DaVanzo & Associates LLC|450 Maple Avenue E|STE 303|Vienna
1|Dobson DaVanzo & Associates LLC|450 Maple Avenue East|STE 303|Vienna
1|CSR INFOTECH INC|450 WEST BROAD STREET|SUITE 214|FALLS CHURCH
1|Golden Agri-Resources USA Inc|4500 Main Street|Suite 305|Virginia Beach
1|Franchise Information Services Inc|4501 Fairfax Dr|Suite 304|Arlington
1|Red Edge LLC|4501 Fairfax Dr.|Suite 305|Arlington
1|Lynch Consultants LLC|4501 Fairfax Drive|Suite 604|Arlington
1|Franchise Information Services Inc|4501 North Fairfax Drive|Suite 304|Arlington
1|Franchise Information Services Inc|4501 North Fairfax Drive,|Suite 304|Arlington
1|NexSolv Inc|4506 Daly Drive|Suite 150|Chantilly
1|VIRTUEON LLC|45150 Russell Branch Parkway,|Suite 203D|Ashburn
1|DS TECHNOLOGIES INC|45150 Russell Branch Pkwy|Suite 203-C|Ashburn
1|DS TECHNOLOGIES INC|45150 Russell Branch Pkwy, Suite 203-C||Ashburn
1|The Institute for the Psychological Sciences Inc|45154 Underwood Lane||Sterling
1|GOVAGED INC|4517 LA SALLE AVE||ALEXANDRIA
1|HARDESTY CONCRETE CONSTRUCTION INC|45180 Business Court|Suite 600|Sterling
1|DECOVITA-USA INC|45190 Prologis Plaza|Suite 190|Dulles
1|Maxine Z Magri CPA PLC|451B University Blvd.||Harrisonburg
1|Institute for Building Technology and Safety|45207 Research Place||Ashburn
1|Application Research Center LLC|4521 Mixed Willow PL||Chantilly
1|Application Research Center LLC|4521 Mixed Willow Pl||Chantilly
1|Application Research Center LLC|4521 Mixed Willow Place|N/A|Chantilly
1|Synchronisys Inc|45240 BUSINESS COURT|SUITE 150|STERLING
1|Global Behavior Therapy Associates LLC|4528 Plank Road|Suite A3|Fredericksburg
1|Dulles Engineering Inc|45300 Catalina Court|Suite 140|Sterling
1|LETSDEFEND INC|45305 CATALINA CT.|SUITE 150|STERLING
1|Orbysol Inc|45330 Mercure Circle|Suite 125|Sterling
1|REI Systems Inc|45335 Vintage Park Plaza||Sterling
1|Bertram Technology Innovations LLC|4536 The Foxes||Williamsburg
1|IN-STOCK CABINETS LLC|45448 E SEVERN WAY SUITE 100||STERLING
1|Bitbyte Solutions LLC|45573 Shepard Drive|STE 101|Sterling
1|RevereIT LLC|45640|Willow Pond Plaza|Sterling
1|RevereIT LLC|45640  Willow Pond Plaza|200|Sterling
1|RevereIT LLC|45640 WILLOW POND PLAZA,|200|STERLING
1|RevereIT LLC|45640 WILLOW POND PLAZA, SUITE|200|STERLING
1|RevereIT LLC|45640 WILLOW POND PLAZA, SUITE   20|200|Sterling
1|RevereIT LLC|45640 WILLOW POND PLAZA, SUITE   200|SUITE 200|STERLING
1|RevereIT LLC|45640 WILLOWPOND PLZ|200|STERLING
1|RevereIT LLC|45640 Willow Pond Plaza   200||Sterling
1|RevereIT LLC|45641 Willow Pond Plaza|200|Sterling
1|Dedrone Holdings Inc|45662 Terminal  Drive|110|Sterling
1|Kore Vision Inc|45662 Terminal Dr|Suite 100|Dulles
1|Connectivity Solutions Inc|45665 Willow Pond Plaza||Sterling
1|Land Design Consultants Inc|4585 DAISY REID AVENUE|SUITE 201|Woodbridge
1|Simmons Prepared Foods INC|4585 Marshall Run Cir, Apt. 208||Glen Allen
1|ALLWYN CORPORATION|459 HERNDON PARKWAY, SUITE 13||HERNDON
1|TEKBANK CONSULTANTS INC|459 HERNDON PARKWAY, SUITE 13,||HERNDON
1|ALLWYN CORPORATION|459 HERNDON PRKWY|SUITE 13|HERNDON
1|Idexcel Inc|459 Herndon  Parkway|Suite 10|Herndon
1|Idexcel Inc|459 Herndon Parkway,|Suite 10|Herndon
1|BESTPEGASUS LLC|459 herndon parkway|Suite 20|herndon
1|Data Impact Solutions LLC|45925 Horseshoe Dr||Sterling
1|Triad Systems Engineering Incorporated|45945 Center Oak Plaza|Ste 130|Sterling
1|Metanoia Solutions Inc|45945 Center Oak Plaza, Suite 125||Sterling
1|Sovana Global Logistics LLC|45969 Nokes Boulevard|Suite 175|Dulles
1|CanZell Realty INC|4598 Broad St||Virginia Beach
1|Doorways for Women and Families Inc|4600 N Fairfax Drive|Suite 600|Arlington
1|Providge Consulting LLC|4601 FAIRFAX DR|STE 1200|Arlington
1|Providge Consulting LLC|4601 N. Fairfax Dr.|Ste 1200|Arlington
1|Fluence Energy LLC|4601 NORTH FAIRFAX DRIVE|SUITE 600|ARLINGTON
1|Techwish LLC|46040 Center Oak Plaza  125||Sterling
1|Techwish LLC|46040 Center Oak Plaza 125||Sterling
1|Techwish LLC|46040 Center Oak Plaza Suite  125||Sterling
1|Techwish LLC|46040 Center Oak Plaza Suite 125||Sterling
1|Techwish LLC|46040 Center Oak Plaza, Suite   125||Sterling
1|Center for Religion & Diplomacy Inc|4605 Valerie Court||Annandale
1|PtCube Infotech Incorporated|46067 Earle Wallace Circle||Sterling
1|Catalyst Cubes Inc|46090 LAKE CENTER PLZ|SUITE 301|STERLING
1|Walnut Consulting Group|46090 Lake Center Plaza, Suite 208||Sterling
1|Lakarya LLC|46090 Lake Center Plz|STE 310|Sterling
1|Topia LLC|4615 West Broad Street||Richmond
1|STEALTH SOLUTIONS INC|46191 WESTLAKE DRIVE|SUITE 112|STERLING
1|CIPHERNINE INC|462 HERNDON PARKWAY|Suite 208|HERNDON
1|Noesys Inc|4631 Lee Hwy|Suite 416|Centreville
1|Olympus Housing LLC|4632 Guilford Dr|UNIT 106|ASHBURN
1|SMARTEDGE IT LLC|464 HERNDON PKWY|SUITE 216|HERNDON
1|Clubfeast Inc|46422 Rilassare Terrace||Sterling
1|AppDevLogic Inc|465B Carlisle Drive|Suite 201|Herndon
1|Sterling Animal Care PLLC|46950 Community Plaza|Suite 102|Sterling
1|IBA PROTON THERAPY INC|470 Spring Park Place|Suite 700|Herndon
1|Old Dominion University|4700 Elkhorn Avenue|Room 4300|Norfolk
1|OLD DOMINION UNIVERSITY|4700 Powhatan Ave||NORFOLK
1|As If Pictures US Inc|4701 Cox Road|Suite 285|Glen Allen
1|Iluka Resources (TN) LLC|4701 Owens Way|Suite 500|Prince George
1|Optima Contracting|4705 Eisenhower Avenue||Alexandria
1|Hamsitek LLC|4709 Autumn Glory Way||Chantilly
1|Techrarsolutions Inc|4713 Brydes ln|N/A|Glen Allen
1|Blue Ridge Restoration and Construction LLC|4738 Starkey Road||Roanoke
1|CAC Tech Solutions Inc|4755 Rocky Top Ln||Radford
1|TAG Information Technology Services LLC|4780 Sadler Road|Suite 300|Glen Allen
1|MBA Consulting Services Inc|4795 Meadow Wood Lane|Suite 210 East|Chantilly
1|Liebherr-America Inc|4800 Chestnut Avenue||Newport News
1|Phoenix Packaging Operations LLC|4800 Lina Lane||Dublin
1|Zeller & Gmelin Corporation|4801 Audubon Drive||Richmond
1|Ultimate Marketing LLC|4803B Eisenhower Avenue||Alexandria
1|The Choice Group|4807 Radford Avenue|Suite 106|Richmond
1|Corvesta Inc|4818 Starkey Road||Roanoke
1|Shivsaii LLC|4819 Columbia Pike||Arlington
1|Elite Business Consulting LLC|481B Carlise Dr, Office 2|Suite 202|Herndon
1|Elite Business Consulting LLC|481B Carlisle Dr|Suite 202|Herndon
1|Elite Business Consulting LLC|481B Carlisle Dr, Office 2|Suite 202|Herndon
1|AECOM TECHNICAL SERVICES INC|4840 COX ROAD||GLEN ALLEN
1|M&H Plastics INC|485 Brooke Road||Winchester
1|Wartsila Energy Storage Inc|485 Springpark Place|Suite 1500|Herndon
1|Distrobird Inc|4868 W. Braddock Road|200|Alexandria
1|BRAY KNICELY LAW PLLC|487 MCLAWS CIR STE 2||WILLIAMSBURG
1|DWatts Construction LLC|4875 Eisenhower Avenue|Suite 250|Alexandria
1|IMS Gear Virginia LLC|489 Progress Lane||Virginia Beach
1|IntegrityPro Consulting LLC|4895 Prince William Parkway|201|Woodbridge
1|Fulcrum Collaborations LLC|4900 Cox Road|Suite 230|Glen Allen
1|Proventus Analytics LLC|4900 Lofton Drive||Glen Allen
1|Govin Technologies LLC|4912 Stable Ridge Court||Glen Allen
1|Artifiction LLC|4912 Stable Ridge Ct||Glen Allen
1|Cavi Consulting|4912 W Franklin Street||Richmond
1|Big Yellow Door INC|4917 Admiration dr||Virginia Beach, VA
1|Bright Start Learning Center LLC|4920 Brenman Park Dr||Alexandria
1|Lu S Engineers, PLLC|4924 Domion Blvd.|Suite A|Glen Allen
1|PILGRIM COMMUNITY CHURCH|4925 TWINBROOK ROAD||BURKE
1|KBI Music Shoppe|4950 Southpoint Drive||Fredericksburg
1|Rising Tides Solutions LLC|4951 Lake Brook Dr|Suite 225|Glen Allen
1|West Creek Financial Inc (d/b/a Koalafi)|4951 Lake Brook Drive|Suite 350|Glen Allen
1|Quanta Credit Services Inc|4991 Lake Brook Dr|Suite G50|Glen Allen
1|Adaptalytics LLC|5 Edinburg Reservoir Road||Edinburg
1|Beta Pharma USA Inc|5 Vaughn Drive, Suite 106||Princeton
1|Cita Logistics LLC|500 E Main St.|Suite 440|Norfolk
1|Baughman Kroup Bosse PLLC|500 E Main Street, Suite 1400||Norfolk
1|Legerity LLC|500 E. Main St.|16th Floor|Norfolk
1|Little Keswick School LLC|500 Little Keswick Lane||Keswick
1|Legerity LLC|500 Main St.|Suite 1670|Norfolk
1|Sentara Healthcare|500 Martha Jefferson Dr||Charlottesville
1|HAYMAN WOODWARD HUMAN CAPITAL SERVICES LLC|500 Montgomery Street|Suite 210|Alexandria
1|VSP Dental Inc|500 Park Ave||Danville
1|Afton Chemical Corporation|500 Spring Street||Richmond
1|Nayar Health Care Fredericksburg LLC|5000 Southpoint Pkwy||Fredericksburg
1|Piedmont Geriatric Hospital|5001 E. Patrick Henry Hwy||Burkeville
1|Tremont Road Dental Super, P.C.|5002 Airport Road NW|Unit 130|Roanoke
1|Wells, Coleman & Co., LLP|5004 Monument Avenue|Suite 200|Richmond
1|JASWAL CORP|5007 Victory Blvd|Suite C|Yorktown
1|Infinity Global Inc|501 Bridge St.||Danville
1|Foundation to Support Animal Protection|501 Front St.||Norfolk
1|Patrick E. Corbin, P.C.|501 Independence Parkway|Suite 275|Chesapeake
1|HEMOSHEAR THERAPEUTICS INC|501 LOCUST AVENUE|SUITE 301|CHARLOTTESVILLE
1|G.D USA Inc|501 Southlake Boulevard||Richmond
1|The National Hellenic Society Inc|5019-D Backlick Road||Annandale
1|Building Momentum LLC|502 Upland Place||Alexandria
1|Salzer Technologies Inc|503 CARLISLE DR.|STE 125 D|HERNDON
1|Nantez Inc|503 Carlisle Drive,|Suite 175 A|Herndon
1|EzePhysical Therapy LLC|503 N Main St||Chase City
1|Johnson Curran Optometry Centers PC|5049 Valley View Blvd NW||Roanoke
1|Beacon Sales Acquisition Inc|505 Huntmar Park Dr.|Suite 300|Herndon
1|Solution Street LLC|505 Huntmar Park Drive|Suite 325|Herndon
1|Work-Life Spanish LLC|505 Roosevelt Blvd.|Suite B715|Falls Church
1|Seda INC|505 Thrush Court||Virginia Beach
1|Dominion Electric Supply Company Inc|5053 Lee Highway||Arlington
1|Road Runner Mobile Welding and Fabrication LLC|506 C Copeland Drive||Hampton
1|Bondcote Performance Textiles|509 Burgis Ave||Pulaski
1|Heytex USA Inc|509 Burgis Avenue||Pulaski
1|Harrison House Inc|5105Q Backlick Road||Annandale
1|Tighe Consulting|5111 Sutton Place||Alexandria
1|OLD DOMINION UNIVERSITY|5115 HAMPTON BLVD||NORFOLK
1|Old Dominion University|5115 Hampton Boulevard||Norfolk
1|Smith-Midland Corporation|5119 Catlett Road||Midland
1|Tymoff & Moss Architects|512 Botetourt Street||Norfolk
1|Prosegur SIS, USA Inc|512 Herndon Pkwy|Suite A|Herndon
1|Geepil Construction Inc|512 Jack Enders Blvd|Suite 4|Berryville
1|Geepil Construction Inc,|512 Jack Enders Blvd, Suite 4||Berryville
1|Quantum Movement Inc|512 Maple Ave W||Vienna
1|Thriveworks Administrative Services LLC|513 Prince Edward Street|Floor 2|Fredericksburg
1|Xylem I LLC|5132 Maracas Arch||Virginia Beach
1|WhiteHawk CEC Inc|515 King Street|Suite 450|Alexandria
1|UVA Encompass Health Rehabilitation Hospital LLC|515 Ray C. Hunt Drive||Charlottesville
1|Luck Stone Corporation|515 Stone Mill Dr.||Manakin Sabot
1|TAXILLA INC|5160 PARKSTONE DRIVE|SUITE 100|CHANTILLY
1|Xpand Corporation|520 Herndon Parkway|Suite H|Herndon
1|GenHealth Inc|520 Lewis St NW||Vienna
1|STM Tennis LLC|5202 Jarrett Ct.||Centreville
1|Sigma Holdings LLC|5208 Washington Blvd||Arlington
1|Dentistry VCU|521 North 11th Street||Richmond
1|Donovan & Wagner, P.C.|5210-B Lyngate Ct.||Burke
1|RJSOFTTECH LLC|5213 Hickory Park Dr|Suite C|Glen Allen
1|Southern Insulation Inc|5218 Monroe Place||Hyattsville
1|QSI SERVICES INC|5225 A HICKORY PARK DR.||GLEN ALLEN
1|Lorvenk Technologies LLC|5225 HICKORY PARK DR|UNIT A|GLEN ALLEN
1|CN Internal Medicine MD PC|5226 Dawes Ave||Alexandria
1|JLP Contractors Inc|5232 Clifton Street||Alexandria
1|JobSync LLC|5244 Jacobs Creek Place||Haymarket
1|AES, A Professional Corporation|5248 Olde Towne Road|Suite 1|Williamsburg
1|Amazon.com Services LLC|525 14th St||Arlington
1|Amazon.com Services LLC|525 14th St S Arlington||Arlington
1|Amazon.com Services LLC|525 14th St. S.||Arlington
1|Amazon Data Services Inc|525 14th Street||Arlington
1|Amazon.com Services LLC|525 14th Street South||Arlington
1|Owl Peak Technologies Inc|525 Ridge Street|No 305|Charlottesville
1|Wave Civil II|5250 Cherokee Avenue, STE 290||Alexandria
1|Southside Business Technology Center Inc|527 Bridge Street|Suite 200|Danville
1|Abeyon LLC|5285 Shawnee Road|Suite 108|Alexandria
1|ABC Imaging of Washington Inc|5290 Shawnee Road|Suite 300|Alexandria
1|Govin Technologies LLC|5300 Hickory Park Dr|Suite 102|Glen Allen
1|Progress Rehabilitation Network LLC|5300 Hickory Park Dr.|Suite 110|Glen Allen
1|1265 Fitness LLC|5300 Kemps River Dr.||Virginia Beach
1|Wetland Studies and Solutions Inc|5300 Wellington Branch Drive|Suite 100|Gainesville
1|Carbonsoft Inc|5300 hickory Park Dr|Suite 102|Glen Allen
1|Summit Engineers Inc|5307 Langston Blvd||Arlington
1|SOFTCOM INC|5310 MAPLE VALLEY COURT||CENTREVILLE
1|HSR Inc|5324 Jefferson Davis Hwy.||Richmond
1|Riosoft Technology Inc|5348 Twin Hickory Dr||Glen Allen
1|A12XT Inc|5352 Brandon Ridge Way||Fairfax
1|STIHL Incorporated|536 Viking Drive||Virginia Beach
1|ADI Project Services Inc|5367 Wharton Park Ct||Centreville
1|Castle Shield Holdings LLC|537 Valley Street||Scottsville
1|Building Momentum LLC|5380 Eisenhower Ave|Suite C|Alexandria
1|Building Momentum LLC|5380 Eisenhower Avenue|Suite C|Alexandria
1|Govin Technologies LLC|5384 Twin Hickory Road||Glen Allen
1|Musictoday II LLC|5391 Three Notchd Road||Crozet
1|Alfa Laval Inc|5400 International Drive||Richmond
1|Alfa Laval Inc|5400 International Trade Dr.||Richmond
1|ENSCO Rail Inc|5400 Port Royal Road||Springfield
1|ITEK Software LLC|5402 Glenside Dr|Suite D|Richmond
1|ITEK Software LLC|5402 Glenside Drive|Suite D|Richmond
1|ITEK Software LLC|5403 Glenside Dr|Suite D|Richmond
1|Agility Feat Inc|5404 Ashlar Avenue|Suite 201|Crozet
1|AGILE GLOBAL CONSULTING INC|5405 INDIAN RIVER ROAD|SUITE 300|VIRGINIA BEACH
1|Northwinds Technology Solutions LLC|5415 Airport Raod||Roanoke
1|Northwinds Technology Solutions LLC|5415 Airport Road||Roanoke
1|Universal Stones Inc|5415 Lee Hwy||Warrenton
1|NIMBUSAITECH LLC|5417 HICKORY ANN DR||GLEN ALLEN
1|D-Vital LLC|5417 Hickory Ann Drive||Glen Allen
1|Global Healthcare Services LLC|5427B Backlick Road||Springfield
1|Cassen Corp|5436 Hickory Place Way||Glen Allen
1|URSI TECHNOLOGIES INC|5440 Mcginnis Village Place|Ste 102|Alpharetta
1|Carlin Springs SNF Operations LLC|550 S Carlin Springs Road||Arlington
1|Virginia Urgent & Primary Care LLC|5501 Backlick Road|Suite 105|Springfield
1|GHS Aviation Group LLC|5501 Merchants View Square|Suite 800|Haymarket
1|Deep Blue Aquatics Inc|5502 Falmead Road||Fairfax
1|Instant Systems Inc|5505 Robin Hood Road|Suite A|Norfolk
1|Marketwell Nutrition Inc|5507 Bewdley Road||Richmond
1|Cyber Innovations LLC|551 Utterback Store Road||Great Falls
1|Intercept Youth Services Inc|5511 Staples Mill Road||Richmond
1|National Counseling Group Inc|5540 Falmouth St.|Suite 200|Richmond
1|MAP COMMUNICATIONS INC|555 BELAIRE AVENUE|6TH FLOOR|CHESAPEAKE
1|MAP COMMUNICATIONS INC|555 Belaire Ave|6th Floor|CHESAPEAKE
1|MAP COMMUNICATIONS INC|555 Belaire Avenue|6th Floor|CHESAPEAKE
1|SUPERIOR PAVING CORPORATION|5551 WELLINGTON ROAD|N/A|GAINESVILLE
1|FedScale Inc|5559 Main Street||Mount Jackson
1|Cherry Hill Custom Homes LLC|5614 33rd St N||Arlington
1|Valcom Inc|5614 Hollins Road||Roanoke
1|US1 WHOLESALE INC|5624 EASTPORT BLVD.||HENRICO
1|Cobotiq LLC|5624 Eastport Blvd||Henrico
1|Perrone Robotics Inc|5625 The Square||Crozet
1|BC Architects Engineers, PLC|5661 Columbia Pike|Suite 200|Falls Church
1|UNIQUE COMPUTING LLC|5680 KING CENTRE DRIVE|SUITE 600|ALEXANDRIA
1|UNIQUE COMPUTING LLC|5680 KING CENTRE DRIVE, SUITE 600||ALEXANDRIA
1|James W. Willis DDS PLC|5690 Three Notchd Road|Suite 100|Crozet
1|Avanti Corporation|5695 King Centre Dr.|Suite 301|Alexandria
1|Avanti Corporation|5695 King Centre Drive|Suite 301|Alexandria
1|Chartway Federal Credit Union|5700 Cleveland St.||Virginia Beach
1|Chartway Federal Credit Union|5700 Cleveland Street||Virginia Beach
1|Rehabilitation Hospital Corporation of America|5700 Fitzhugh Avenue||Richmond
1|1st CDL Training Center of Nova|5716 TELEGRAPH ROAD|STE B|ALEXANDRIA
1|W.D.M. (USA) LIMITED|5721 CHARLES CITY CIRCLE||RICHMOND
1|KANOR SYSTEMS INC|5725 CENTER SQUARE DR|SUITE 200B|CENTERVILLE
1|C4G Enterprises Inc|5746 Union Mill Road|813|Clifton
1|Watani LLC|5757 Dow Ave Apt 247||Alexandria
1|Watani LLC|5757 Dow ave Apt 247||Alexandria
1|Child and Family Services of Eastern VA Inc|580 E Main St|Suite 400|Norfolk
1|SSN GROUP LLC|580 HERNDON PKWY|SUITE 700|HERNDON
1|SSN Group LLC|580 Herndon Pkwy|Suite 700|Herndon
1|Spider Management Company LLC|5800 Patterson Avenue|Suite 300|Richmond
1|Kochalos Hospitality LLC|5810 Colchester Road||Fairfax
1|Excalibur Gymnastics Inc|5816 Arrowhead Drive||Virginia Beach
1|Virginia Wesleyan University|5817 Wesleyan Drive||Virginia Beach
1|Citizen Codex LLC|5833 25th Road N.||Arlington
1|Neighborhood Health|5845 Richmond Highway|Suite 405|Alexandria
1|SCM Industries LLC|5850 Quality Way||Prince George
1|Accessible Physician Home Care LLC|5860 Columbia Pike|Suite 105|Falls Church
1|TriVir LLC|5860 Trinity Parkway|Suite 130|Centreville
1|Piano & More|5877 Washington BLVD|5262|Arlington
1|Piano & More|5877 Washington Blvd|5262|Arlington
1|Sun Test Systems Inc|5885 Trinity Pkwy||Centerville
1|KLC Network Services Inc|590 Herndon Parkway|Suite 500|Herndon
1|Community Mediation Center|590 Neff Avenue|Suite 3000|Harrisonburg
1|RIZONTEK INC|5900 FORT DRIVE|SUITE 302|CENTREVILLE
1|Redwood Commercial Management LLC|5900 Fort Drive Suite 400||Centreville
1|BIGFISHSMALLPOND LLC|5908 LONG STREET||RICHMOND
1|Spok Holdings Inc|5911 Kingstowne Village Parkway|6th Floor|Alexandria
1|EVERGREEN ENTERPRISES OF VIRGINIA LLC|5915 MIDLOTHIAN TURNPIKE||RICHMOND
1|INTERNATIONAL PLASMA TECHNOLOGY CENTER, CORP|5916 Hunton Wood Drive||Broad Run
1|MASHUP IT INC|6  Pidgeon Hill Drive|Ste 100|Sterling
1|ASQUARE TECHNOLOGIES INC|6 PIDGEON HILL DR|SUITE 310|STERLING
1|EXPERTO SYSTEMS INC|6 Pegion Hill Dr|STE 115|Sterling
1|MashupIT INC|6 Pidgeon Hill Dr|Ste 100|Sterling
1|Identity and Access Solutions LLC|6 Pidgeon Hill Drive, Suite 114||Sterling
1|Asquare Technologies Inc|6 Pidgeon Hill Drive, Suite 310,||Sterling
1|ZITISI GROUP INC|6 Piegon Hill Dr|STE 103|Sterling
1|Virginia Department of Taxation|600 E Main Street||Richmond
1|Virginia Department of Taxation|600 E. Main Street,|23rd Floor|Richmond
1|Sentara Healthcare|600 Gresham Dr.||Norfolk
1|Optimal Satcom Inc|600 Herndon Parkway|Suite 100|Herndon
1|Sunnyside Presbyterian Home|600 University Blvd|Suite L|Harrisonburg
1|TowneBank|6001 Harbour View Blvd.||Suffolk
1|Tempus Leadership Solutions LLC|6003 Belspring Road||Fairlawn
1|Virginia Housing Development Authority|601 South Belvidere Street||Richmond
1|A3 by Airbus LLC|601 W California Avenue||Sunnyvale
1|Sigma Holdings LLC|6012 Leewood Dr||Alexandria
1|Sentara Healthcare|6015 Poplar Hall Dr.|Suite 314|Norfolk
1|Govin Technologies LLC|602 Haven Mews Circle||Glen Allen
1|Capital HealthCare PC|6020 Richmond Highway|Suite 102|ALEXANDRIA
1|Capital HealthCare LLC|6020 Richmond Hwy|Ste 102|Alexandria
1|The Country Club of Virginia|6031 SAINT ANDREWS LN.||RICHMOND
1|Country Club of Virginia Inc|6031 Saint Andrews Ln.||Richmond
1|Carroll County Public Schools|605-9 Pine Street||Hillsville
1|DLP Twin County Physician Practices LLC|606 East Stuart Drive||Galax
1|POTOMAC CONFERENCE CORPORATION OF SEVENTH-DAY ADVENTISTS|606 GREENVILLE AVENUE||STAUNTON
1|CHINA TELECOM (AMERICAS) CORPORATION|607 HERNDON PARKWAY|SUITE 201|HERNDON
1|Punchup Technologies Inc|6073 Arlington Blvd||Falls Church
1|CHENG YUN & ASSOCIATES PLLC|6088 FRANCONIA ROAD STE C||ALEXANDRIA
1|Rosney Company Architects LLC|609 East Market Street, Suite 206||Charlottesville
1|Lillie M. Pitman DMD, PC|609 Emancipation Highway|Suite 101|Fredericksburg
1|BECO Asset Management LLC|609 Independence Parkway|Suite 200|Chesapeake
1|Torrez Law Group|6094 Franconia Road|Suite C|Alexandria
1|Avertra Corp.|610 Herndon Parkway, Ste 400||Herndon
1|Omega Protein Inc|610 Menhaden Road||Reedville
1|Motel Investors Inc|6100 Richmond Highway||Alexandria
1|Witness Energy Consulting LLC|6107 Arlington Blvd|Unit G|Falls Church
1|Asist Inc|6107 Arlington Blvd.||Falls Church
1|DOM ABA SERVICES LLC|611 STATION SQ CT||Chesapeake
1|Dom Aba Services LLC|611 Station Square court||Chesapeake
1|SAROJ & MANJU INVESTMENTS LLC|612 KENTLAND DR||Great Falls
1|NB CONSULTANTS INC|612 S. Payne St.||Alexandria
1|Systems Engineering Technologies Corporation|6121 Lincolnia Road|Suite 200|Alexandria
1|Systems Engineering Technologies Corporation|6121 Lincolnia Road, Suite 200||Alexandria
1|Affection Home Health Care LLC|6128 Brandon Ave|STE 220|SPRINGFIELD
1|English Construction Company Inc|615 Church Street, Suite 2||LYNCHBURG
1|Nephrology Associates of Tidewater, LTD|6160 Kempsville Circle|Suite 302|Norfolk
1|INNOVATE! INC|6189 COBBS ROAD||ALEXANDRIA
1|TEKTROOP LLC|620 HERNDON PKWY|SUITE 110A|HERNDON
1|Tekizma Inc|620 Herndon Parkway, Suite 350|N/A|Herndon
1|Scout Development LLC (DC)|6200 Technology Boulevard||Standston
1|DMVTEK LLC|6201 Leesburg Pike|Ste 216|Falls Church
1|Atlantic Diving Supply Inc|621 Lynnhaven Pkwy.|Suite 160|Virginia Beach
1|Sprezzatura Management Consulting LLC|6224 Nelway Drive||McLean
1|JLP Contractors Inc|6239 Indian Run Pkwy|6239 Indian Run Pkwy|Alexandria
1|Eldenstreet Financial LLC|625 Elden Street|Suite 203|Herndon
1|R.C. Fields Associates Inc|625 N Washington Street|Suite 250|Alexandria
1|YWCA Of Central Virginia|626 Church Street||Lynchburg, Virginia, United States
1|HYPERION TECHNOLOGIES LLC|626 GRANT ST.|SUITE L|HERNDON
1|Resource Stack Inc|626 Grant St.|Suite D|Herndon
1|World Class Workforce LLC|6283 F Franconia Road||Alexandria
1|World Class Workforce LLC|6283 F, Franconia Road||Alexandria
1|V-Infotek LLC|6300 Ellington Woods Dr||Glen Allen
1|Hulshart & Associates LLC|6312 Seven Corners Center|STE 343|Falls Church
1|GP Consulting LLC|6337 Summerday Ct||Burke
1|Warecodes LLC|6345 Blossom View LN||Henrico
1|Tesfaye Amare, PLLC|6350 Walker Lane|Suite 530|Alexandria
1|CALIBRE Systems Inc|6361 Walker Lane|Suite 1100|Alexandria
1|G T Home Improvement LLC|6363 Regal Oak Dr||Springfield
1|New Target Inc|6363 Walker Ln|Ste 330|Alexandria
1|Kastle Systems International LLC|6402 Arlington Blvd.||Falls Church
1|Community Associations Institute|6402 Arlington Blvd., Suite 500||Falls Church
1|JRN Rani Enterprises LLC|6409 DAN BELL LN||Thornburg
1|Tesfaye Amare, PLLC|6416 Grovedale Drive|Suite 202|Alexandria
1|Jeremy Fletcher Design LLC|6418 Grovedale Drive|Suite 301|Alexandria
1|XCEL CONSTRUCTION INC|6426 Overhill  Road||Falls Church
1|Rhenus Automotive Salem LLC|6450 Technology Drive||Salem
1|SuccessKPI Inc|6475 Trillium House Lane||Centreville
1|ReMax Real Estate Inc|6486 Elm St.||McLean
1|The Clapham Group|6506 Loisdale Road, Suite 203||Springfield
1|Permiso Security Inc|6545 Tucker Avenue||McLean
1|CAKE AFFAIR INC|6548C LITTLE RIVER TURNPIKE||ALEXANDRIA
1|Multicultural Clinical Center|6563 Edsall Road||Springfield
1|Consulting & IT LLC|6564 Loisdale Ct|Suite 600|Springfield
1|SecureTech360 LLC|6564 Loisdale Road|Suite 600|Springfield
1|Optical Solutions Inc|6575 Edsall Road||Springfield
1|MIRUVOR LLC|6580 Lochleigh Ct||Alexandria
1|Harding Steel Inc|6593 Commerce Court|Suite 200|Warrenton
1|Human Resources Research Organization|66 Canal Center Plaza|Suite 700|Alexandria
1|Human Resources Research Organization|66 Center Plaza|Ste 700|Alexandria
1|Altria Client Services LLC|6601 West Broad Street||Richmond
1|GENWORTH NORTH AMERICA CORPORATION|6620 WEST BROAD STREET|BUILDING 4|RICHMOND
1|Genworth North America Corporation|6620 West Broad Street|Building 4|Richmond
1|Neighborhood Health|6677 Richmond Highway||Alexandria
1|Williamsburg Pottery LLC|6692 Richmond Road||Williamsburg
1|The Scott S. James Company|6700 Arlington Blvd||Falls Church
1|Sun Distribution LLC|6701 Loisdale ROAD 1||Springfield
1|Close Up Foundation|671 N Glebe Road|Suite 900|Arlington
1|Evoke Consulting LLC|671 North Glebe Road|Suite 1600|Arlington
1|CRANBERRY HEARING AND BALANCE CENTER LLC|6715 LITTLE RIVER TURNPIKE||ANNANDALE
1|Cranberry Hearing and Balance Center LLC|6715 Little River Turnpike||Annandale
1|COKING COAL LLC|6720 DUNBAR ROAD||APPALACHIA
1|WINN DESIGN LLC|6723 Whittier Avenue||McLean
1|Hospice of the Piedmont Inc|675 Peter Jefferson Parkway|Ste 300|Charlottesville
1|Radiant Solutions Inc|6764 Old McLean Village Drive||McLean
1|Cornet Technology Inc|6800 Versar Ctr., Ste. 216||Springfield
1|Brazilian Best Granite Inc|6805 Scholl Av||Henrico
1|Precise Direction LLC|6823 Dean Dr||McLean
1|Virginia Endodontic Group-Kingstowne PLC|6831 Sir Viceroy Drive|Suite 210|Alexandria
1|Postol Law Firm, P.C.|6842 Elm Street|Ste 300|McLean
1|Mediterranean Gourmet Harvest LLC|6849 OLD DOMINION DR|STE 220|MCLEAN
1|Norton Scott LLC|6849 Old Dominion Drive|Suite 430|McLean
1|Smartroof LLC|6862 Elm Street||Mclean
1|MARS INCORPORATED|6885 ELM STREET||McLean
1|Mars Incorporated|6885 Elm Street||McLean
1|MKL Management Services LLC|6910 Midlothian Turnpike||Richmond
1|Mehar Solutions Corp.|6911 Richmond Hwy|324D|Alexandria
1|Telegraph Dental Associates PLLC|6925 Telegraph Road||Alexandria
1|James W Willis VII DDS PLC|6948 Welbourne Ln||Crozet
1|MaconIT Inc|6950 Forest Hill Avenue||Richmond
1|AMAZON.COM SERVICES LLC|70 CRYSTAL DRIVE||ARLINGTON
1|Renner and Company CPA, PC|700 N Fairfax St|Ste 400|Alexandria
1|RENNER AND COMPANY, CPA, P.C.|700 NORTH FAIRFAX STREET|SUITE 400|ALEXANDRIA
1|Renner & Company, CPA, P.C.|700 North Fairfax St, Suite 400|Suite 400|ALEXANDRIA
1|Norfolk State University|700 Park Ave||Norfolk
1|Norfolk State University|700 Park Avenue||Norfolk
1|R. C. Fields & Associates Inc|700 S Washington St|STE 220|Alexandria
1|NEW RIVER VALLEY COMMUNITY SERVICES|700 UNIVERSITY CITY BLVD||Blacksburg
1|Richmond Dentures and Implants, PLLC|7000 Forest Avenue|Suite 800|Richmond
1|Bon Secours Medical Group Richmond Specialty Care LLC|7001 Forest Ave|Suite 405|Richmond
1|CKI & Associates Inc|7006 Little River Turnpike|Suite 3E|Annandale
1|Historic Hotels of Albemarle LLC|701 Club Drive||Keswick
1|Soch Inc|701 E. Franklin St|Suite 1515|Richmond
1|Soch Inc|701 E. Franklin Street|Suite 1515|Richmond
1|Lakeland Tours LLC|701 E. Water Street|Suite 200|Charlottesville
1|Federal Reserve Bank of Richmond|701 East Byrd Street||Richmond
1|RIVERSIDE HEALTH SYSTEM|701 TOWN CENTER DRIVE|SUITE 1000|NEWPORT NEWS
1|Riverside Health System|701 Town Center Drive Fountain Plaza 1|Suite 1000|Newport News
1|PHARMAHELP FOUNDATION INC|701 W. BROAD STREET|SUITE 411|FALLS CHURCH
1|Rowe Weinstein & Sohn, PLLC|7010 Little River Turnpike|Suite 300|Annandale
1|The Care Zoom LLC|7011 Calamo St|Suite 201|Springfield
1|Bon Secours Medical Group Hampton Roads Primary Care LLC|7025 Harbour View Blvd.|Suite 118|Suffolk
1|Technology and Telecommunications Consultants Inc|703 Mariners Row||Newport News
1|Cladding Corp|704 Baker Lane|Suite 5|Winchester
1|SuperSoft Technologies LLC|704 Foundry Park Ct||Glen Allen
1|GURUS INFOTECH INC|704 PINE STREET||HERNDON
1|Gurus Infotech Inc|704 Pine Street||Herndon
1|MicroGEM US Inc|705D Dale Avenue||Charlottesville
1|Akeela Corporation|7094 Spring garden Dr|TL2|springfield
1|Benchmarkthing Inc|710 12th St S||Arlington
1|Cell Tech Inc|710 Denbigh Blvd.|3A|Newport News
1|CapTech Ventures Inc|7100 Forest Ave|100|Richmond
1|CapTech Ventures Inc|7100 Forest Avenue|Suite 100|Richmond
1|Brookfield Dental Associates LLC|7108 Brookfield Plaza||Springfield
1|TAGG GLOBAL CONSULTING LLC|7108 PARK TERRACE DR||ALEXANDRIA
1|Consult To Hire LLC|711 Shadowhill Ct||Midlothian
1|R A Managements Inc|7113 Sudley Road||Manassas
1|AZURION GROUP INC|7115 LEESBURG PIKE|SUITE 311|FALLS CHURCH
1|D-liteful LLC|7115 Leesburg Pike|Suite 202|Falls Church
1|ROBERT F. MORRISON DMD PC|7151 RICHMOND ROAD|SUITE 305|WILLIAMSBURG
1|NV ALEXANDRIA LLC|7185 LEE HWY|NV KITCHEN & BATH|FALLS CHURCH
1|COLOR-AD INC|7200 GARY ROAD||MANASSAS
1|KINGSLEY-BATE, LTD|7200 GATEWAY CT||MANASSAS
1|BRIGHT SKY TECH INC|7207 QUIET CV||ANNANDALE
1|DILAN CONSTRUCTION LLC|721 Ellsworth Ave||Great Falls
1|MAXARY LLC|722 E MARKET ST|SUITE 102|Leesburg
1|Maxary LLC|722 E Marke|St 102|Leesburg
1|Maxary LLC|722 E Market|St 102|Leesburg
1|Maxary LLC|722 E Market St  102||Leesburg
1|Adroit Solutions and Services|722 E Market Street, Suite 102||Leesburg
1|Aventurine Technologies Inc|722 E. MARKET ST|STE 102 OFC A66|LEESBURG
1|Advantage Pro LC|722 E. Market St|Ste 102 OFC A40|Leesburg
1|Keevaath LLC|722 E. Market St.|Suite 102-A14|Leesburg
1|MSQUARE SYSTEMS INC|722 Grant Street,|Suite H|Herndon
1|HOSPITALITY FLOORS AND SERVICES INC|7225 Telegraph Square Dr||Lorton
1|Empire Motors LLC|7225 Winnipeg Ct||Gainesville
1|KSApex LLC|7232 Tod Street||Falls Church
1|Driven Inc|7236 Columbia Pike|2nd Fl|Annandale
1|Hometown Realty Services Inc|7240 Lee Davis Road||Mechanicsville
1|True Anchor Consultants|7261 annie lane||PADUCAH
1|J PARK & ASSOCIATES INC|7264 HANOVER GREEN DRIVE||MECHANICSVILLE
1|J Park & Associates|7264 Hanover Green Drive||Mechanicsville
1|Institute for Defense Analyses|730 East Glebe Road||Alexandria
1|Enginuity Power Systems Inc|730 S. Washington Street||Alexandria
1|SVT Robotics Inc|730 West 20th Street||Norfolk
1|VitalCare Family Practice LLC|7300 Ashlake Parkway|Suite 200|Chesterfield
1|Regional Hospital Healthcare Partners LLC|7300 Beaufont Springs Drive|Suite 101|North Chesterfield
1|Sortac Systems LLC|7304 Scarlet Oak Court|Suite 1B|Fairfax Station
1|Y POINT SOLUTIONS LLC|7306 Hooking Road||McLean
1|AMF Bowling Centers Inc|7313 Bell Creek Road||Mechanicsville
1|Virginia Information Technologies Agency|7325 Beaufont Springs Drive||Richmond
1|Eastern Virginia Medical School|735 Fairfax Avenue||Norfolk
1|Forever Oceans Corporation|7350 Heritage Village Plaza   202||Gainesville
1|VK PROJECT LLC|7360 MCWHORTER PL|STE 201|Annandale
1|OHAE LLC|7398 Ward Park LN  C||Springfield
1|CLOUDRAMP LLC|740 POTOMAC RIVER ROAD||MCLEAN
1|FireBot Inc|7400 Fullerton Road||Springfield
1|Lotus Filter (USA) LLC|7401 - H Lockport Place|Suite H|Lorton
1|Paymerang LLC|7401 Beaufont Springs Dr.|Suite 300|RICHMOND
1|Direct Gutter Inc|7401-E Fullerton Road||Springfield
1|Sailing International Trading LLC|7402 Lockport Pl|Ste F|Lorton
1|TECHNAMO LLC|7406 ALBAN STATION COURT, SUITE A106||SPRINGFIELD
1|EBRAND INC|7406 BETHUNE STREET||FALLS CHURCH
1|Engel Family Farms|7423 Cabin Hill Farm Lane||Hanover
1|BlupaceUS LLC|7440 Heritage Village Plaza|Suite 102|Gainesville
1|I-66 Express Mobility Partners LLC|7450 Century Park Dr||Manassas
1|I-66 Express Mobility Partners LLC|7450 Century Park Drive||Manassas
1|Arrowtek Technologies LLC|749 J Clyde Morris Blvd|Suite A|Newport News
1|Lunenburg Nottoway Educational Foundation|75 Ridge Road||Blackstone
1|Ellexco LLC|7503 Axton St||Springfield
1|Infogravity LLC|7528 Diplomat Drive|Suite 201|Manassas
1|Better Life Pain Clinic PLLC|7535 Little River Turnpike|Suite 100C|Annandale
1|Shenandoah Memorial Hospital|759 South Main Street||Woodstock
1|NETIMPACT STRATEGIES INC|7600 LEESBURG PIKE|SUITE 140|FALLS CHURCH
1|NetImpact Strategies|7600 Leesburg Pike|Suite 140|Falls Church
1|Integrated Global Services Inc|7600 Whitepine Road||Richmond
1|Inoventures LLC|7601 Lewinsville Road|Suite 101|McLean
1|Applied Logic LLC|7601 Sheffield Green Way||Lorton
1|GLOBAL EXCHANGE CONNECTION LLC|7610 DOANE DRIVE||MANASSAS
1|COMPSCIPREP LLC|7624 GREAT DOVER ST||GAINESVILLE
1|PingWind Inc|7630 Little River Turnpike|Suite 205|Annandale
1|Vision Appliance Repair LLC|7635 Fullerton Road|Suite E|Springfield
1|QUANTUM TECHNOLOGIES INC|7635 LEESBURG PIKE|SUITE B|FALLS CHURCH
1|NCS TECHNOLOGIES INC|7669 LIMESTONE DRIVE||GAINESVILLE
1|Mount Rogers Community Services|770 W Ridge Road||Wytheville
1|Korean Community Service Center of Greater Washington Inc|7700 Little River Tpke., Suite 406||Annandale
1|Korean Community Service Center of Greater Washington Inc|7700 Little River Turnpike  406||Annandale
1|Total Millwork LLC|7700 Wellingford Drive||Manassas
1|Urban Engineering & Associates Inc|7712 Little River Turnpike||Annandale
1|Notal Vision Inc|7717 Coppermine Dr.||Manassas
1|TECHPOINT LLC|7777 LEESBURG PIKE|SUITE 202S|FALLS CHURCH
1|INNOVATIVE TECH TALENTS LLC|7799 LEESBURG PIKE|SUITE 1010 N|FALLS CHURCH
1|Brighter Strides ABA VA LLC|780 Lynnhaven Pkwy|Suite 400|Virginia Beach
1|Brighter Strides ABA VA LLC,|780 Lynnhaven pkwy|870 Lynnhaven pkwy|Virginia Beach
1|RVA PHARMACY LLC|7801 W Broad St.|Suite 19|Richmond
1|ATNAB Consulting Services Inc|7826 Gambrill Woods Way||Springfield
1|Precious Smiles of Virginia|7841-F Rolling Road||Springfield
1|Solar Guys Inc|7853 Coppermine Drive||Manassas
1|Engineering & Materials Technologies Inc|7857 Coppermine Drive||Manassas
1|Astar Education Institute|7864 Donegan Drive||Manassas
1|CASEPOINT LLC|7900 TYSONS ONE PLACE|SUITE 680|Tysons
1|GTT Americas LLC|7900 Tysons Once Place|Suite 1450|McLean
1|Casepoint LLC|7900 Tysons One|Pl 680|Tysons
1|Morgan Franklin LLC|7900 Tysons One PI  300||McLean
1|Casepoint LLC|7900 Tysons One PIace|Suite 680|McLean
1|Clark Construction Group LLC|7900 Westpark Dr.||McLean
1|FJ Capital Management LLC|7901 Jones Branch  Drive|Suite 210|Mclean
1|Spire Wealth Management LLC|7901 Jones Branch Dr|800|McLean
1|LendingPad Corp.|7901 Jones Branch Dr.|Suite 360|McLean
1|Sunrise Senior Living Management Inc|7902  Westpark Drive||McLean
1|Sunrise Senior Living Management Inc|7902 Westpark Dr.||McLean
1|Girnar Inc|7907 Rolling Road||Springfield
1|Alliance Insource Inc|7918 Jones Branch Drive 4th floor   468||Mclean
1|Alliance Insource Inc|7918 Jones Branch Drive, 4th Floor||McLean
1|Xyken LLC|7921 Jones Branch Drive|Suite 392|McLean
1|Xyken LLC|7921 Jones Branch Drive, Suite 392||McLean
1|Cybertek LLC|7925 Jones Branch Dr.|Suite 3200|McLean
1|Telekom Malaysia (USA) Inc|7925 Jones Branch Drive|Suite LL100|McLean
1|CyberTEK LLC|7925 Jones Brank Dr.|Suite 3200|McLean
1|Teleqo Technical Solutions Inc|7927 Jones Branch Dr Suite 3100||McLean
1|WADITEK LLC|7927 Jones Branch Dr.|Ste 430|Mclean
1|Stansource Inc|7927 Jones Branch Drive,|Suite 3125|McLean
1|Technology Ventures LLC|7930  Jones Branch Drive|STE 310|McLean
1|Dominion Millwork Company Inc|7950 Gainsford Court||Bristow
1|Olightstore USA Inc|7951 Angleton Court, Suite B||Lorton
1|OLIGHTSTORE USA INC|7951 Angleton Ct|Ste B|Lorton
1|OLIGHTSTORE USA INC|7951 Angleton Ct.|Ste B|Lorton
1|BLUEFOOT INC|7985 Foxmoor Drive||Dunn Loring
1|Above Green LLC|8 North Jay Street|3rd Floor|Middleburg
1|Hampden-Sydney College|80 College Road||Hampden-Sydney
1|Center for Neuromuscular and Massage Rehabilitation LLC|80 Genevieve Court||Fredericksburg
1|Filibuster Barrels LLC|80 Maurertown Mill Road||Maurertown
1|Filibuster Barrels LLC|80 Maurertown Mills Road||Maurertown
1|Cabal Sausage Co. LLC|80 Potomac Creek Drive||Fredericksburg
1|PEOPLECORP AMERICA INC|800 CORPORATE DRIVE|SUITE 301-500|STAFFORD
1|PEOPLECORP AMERICA INC|800 CORPORATE DRIVE, SUITE 301-500||STAFFORD
1|Illumen Group Inc|800 Corporate DR|Ste 301|Stafford
1|McGuireWoods LLP|800 E Canal St||Richmond
1|CELLF-BIO LLC|800 E. Leigh Street|Suite 56|Richmond
1|McGuireWoods LLP|800 East Canal Street||Richmond
1|Sentara Medical Group|800 Independence Boulevard|5th Floor|Virginia Beach
1|Dominion Health Medical Associates, Ltd.|800 Independence Road|5th Floor|Virginia Beach
1|James Madison University|800 S Main Street||Harrisonburg
1|JAMES MADISON UNIVERSITY|800 S. MAIN ST MSC 5731||HARRISONBURG
1|James Madison University|800 S. Main Street||Harrisonburg
1|Symphony AI NetReveal US Inc|800 Towers Crescent Boulevard|Floor 13|Vienna
1|St. Josephs Villa|8000 Brook Road||Richmond
1|Dunn Loring VA Opco LLC|8000 Iliff Dr||Dunn Loring
1|SICPA Product Security LLC|8000 Research Way||Springfield
1|Globalization Partners International LLC|8000 TOWERS CRESCENT DR STE 1350||Vienna
1|DOYLE, SCHULTZ & BHATIA PLLC|8000 TOWERS CRESCENT DR.|13TH FLOOR|VIENNA
1|Symphony AI NetReveal US Inc|8000 Towers Crescent Boulevard|Floor 13th|Vienna
1|Keevaath LLC|8000 Towers Crescent Dr.|Suite 1350|Vienna
1|DTeK Consulting Services Inc|8000 Towers Cresent Drive|Floor 13|Vienna
1|VM ARCHITECTURE, PLLC|8002 ILIFF DR||DUNN LORING
1|Radford University|801 E. Main Street||Radford
1|Rani Investments Inc|801 E. Parham Road||Richmond
1|Radford University|801 East Main Street||Radford
1|Design Develop LLC|802 East Jefferson St||Charlottesville
1|Spotsylvania Public County Schools|8020 River Stone Drive||Fredericksburg
1|Policy Pathways Inc|803 Castile Place||Henrico
1|PNCOTECH LLC|8030 CRIANZA PL.|145|VIENNA
1|Snailkey Inc|8036 WINCHESTER ROAD||FRONT ROYAL
1|Snailkey Inc|8036 Winchester Road||Front Royal
1|SCP Inc|8040 Industrial Park Ct||Bristow
1|Energy Ventures Analysis Inc|8045 Leesburg Pike|Suite 200|Vienna
1|Hauli LLC|8064 L P Bailey Memorial Hwy||Nathalie
1|B&H Financial Services Inc|8075 LEESBURG PIKE|SUITE 400|VIENNA
1|The Bacardi Family Foundation Inc|809 Bolling Ave|Apt C|Charlottesville
1|NITTO INC|809 Principal Court||Chesapeake
1|LOUDOUN USED CARS LLC|809 S KING STREET||LEESBURG
1|INOVA HEALTH CARE SERVICES|8095 Innovation Park Dr.||Fairfax
1|Randall Kipp Architecture Inc|81 King Carter Drive||Irvington
1|City of Norfolk|810 Union Street||Norfolk
1|QubicaAMF Worldwide LLC|8100 AMF DR||MECHANICSVLLE
1|Signal Vine Inc|811 N Royal Street||Alexandria
1|Childrens Specialty Group, PLLC|811 Redgate Avenue||Norfolk
1|Washington University of Science and Technology LLC|8113 Leesburg Pike Ste 230||Vienna
1|Fairfax County Public Schools|8115 Gatehouse Road||Falls Church
1|Annslo Tech Inc|812 Moorefield Park DR|Suite 120|Richmond
1|Annslo Tech Inc|812 Moorefield Park Dr|Suite 120|Richmond
1|Annslo Tech Inc|812 Moorefield Park Dr, Ste 120||Richmond
1|Strong Crypto Innovations LLC|813 E Main St||Luray
1|PeopleNTech LLC|8133 LEESBURG PIKE, STE 220||VIENNA
1|PeopleNTech Institute of Information Technology Inc|8133 Leesburg Pike, 2nd Floor||VIENNA
1|PeopleNTech Institute of Information Technology Inc|8133 Leesburg Pike, Suite   220||VIENNA
1|Washington University of Science and Technology LLC|8133 Leesburg Pike, Suite   230||Vienna
1|Sherif N Elhady DDS, MS, PC|8134 Old Keene Mill Road Ste 300|Suite 300|Springfield,
1|UNIPLUS CONSULTANTS INC|8140 ASHTON AVENUE SUITE 210||MANASSAS
1|International United Business Inc|8146 Madrillon Ct||Vienna
1|JKN LLC|8148 Bluebonnet Dr||Lorton
1|ALPHA OMEGA INTEGRATION LLC|8150 LEESBURGPIKE|SUITE 1010|VIENNA
1|Fitzgerald & Co., CPAS, P.C.|8150 Leesburg Pike, Suite 500||Vienna
1|ATHAVALE, LYSTAD & ASSOCIATES INC|8180 GREENSBORO DRIVE, SUITE 550||MCLIEAN
1|ServicePower Inc|8180 Greensboro Dr.|Suite 600|McLean
1|Deliberate Capital LLC|819 S. Quincy St.||Arlington
1|Navy Federal Credit Union|820 Follin Lane||Vienna
1|Navy Federal Credit Union|820 Follin Ln SE||Vienna
1|Arktek IT Solutions LLC|8200 Greenboro Dr|Suite 900|Mclean
1|GCB Services LLC|8200 Greensboro Dr.|Suite 900|McLean
1|GOLD COAST IT SOLUTIONS LLC|8200 Greensboro Drive|Suite 900|McLean
1|NIRA Inc|8200 Greensboro Drive, Suite 900||McLean
1|Highstreet IT Solutions LLC|8201 Greensboro Dr|Suite 530|McLean
1|Chesapeake Bay Academy|821 Baker Road||Virginia Beach
1|PROTAGOLABS INC|8221 OLD COURTHOUSE ROAD|SUITE 390|VIENNA
1|MCFADYEN CONSULTING GROUP INC|8229 BOONE BLVD|Suite 820|Vienna
1|CSK & COMPANY CPAS PLLC|8229 Boone Blvd Ste 750||Vienna
1|AQ Transformer Solutions Inc|823 Fairview Road||Wytheville
1|CONCEPTS INFORMATION TECHNOLOGY INC|8230 BOONE BLVD|SUITE 403|VIENNA
1|Concepts Information Technology Inc|8230 Boone Blvd|Suite 403|Vienna
1|SLS Solutions Inc|8230 OLD COURTHOUSE ROAD|STE 200|Vienna
1|Internal Medicine Practice, P.C.|8233 Old Courthouse Road|St 170|Vienna
1|Federal Home Loan Mortgage Corporation|8250 JONES BRANCH DRIVE||McLean
1|22nd Century Technologies Inc|8251 Greensboro Dr|Suite 900|McLean
1|Agovx LLC|8251 Greensboro Dr.|Suite 200|McLean
1|STUDEBAKER BRACKETT PLLC|8255 Greensboro Dr. Ste 300||Tysons
1|Bayes PLLC|8260 Greensboro Dr, Ste 625||McLean
1|DIRECT HOLDINGS AMERICAS INC|8260 WILLOW OAKS CORPORATE DRIVE|SUITE 500|FAIRFAX
1|Buckingham Mortgage LLC|8270 Greensboro Dr|Suite 725|McLean
1|Acumen Solutions Inc|8280  Greensboro Drive|Suite 400|McLean
1|ID.me Inc|8280 Greensboro Dr.|800|McLean
1|ID.me Inc|8280 Greensboro Drive|Suite 800|McLean
1|DEEPBD INC|8280 WILLOW OAKS CORPORATE DR|SUITE 425|FAIRFAX
1|Gunnison Consulting Group Inc|8280 Willow Oaks Corporate Dr|Suite 600|Fairfax
1|Eastman Minerals Inc|8280 Willow Oaks Corporate Drive|Suite 600|Fairfax
1|Booz Allen Hamilton Inc|8283 Greensboro Drive||McLean
1|Veritas Education LLC|8292D Old Courthouse Road||Vienna
1|VCU Health System Authority|830 E. Main St.|Suite 200|Richmond
1|VCU Health System Authority|830 E. Main Street|Suite 200|Richmond
1|VCU Health System Authority|830 East Main Street|Suite 200|Richmond
1|Sentara Healthcare|830 Kempsville Road||Norfolk
1|ROGERS & COMPANY CPAS, PLLC|8300 BOONE BOULEVAROAD|SUITE 600|VIENNA
1|Aldrich Capital Partners LLC|8300 Greensboro Dr.|Suite 1200|McLean
1|stackArmor Inc|8300 Greensboro Dr.,|Suite 990|Tysons
1|PingLend Inc|8300 Greensboro Drive|Suite 960|McLean
1|eTelic Inc|8300 Paigley Place||Henrico
1|Millenniumsoft Inc|8301 Arlington Boulevard|Suite 504|Fairfax
1|Version IT Inc|8305 Greensboro Dr|STE 2520|McLean
1|Supreme Tech Solutions LLC|8306 Old Courthouse Road|Suite B|Vienna
1|Supreme Tech Solutions LLC|8306-B Old Courthouse Road||Vienna
1|Robert H Dewitt|8310-B OLD COURTHOUSE ROAD||VIENNA
1|PROSPECT HOMECARE AGENCY|8315 LEE HWY|SUITE 302|FAIRFAX
1|MarginEdge Co|8315 Lee Highway|Suite 501|Fairfax
1|The Madeira School|8328 Georgetown Pike||McLean
1|CRITERION SYSTEMS INC|8330 BOONE BLVD.|STE 400|VIENNA
1|Sentara Medical Group|835 Glenrock Road|Suite 100|Norfolk
1|Dolphin Pool Services LLC|8350 Terminal Road||Lorton
1|ShiVin Technology LLC|8370 Greensboro Dr, Unit 1021||McLean
1|PeopleNTech Institute of Information Technology Inc|839 Seneca Road, Great Falls||VIENNA
1|Cambridge Holdings LLC|8391 Old Courthouse Road|Suite 210|Vienna
1|Russell County Public Schools|84 Dr. Lorraine C. Turner Dr.||Lebanon
1|MAP COMMUNICATIONS INC|840 GREENBRIER CIRCLE||CHESAPEAKE
1|Nephrology Specialists, PC|8400 N. Run Medical Drive|Suite 200|Mechanicsville
1|Dewberry Engineers Inc|8401 Arlington Blvd.||Fairfax
1|McCann Yan Holdings Inc|8401 GREENSBORO DRIVE, SUITE 1050||MCLEAN
1|LaserShip Inc|8401 Greensboro Dr.|Fl. 7|McLean
1|McCann Yan Holdings Inc|8401 Greensboro Drive, Suite 1050||McLean
1|NirwanTech LLC|8401 Maryland Dr.|Suite A|Richmond
1|SourceAmerica|8401 Old Courthouse Road||Vienna
1|FlowScientific LLC|8407 Richmond Highway|Unit F|Alexandria
1|Vinci Education Corporation|8408 Arlington Blvd.||Fairfax
1|IBaseIT Inc|841, Clubridge Ter||Chester
1|FAMILY CHIROPRACTIC OF SPRINGFIELD INC|8440 OLD KEENE MILL ROAD||SPRINGFIELD
1|Integral Federal Inc|8444 Westpark Drive|Suite 500|McLean
1|ELAENIA INC|8453 Tyco Road|Suite C|Vienna
1|First Column Enterprises LLC|8462 Virginia Meadows Drive||Manassas
1|Mega Glass LLC|8466 Tyco Road|Ste A|Vienna
1|Hong Dance School|8478 Tyco Road||Vienna
1|Winners Alliance Inc|8484 Westpark Dr|Suite 630|McLean
1|Faith Landmarks Ministries|8491 Chamberlayne Road||Richmond
1|Sunmik LLC|85 & 91 Pleasant Valley Road||Harrisonburg
1|Intellect Solutions LLC|85 S Bragg Street, Suite 204B||Alexandria
1|VCA INC|8500 ARLINGTON BLVD.||FAIRFAX
1|Kapsch TrafficCom USA Inc|8501 Greensboro Drive,|1002|McLean
1|Rubb Transport Inc|8502 Calverts Mill Way||Gainesville
1|Connected Solutions Group LLC|8529 Meadowbridge Road|Suite 300|Mechanicsville
1|MEP Designs Inc|8551 Rixlew Lane|Suite 200|Manassas
1|Riverside Healthcare Association Inc|856 J Clyde Morris Road|Suite A|Newport News
1|SYSUSA Inc|8565 Sudley Road|Suite C|Manassas
1|Applica Solutions Inc|8575 Sudley Road|STE D|Manassas
1|Goldbelt C6 LLC|860 Greenbirier Circle|Suite 405|Chesapeak
1|Goldbelt C6 LLC|860 Greenbrier Circle|Suite 405|Chesapeake
1|Lean IT Inc|8601 Mayland Dr.|Ste B|Henrico
1|Centennial Technologies Inc|8601 Westwood Center Drive|Suite 255|Vienna
1|Adam Filali, DDS, PC|8605 WESTWOOD CENTER DR|STE 200|Vienna
1|SRB Technologies Inc|8605 Westwood Center Dr|Suite 301|Vienna
1|ANTITHESIS OPERATIONS LLC|8607 WESTWOOD CENTER DRIVE|SUITE 550|VIENNA
1|PAK BioSolutions Inc|8607 Westwood Center Drive|Suite 560|Vienna
1|Urgently Inc|8609 Westwood Center DR.|Suite 810|Vienna
1|Inferenz Inc|8609 Westwood Center Dr|Suite 110|Vienna
1|Urgent.ly|8609 Westwood Center Drive,|Suite 810|Vienna
1|Janova Solutions Inc|8609 Westwood Dr|Suite 110|Vienna
1|Tenpearls LLC|8614  Westwood Center Drive|STE 540|Vienna
1|Daignault Iyer LLP|8618 Westwood Center Dr.|Suite 150|Vienna
1|Corsha Inc|8618 Westwood Center Drive|Suite 310|Vienna
1|Lean IT Inc|8619 Mayland Drive||Henrico
1|Columbia College inc|8620 Westwood Center Dr||Vienna
1|Columbia College Inc|8620 Westwood Center Drive||Vienna
1|PIRZADA LLC|8622 ARTILLERY ROAD||MANASSAS
1|Omaarav 1918 LLC|865 N. Military Hwy||Norfolk
1|UVA Community Health Medical Group LLC|8650 Sudley Road|Suite 411|Manassas
1|Kotera LLC|8665 Sudley Road Ste 252||Manassas
1|Health Care Sunrise LLC|8679 Pocahontas Trail||WILLIAMSBURG
1|Manassas City Public Schools|8700 Centreville Road|Suite 310|Manassas
1|UVA Community Health|8700 Sudley Road, Suite 411||Manassas
1|Amelia County Public Schools|8701 Otterburn Road||Amelia
1|A2Z Latino Services LLC|8745 Mathis Avenue||Manassas
1|Dr. Lewis Weber & Associates|875 Rio East Ct.||Charlottesville
1|Decency Staffing Solutions|877 Bells Mill Road||Chesapeake
1|Golkin Corporation|8773 Virginia Meadows Drive||Manassas
1|Elephant Insurance Services LLC|8801 Park Central Dr.|Suite 500|Richmond
1|Reclaim Hosting LLC|8805 General Griffins Ct||Fredericksburg
1|Vaisnavi Group LLC|8809 Sudley Road|Suite 108|Manassas
1|Ecosystems Services LLC|8870 Mary Ball Road||Lancaster
1|Eldor Automotive Powertrain USA LLC|888 INTERNATIONAL PARKWAY||DALEVILLE
1|ELDOR AUTOMOTIVE POWERTRAIN USA LLC|888 INTERNATIONAL PKWY||DALEVILLE
1|Alayah Corporation|8884 Ashgrove House Ln||Vienna
1|Idealsmile LLC|8904 West Broad Street|ste 202|Henrico
1|KMA 7 of VA, LC|8917 FARGO ROAD|SUITE D|RICHMOND
1|NLT CORPORATION|8927 Periwinkle Blue Ct||Lorton
1|APECS DESIGN, BUILD & MAINTENANCE LLC|894 BALLOU ST.||HERNDON
1|City of Richmond Virginia|900 E Broad Street||Richmond
1|Charles M. Aaron, PLC., Attorneys at Law|900 S. Memorial Blvd||Martinsville
1|TSC-Edifice JV1 LLC|900 Shenandoah  Shores Road|Suite 100|Front Royal
1|Terra Site Constructors LLC|900 Shenandoah Shores|Suite 100|Front Royal
1|Meta Nau Inc|9001 Braddock Road, Ste 325||Springfield
1|Cary Street Partners Financial LLC|901 East Byrd Street|Suite 1001|Richmond
1|Davenport & Company LLC|901 East Cary Street|Suite 1100|Richmond
1|Kalbaugh, Pfund & Messersmith, PC|901 Moorefield Park Drive, Suite 200||Richmond
1|CMS GlobalSoft Inc|9010 Lorton Station Blvd., Suite 200||Lorton
1|Virginia Polytechnic Institute and State University|902 Prices Fork Road|Suite 120|Blacksburg
1|Virginia Polytechnic Institute & State University|902 Prices Fork Road (0265)|Suite 120|Blacksburg
1|Commonwealth Retirement Investments LLC|9030 Stony Point Parkway|Suite 580|Richmond
1|Marguerite Ventures LLC|904 Leigh Mill Road||Great Falls
1|Morganna Animal Care PLLC|9050 Liberia Avenue||Manassas
1|Michael Vergason Landscape Architects, Ltd.|907 King Street|2nd Floor|Alexandria
1|Salman M. Akbar, M.D.|909 Hioaks Road|Suite F/G|Richmond
1|Yotta Tech Ports Inc|9105 Dickey Dr||Mechanicsville
1|Yotta Tech Ports Inc|9105 Dickey Dr.||Mechanicsville
1|ZBest Auto Center LLC|911 Branchway Road||N Chesterfield
1|Occidental Ventures LLC|911 Centrillion Drive||McLean
1|Green Village Concrete Inc|9114 Euclid Ave||Manassas
1|Virginia Commonwealth University|912 W Grace Street, Flr. 4|PO Box 843043|Richmond
1|Virginia Commonwealth University|912 W. Grace St., Floor 4|PO Box 843043|Richmond
1|Virginia Commonwealth University|912 W. Grace Street, Floor 4|PO Box 843043|Richmond
1|Virginia Commonwealth University|912 West Grace Street|4th Floor|Richmond
1|Star Lights LLC|9129 Royal Robin Lane||Lorton
1|ACTION GRAPHICS & SIGNS INC|913 Business Park dr|N/A|CHESAPEAKE
1|University of Virginia|914 Emmet Street|PO Box 400127|Charlottesville
1|CFA Institute|915 East High Street||Charlottesville
1|Montebello Group Inc|9161 Liberia Avenue|Suite 403|Manassas
1|IVI Foundation Inc|917 Prince Street||Alexandria
1|Avis Global IT Solutions Inc|919 E Main St||Richmond
1|Best Smiles Dentist, PLLC|9195 Staples Mill  Road||Henrico
1|Best Smiles Dentist, PLLC|9195 Staples Mill Road||Henrico
1|Lady Olivia at North Cliff LLC|9198 North Cliff Lane||Rixeyville
1|BUSY BEE DAYCARE INCORPORATED|919S 16TH ST||ARLINGTON
1|Virginia Polytechnic Institute and State University|920 Prices Fork Road|Suite 120|Blacksburg
1|Spyder Technologies of VA. Inc|9200 Deveron Court||Fairfax Station
1|TESLA Inc|9201 Arboretum Parkway|Suite 120|North Chesterfield
1|Universal Leaf Tobacco Company Inc|9201 Forest Hill Avenue||Richmond
1|CodeBlue Technology LLC|9204 Center Oak Court|Suite C|Mechanicsville
1|US Infra Rehab Services LLC|9210 Arboretum Pkwy|Suite 150|Richmond
1|Richmond Regional Planning District Commission|9211 FOREST HILL AVENUE|Ste 200|Richmond
1|AhaApps LLC|9211 Forest Hill|Suite 201|Richmond
1|AhaApps LLC|9211 Forest Hill Ave|201|Richmond
1|AhaApps LLC|9211 Forest Hill Avenue|Suite 201|Richmond
1|Chirality Solutions LLC|9230 Nathaniel Harris Ct||Manassas
1|Compete Easy Inc|9243 Old Keene Mill Road||Burke
1|City Concrete Corp|9284 Corporate Cir.||Manassas
1|The Boeing Company|929  Long Bridge Drive||Arlington
1|The Boeing Company|929 Long Bridge Drive||Arlington
1|The Boeing Company|929 Long Bridge Drive Arlington||Arlington
1|LP Roofing LLC|9300 Grant Ave|Suite 102|Manassas
1|Berkley Insurance Company|9301 Innovation Drive|Suite 200|Manassas
1|BEHAVIOR BEE CONSULT LLC|9330 BARNES LOOP||MANASAS
1|Laser Thermal Analysis Inc|937 2nd st. SE||Charlottesville
1|Athina Inc|9373 lee hwy||fairfax
1|Kidney and Hypertension Specialists, PLLC|9378 Forestwood Lane|Suite E|Manassas
1|CRITZER FAMILY FARM LLC|9388 CRITZER SHOP ROAD||AFTON
1|Critzer Family Farm LLC|9388 Critzer Shop Road||Afton
1|Brown & Settle Inc|9400 Innovation Drive|Unit 110|Manassas
1|Immigrants First Pllc.|9401 Centreville Road|Suite 204|Manassas
1|Benten Technologies Inc|9408 Grant Ave|Suite 206|Manassas
1|Strong Home Mortgage LLC|9408 Grant Avenue|Suite 302|Manassas
1|WOW USA INC|9408 Gunston Cove Road|Suite C|Lorton
1|Viewsoft Inc|9411 Main Street|Suite 201|Manassas
1|Apex146 Ltd.|9425 Blackpond Lane||Delaplane
1|IMPACT DENTAL SERVICES PLLC|9439 LORTON MARKET ST||Lorton
1|Ceres Nanosciences Inc|9460 Innovation Drive||Manassas
1|Brothers Paving & Concrete|9469 Hawkins Drive||Manassas
1|DeepSig Inc|950 N Glebe Road|STE 910|Arlington
1|SKY TECHNOLOGIES LLC|950 N WASHINGTON ST|SUITE 243|ALEXANDRIA
1|SKY TECHNOLOGIES LLC|950 N WASHINGTON STREET|STE 243|ALEXANDRIA
1|GLOBAL MIGRATION LAW GROUP (MID-ATLANTIC), PLLC|950 N Washington Street|Suite 246|Alexandria
1|Privia Health LLC|950 N. Glebe Road|Suite 700|Arlington
1|SKY Technologies LLC|950 N. Washington Street|Suite 243|Alexandria
1|W/H/I/P SYSTEMS LLC|950, Herndon Parkway|Suite 365|Herndon
1|The Plan Source Inc|9506B Lee Hihgway||Fairfax
1|Monticello Consulting Group Inc|9515 Cottesmore Lane||Richmond
1|VSINGH CPA LLC|9518  Route 29|Unit C|Fairfax
1|VSINGH CPA LLC|9518 Lee Highway|Unit C|Fairfax
1|Anika Wireless Inc|9542 Old Keene Mill Road||Burke
1|Village Vet PLLC|9544 Burke Road||Burke
1|NetForecast Inc|955 Emerson Drive||Charlottesville
1|Noor Wholesale of Farmville Inc|959 Myers Street|Suite A|Richmond
1|Micron Technology Inc|9600 Godwin Drive||Manassas
1|NCS Technologies Inc|9601 Discovery Blvd.||Manassas
1|G-Core USA Inc|9651 Hornbaker Road|Suite 106E|manassas
1|DENTAL ONE ASSOCIATES (WOODSON SQUARE), LTD.|9661-C MAIN STREET||FAIRFAX
1|Greater Washington Endodontics PC|9673 Main St.|suite D|Fairfax
1|Excel Paving Corporation|968 Michael Dr.||Chesapeake
1|The Law Offices of Sammy Kim PLLC|9687 Main Street|Suite B|Fairfax
1|Just Law International, P.C.|9689 Main St STE C||Fairfax
1|Mounith Healthcare and Wellness LLC|9700 Capital CT|Suite 101|Manassas
1|Petal Card Inc|9711 Farrar Court|Suite 100|Richmond
1|Brighter Strides ABA VMDLLC,|9711 Washingtonian Blvd.|SUITE 550|Gaithersburg
1|CONVERGENT IT SOLUTIONS INC|9720 CAPITAL COURT, CONDO 301|OFFICE 3|MANASSAS
1|SIGMASOFT LLC|9720 CAPITAL CT.|SUITE 100|MANASSAS
1|PVMP Inc|9739 Fairfax Boulevard||Fairfax
1|The Christian Broadcasting Network Inc|977 Centerville Turnpike||Virginia Beach
1|Mind & Life Institute|977 Seminole Trail|PMB 363|Charlottesville
1|Schnabel Management Services Inc|9800 JEB Stuart Parkway|Suite 200|Glen Allen
1|SalezShark Inc|9893 Georgetown Pike|Suite 531|Great Falls
1|DC CAPITAL PARTNERS MANAGEMENT LP|99 CANAL CENTER PLAZA|SUITE 400|ALEXANDRIA
1|MyStudio Academy Inc|9900 Main St|Suite 302|Fairfax
1|MyStudio Academy Inc|9900 Main Street|Suite 302|Fairfax
1|christopher consultants, ltd.|9900 Main Street, Suite 400||Fairfax
1|Chesterfield County Government|9901 Lori Road, Room 503||Chesterfield
1|AGA Service Company|9950 Mayland Dr.||Richmond
1|Aurora Flight Sciences|9950 Wakeman Drive||Manassas
1|Fairfax Kitchen And Bath|9970 Main St||Fairfax
1|Professional Service Inc|9990 Fairfax Blvd|Suite 410|Fairfax
1|AJACE Inc|AJACE, Inc|14159 Robert Paris CT Suite A|Chantilly
1|Amazon Web Services Inc|Amazon.com, Inc. and its affiliates and subsidiar|1770 Crystal Drive|Arlington
1|CGI Technologies and Solutions Inc|CGI Technologies and Solutions Inc.||Fairfax
1|COLOR-AD INC|COLOR-AD INC.||MANASSAS
1|SAIVEN Technologies Inc|CapitalOne|1680 Capital One Drive|McLean
1|Amazon Data Services Inc|Crystal Drive||Arlington
1|Tech Brights LLC|Eastgate View Dr,|APT 44073|Chantilly
1|Controlcase LLC|Fifty West Corporate Center,  3975 Fair Ridge Drive|Suite T25s|Fairfax
1|ControlCase LLC|Fifty West Corporate Center, 3975 Fair Ridge Dr|Suite T25s|Fairfax
1|The MBA Tour Inc|GMAC, 11921 Freedom Drive|Suite 300|Reston
1|Virginia Polytechnic Institute and State University|Gateway Center, Suite 120|902 Prices Fork Road|Blacksburg
1|Mercatus Center Inc|George Mason University - 3434 Washington Blvd.|4th Flr.|Arlington
1|Navy Mutual Aid Association|Henderson Hall|29 Carpenter Road|Arlington
1|Southland Industries|Mid-Atlantic Division  22340 Dresden Street, Suite 177||Dulles
1|National Radio Astronomy Observatory|NRAO Headquarters|520 Edgemont Road|Charlottesville
1|National Radio Astronomy Observatory|NRAO Headquarters, 520 Edgemont Road||Charlottesville
1|THE MARTIN AGENCY INC|ONE SHOCKOE PLAZA||RICHMOND
1|Clinch Valley Physicians Associates LLC|One Clinic Drive||Richlands
1|Harrisonburg City Public Schools|One Court Square||Harrisonburg
1|Home School Legal Defense Association|One Patrick Henry Circle||Purcellville
1|The Martin Agency Inc|One Shockoe Plaza||Richmond
1|Robert Trent Jones Golf Club Inc|One Turtle Point Drive||Gainesville
1|Ardent Company LLC|P.O. Box 879||McLean
1|Emory & Henry College|P.O. Box 947||Emory
1|COKING COAL LLC|PAROADEE COAL MINE, 6720 DUNBAR ROAD||APPALACHIA
1|Agilityfeat Inc|PO BOX 1093||Charlottesville
1|Southampton County Public Schools|PO BOX 96||Courtland
1|BLACK WOLF SERVICES Inc|PO Box 560||Triangle
1|Relay Electric|PO Box 7158||Suffolk
1|Storyline Strategies LLC|PO Box 74||Union Hall
1|RevereIT LLC|RevereIT LLC|45640 Willow Pond Plaza 200|Sterling
1|RevereIT LLC|Shrikrishna Hallur|8 Markham Circle|STERLING
1|Blue Ridge Websoft LLC|The Vault Virginia|300 E. Main Street|Charlottesville
1|Swedish Match North America LLC|Two James Center, 1021 East Cary Street|Suite 1600|Richmond
1|Space Centre Australia LLC|Wallops Island|35442 Chincoteague Rd,|Wallops Island
1|AvePoint Inc|West Tower 901 East Byrd St.|Suite 900|Richmond
1|AvePoint Inc|West Tower 901 East Byrd Street|Suite 900|Richmond
1|XSCION SOLUTIONS LLC|xScion Solutions LLC  1430 Spring Hill Road|Suite 105|McLean
(6336 rows)
