case_number|job_title|employer_name|secondary_entity_business_name|employer_poc_email|employer_poc_phone|employer_poc_first_name|employer_poc_last_name|worksite_address1|worksite_address2|worksite_city|worksite_county|lawfirm_name_business_name|employer_address1|employer_address2|employer_city|employer_state|employer_postal_code|begin_date|end_date|total_worker_positions|soc_code|h_1b_dependent
I-200-22141-197925|Network Engineer|MARK TECHNOLOGIES INC|City of Portland (subsidiary of State of Oregon)|hr@marktechnologiesinc.com|12142187065|RAJASEKHARA|AVULA|1120 SW 5th Avenue|Suite 1111|Portland|MULTNOMAH|THE LAW FIRM OF SIM, PARVATHANENI AND BROWN PLLC|2695 Villa Creek Dr|Suite B175|Dallas|TX|75234|10/1/2022|9/30/2025|1|15-1143.00|No
I-200-23041-765717|Quality Assurance Analyst|VIRAT SOLUTIONS INC|DHS/OHA (Department of Human Services and Oregon Health Authority)|immigration@viratsolutions.com|19728483729|Bhavya|Jakka Sai|500 Summer St NE||Salem|MARION|THE LAW FIRM OF SIM, PARVATHANENI AND BROWN PLLC|25663 Smotherman Road|SUITE 202|FRISCO|TX|75033|2/15/2023|2/14/2026|1|15-1253.00|Yes
I-200-22166-283170|Quality Assurance Analyst|VIRAT SOLUTIONS INC|DHS/OHA (Departmentof Human Services and Oregon Health Authority)|immigration@viratsolutions.com|19728483729|Bhavya|Jakka Sai|500 Summer St NE||Salem|MARION|THE LAW FIRM OF SIM, PARVATHANENI AND BROWN PLLC|25663 Smotherman Road|SUITE 202|FRISCO|TX|75033|10/1/2022|9/30/2025|1|15-1199.01|Yes
I-200-21231-531615|Application Developer|InfoDrive Systems Inc|DHS/OHS (Department of Human Services / Oregon Health Authority)|sheetal@infodrivesystems.com|12057376878|Sheetal|Nemmaniwar|3991 Fairview Industrial Drive SE||Salem|MARION||135 E Main Street|Suite 204|Rock Hill|SC|29730|10/1/2021|9/30/2024|1|15-1132.00|Yes
I-200-22105-074949|ETL Developer|AMERITEK GLOBAL INC|Deloitte Consulting LLP/  State of Oregon-Integrated Eligibility|Meena@ameritekglobal.com|17329672979|Meena Ramani|Kurecheti|550 Capitol St||Salem|MARION|THE LAW FIRM OF SIM, PARVATHANENI AND BROWN PLLC|15 CORPORATE PLACE SOUTH|SUITE 136|PISCATAWAY|NJ|08854|10/13/2022|10/12/2025|1|15-1132.00|Yes
I-200-24165-105225|Functional Analyst|PIONEER CONSULTING SERVICES LLC|Deloitte Consulting LLP/OR-State of Oregon-IE- M&O - GPS|SAI@PIONEERITCONSULTING.COM|13149220438|SAIKUMAR|SHANKAIAHGARI|500 Summer Street NE||Salem|MARION|IMM Laws|3490 US Highway 1, Building 10||Princeton|NJ|08540|6/13/2024|6/12/2027|1|15-1211.00|Yes
I-200-23194-185446|Java Developer|Kanap Systems LLC|Deloitte/State of oregon|info@kanapsystems.com|15159745604|Kiran|Pendurthi|4600 25th Ave NE|Suite 180|Salem|MARION|IMM Laws|4949 Pleasant Street|Suite 200|West Des Moines|IA|50266|7/12/2023|7/11/2026|1|15-1252.00|Yes
I-200-23223-258770|Workday Adminstrator|Thoughtwave Software & Solutions Inc|Departments at Multnomah County|srk@thoughtwavesoft.com|16308835296|Sai Ratnakar|Karumuri|The Multnomah Building 501 SE Hawthorne Blvd.|Suite 175|Portland|MULTNOMAH|Law Offices of Mary Kennedy LLC|314 N. Lake St|SUITE 6|Aurora|IL|60506|8/11/2023|8/10/2026|1|15-1211.00|Yes
I-200-23236-293785|Workday Adminstrator|Thoughtwave Software & Solutions Inc|Departments at Multnomah County|srk@thoughtwavesoft.com|16308835296|Sai Ratnakar|Karumuri|The Multnomah Building 501 SE Hawthorne Blvd|Suite 175|Portland|MULTNOMAH|Law Offices of Mary Kennedy LLC|314 N. Lake St|SUITE 6|Aurora|IL|60506|8/24/2023|8/23/2026|1|15-1211.00|Yes
I-200-23240-301547|Workday Adminstrator|Thoughtwave Software & Solutions Inc|Departments at Multnomah County|srk@thoughtwavesoft.com|16308835296|Sai Ratnakar|Karumuri|The Multnomah Building 501 SE Hawthorne Blvd|Suite 175|Portland|MULTNOMAH|Law Offices of Mary Kennedy LLC|314 N. Lake St|SUITE 6|Aurora|IL|60506|8/28/2023|8/27/2026|1|15-1211.00|Yes
I-200-24030-678547|GIS Administrator|GSK Solutions Inc|Oregon Department of Fish and WildLife|legal@gsksolutions.com|17193456666|Saikrishna|Golla|4034 Fairview Industrial Dr SE||Salem|MARION|Reddy & Neumann P.C.|633 E. Fernhurst Drive, Suite 1002||Katy|TX|77450|2/12/2024|2/11/2027|1|15-1253.00|Yes
I-200-23208-220618|SOFTWARE DEVELOPER|EQUI-TEK LLC|Oregon Department of Fish and Wildlife (ODFW)|CHANDRA@MYEQUITEK.COM|17705599122|CHANDRASEKARA|SOMARAJU|4034 Fairview Industrial Drive SE||Salem|MARION|LAW OFFICE OF S.K. GUPTA, P.C.|11180 STATE BRIDGE ROAD|SUITE 401|ALPHARETTA|GA|30022|8/7/2023|8/6/2026|1|15-1252.00|Yes
I-200-23135-020578|Business Intelligence Developer|MicroInfo IT Inc|Oregon Department of Transportation|hr@microinfoit.com|19722007987|Vineela|Madupalli|355 Capitol ST NE||Salem|MARION|THE LAW FIRM OF SIM, PARVATHANENI AND BROWN PLLC|2625 N Josey Ln|Ste 324|Carrollton|TX|75007|5/20/2023|5/19/2026|1|15-1252.00|Yes
I-200-23153-073656|Java Full Stack Developer|Zenith Services Inc|Oregon Department of Transportation|hr@zenithcad.com|17325684950|Sirisha|Sandu|355 Capitol Street NE||Salem|MARION||4365 US Highway 1|Suite 210|Princeton|NJ|08540|9/30/2023|9/29/2026|1|15-1251.00|Yes
I-200-20161-637959|Data Warehouse ETL - Software Developer|TEKPROS Inc|Oregon Department of Transportation (ODOT)|legal@tekpros.com|19722678357|Sree|Nandigam|355 Capitol Street NE||Salem|MARION|Joseph Kallabat & Associates, P.C.|16200 Dallas Pkwy.|Suite 234|Dallas|TX|75248|6/16/2020|6/15/2023|1|15-1132.00|Yes
I-200-21040-065688|Supervising Psychiatrist|Oregon Health & Science University|Oregon State Hospital|dahmel@ohsu.edu|15034942169|Lisa|Dahme|29398 Recovery Way||Junction City|MARION||3181 SW Sam Jackson Park Road||Portland|OR|97239|3/29/2021|3/28/2024|1|25-1071.00|No
I-200-21280-629708|NETWORK ENGINEER|CS CLOUD TECHNOLOGIES LLC|STATE OF OREGON|cscloudtechno@gmail.com|14698098662|KARTHIK|KULLA|1120 SW 5TH AVE|APT 1111|PORTLAND|MULTNOMAH||9012 SANDHILLS DR||LANTANA|TX|76226|10/8/2021|9/30/2024|1|15-1133.00|No
I-200-23292-444923|JAVA DEVELOPER|DENKEN SOLUTIONS INC|STATE OF OREGON|IMMIGRATION@DENKENSOLUTIONS.COM|19496883995|SHEETAL|ZUMALE|4600 25TH AVE. NE.|SUITE 180|SALEM|MARION|LAW OFFICE OF THOMAS V. ALLEN, PLLC.|9170 IRVINE CENTER DRIVE|SUITE 200|IRVINE|CA|92618|10/30/2023|10/29/2026|1|15-1252.00|Yes
I-200-23191-177871|SYSTEMS ANALYST|NATSOFT CORPORATION|STATE OF OREGON|TIMMY@NATSOFT.US|17327260593|TIRUMALA|CHEEDALA|5536 CROSSLER MEADOW LOOP||SALEM|MARION||27 WORLDS FAIR DR||SOMERSET|NJ|08873|7/17/2023|7/16/2026|1|15-1211.00|Yes
I-200-23187-170829|SOFTWARE ENGINEER|NATSOFT CORPORATION|STATE OF OREGON|TIMMY@NATSOFT.US|17327260593|TIRUMALA|CHEEDALA|5536 CROSSLER MEADOW LOOP||SALEM|MARION||27 WORLDS FAIR DR||SOMERSET|NJ|08873|7/13/2023|7/12/2026|1|15-1211.00|Yes
I-200-22103-064599|SOFTWARE DEVELOPER|TRINITY ENVISION BUSINESS SERVICES LLC|STATE OF OREGON|INFO@TAURUSBIZ.COM|19729535344|SHOBHA|RAMAKRISHNAN|1225 FERRY ST SE||SALEM|MARION||6010 W. SPRING CREEK PKWY||PLANO|TX|75024|10/1/2022|9/30/2025|1|15-1132.00|No
I-200-22103-064590|SOFTWARE ENGINEER|TRINITY ENVISION BUSINESS SERVICES LLC|STATE OF OREGON|INFO@TAURUSBIZ.COM|19729535344|SHOBHA|RAMAKRISHNAN|1225 FERRY ST SE||SALEM|MARION||6010 W. SPRING CREEK PKWY||PLANO|TX|75024|10/1/2022|9/30/2025|1|15-1132.00|No
I-203-25084-801826|Application Systems Analyst|VITCON SYSTEMS INC|STATE OF OREGON -DHS/OHA|INFO@VITCONSYSTEMS.COM|17039445191|MOHAMMED|SAMEER|500 Summer St. NE E21||Salem|MARION|BBI LAW GROU PC|25259 DESTINATION SQUARE||Aldie|VA|20105|4/1/2025|3/31/2027|1|15-1211|N/A
I-200-21315-699297|SYSTEM ADMINISTRATOR|PROFICIENT BUSINESS SYSTEMS INC|STATE OF OREGON DEPARTMENT OF JUSTICE|IMMIGRATION@ACSICORP.COM|16783101230|BAALA|RAMALINGAM|4600 25TH AVE NE   180||SALEM|MARION|ACS SOLUTIONS|2400 MEADOWBROOK PARKWAY||DULUTH|GA|30096|4/3/2022|4/2/2025|1|15-1142.00|Yes
I-200-22052-918552|SOFTWARE DEVELOPER|SIRITEK INC|STATE OF OREGON PERS|IMMIGRATIONS@SIRITEK.COM|18479563381|PRATHIBHA|CHALLURI|11410 SW 68TH PARKWAY||TIGARD|WASHINGTON||1600 GOLF ROAD|SUITE 1200|ROLLING MEADOWS|IL|60008|6/10/2022|6/9/2025|1|15-1132.00|Yes
I-200-22088-019344|Software Engineer(FullStack Java Developer)|BNS INTERNATIONAL INC|State Of Oregon/Public Employee Retirement System|HR@BNSINC.US|14696464574|MADHURA|MALLAMPATY|11410 SW 68th Parkway||Tigard|WASHINGTON||4461 Alma Road|SUITE 100|Mckinney|TX|75070|9/11/2022|9/10/2025|1|15-1132.00|Yes
I-200-22089-022024|Software Engineer(FullStack Java Developer)|BNS INTERNATIONAL INC|State Of Oregon/Public Employee Retirement System|HR@BNSINC.US|14696464574|MADHURA|MALLAMPATY|11410 SW 68th Parkway||Tigard|WASHINGTON||4461 Alma Road|SUITE 100|Mckinney|TX|75070|9/11/2022|9/10/2025|1|15-1132.00|Yes
I-200-21273-617161|Software Engineer(FullStack Java Developer)|BNS INTERNATIONAL INC|State Of Oregon/Public Employee Retirement System|HR@BNSINC.US|14696464574|MADHURA|MALLAMPATY|11410 SW 68th Parkway||Tigard|WASHINGTON||4461 Alma Road|SUITE 100|Mckinney|TX|75070|9/30/2021|9/10/2022|1|15-1132.00|Yes
I-200-25076-782089|Software Engineer (FullStack Java Developer)|BNS INTERNATIONAL INC|State Of Oregon/Public Employees Retirement System|HR@BNSINC.US|14696464574|MADHURA|MALLAMPATY|11410 SW 68th Parkway||Tigard|WASHINGTON||4461 Alma Road|SUITE 100|Mckinney|TX|75070|3/17/2025|3/16/2028|1|15-1252|Yes
I-200-23242-307250|Software Developer|3r info LLC|State of Oregon|HRUSA@3Rinfo.com|12012216133|Subrahamanyam|NADIMPALLI|500 Summer Street NE||Salem|MARION|dehai tao pc|5840 north canton center road|suite 295|canton|MI|48187|8/30/2023|8/29/2026|1|15-1252.00|No
I-200-22301-555748|QA Analyst|Cloud Bridge Solutions Inc|State of Oregon|legal@cloudbridgeusa.com|16033247160|Jayasree|Athota|550 Capitol St NE||Salem|MARION|INTERNATIONAL LEGAL AND BUSINESS SERVICES GROUP LLP|1 Tara Blvd|Suite 200|Nashua|NH|03062|10/28/2022|10/27/2025|1|15-1253.00|Yes
I-200-22307-566022|QA Analyst|Cloud Bridge Solutions Inc|State of Oregon|legal@cloudbridgeusa.com|16033247160|Jayasree|Athota|550 Capitol St NE||Salem|MARION|INTERNATIONAL LEGAL AND BUSINESS SERVICES GROUP LLP|1 Tara Blvd|Suite 200|Nashua|NH|03062|11/3/2022|11/2/2025|1|15-1253.00|Yes
I-200-22308-568929|QA Analyst|Cloud Bridge Solutions Inc|State of Oregon|legal@cloudbridgeusa.com|16033247160|Jayasree|Athota|550 Capitol St NE||Salem|MARION|INTERNATIONAL LEGAL AND BUSINESS SERVICES GROUP LLP|1 Tara Blvd|Suite 200|Nashua|NH|03062|11/4/2022|11/3/2025|1|15-1253.00|Yes
I-200-25052-715928|QA Tester|Cloudbridge Solutions Inc|State of Oregon|legal@cloudbridgeusa.com|17744329051|Jayasree|Athota|680 Cottage Street NE|Building Main, Floor 1|Salem|MARION||5 Mt Royal Ave|Suite 150|Marlborough|MA|01752|3/3/2025|3/2/2028|1|15-1253|Yes
I-200-23234-286263|SYSTEM ANALYST|Delta System & Software Inc|State of Oregon|pawan.sharma@deltassi.com|12142958800|PAWANKUMAR|SHARMA|500 Summer St NE||Salem|MARION||3721 S STONEBRIDGE DRIVEV|SUITE 301|MCKINNEY|TX|75070|8/23/2023|8/22/2026|1|15-1252.00|Yes
I-200-23271-392132|SYSTEM ANALYST|Delta System & Software Inc|State of Oregon|pawan.sharma@deltassi.com|12142958800|PAWANKUMAR|SHARMA|500 Summer St NE||Salem|MARION||3721 S STONEBRIDGE DRIVEV|SUITE 301|MCKINNEY|TX|75070|9/29/2023|9/28/2026|1|15-1252.00|Yes
I-200-24173-137682|Business Analyst|Nanda Technologies LLC|State of Oregon|hrcontracts@nandatechnologies.com|16149233836|Srikanth Kumar|Gollapudi|500 Summer Street NE|E-06, Barbara Roberts Human Services Bldg.|Salem|MARION|Sikal, Adhipathi & Rowles LLC|6836 Caine Road||Columbus|OH|43235|7/8/2024|7/7/2027|1|15-1211.00|Yes
I-200-22082-003195|Programmer Analyst|Ness USA Inc|State of Oregon|Thomas.McLaughlin@ness.com|17242495667|Thomas|McLaughlin|550 Capitol St NE,||Salem,|MARION||1000 Town Center Way|Suite 210|Canonsburg|PA|15317|7/2/2022|7/1/2025|1|15-1121.00|Yes
I-200-22103-066190|Senior Database Administrator|Ness USA Inc|State of Oregon|Thomas.McLaughlin@ness.com|17242495667|Thomas|McLaughlin|550 Capitol St NE,||Salem|MARION||1000 Town Center Way|Suite 210|Canonsburg|PA|15317|4/13/2022|4/12/2025|1|15-1141.00|Yes
I-200-22103-065804|Senior Database Administrator|Ness USA Inc|State of Oregon|Thomas.McLaughlin@ness.com|17242495667|Thomas|McLaughlin|550 Capitol St NE,||Salem|MARION||1000 Town Center Way|Suite 210|Canonsburg|PA|15317|7/2/2022|7/1/2025|1|15-1141.00|Yes
I-200-23206-211928|Systems Analyst|Zenith Services Inc|State of Oregon|hr@zenithcad.com|17325684950|Omprakash|Nakka|355 Capitol Street NE,||Salem|MARION||4365 US Highway 1|Suite 210|Princeton|NJ|08540|9/30/2023|9/29/2026|1|15-1211.00|Yes
I-200-24023-659708|Senior Solution Specialist|Deloitte Consulting LLP|State of Oregon - Department of Human Service|usdeloitteimmigration@deloitte.com|16179608170|Sarah|Dieckbernd|500 Summer St NE||Salem|MARION|BERRY APPLEMAN & LEIDEN LLP|1700 MARKET STREET||PHILADELPHIA|PA|19103|3/13/2024|3/12/2027|1|15-1252.00|No
I-200-22033-871395|Sr. Software Developer|AMERITEK GLOBAL INC|State of Oregon DHS/OHA|Meena@ameritekglobal.com|17329672979|Meena Ramani|Kurecheti|500 Summer St NE||Salem|MARION|THE LAW FIRM OF SIM, PARVATHANENI AND BROWN PLLC|15 CORPORATE PLACE SOUTH|SUITE 136|PISCATAWAY|NJ|08854|5/2/2022|5/1/2025|1|15-1132.00|Yes
I-200-23209-223338|Specialist Senior|Deloitte Consulting LLP|State of Oregon Department of Human Services|usdeloitteimmigration@deloitte.com|16179608170|Sarah|Dieckbernd|500 Summer Street Northeast||Salem|MARION|Seyfarth Shaw LLP|1700 Market Street||Philadelphia|PA|19103|8/7/2023|8/6/2026|1|15-1252.00|No
I-200-22340-623628|Project Delivery Specialist|DELOITTE CONSULTING LLP|State of Oregon Department of Human Services (DHS)|usdeloitteimmigration@deloitte.com|16179608170|Sarah|Dieckbernd|550 Capitol St NE|2nd Floor|Salem|MARION|Berry Appleman & Leiden LLP|1700 MARKET STREET||PHILADELPHIA|PA|19103|6/2/2023|6/1/2026|1|15-1252.00|No
I-200-24053-740727|Solution Specialist|Deloitte Consulting LLP|State of Oregon Department of Human Services (DHS)|usdeloitteimmigration@deloitte.com|16179608170|Sarah|Dieckbernd|500 Summer Street NE||Salem|MARION|BERRY APPLEMAN & LEIDEN LLP|1700 MARKET STREET||PHILADELPHIA|PA|19103|2/22/2024|2/21/2027|3|15-1253.00|No
I-200-23017-706827|Project Delivery Manager|Deloitte Consulting LLP|State of Oregon Department of Human Services (DHS)|usdeloitteimmigration@deloitte.com|16179608170|Sarah|Dieckbernd|550 Capitol St NE|2nd Floor|Salem|MARION|Berry Appleman & Leiden LLP|1700 Market Street||Philadelphia|PA|19103|7/8/2023|7/7/2026|1|11-3021.00|No
I-200-22213-387501|Consultant|Deloitte Consulting LLP|State of Oregon Department of Human Services (DHS)|usdeloitteimmigration@deloitte.com|16179608170|Sarah|Dieckbernd|550 Capitol Street North East||Salem|MARION|Seyfarth Shaw LLP|1700 Market Street||Philadelphia|PA|19103|8/5/2022|8/4/2025|1|15-1211.00|No
I-200-24073-796786|Senior Consultant|Deloitte Consulting LLP|State of Oregon Department of Human Services (DHS)|usdeloitteimmigration@deloitte.com|16179608170|Sarah|Dieckbernd|500 Summer St NE||Salem|MARION|BERRY APPLEMAN & LEIDEN LLP|1700 MARKET STREET||PHILADELPHIA|PA|19103|3/13/2024|3/12/2027|3|15-1242.00|No
I-200-24100-870041|SOFTWARE DEVELOPER|MILLENNIUM GLOBAL TECHNOLOGIES LLC|State of Oregon, Department of Early Learning and Care|PRAVEEN@MGTECHUSA.COM|19492082955|PRAVEEN|TATA|700 Summer St NE|350|Salem|MARION||1661 INTERNATIONAL DR|SUITE 400|MEMPHIS|TN|38120|4/15/2024|4/14/2027|1|15-1252.00|No
I-200-24100-869921|SOFTWARE DEVELOPER|MILLENNIUM GLOBAL TECHNOLOGIES LLC|State of Oregon, Department of Early Learning and Care|PRAVEEN@MGTECHUSA.COM|19492082955|PRAVEEN|TATA|700 Summer St NE|350|Salem|MARION||1661 INTERNATIONAL DR|SUITE 400|MEMPHIS|TN|38120|4/15/2024|4/14/2027|1|15-1252.00|No
I-200-24249-318474|Software Developer/Functional Analyst|Shakti Group Inc|State of Oregon-IE M&O-GPS|ALAMU@SHAKTISOLUTIONS.COM|15123289880|Alamu|Alagappan|500 Summer Street||Salem|MARION|PASRICHA and PATEL LLC|3160 BEE CAVES ROAD|Suite 300B|Austin|TX|78746|9/9/2024|2/28/2026|1|15-1252.00|No
I-200-23245-318119|SOFTWARE ENGINEER|DeeBeCon Inc|State of Oregon/Deloitte|JOBS@DEEBECON.COM|16038911200|BALAJI|RADAKRISHNAN|550 Capital St. NE||Salem|MARION||1 Tara Blvd|Suite LL7|Nashua|NH|03062|9/2/2023|9/1/2026|3|15-1252.00|Yes
I-200-23024-723053|Materials Scientist|Leidos Inc|U.S. Department of Energy, National Energy Technology Laboratory|Jodi.L.Wright@leidos.com|13106259863|Jodi|Wright|1450 Queen Avenue SW||Albany|LINN|Morgan, Lewis & Bockius LLP|1750 Presidents Street||Reston|VA|20190|3/13/2023|3/12/2026|1|19-2032.00|No
I-200-24043-711752|Student Success Services Senior Coordinator|INTO Oregon State University Inc||bob.gilmour@oregonstate.edu|15417374287|Bob|Gilmour|International Living Learning Center|1701 SW Western Blvd|Corvallis|BENTON|Peter J. Jaensch Immigration Law Firm PA|International Living Learning Center 174|1701 SW Western Blvd.|Corvallis|OR|97333|3/11/2024|3/10/2027|1|21-1012.00|No
I-200-22259-478478|Instructor|Oregon State University||intl.hire@oregonstate.edu|15417476449|Jennifer|Doreen|OSU Elec Eng & Computer Sci;  1148 Kelley Engineering Ctr||Corvallis|BENTON||Oregon State University|1600 SW Western Blvd.|Corvallis|OR|97333|10/13/2022|10/12/2025|1|25-1021.00|No
I-200-22264-485472|Postdoctoral Scholar|Oregon State University||intl.hire@oregonstate.edu|15417376468|Jennifer|Doreen|OSUs Department of Chemistry|153 Gilbert Hall|Corvallis|BENTON||Oregon State University|1600 SW Western Blvd.|Corvallis|OR|97333|10/1/2022|9/30/2025|1|19-2031.00|No
I-200-22334-612124|Instructional Design Specialist|Oregon State University||intl.hire@oregonstate.edu|15417476449|Jennifer|Doreen|Oregon State University Ecampus|201 SW Waldo Pl|Corvallis|BENTON||Oregon State University|1600 SW Western Blvd.|Corvallis|OR|97333|1/24/2023|1/23/2026|1|25-9031.00|No
I-200-22353-648992|Faculty Research Assistant|Oregon State University||intl.hire@oregonstate.edu|15417376468|Jennifer|Doreen|OSUs Department of Botany and Plant Pathology|2701 SW Campus Way, Cordley Hall|Corvallis|BENTON||Oregon State University|1600 SW Western Blvd.|Corvallis|OR|97333|2/1/2023|1/31/2026|1|19-1013.00|No
I-200-22355-655406|Faculty Research Assistant|Oregon State University||intl.hire@oregonstate.edu|15417376468|Jennifer|Doreen|OSUs Department of Botany and Plant Pathology|2701 SW Campus Way, Cordley Hall|Corvallis|BENTON||Oregon State University|1600 SW Western Blvd.|Corvallis|OR|97333|3/1/2023|2/29/2024|1|19-1013.00|No
I-200-22355-655718|Faculty Research Assistant|Oregon State University||intl.hire@oregonstate.edu|15417376468|Jennifer|Doreen|OSUs Department of Botany and Plant Pathology|2701 SW Campus Way, Cordley Hall|Corvallis|BENTON||Oregon State University|1600 SW Western Blvd.|Corvallis|OR|97333|3/1/2023|2/28/2026|1|19-1013.00|No
I-200-23003-679320|Software Development Engineer|Oregon State University||intl.hire@oregonstate.edu|15417376468|Jennifer|Doreen|OSU Electrical Engineering and Computer Science|209 Milne Computing Center|Corvallis|BENTON||Oregon State University|1600 SW Western Blvd.|Corvallis|OR|97333|2/10/2023|2/9/2026|1|15-1217.00|No
I-200-23045-773453|Research Associate|Oregon State University||intl.hire@oregonstate.edu|15417376468|Jennifer|Doreen|OSUs College of Earth, Ocean & Atmospheric Sciences|103 SW Memorial Place, Ste. 511 Weniger|Corvallis|BENTON||Oregon State University|1600 SW Western Blvd.|Corvallis|OR|97333|8/16/2023|8/15/2026|1|19-2042.00|No
I-200-23047-780067|Research Associate|Oregon State University||intl.hire@oregonstate.edu|15417376468|Jennifer|Doreen|OSUs College of Earth, Ocean & Atmospheric Sciences|103 SW Memorial Place, Ste. 511 Weniger|Corvallis|BENTON||Oregon State University|1600 SW Western Blvd.|Corvallis|OR|97333|8/16/2023|8/15/2026|1|19-2042.00|No
I-200-23074-850086|Post Doctoral Scholar|Oregon State University||intl.hire@oregonstate.edu|15417376468|Jennifer|Doreen|OSU Mechanical, Industrial, and Manufacturing Engineering|1110 NE Circle Blvd|Corvallis|BENTON||Oregon State University|1600 SW Western Blvd.|Corvallis|OR|97333|5/16/2023|5/15/2026|1|17-2144.00|No
I-200-23074-850110|Research Associate|Oregon State University||intl.hire@oregonstate.edu|15417376468|Jennifer|Doreen|OSU Mechanical, Industrial, and Manufacturing Engineering|1110 NE Circle Blvd|Corvallis|BENTON||Oregon State University|1600 SW Western Blvd.|Corvallis|OR|97333|5/15/2023|5/14/2026|1|17-2112.00|No
I-200-23074-850202|Assistant Professor|Oregon State University||intl.hire@oregonstate.edu|15417376468|Jennifer|Doreen|OSUs Department of Environmental and Molecular Toxicology|1141 Agriculture & Life Sciences|Corvallis|BENTON||Oregon State University|1600 SW Western Blvd.|Corvallis|OR|97333|5/15/2023|5/14/2026|1|25-1041.00|No
I-200-23100-919612|Creative Video Content Producer|Oregon State University||intl.hire@oregonstate.edu|15417376468|Jennifer|Doreen|OSU Athletics|660 SW 26th Street|Corvallis|BENTON||Oregon State University|1600 SW Western Blvd.|Corvallis|OR|97333|6/22/2023|6/21/2026|1|27-2012.00|No
I-200-23100-919635|OSU Assist Team Responder|Oregon State University||intl.hire@oregonstate.edu|15417376468|Jennifer|Doreen|OSUs Office of the Dean of Students|2251 SW Jefferson Way, Ste. 206|Corvallis|BENTON||Oregon State University|1600 SW Western Blvd.|Corvallis|OR|97333|6/24/2023|6/23/2026|1|21-1014.00|No
I-200-23110-951830|Research Associate|Oregon State University||intl.hire@oregonstate.edu|15417376468|Jennifer|Doreen|OSUs Forest Engineering, Resources and Management|3100 SW Jefferson Way-Peavy Forest Science Center|Corvallis|BENTON||Oregon State University|1600 SW Western Blvd.|Corvallis|OR|97333|10/15/2023|2/18/2026|1|19-1013.00|No
I-200-23110-951852|Research Associate|Oregon State University||intl.hire@oregonstate.edu|15417376468|Jennifer|Doreen|OSUs Forest Engineering, Resources and Management|3100 SW Jefferson Way-Peavy Forest Science Center|Corvallis|BENTON||Oregon State University|1600 SW Western Blvd.|Corvallis|OR|97333|10/15/2023|10/14/2026|1|19-1013.00|No
I-200-23110-951895|Instructor|Oregon State University||intl.hire@oregonstate.edu|15417376468|Jennifer|Doreen|OSUs Department of Mathematics|368 Kidder Hall|Corvallis|BENTON||Oregon State University|1600 SW Western Blvd.|Corvallis|OR|97333|10/8/2023|10/7/2026|1|25-1022.00|No
I-200-23136-026215|Postdoctoral Scholar|Oregon State University||intl.hire@oregonstate.edu|15417376468|Jennifer|Doreen|OSUs Department of Chemistry|153 Gilbert Hall|Corvallis|BENTON||Oregon State University|1600 SW Western Blvd.|Corvallis|OR|97333|7/1/2023|6/30/2026|1|19-2031.00|No
I-200-23181-159747|Postdoctoral Scholar|Oregon State University||intl.hire@oregonstate.edu|15417476449|Jennifer|Doreen|OSUs Department of Forest Ecosystems and Society|344 Richardson Hall|Corvallis|BENTON||Oregon State University|1600 SW Western Blvd.|Corvallis|OR|97333|10/1/2023|9/30/2026|1|19-2041.03|No
I-200-23181-159837|Assistant Professor (Clinical)|Oregon State University||intl.hire@oregonstate.edu|15417476449|Jennifer|Doreen|OSU College of Veterinary Medicine - Biomedical Sciences|700 SW 30th Street 105 Magruder Hall|Corvallis|BENTON||Oregon State University|1600 SW Western Blvd.|Corvallis|OR|97333|8/15/2023|8/14/2026|1|25-1071.00|No
I-200-25028-649039|Full Professor|Oregon State University||intl.hire@oregonstate.edu|15417476449|Jennifer|Doreen|1600 SW Western Blvd||Corvallis|BENTON||Oregon State University|1600 SW Western Blvd.|Corvallis|OR|97333|5/1/2025|4/30/2028|1|25-1051|No
I-200-21078-162236|Assistant Professor|Oregon State University||intl.hire@oregonstate.edu|15417376468|Jennifer|Doreen|OSUs Department of Statistics|239 Weniger Hall|Corvallis|BENTON||Oregon State University|1600 SW Western Blvd.|Corvallis|OR|97333|6/21/2021|6/20/2024|1|25-1022.00|No
I-200-21123-282486|Associate Professor, Senior Research|Oregon State University||intl.hire@oregonstate.edu|15417476449|Jennifer|Doreen|OSUs Microbiology Department|226 Nash Hall|Corvallis|BENTON||Oregon State University|1600 SW Western Blvd.|Corvallis|OR|97333|9/1/2021|8/31/2024|1|25-1042.00|No
I-200-21123-282550|Assistant Professor, Senior Research|Oregon State University||intl.hire@oregonstate.edu|15417376468|Jennifer|Doreen|OSUs School of Civil and Construction Engineering|101 Kearney Hall|Corvallis|BENTON||Oregon State University|1600 SW Western Blvd.|Corvallis|OR|97333|10/11/2021|10/10/2024|1|17-2053.00|No
I-200-21123-282607|Associate Professor, Senior Research|Oregon State University||intl.hire@oregonstate.edu|15417476449|Jennifer|Doreen|OSUs Microbiology Department|226 Nash Hall|Corvallis|BENTON||Oregon State University|1600 SW Western Blvd.|Corvallis|OR|97333|9/1/2021|8/31/2024|1|19-1022.00|No
I-200-21154-367589|Postdoctoral Scholar|Oregon State University||intl.hire@oregonstate.edu|15417376468|Jennifer|Doreen|OSUs School of Civil and Construction Engineering|101 Kearney Hall|Corvallis|BENTON||Oregon State University|1600 SW Western Blvd.|Corvallis|OR|97333|10/3/2021|10/2/2024|1|17-2144.00|No
I-200-21193-457633|Director|Oregon State University||intl.hire@oregonstate.edu|15417376468|Jennifer|Doreen|OSUs School of Civil and Construction Engineering|101 Kearney Hall|Corvallis|BENTON||Oregon State University|1600 SW Western Blvd.|Corvallis|OR|97333|10/16/2021|10/15/2024|1|25-1032.00|No
I-200-21238-547784|Assistant Professor (Clinical)|Oregon State University||intl.hire@oregonstate.edu|15417376468|Jennifer|Doreen|OSUs College of Veterinary Medicine - Clinical Sciences|700 SW 30th Street|Corvallis|BENTON||Oregon State University|1600 SW Western Blvd.|Corvallis|OR|97333|10/1/2021|9/30/2024|1|25-1071.00|No
I-200-21277-623186|Assistant Professor|Oregon State University||intl.hire@oregonstate.edu|15417376468|Jennifer|Doreen|OSUs School of Civil and Construction Engineering|101 Kearney Hall|Corvallis|BENTON||Oregon State University|1600 SW Western Blvd.|Corvallis|OR|97333|12/16/2021|12/15/2024|1|25-1032.00|No
I-200-21277-623238|Assistant Professor|Oregon State University||intl.hire@oregonstate.edu|15417376468|Jennifer|Doreen|OSUs Department of Biological and Ecological Engineering|124 SW 26th Street|Corvallis|BENTON||Oregon State University|1600 SW Western Blvd.|Corvallis|OR|97333|1/6/2022|1/5/2025|1|25-1032.00|No
I-200-21279-629092|Assistant Professor|Oregon State University||intl.hire@oregonstate.edu|15417376468|Jennifer|Doreen|OSUs School of Electrical Engineering and Computer Science|1148 Kelley Engineering Center|Corvallis|BENTON||Oregon State University|1600 SW Western Blvd.|Corvallis|OR|97333|12/16/2021|12/15/2024|1|25-1032.00|No
I-200-21299-668708|Research Associate|Oregon State University||intl.hire@oregonstate.edu|15417376468|Jennifer|Doreen|OSUs Department of Food Science and Technology|3051 SW Campus Way|Corvallis|BENTON||Oregon State University|1600 SW Western Blvd.|Corvallis|OR|97333|3/15/2022|3/14/2025|1|19-1012.00|No
I-200-22048-911761|Instructor|Oregon State University||intl.hire@oregonstate.edu|15417376468|Jennifer|Doreen|OSUs College of Earth, Ocean & Atmospheric Sciences|101 SW 26th St|Corvallis|BENTON||Oregon State University|1600 SW Western Blvd.|Corvallis|OR|97333|3/1/2022|2/28/2025|1|25-1064.00|No
I-200-22070-972239|Postdoctoral Scholar|Oregon State University||intl.hire@oregonstate.edu|15417376468|Jennifer|Doreen|OSUs Department of Pharmaceutical Science|1601 SW Jefferson Way|Corvallis|BENTON||Oregon State University|1600 SW Western Blvd.|Corvallis|OR|97333|4/11/2022|4/10/2025|1|19-1029.01|No
I-200-22089-021680|Clinical Fellow|Oregon State University||intl.hire@oregonstate.edu|15417376468|Jennifer|Doreen|OSUs College of Veterinary Medicine - Clinical Sciences|700 SW 30th Street|Corvallis|BENTON||Oregon State University|1600 SW Western Blvd.|Corvallis|OR|97333|7/14/2022|7/15/2023|1|29-1131.00|No
I-200-22132-165057|Clinical Fellow|Oregon State University||intl.hire@oregonstate.edu|15417376468|Jennifer|Doreen|OSUs College of Veterinary Medicine - Clinical Sciences|700 SW 30th Street|Corvallis|BENTON||Oregon State University|1600 SW Western Blvd.|Corvallis|OR|97333|6/29/2022|6/30/2023|1|29-1131.00|No
I-200-22132-165097|Assistant Professor, Senior Research|Oregon State University||intl.hire@oregonstate.edu|15417376468|Jennifer|Doreen|OSUs Cooperative Institute for Marine Resource Studies|2030 SW Marine Science Dr|Newport|BENTON||Oregon State University|1600 SW Western Blvd.|Corvallis|OR|97333|6/15/2022|6/14/2025|1|19-2042.00|No
I-200-22144-206212|Clinical Fellow|Oregon State University||intl.hire@oregonstate.edu|15417376468|Jennifer|Doreen|OSUs College of Veterinary Medicine - Clinical Sciences|700 SW 30th Street|Corvallis|BENTON||Oregon State University|1600 SW Western Blvd.|Corvallis|OR|97333|7/14/2022|7/13/2025|1|29-1131.00|No
I-200-22159-259039|Clinical Fellow|Oregon State University||intl.hire@oregonstate.edu|15417376468|Jennifer|Doreen|OSUs College of Veterinary Medicine - Clinical Sciences|700 SW 30th Street|Corvallis|BENTON||Oregon State University|1600 SW Western Blvd.|Corvallis|OR|97333|7/1/2022|6/30/2025|1|29-1131.00|No
I-200-22159-259104|Clinical Fellow|Oregon State University||intl.hire@oregonstate.edu|15417376468|Jennifer|Doreen|OSUs College of Veterinary Medicine - Clinical Sciences|700 SW 30th Street|Corvallis|BENTON||Oregon State University|1600 SW Western Blvd.|Corvallis|OR|97333|7/1/2022|6/30/2025|1|29-1131.00|No
I-200-22181-325245|Staff Counselor|Oregon State University||intl.hire@oregonstate.edu|15417476449|Jennifer|Doreen|Counseling and Psychological Services|500 Snell Hall|Corvallis|BENTON||Oregon State University|1600 SW Western Blvd.|Corvallis|OR|97333|9/1/2022|8/31/2025|1|21-1012.00|No
I-200-22186-332977|Postdoctoral Scholar|Oregon State University||intl.hire@oregonstate.edu|15417476449|Jennifer|Doreen|Botany and Plant Pathology|2082 Cordley Hall|Corvallis|BENTON||Oregon State University|1600 SW Western Blvd.|Corvallis|OR|97333|8/31/2022|8/30/2025|1|19-1013.00|No
I-200-22199-359032|Research Associate|Oregon State University||intl.hire@oregonstate.edu|15417476449|Jennifer|Doreen|School of Biological and Population Health Sciences|101 Milam Hall|Corvallis|BENTON||Oregon State University|1600 SW Western Blvd.|Corvallis|OR|97333|9/1/2022|8/30/2025|1|19-1012.00|No
I-200-22230-425815|Senior Faculty Research Assistant II|Oregon State University||intl.hire@oregonstate.edu|15417476449|Jennifer|Doreen|Oregon State University, 104 Nash Hall||Corvallis|BENTON||Oregon State University|1600 SW Western Blvd.|Corvallis|OR|97333|10/15/2022|10/14/2025|1|19-4021.00|No
I-200-22230-425852|Senior Faculty Research Assistant II|Oregon State University||intl.hire@oregonstate.edu|15417476449|Jennifer|Doreen|Oregon State University, 104 Nash Hall||Corvallis|BENTON||Oregon State University|1600 SW Western Blvd.|Corvallis|OR|97333|10/15/2022|10/14/2025|1|19-4021.00|No
I-200-22249-456733|Postdoctoral Scholar|Oregon State University||intl.hire@oregonstate.edu|15417476449|Jennifer|Doreen|Oregon State University, 301 Weniger Hall||Corvallis|BENTON||Oregon State University|1600 SW Western Blvd.|Corvallis|OR|97333|9/15/2022|9/14/2025|1|19-2011.00|No
I-200-24332-503142|Assistant Professor|Oregon State University||intl.hire@oregonstate.edu|15417476449|Jennifer|Doreen|2820 SW Campus Way||Corvallis|BENTON||Oregon State University|1600 SW Western Blvd.|Corvallis|OR|97333|1/21/2025|1/20/2028|1|25-1053|No
I-200-24354-558067|Postdoctoral Scholar|Oregon State University||intl.hire@oregonstate.edu|15417376310|Jennifer|Doreen|1600 SW Western Blvd.|Suite 130|Corvallis|BENTON||Oregon State University|1600 SW Western Blvd.|Corvallis|OR|97333|4/1/2025|3/31/2028|1|19-2012|No
I-200-24354-558309|IT Systems Analyst|Oregon State University||intl.hire@oregonstate.edu|15417376310|Jennifer|Doreen|1600 SW Western Blvd.|Suite 130|Corvalis|BENTON||Oregon State University|1600 SW Western Blvd.|Corvallis|OR|97333|1/15/2025|1/14/2028|1|15-1217|No
I-200-24365-577095|Full Professor|Oregon State University||intl.hire@oregonstate.edu|15417476449|Jennifer|Doreen|1600 SW Western Blvd|Suite 130|Corvallis|BENTON||Oregon State University|1600 SW Western Blvd.|Corvallis|OR|97333|5/1/2025|4/30/2028|1|25-1051|No
I-200-25003-593082|Postdoctoral Scholar|Oregon State University||intl.hire@oregonstate.edu|15417476449|Jennifer|Doreen|1600 SW Western Blvd|Suite 130|Corvallis|BENTON||Oregon State University|1600 SW Western Blvd.|Corvallis|OR|97333|4/1/2025|3/31/2028|1|17-2131|No
I-200-25024-640958|Assistant Professor|Oregon State University||intl.hire@oregonstate.edu|15417376310|Jennifer|Doreen|1600 SW Western Blvd.|Suite 130|Corvallis|BENTON||Oregon State University|1600 SW Western Blvd.|Corvallis|OR|97333|7/1/2025|6/30/2028|1|25-1042|No
I-200-20219-755450|Instructor|Oregon State University||intl.hire@oregonstate.edu|15417376468|Jennifer|Doreen|OSU School of Psychological Sciences|Reed Lodge, 2950 SW Jefferson Way|Corvallis|BENTON||Oregon State University|1600 SW Western Blvd.|Corvallis|OR|97333|9/5/2020|9/4/2023|1|25-1066.00|No
I-200-25030-655616|Fiscal Coordinator 2|Oregon State University||intl.hire@oregonstate.edu|15417376310|Jennifer|Doreen|1600 SW Western Blvd.|Suite 130|Corvallis|BENTON||Oregon State University|1600 SW Western Blvd.|Corvallis|OR|97333|7/6/2025|7/5/2028|1|13-2031|No
I-200-25037-673152|Postdoctoral Scholar|Oregon State University||intl.hire@oregonstate.edu|15417476449|Jennifer|Doreen|1600 SW Western Blvd||Corvallis|BENTON||Oregon State University|1600 SW Western Blvd.|Corvallis|OR|97333|5/15/2025|11/15/2026|1|17-2144|No
I-200-25076-781709|Research Associate|Oregon State University||intl.hire@oregonstate.edu|15417376310|Jennifer|Doreen|1600 SW Western Blvd.|Ste. 130|Corvallis|BENTON||Oregon State University|1600 SW Western Blvd.|Corvallis|OR|97333|5/27/2025|5/26/2028|1|19-1013|No
I-200-25076-781843|Assistant Professor|Oregon State University||intl.hire@oregonstate.edu|15417376310|Jennifer|Doreen|1600 SW Western Blvd.|Ste. 130|Corvallis|BENTON||Oregon State University|1600 SW Western Blvd.|Corvallis|OR|97333|9/16/2025|9/15/2028|1|25-1032|No
I-200-25076-781959|Research Associate|Oregon State University||intl.hire@oregonstate.edu|15417376310|Jennifer|Doreen|1600 SW Western Blvd.|Ste. 130|Corvallis|BENTON||Oregon State University|1600 SW Western Blvd.|Corvallis|OR|97333|4/1/2025|3/31/2028|1|15-2051|No
I-200-25080-794983|Faculty Research Assistant|Oregon State University||intl.hire@oregonstate.edu|15417376310|Jennifer|Doreen|1600 SW Western Blvd.|Ste. 130|Corvallis|BENTON||Oregon State University|1600 SW Western Blvd.|Corvallis|OR|97333|6/1/2025|5/31/2028|1|19-1013|No
I-200-25085-805289|Assistant Professor, Teaching|Oregon State University||intl.hire@oregonstate.edu|15417376310|Jennifer|Doreen|1600 SW Western Blvd.|STE. 130|Corvallis|BENTON||Oregon State University|1600 SW Western Blvd.|Corvallis|OR|97333|9/16/2025|9/15/2028|1|25-1011|No
I-200-25098-843795|Research Associate|Oregon State University||intl.hire@oregonstate.edu|15417376310|Jennifer|Doreen|1600 SW Western Blvd.|Ste.130|Corvallis|BENTON||Oregon State University|1600 SW Western Blvd.|Corvallis|OR|97333|9/1/2025|8/31/2028|1|19-2042|No
I-200-25099-848907|Postdoctoral Scholar|Oregon State University||intl.hire@oregonstate.edu|15417376310|Jennifer|Doreen|1600 SW Western Blvd.|Ste.130|Corvallis|BENTON||Oregon State University|1600 SW Western Blvd.|Corvallis|OR|97333|6/15/2025|6/14/2028|1|19-1042|No
I-200-25126-945481|Assistant Professor|Oregon State University||intl.hire@oregonstate.edu|15417476449|Kate|Comiskey|1600 SW Western Blvd||Corvallis|BENTON||Oregon State University|1600 SW Western Blvd.|Corvallis|OR|97333|9/19/2025|9/18/2028|1|25-1051|No
I-200-25154-046855|Research Associate|Oregon State University||intl.hire@oregonstate.edu|15417476449|Kate|Comiskey|1600 SW Western Blvd||Corvallis|BENTON||Oregon State University|1600 SW Western Blvd.|Corvallis|OR|97333|9/1/2025|8/31/2028|1|19-2042|No
I-200-25155-052609|Assistant Professor|Oregon State University||intl.hire@oregonstate.edu|15417476310|Kate|Comiskey|1600 SW Western Blvd.|Ste. 130|Corvallis|BENTON||Oregon State University|1600 SW Western Blvd.|Corvallis|OR|97333|9/1/2025|8/31/2028|1|25-1032|No
I-200-25157-064773|Assistant Professor (Senior Research)|Oregon State University||intl.hire@oregonstate.edu|15417476449|Kate|Comiskey|1600 SW Western Blvd||Corvallis|BENTON||Oregon State University|1600 SW Western Blvd.|Corvallis|OR|97333|9/1/2025|8/31/2028|1|15-1221|No
I-200-25167-098650|Research Associate|Oregon State University||intl.hire@oregonstate.edu|15417476449|Kate|Comiskey|1600 SW Western Blvd||Corvallis|BENTON||Oregon State University|1600 SW Western Blvd.|Corvallis|OR|97333|9/1/2025|8/31/2028|1|19-2042|No
I-200-25167-098767|Research Associate|Oregon State University||intl.hire@oregonstate.edu|15417476449|Kate|Comiskey|1600 SW Western Blvd||Corvallis|BENTON||Oregon State University|1600 SW Western Blvd.|Corvallis|OR|97333|9/1/2025|8/31/2028|1|19-2042|No
I-200-25167-098893|Assistant Professor (Senior Research)|Oregon State University||intl.hire@oregonstate.edu|15417476449|Kate|Comiskey|1600 SW Western Blvd||Corvallis|BENTON||Oregon State University|1600 SW Western Blvd.|Corvallis|OR|97333|9/1/2025|8/31/2028|1|15-1221|No
I-200-25171-114991|Assistant Professor (Teaching)|Oregon State University||intl.hire@oregonstate.edu|15417376468|Kate|Comiskey|1600 SW Western Blvd||Corvallis|BENTON|Gasparian Spivey Immigration|1600 SW Western Blvd.||Corvallis|OR|97333|8/15/2025|8/14/2028|1|25-1123|No
I-203-19320-150426|Research Associate|Oregon State University||intl.hire@oregonstate.edu|15417376468|Jennifer|Doreen|OSUs Department of Microbiology|2820 Campus Way, Nash Hall 226|Corvallis|BENTON||Oregon State University|1600 SW Western Blvd.|Corvallis|OR|97333|12/14/2019|12/13/2021|1|19-1022.00|N/A
I-203-19320-150446|Research Associate|Oregon State University||intl.hire@oregonstate.edu|15417376468|Jennifer|Doreen|OSUs Department of Microbiology, 2820 Campus Way|Nash Hall 226|Corvallis|BENTON||Oregon State University|1600 SW Western Blvd.|Corvallis|OR|97333|12/16/2019|12/15/2021|1|19-1022.00|N/A
I-203-20217-749415|Assistant Athletic Director for Compliance|Oregon State University||intl.hire@oregonstate.edu|15417476449|Jennifer|Doreen|OSU - Athletics Department|Gil Coliseum, Suite 132|Corvallis|BENTON||Oregon State University|1600 SW Western Blvd.|Corvallis|OR|97333|8/15/2020|8/14/2022|1|11-9199.02|N/A
I-200-23236-293228|Postdoctoral Scholar|Oregon State University||intl.hire@oregonstate.edu|15417476449|Jennifer|Doreen|OSUs Department of Physics|301 Weniger Hall|Corvallis|BENTON||Oregon State University|1600 SW Western Blvd.|Corvallis|OR|97333|9/1/2023|8/31/2026|1|19-2012.00|No
I-200-23236-293520|Assistant Professor|Oregon State University||intl.hire@oregonstate.edu|15417476449|Jennifer|Doreen|OSUs College of Business|2751 SW Jefferson Way|Corvallis|BENTON||Oregon State University|1600 SW Western Blvd.|Corvallis|OR|97333|9/16/2023|9/15/2026|1|25-1011.00|No
I-200-23254-337381|Instructor / Assistant Professor, Senior Research|Oregon State University||intl.hire@oregonstate.edu|15417476449|Jennifer|Doreen|OSU, 101 Kearney Hall||Corvallis|BENTON||Oregon State University|1600 SW Western Blvd.|Corvallis|OR|97333|9/16/2023|9/15/2026|1|25-1032.00|No
I-200-23254-337481|Instructor|Oregon State University||intl.hire@oregonstate.edu|15417476449|Jennifer|Doreen|OSU, 2009 Coast Range Building||Corvallis|BENTON||Oregon State University|1600 SW Western Blvd.|Corvallis|OR|97333|10/1/2023|9/30/2026|1|25-1042.00|No
I-200-23265-372410|Postdoctoral Scholar|Oregon State University||intl.hire@oregonstate.edu|15417476449|Jennifer|Doreen|Oregon State University, 226 Nash Hall||Corvallis|BENTON||Oregon State University|1600 SW Western Blvd.|Corvallis|OR|97333|12/1/2023|11/30/2026|1|19-1022.00|No
I-200-23265-373066|Instructor|Oregon State University||intl.hire@oregonstate.edu|15417476449|Jennifer|Doreen|1491 SW Campus Way, Oregon State University||Corvallis|BENTON||Oregon State University|1600 SW Western Blvd.|Corvallis|OR|97333|11/1/2023|10/31/2026|1|25-1032.00|No
I-200-23272-396880|Assistant Professor|Oregon State University||intl.hire@oregonstate.edu|15417476449|Jennifer|Doreen|OSU, 105 SW 26th St.||Corvallis|BENTON||Oregon State University|1600 SW Western Blvd.|Corvallis|OR|97333|12/16/2023|12/15/2026|1|25-1032.00|No
I-200-23283-421366|Assistant Professor|Oregon State University||intl.hire@oregonstate.edu|15417476449|Jennifer|Doreen|OSU, 3180 SW Jefferson Way||Corvallis|BENTON||Oregon State University|1600 SW Western Blvd.|Corvallis|OR|97333|12/16/2023|12/15/2026|1|25-1032.00|No
I-200-23296-450661|Assistant Professor (Teaching)|Oregon State University||intl.hire@oregonstate.edu|15417476449|Jennifer|Doreen|Oregon State University, 324 Rogers Hall||Corvallis|BENTON||Oregon State University|1600 SW Western Blvd.|Corvallis|OR|97333|12/1/2023|11/30/2026|1|25-1032.00|No
I-200-23304-468302|Research Associate|Oregon State University||intl.hire@oregonstate.edu|15417476449|Jennifer|Doreen|OSUs School of Civil and Construction Engineering|1491 SW Campus Way|Corvallis|BENTON||Oregon State University|1600 SW Western Blvd.|Corvallis|OR|97333|11/15/2023|11/14/2026|1|17-2051.00|No
I-200-23321-511310|Postdoctoral Scholar|Oregon State University||intl.hire@oregonstate.edu|15417476449|Jennifer|Doreen|2701 SW Campus Way||Corvallis|BENTON||Oregon State University|1600 SW Western Blvd.|Corvallis|OR|97333|2/1/2024|1/31/2027|1|19-1022.00|No
I-200-23341-551024|Research Associate|Oregon State University||intl.hire@oregonstate.edu|15417476449|Jennifer|Doreen|Oregon State University, 4017 Ag & Life Sciences Building||Corvallis|BENTON||Oregon State University|1600 SW Western Blvd.|Corvallis|OR|97333|12/19/2023|12/18/2026|1|19-1013.00|No
I-200-23346-561283|Analyst Programmer|Oregon State University||intl.hire@oregonstate.edu|15417476449|Jennifer|Doreen|Oregon State University|850 SW 35th Street|Corvallis|BENTON||Oregon State University|1600 SW Western Blvd.|Corvallis|OR|97333|1/1/2024|12/31/2026|1|15-1295.00|No
I-200-23362-596538|Instructor|Oregon State University||intl.hire@oregonstate.edu|15417476449|Jennifer|Doreen|OSU, 153 Gilbert Hall||Corvallis|BENTON||Oregon State University|1600 SW Western Blvd.|Corvallis|OR|97333|4/1/2024|3/31/2027|1|25-1052.00|No
I-200-23362-596712|Assistant Professor|Oregon State University||intl.hire@oregonstate.edu|15417476449|Jennifer|Doreen|Oregon State University, 216 Peavy Forest Science Center||Corvallis|BENTON||Oregon State University|1600 SW Western Blvd.|Corvallis|OR|97333|3/15/2024|3/14/2027|1|25-1043.00|No
I-200-23362-596978|Postdoctoral Scholar|Oregon State University||intl.hire@oregonstate.edu|15417476449|Jennifer|Doreen|Oregon State University, 104 CEOAS Admin Building||Corvallis|BENTON||Oregon State University|1600 SW Western Blvd.|Corvallis|OR|97333|5/1/2024|4/30/2027|1|19-2042.00|No
I-200-24002-609593|Research Associate|Oregon State University||intl.hire@oregonstate.edu|15417476449|Jennifer|Doreen|Oregon State Univesity, 104 CEOAS Admin Building||Corvallis|BENTON||Oregon State University|1600 SW Western Blvd.|Corvallis|OR|97333|3/1/2024|2/28/2027|1|19-2042.00|No
I-200-24002-610585|Assistant Professor (Teaching)|Oregon State University||intl.hire@oregonstate.edu|15417476449|Jennifer|Doreen|Oregon State University, 204 Rogers Hall||Corvallis|BENTON||Oregon State University|1600 SW Western Blvd.|Corvallis|OR|97333|1/15/2024|1/14/2027|1|25-1032.00|No
I-200-24003-612398|Assistant Professor|Oregon State University||intl.hire@oregonstate.edu|15417476449|Jennifer|Doreen|Oregon State University, 216 Peavy Forest Science Center||Corvallis|BENTON||Oregon State University|1600 SW Western Blvd.|Corvallis|OR|97333|1/15/2024|1/14/2027|1|25-1043.00|No
I-200-24047-723838|Instructional Design Specialist 2|Oregon State University||intl.hire@oregonstate.edu|15417476449|Jennifer|Doreen|Oregon State University ECampus|4943 The Valley Library|Corvallis|BENTON||Oregon State University|1600 SW Western Blvd.|Corvallis|OR|97333|5/11/2024|5/10/2027|1|25-9031.00|No
I-200-24054-743418|Postdoctoral Scholar|Oregon State University||intl.hire@oregonstate.edu|15417476449|Jennifer|Doreen|104 CEOAS Admin Bldg, OSU||Corvallis|BENTON||Oregon State University|1600 SW Western Blvd.|Corvallis|OR|97333|5/7/2024|5/6/2027|1|19-2042.00|No
I-200-24054-745626|Instructional Design Specialist|Oregon State University||intl.hire@oregonstate.edu|15417476449|Jennifer|Doreen|201 SW Waldo Place, OSU||Corvallis|BENTON||Oregon State University|1600 SW Western Blvd.|Corvallis|OR|97333|5/11/2024|5/10/2027|1|25-9031.00|No
I-200-24058-752465|Postdoctoral Scholar|Oregon State University||intl.hire@oregonstate.edu|15417476449|Jennifer|Doreen|OSUs Marine Mammal Institute|2030 SE Marine Science Drive|Newport|BENTON||Oregon State University|1600 SW Western Blvd.|Corvallis|OR|97333|6/17/2024|6/16/2027|1|19-1023.00|No
I-200-24061-764910|Research Associate|Oregon State University||intl.hire@oregonstate.edu|15417476449|Jennifer|Doreen|1148 Kelley Engineering Center, OSU||Corvallis|BENTON||Oregon State University|1600 SW Western Blvd.|Corvallis|OR|97333|4/1/2024|3/31/2027|1|15-1221.00|No
I-200-24061-764958|Research Associate|Oregon State University||intl.hire@oregonstate.edu|15417476449|Jennifer|Doreen|1148 Kelley Engineering Center, OSU||Corvallis|BENTON||Oregon State University|1600 SW Western Blvd.|Corvallis|OR|97333|5/1/2024|4/30/2027|1|15-1221.00|No
I-200-24094-852534|Postdoctoral Scholar|Oregon State University||intl.hire@oregonstate.edu|15417476449|Jennifer|Doreen|OSUs School of Electrical Engineering and Computer Science|1148 Kelley Engineering Center|Corvallis|BENTON||Oregon State University|1600 SW Western Blvd.|Corvallis|OR|97333|5/15/2024|5/14/2027|1|17-2076.00|No
I-200-24107-892503|Postdoctoral Scholar|Oregon State University||intl.hire@oregonstate.edu|15417476449|Jennifer|Doreen|Oregon State University, 104 CEOAS Admin Building||Corvallis|BENTON||Oregon State University|1600 SW Western Blvd.|Corvallis|OR|97333|5/15/2024|5/14/2027|1|19-2042.00|No
I-200-24120-935792|Assistant Professor|Oregon State University||intl.hire@oregonstate.edu|15417476449|Jennifer|Doreen|OSUs Department of Statistics|103 SW Memorial Pl, Ste.239|Corvallis|BENTON||Oregon State University|1600 SW Western Blvd.|Corvallis|OR|97333|6/15/2024|6/14/2027|1|25-1022.00|No
I-200-24144-032531|Instructor|Oregon State University||intl.hire@oregonstate.edu|15417476449|Jennifer|Doreen|2000 SW Campus Way|368 Kidder Hall|Corvallis|BENTON||Oregon State University|1600 SW Western Blvd.|Corvallis|OR|97333|7/22/2024|7/21/2027|1|25-1022.00|No
I-200-24156-071542|Assistant Professor (Practice)|Oregon State University||intl.hire@oregonstate.edu|15417476449|Jennifer|Doreen|1600 SW Western Blvd|Suite 350|Corvallis|BENTON||Oregon State University|1600 SW Western Blvd.|Corvallis|OR|97333|8/1/2024|7/31/2027|1|19-3041.00|No
I-200-24156-071576|Assistant Professor (Practice)|Oregon State University||intl.hire@oregonstate.edu|15417476449|Jennifer|Doreen|1600 SW Western Blvd|Suite 350|Corvallis|BENTON||Oregon State University|1600 SW Western Blvd.|Corvallis|OR|97333|8/1/2024|7/31/2027|1|19-3041.00|No
I-200-24158-082113|Assistant Professor (Practice)|Oregon State University||intl.hire@oregonstate.edu|15417476449|Jennifer|Doreen|1600 SW Western Blvd|Suite 350|Corvallis|BENTON||Oregon State University|1600 SW Western Blvd.|Corvallis|OR|97333|8/1/2024|7/31/2027|1|19-3041.00|No
I-200-24159-087279|Instructor|Oregon State University||intl.hire@oregonstate.edu|15417476449|Jennifer|Doreen|2751 SW Jefferson Way||Corvallis|BENTON||Oregon State University|1600 SW Western Blvd.|Corvallis|OR|97333|8/15/2024|8/14/2027|1|25-1011.00|No
I-200-24163-096519|Assistant Professor, Teaching|Oregon State University||intl.hire@oregonstate.edu|15417476449|Jennifer|Doreen|OSUs College of Business|2751 SW Jefferson Way|Corvallis|BENTON||Oregon State University|1600 SW Western Blvd.|Corvallis|OR|97333|8/16/2024|8/15/2027|1|25-1011.00|No
I-200-24166-112696|Research Associate|Oregon State University||intl.hire@oregonstate.edu|15417476449|Jennifer|Doreen|OSUs College of Earth, Ocean & Atmospheric Sciences|104 CEOAS Admin Bldg|Corvallis|BENTON||Oregon State University|1600 SW Western Blvd.|Corvallis|OR|97333|8/12/2024|8/11/2027|1|19-2042.00|No
I-200-24174-140219|Analyst Programmer|Oregon State University||intl.hire@oregonstate.edu|15417476449|Jennifer|Doreen|2591 SW Campus Way||Corvallis|BENTON||Oregon State University|1600 SW Western Blvd.|Corvallis|OR|97333|7/1/2024|6/30/2027|1|15-1295.00|No
I-200-24179-155514|Assistant Professor|Oregon State University||intl.hire@oregonstate.edu|15417476449|Jennifer|Doreen|OSUs Department of Mathematics|2000 Campus Way|Corvallis|BENTON||Oregon State University|1600 SW Western Blvd.|Corvallis|OR|97333|9/16/2024|9/15/2027|1|25-1022.00|No
I-200-24179-155593|Assistant Professor|Oregon State University||intl.hire@oregonstate.edu|15417476449|Jennifer|Doreen|OSUs College of Business|2751 SW Jefferson Way|Corvallis|BENTON||Oregon State University|1600 SW Western Blvd.|Corvallis|OR|97333|9/16/2024|9/15/2027|1|25-1011.00|No
I-200-24181-162325|Analyst Programmer|Oregon State University||intl.hire@oregonstate.edu|15417476449|Jennifer|Doreen|2591 SW Campus Way||Corvallis|BENTON||Oregon State University|1600 SW Western Blvd.|Corvallis|OR|97333|7/1/2024|6/30/2027|1|15-1295.00|No
I-200-24185-174484|Research Associate|Oregon State University||intl.hire@oregonstate.edu|15417476449|Jennifer|Doreen|1491 SW Campus Way||Corvallis|BENTON||Oregon State University|1600 SW Western Blvd.|Corvallis|OR|97333|7/29/2024|7/28/2027|1|17-2053.00|No
I-200-24199-202762|Assistant Professor|Oregon State University||intl.hire@oregonstate.edu|15417476449|Jennifer|Doreen|2820 SW Campus Way||Corvallis|BENTON||Oregon State University|1600 SW Western Blvd.|Corvallis|OR|97333|9/15/2024|9/14/2027|1|25-1041.00|No
I-200-24201-208957|Assistant Professor|Oregon State University||intl.hire@oregonstate.edu|15417476449|Jennifer|Doreen|OSUs College of Business|2751 SW Jefferson Way|Corvallis|BENTON||Oregon State University|1600 SW Western Blvd.|Corvallis|OR|97333|9/16/2024|9/15/2027|1|25-1011.00|No
I-200-24201-209016|Postdoctoral Scholar|Oregon State University||intl.hire@oregonstate.edu|15417476449|Jennifer|Doreen|104 CEOAS Admin Bldg||Corvallis|BENTON||Oregon State University|1600 SW Western Blvd.|Corvallis|OR|97333|8/23/2024|8/22/2027|1|19-2042.00|No
I-200-24205-215883|Assistant Professor|Oregon State University||intl.hire@oregonstate.edu|15417476449|Jennifer|Doreen|100 Wiegand Hall|3051 SW Campus Way|Corvallis|BENTON||Oregon State University|1600 SW Western Blvd.|Corvallis|OR|97333|9/16/2024|9/15/2027|1|25-1041.00|No
I-200-24205-216546|Lab Manager|Oregon State University||intl.hire@oregonstate.edu|15417476449|Jennifer|Doreen|Oregon State University, 153 Gilbert Hall||Corvallis|BENTON||Oregon State University|1600 SW Western Blvd.|Corvallis|OR|97333|8/15/2024|8/14/2027|1|19-2031.00|No
I-200-24212-231774|Assistant Professor|Oregon State University||intl.hire@oregonstate.edu|15417476449|Jennifer|Doreen|OSUs College of Business|2751 SW Jefferson Way|Corvallis|BENTON||Oregon State University|1600 SW Western Blvd.|Corvallis|OR|97333|8/29/2024|8/28/2027|1|25-1011.00|No
I-200-24214-238148|Postdoctoral Scholar|Oregon State University||intl.hire@oregonstate.edu|15417476449|Jennifer|Doreen|Oregon State University, 104 CEOAS Administration Building||Corvallis|BENTON||Oregon State University|1600 SW Western Blvd.|Corvallis|OR|97333|9/25/2024|9/24/2027|1|19-3092.00|No
I-200-24214-238799|Faculty Research Assistant|Oregon State University||intl.hire@oregonstate.edu|15417476449|Jennifer|Doreen|Oregon State University, 104 CEOAS Administration Building||Corvallis|BENTON||Oregon State University|1600 SW Western Blvd.|Corvallis|OR|97333|9/1/2024|8/31/2027|1|19-4043.00|No
I-200-24214-238996|Accountant 2|Oregon State University||intl.hire@oregonstate.edu|15417476449|Jennifer|Doreen|1600 SW Western Boulevard|Suyite 235|Corvallis|BENTON||Oregon State University|1600 SW Western Blvd.|Corvallis|OR|97333|9/7/2024|9/6/2027|1|13-2011.00|No
I-200-24218-245985|Assistant Professor, Teaching|Oregon State University||intl.hire@oregonstate.edu|15417476449|Jennifer|Doreen|Oregon State University, 104 CEOAS Building||Corvallis|BENTON||Oregon State University|1600 SW Western Blvd.|Corvallis|OR|97333|9/16/2024|9/15/2027|1|25-1064.00|No
I-200-24220-252331|Instructor|Oregon State University||intl.hire@oregonstate.edu|15417476449|Jennifer|Doreen|Oregon State University, 368 Kidder Hall||Corvallis|BENTON||Oregon State University|1600 SW Western Blvd.|Corvallis|OR|97333|9/16/2024|9/15/2027|1|25-1022.00|No
I-200-24222-258689|Assistant Professor|Oregon State University||intl.hire@oregonstate.edu|15417476449|Jennifer|Doreen|2820 SW Campus Way||Corvallis|BENTON||Oregon State University|1600 SW Western Blvd.|Corvallis|OR|97333|11/1/2024|10/31/2027|1|25-1042.00|No
I-200-24250-320889|Research Associate|Oregon State University||intl.hire@oregonstate.edu|15417476449|Jennifer|Doreen|Oregon State University, 201 Furman Hall||Corvallis|BENTON||Oregon State University|1600 SW Western Blvd.|Corvallis|OR|97333|10/1/2024|9/30/2027|1|25-1081.00|No
I-200-24251-321996|Assistant Professor, Practice|Oregon State University||intl.hire@oregonstate.edu|15417476449|Jennifer|Doreen|Oregon State University, 448C Strand Agriculture Hall||Corvallis|BENTON||Oregon State University|1600 SW Western Blvd.|Corvallis|OR|97333|10/8/2024|10/7/2027|1|25-1041.00|No
I-200-24256-334987|Research Associate|Oregon State University||intl.hire@oregonstate.edu|15417476449|Jennifer|Doreen|1491 SW Campus Way|101 Kearney Hall|Corvallis|BENTON||Oregon State University|1600 SW Western Blvd.|Corvallis|OR|97333|11/1/2024|10/31/2027|1|17-2081.00|No
I-200-24262-348197|Research Associate|Oregon State University||intl.hire@oregonstate.edu|15417476449|Jennifer|Doreen|2150 SW Jefferson Way||Corvallis|BENTON||Oregon State University|1600 SW Western Blvd.|Corvallis|OR|97333|1/1/2025|12/31/2027|1|19-1031.02|No
I-200-24264-354828|Postdoctoral Scholar|Oregon State University||intl.hire@oregonstate.edu|15417476449|Jennifer|Doreen|2520 SW Campus Way||Corvallis|BENTON||Oregon State University|1600 SW Western Blvd.|Corvallis|OR|97333|10/15/2024|10/14/2027|1|29-1031.00|No
I-200-24281-390823|Research Associate|Oregon State University||intl.hire@oregonstate.edu|15417376310|Jennifer|Doreen|Oregon State University|201 Furman Hall|Corvallis|BENTON||Oregon State University|1600 SW Western Blvd.|Corvallis|OR|97333|11/1/2024|10/31/2027|1|25-1081|No
I-200-24292-417986|Postdoctoral Scholar|Oregon State University||intl.hire@oregonstate.edu|15417476449|Jennifer|Doreen|3100 SW Jefferson Way||Corvallis|BENTON||Oregon State University|1600 SW Western Blvd.|Corvallis|OR|97333|1/1/2025|12/31/2027|1|17-2131|No
I-200-24297-426879|Instructor|Oregon State University||intl.hire@oregonstate.edu|15417476449|Jennifer|Doreen|700 SW 30 Street||Corvallis|BENTON||Oregon State University|1600 SW Western Blvd.|Corvallis|OR|97333|12/18/2024|12/17/2027|1|25-1042|No
I-200-24299-433460|Faculty Research Assistant|Oregon State University||intl.hire@oregonstate.edu|15417476449|Jennifer|Doreen|3180 SW Jefferson Way|Richardson Hall|Corvallis|BENTON||Oregon State University|1600 SW Western Blvd.|Corvallis|OR|97333|12/2/2024|12/1/2027|1|19-1013|No
I-200-24311-457643|Assistant Professor (Practice)|Oregon State University||intl.hire@oregonstate.edu|15417476449|Jennifer|Doreen|2000 SW Campus Way|Kidder Hall OSU|Corvallis|BENTON||Oregon State University|1600 SW Western Blvd.|Corvallis|OR|97333|1/5/2025|1/4/2028|1|25-1022|No
I-200-24313-464094|Assistant Professor|Oregon State University||intl.hire@oregonstate.edu|15417376310|Jennifer|Doreen|1600 SW Western Blvd.|Suite 130|Corvallis|BENTON||Oregon State University|1600 SW Western Blvd.|Corvallis|OR|97333|1/1/2025|12/31/2027|1|25-1053|No
I-200-24313-464856|Assistant Professor|Oregon State University||intl.hire@oregonstate.edu|15417376310|Jennifer|Doreen|1600 SW Western Blvd.|Suite 130|Corvallis|BENTON||Oregon State University|1600 SW Western Blvd.|Corvallis|OR|97333|12/16/2024|12/15/2027|1|25-1032|No
I-200-24320-479277|Assistant Professor|Oregon State University||intl.hire@oregonstate.edu|15417476449|Jennifer|Doreen|1600 SW Western Blvd|Sutie 130 IEEV|Corvallis|BENTON||Oregon State University|1600 SW Western Blvd.|Corvallis|OR|97333|1/1/2025|12/31/2027|1|25-1032|No
I-200-24325-488619|Senior Instructional Design Specialist|Oregon State University||intl.hire@oregonstate.edu|15417476310|Jennifer|Doreen|1600 SW Western Blvd.|Suite 130|Corvallis|BENTON||Oregon State University|1600 SW Western Blvd.|Corvallis|OR|97333|1/1/2025|12/31/2027|1|25-9031|No
I-200-21166-399109|Senior Instructor I|Oregon State University||intl.hire@oregonstate.edu|15417476449|Jennifer|Doreen|OSU, Joyce Furman Hall|200 SW 15th Street, Suite 304-M|Corvallis|BENTON||Oregon State University|1600 SW Western Blvd.|Corvallis|OR|97333|7/1/2021|6/30/2024|1|25-1081.00|No
I-200-21168-407031|Instructor|Oregon State University||intl.hire@oregonstate.edu|15417476449|Jennifer|Doreen|Oregon State University, Furman Hall|200 SW 15th Street, Suite 304-M|Corvallis|BENTON||Oregon State University|1600 SW Western Blvd.|Corvallis|OR|97333|9/8/2021|9/7/2024|1|25-1081.00|No
I-200-21168-408600|Visiting Assistant Professor|Oregon State University||intl.hire@oregonstate.edu|15417376468|Jennifer|Doreen|OSUs School of History, Philosophy & Religion|2520 SW Campus Way, Milam 322|Corvallis|BENTON||Oregon State University|1600 SW Western Blvd.|Corvallis|OR|97333|9/16/2021|9/15/2024|1|25-1125.00|No
I-200-21207-483273|Research Associate|Oregon State University||intl.hire@oregonstate.edu|15417376468|Jennifer|Doreen|OSUs Department of Horticulture|2750 SW Campus Way, Room  4017|Corvallis|BENTON||Oregon State University|1600 SW Western Blvd.|Corvallis|OR|97333|7/30/2021|7/29/2024|1|19-1013.00|No
I-200-21207-483479|Research Associate|Oregon State University||intl.hire@oregonstate.edu|15417376468|Jennifer|Doreen|OSUs College of Veterinary Medicine - Biomedical Sciences|450 SW 30th Street|Corvallis|BENTON||Oregon State University|1600 SW Western Blvd.|Corvallis|OR|97333|10/1/2021|9/30/2024|1|19-1042.00|No
I-200-21300-671415|Research Associate|Oregon State University||intl.hire@oregonstate.edu|15417376468|Jennifer|Doreen|OSUs Department of Horticulture|2750 SW Campus Way, Room 4073|Corvallis|BENTON||Oregon State University|1600 SW Western Blvd.|Corvallis|OR|97333|3/1/2022|2/28/2025|1|19-1013.00|No
I-200-21300-671450|Assistant Professor|Oregon State University||intl.hire@oregonstate.edu|15417376468|Jennifer|Doreen|OSUs Department of Crop and Soil Science|3077 Ag. Life Science Building|Corvallis|BENTON||Oregon State University|1600 SW Western Blvd.|Corvallis|OR|97333|2/26/2022|2/25/2025|1|19-1013.00|No
I-200-21323-717334|Postdoctoral Scholar|Oregon State University||intl.hire@oregonstate.edu|15417376468|Jennifer|Doreen|OSUs Hallie Ford Center|2631 SW Campus Way|Corvallis|BENTON||Oregon State University|1600 SW Western Blvd.|Corvallis|OR|97333|2/2/2022|6/30/2023|1|19-3099.00|No
I-200-21333-729466|Postdoctoral Scholar|Oregon State University||intl.hire@oregonstate.edu|15417376468|Jennifer|Doreen|OSUs School of Biological & Population Health Sciences|2523 SW Campus Way|Corvallis|BENTON||Oregon State University|1600 SW Western Blvd.|Corvallis|OR|97333|1/20/2022|1/19/2025|1|19-1012.00|No
I-200-21336-740295|Postdoctoral Scholar|Oregon State University||intl.hire@oregonstate.edu|15417376468|Jennifer|Doreen|OSUs Hallie Ford Center, 2631 SW Campus Way||Corvallis|BENTON||Oregon State University|1600 SW Western Blvd.|Corvallis|OR|97333|2/2/2022|2/1/2025|1|19-3099.00|No
I-200-21357-785739|Senior Instructional Design Specialist|Oregon State University||intl.hire@oregonstate.edu|15417376468|Jennifer|Doreen|Oregon State Universitys Ecampus|201 SW Waldo Pl|Corvallis|BENTON||Oregon State University|1600 SW Western Blvd.|Corvallis|OR|97333|1/1/2022|12/31/2024|1|25-9031.01|No
I-200-21357-785755|Postdoctoral Scholar|Oregon State University||intl.hire@oregonstate.edu|15417376468|Jennifer|Doreen|OSUs Department of Botany and Plant Pathology|4575 SW Research Way, Research Way Lab Building|Corvallis|BENTON||Oregon State University|1600 SW Western Blvd.|Corvallis|OR|97333|1/31/2022|1/30/2025|1|19-1022.00|No
I-200-21358-786040|Postdoctoral Scholar|Oregon State University||intl.hire@oregonstate.edu|15417476449|Jennifer|Doreen|104 CEOAS Admin Building||Corvallis|BENTON||Oregon State University|1600 SW Western Blvd.|Corvallis|OR|97333|1/7/2022|1/6/2025|1|19-2042.00|No
I-200-21363-792106|Fiscal Coordinator 1|Oregon State University||intl.hire@oregonstate.edu|15417376468|Jennifer|Doreen|OSUs Auxiliaries & Activities Business Center|2251 SW Jefferson Way|Corvallis|BENTON||Oregon State University|1600 SW Western Blvd.|Corvallis|OR|97333|1/5/2022|1/4/2025|1|13-2031.00|No
I-200-21364-792488|Postdoctoral Scholar|Oregon State University||intl.hire@oregonstate.edu|15417376468|Jennifer|Doreen|104 CEOAS Admin Building||Corvallis|BENTON||Oregon State University|1600 SW Western Blvd.|Corvallis|OR|97333|1/7/2022|1/6/2025|1|19-2042.00|No
I-200-21364-793721|Research Associate|Oregon State University||intl.hire@oregonstate.edu|15417376468|Jennifer|Doreen|OSUs School of Electrical Engineering and Computer Science|1148 Kelley Engineering Center|Corvallis|BENTON||Oregon State University|1600 SW Western Blvd.|Corvallis|OR|97333|1/17/2022|1/16/2025|1|17-2076.00|No
I-200-22004-806830|Research Associate|Oregon State University||intl.hire@oregonstate.edu|15417376468|Jennifer|Doreen|OSUs School of Electrical Engineering and Computer Science|1148 Kelley Engineering Center|Corvallis|BENTON||Oregon State University|1600 SW Western Blvd.|Corvallis|OR|97333|1/10/2022|1/9/2025|1|17-2076.00|No
I-200-22006-813218|Fiscal Coordinator 1|Oregon State University||intl.hire@oregonstate.edu|15417376468|Jennifer|Doreen|OSUs Auxiliaries & Activities Business Center|2251 SW Jefferson Way|Corvallis|BENTON||Oregon State University|1600 SW Western Blvd.|Corvallis|OR|97333|6/12/2022|6/11/2025|1|13-2031.00|No
I-200-22027-858450|Research Associate|Oregon State University||intl.hire@oregonstate.edu|15417376468|Jennifer|Doreen|OSUs Department of Microbiology|2820 SW Campus Way|Corvallis|BENTON||Oregon State University|1600 SW Western Blvd.|Corvallis|OR|97333|3/1/2022|2/28/2025|1|19-1022.00|No
I-200-22041-892708|Instructor/Sr. Research Associate|Oregon State University||intl.hire@oregonstate.edu|15417376468|Jennifer|Doreen|OSUs Department of Chemistry|153 Gilbert Hall|Corvallis|BENTON||Oregon State University|1600 SW Western Blvd.|Corvallis|OR|97333|4/1/2022|3/31/2025|1|25-1052.00|No
I-200-22083-008298|Assistant Professor|Oregon State University||intl.hire@oregonstate.edu|15417376468|Jennifer|Doreen|OSUs College of Business|2751 SW Jefferson Avenue|Corvallis|BENTON||Oregon State University|1600 SW Western Blvd.|Corvallis|OR|97333|7/5/2022|7/4/2025|1|25-1011.00|No
I-200-22083-008375|Clinical Fellow|Oregon State University||intl.hire@oregonstate.edu|15417376468|Jennifer|Doreen|OSUs College of Veterinary Medicine - Clinical Sciences|700 SW 30th Street|Corvallis|BENTON||Oregon State University|1600 SW Western Blvd.|Corvallis|OR|97333|6/15/2022|6/30/2023|1|29-1131.00|No
I-200-22131-162076|Clinical Fellow|Oregon State University||intl.hire@oregonstate.edu|15417376468|Jennifer|Doreen|OSUs College of Veterinary Medicine - Clinical Sciences|700 SW 30th Street|Corvallis|BENTON||Oregon State University|1600 SW Western Blvd.|Corvallis|OR|97333|6/29/2022|6/30/2023|1|29-1131.00|No
I-200-22132-166367|Assistant Professor|Oregon State University||intl.hire@oregonstate.edu|15417376468|Jennifer|Doreen|OSUs Department of Chemistry|21ST & MONROE ST.|Corvallis|BENTON||Oregon State University|1600 SW Western Blvd.|Corvallis|OR|97333|7/31/2022|7/30/2025|1|25-1052.00|No
I-200-22139-190249|Research Associate|Oregon State University||intl.hire@oregonstate.edu|15417376468|Jennifer|Doreen|OSUs Department of Horticulture|2750 SW Campus Way, Room 4105|Corvallis|BENTON||Oregon State University|1600 SW Western Blvd.|Corvallis|OR|97333|5/27/2022|5/26/2025|1|19-1013.00|No
I-200-22139-190298|Postdoctoral Scholar|Oregon State University||intl.hire@oregonstate.edu|15417376468|Jennifer|Doreen|OSUs School of Chemical, Biological, Environmental Engineer|110 SW Park Terrace|Corvallis|BENTON||Oregon State University|1600 SW Western Blvd.|Corvallis|OR|97333|6/15/2022|6/14/2025|1|19-2032.00|No
I-200-22140-194610|Clinical Fellow|Oregon State University||intl.hire@oregonstate.edu|15417376468|Jennifer|Doreen|OSUs College of Veterinary Medicine - Clinical Sciences|700 SW 30th Street|Corvallis|BENTON||Oregon State University|1600 SW Western Blvd.|Corvallis|OR|97333|6/29/2022|6/28/2025|1|29-1131.00|No
I-200-22140-194717|IT Systems Analyst|Oregon State University||intl.hire@oregonstate.edu|15417376468|Jennifer|Doreen|OSUs Enterprise Project Portfolio Management Office|1500 SW Jefferson Street|Corvallis|BENTON||Oregon State University|1600 SW Western Blvd.|Corvallis|OR|97333|7/7/2022|7/6/2025|1|15-1052.00|No
I-200-22146-217534|Clinical Fellow|Oregon State University||intl.hire@oregonstate.edu|15417376468|Jennifer|Doreen|OSUs College of Veterinary Medicine - Clinical Sciences|700 SW 30th Street|Corvallis|BENTON||Oregon State University|1600 SW Western Blvd.|Corvallis|OR|97333|6/29/2022|6/28/2025|1|29-1131.00|No
I-200-22153-237483|Assistant Professor|Oregon State University||intl.hire@oregonstate.edu|15417476449|Jennifer|Doreen|OSUs College of Business|2751 SW Jefferson Way, Ste. 492|Corvallis|BENTON||Oregon State University|1600 SW Western Blvd.|Corvallis|OR|97333|7/6/2022|7/5/2025|1|25-1011.00|No
I-200-22154-242446|Assistant Professor (Senior Research)|Oregon State University||intl.hire@oregonstate.edu|15417476449|Jennifer|Doreen|OSUs School of Civil and Construction Engineering|101 Kearney Hall|Corvallis|BENTON||Oregon State University|1600 SW Western Blvd.|Corvallis|OR|97333|8/1/2022|7/31/2025|1|17-2053.00|No
I-200-22160-265365|GIS Analyst|Oregon State University||intl.hire@oregonstate.edu|15417476449|Jennifer|Doreen|OSU, 850 SW 35th||Corvallis|BENTON||Oregon State University|1600 SW Western Blvd.|Corvallis|OR|97333|6/15/2022|6/14/2025|1|15-1199.04|No
I-200-22161-265376|GIS Analyst|Oregon State University||intl.hire@oregonstate.edu|15417476449|Jennifer|Doreen|OSU, 850 SW 35th||Corvallis|BENTON||Oregon State University|1600 SW Western Blvd.|Corvallis|OR|97333|6/15/2022|6/14/2025|1|15-1199.05|No
I-200-22164-275469|Assistant Professor|Oregon State University||intl.hire@oregonstate.edu|15417476449|Jennifer|Doreen|OSU - Electrical Engineering & Computer Science|1148 Kelley Engineering Center|Corvallis|BENTON||Oregon State University|1600 SW Western Blvd.|Corvallis|OR|97333|9/16/2022|9/15/2025|1|25-1032.00|No
I-200-22182-329248|Research Associate|Oregon State University||intl.hire@oregonstate.edu|15417476449|Jennifer|Doreen|College of Public Health and Human Sciences/Nutrition|160 SW 26th St|Corvallis|BENTON||Oregon State University|1600 SW Western Blvd.|Corvallis|OR|97333|7/2/2022|7/1/2025|1|19-1012.00|No
I-200-22192-343541|Research Associate|Oregon State University||intl.hire@oregonstate.edu|15417476449|Jennifer|Doreen|School of Biological and Population Health Sciences|101 Milam Hall|Corvallis|BENTON||Oregon State University|1600 SW Western Blvd.|Corvallis|OR|97333|9/1/2022|8/30/2025|1|19-1012.00|No
I-200-22192-344131|Assistant Professor|Oregon State University||intl.hire@oregonstate.edu|15417476449|Jennifer|Doreen|School of Communication|2001 SW Campus Way|Corvallis|BENTON||Oregon State University|1600 SW Western Blvd.|Corvallis|OR|97333|9/1/2022|8/30/2025|1|25-1122.00|No
I-200-22192-344273|Assistant Professor|Oregon State University||intl.hire@oregonstate.edu|15417476449|Jennifer|Doreen|School of Communication|2001 SW Campus Way|Corvallis|BENTON||Oregon State University|1600 SW Western Blvd.|Corvallis|OR|97333|9/16/2022|9/15/2025|1|25-1122.00|No
I-200-22223-411965|Instructor|Oregon State University||intl.hire@oregonstate.edu|15417476449|Jennifer|Doreen|Oregon State University|Department of Biomedical Sciences, 106 Dryden Hall|Corvallis|BENTON||Oregon State University|1600 SW Western Blvd.|Corvallis|OR|97333|9/1/2022|8/31/2025|1|25-1071.00|No
I-200-22231-427373|Director of TallWood Design Institute|Oregon State University||intl.hire@oregonstate.edu|15417476449|Jennifer|Doreen|3205 SW Washington Way||Corvallis|BENTON||Oregon State University|1600 SW Western Blvd.|Corvallis|OR|97333|9/30/2022|9/29/2025|1|11-9033.00|No
I-200-22285-525242|Sustainability Assessment Manager|Oregon State University||intl.hire@oregonstate.edu|15417376468|Jennifer|Doreen|OSUs Capital Planning & Development|850 SW 35th Street|Corvallis|BENTON||Oregon State University|1600 SW Western Blvd.|Corvallis|OR|97333|12/10/2022|12/9/2025|1|13-1199.05|No
I-200-22285-525317|Fiscal Coordinator 2|Oregon State University||intl.hire@oregonstate.edu|15417376468|Jennifer|Doreen|OSUs Agricultural and Marine Science Business Center|2830 NW Monterey Dr|Corvallis|BENTON||Oregon State University|1600 SW Western Blvd.|Corvallis|OR|97333|11/1/2022|10/31/2025|1|13-2011.00|No
I-200-22294-545482|Analyst Programmer|Oregon State University||intl.hire@oregonstate.edu|15417376468|Jennifer|Doreen|OSUs University Information and Technology|3731 SW Jefferson Way|Corvallis|BENTON||Oregon State University|1600 SW Western Blvd.|Corvallis|OR|97333|1/25/2023|1/24/2026|1|15-1252.00|No
I-200-22294-545502|Research Associate|Oregon State University||intl.hire@oregonstate.edu|15417376468|Jennifer|Doreen|OSUs Department of Pharmaceutical Science|1601 SW Jefferson Way|Corvallis|BENTON||Oregon State University|1600 SW Western Blvd.|Corvallis|OR|97333|1/1/2023|12/31/2025|1|19-1029.01|No
I-200-22334-612645|Assistant Professor|Oregon State University||intl.hire@oregonstate.edu|15417476449|Jennifer|Doreen|OSUs Department of Food Science and Technology|100 Wiegand Hall, 3051 SW Campus Way|Corvallis|BENTON||Oregon State University|1600 SW Western Blvd.|Corvallis|OR|97333|1/17/2023|1/16/2026|1|25-1041.00|No
I-200-23087-883375|Research Associate|Oregon State University||intl.hire@oregonstate.edu|15417376468|Jennifer|Doreen|OSU Mechanical, Industrial, and Manufacturing Engineering|1110 NE Circle Blvd|Corvallis|BENTON||Oregon State University|1600 SW Western Blvd.|Corvallis|OR|97333|4/15/2023|4/14/2026|1|17-2112.00|No
I-200-23089-890151|Research Associate|Oregon State University||intl.hire@oregonstate.edu|15417376468|Jennifer|Doreen|OSUs Department of Horticulture|2750 SW Campus Way|Corvallis|BENTON||Oregon State University|1600 SW Western Blvd.|Corvallis|OR|97333|5/15/2023|5/14/2026|1|19-1023.00|No
I-200-23089-890184|Research Associate|Oregon State University||intl.hire@oregonstate.edu|15417376468|Jennifer|Doreen|OSUs Hallie Ford Center|2631 SW Campus Way|Corvallis|BENTON||Oregon State University|1600 SW Western Blvd.|Corvallis|OR|97333|5/1/2023|4/30/2026|1|19-3099.00|No
I-200-23089-890209|Research Associate|Oregon State University||intl.hire@oregonstate.edu|15417376468|Jennifer|Doreen|OSUs Forest Engineering, Resources and Management|3100 SW Jefferson Way|Corvallis|BENTON||Oregon State University|1600 SW Western Blvd.|Corvallis|OR|97333|5/1/2023|4/30/2026|1|19-1029.01|No
I-200-23101-922192|Clinical Fellow|Oregon State University||intl.hire@oregonstate.edu|15417376468|Jennifer|Doreen|OSUs College of Veterinary Medicine - Clinical Sciences|700 SW 30th Street|Corvallis|BENTON||Oregon State University|1600 SW Western Blvd.|Corvallis|OR|97333|6/1/2023|5/31/2026|8|29-1131.00|No
I-200-23101-922284|Clinical Fellow|Oregon State University||intl.hire@oregonstate.edu|15417376468|Jennifer|Doreen|OSUs College of Veterinary Medicine - Clinical Sciences|700 SW 30th Street|Corvallis|BENTON||Oregon State University|1600 SW Western Blvd.|Corvallis|OR|97333|6/1/2023|5/31/2026|10|29-1131.00|No
I-200-23101-922365|Post Doctoral Scholar|Oregon State University||intl.hire@oregonstate.edu|15417376468|Jennifer|Doreen|OSUs Botany and Plant Pathology Department|2701 SW Campus Way|Corvallis|BENTON||Oregon State University|1600 SW Western Blvd.|Corvallis|OR|97333|8/1/2023|7/31/2026|1|19-1013.00|No
I-200-23115-964629|Assistant Professor|Oregon State University||intl.hire@oregonstate.edu|15417376468|Jennifer|Doreen|OSUs School of Arts & Communication|2001 SW Campus Way|Corvallis|BENTON||Oregon State University|1600 SW Western Blvd.|Corvallis|OR|97333|9/3/2023|9/2/2026|1|25-1122.00|No
I-200-23115-964668|IT Systems Analyst|Oregon State University||intl.hire@oregonstate.edu|15417376468|Jennifer|Doreen|OSUs Enterprise Project Portfolio Management|1500 SW Jefferson St|Corvallis|BENTON||Oregon State University|1600 SW Western Blvd.|Corvallis|OR|97333|7/1/2023|6/30/2026|1|15-1217.00|No
I-200-23115-964764|Assistant Professor|Oregon State University||intl.hire@oregonstate.edu|15417376468|Jennifer|Doreen|OSUs Department of Mathematics|368 Kidder Hall|Corvallis|BENTON||Oregon State University|1600 SW Western Blvd.|Corvallis|OR|97333|7/1/2023|6/30/2026|1|25-1022.00|No
I-200-23144-049924|Postdoctoral Scholar|Oregon State University||intl.hire@oregonstate.edu|15417376468|Jennifer|Doreen|OSUs College of Earth, Ocean & Atmospheric Sciences|101 SW 26th St|Corvallis|BENTON||Oregon State University|1600 SW Western Blvd.|Corvallis|OR|97333|10/16/2023|10/15/2026|1|19-1023.00|No
I-200-23152-071731|Postdoctoral Scholar|Oregon State University||intl.hire@oregonstate.edu|15417376468|Jennifer|Doreen|OSUs College of Earth, Ocean & Atmospheric Sciences|101 SW 26th St|Corvallis|BENTON||Oregon State University|1600 SW Western Blvd.|Corvallis|OR|97333|11/1/2023|10/31/2026|1|19-1023.00|No
I-200-23164-105712|Postdoctoral Scholar|Oregon State University||intl.hire@oregonstate.edu|15417476449|Jennifer|Doreen|OSUs Department of Botany and Plant Pathology|2701 SW Campus Way|Corvallis|BENTON||Oregon State University|1600 SW Western Blvd.|Corvallis|OR|97333|9/16/2023|9/15/2026|1|19-1013.00|No
I-200-23164-105826|Assistant Professor|Oregon State University||intl.hire@oregonstate.edu|15417476449|Jennifer|Doreen|OSUs School of Electrical Engineering and Computer Science|1148 Kelley Engineering Center|Corvallis|BENTON||Oregon State University|1600 SW Western Blvd.|Corvallis|OR|97333|9/16/2023|9/15/2026|1|25-1021.00|No
I-200-23188-175381|Psychologist|Oregon State University||intl.hire@oregonstate.edu|15417476449|Jennifer|Doreen|OSUs Counseling and Psychological Services|500 Snell Hall|Corvallis|BENTON||Oregon State University|1600 SW Western Blvd.|Corvallis|OR|97333|9/11/2023|9/10/2026|1|19-3033.00|No
I-200-23195-190264|Research Associate|Oregon State University||intl.hire@oregonstate.edu|15417476449|Jennifer|Doreen|OSUs College of Earth, Ocean & Atmospheric Sciences|101 SW 26th St|Corvallis|BENTON||Oregon State University|1600 SW Western Blvd.|Corvallis|OR|97333|9/1/2023|8/31/2026|1|19-2042.00|No
I-200-23199-197224|Analyst Programmer|Oregon State University||intl.hire@oregonstate.edu|15417476449|Jennifer|Doreen|OSUs Student Health Services|108 SW Memorial Place|Corvallis|BENTON||Oregon State University|1600 SW Western Blvd.|Corvallis|OR|97333|8/20/2023|8/19/2026|1|15-1211.00|No
I-200-25168-103197|Postdoctoral Scholar|Oregon State University||intl.hire@oregonstate.edu|15417376310|Kate|Comiskey|1600 SW Western Blvd.|Ste. 130|Corvallis|BENTON||Oregon State University|1600 SW Western Blvd.|Corvallis|OR|97333|7/15/2025|7/14/2028|1|19-2042|No
I-200-19288-087844|Research Associate|Oregon State University||intl.hire@oregonstate.edu|15417376468|Jennifer|Doreen|Department of Forestry Engineering and Resource Management|308 Snell Hall|Corvallis|BENTON||Oregon State University|1600 SW Western Blvd.|Corvallis|OR|97333|12/1/2019|11/30/2022|1|15-2041.01|No
I-200-19301-113165|Research Associate|Oregon State University||intl.hire@oregonstate.edu|15417376468|Jennifer|Doreen|OSUs College of Earth, Ocean & Atmospheric Sciences|104 CEOAS Administration Building|Corvallis|BENTON||Oregon State University|1600 SW Western Blvd.|Corvallis|OR|97333|12/2/2019|12/1/2022|1|19-2042.00|No
I-200-20028-281613|Faculty Research Assistant|Oregon State University||intl.hire@oregonstate.edu|15417376468|Jennifer|Doreen|OSUs Department of Botany and Plant Pathology|2701 SW Campus Way|Corvallis|BENTON||Oregon State University|1600 SW Western Blvd.|Corvallis|OR|97333|4/1/2020|3/31/2023|1|19-4011.01|No
I-200-20063-371679|Faculty Research Assistant|Oregon State University||intl.hire@oregonstate.edu|15417376468|Jennifer|Doreen|OSUs Department of Crop & Soil Science|109 Crop Science Building|Corvallis|BENTON||Oregon State University|1600 SW Western Blvd.|Corvallis|OR|97333|4/1/2020|3/31/2023|1|19-4011.01|No
I-200-20134-565603|Associate Professor (Senior Research)|Oregon State University||intl.hire@oregonstate.edu|15417376468|Jennifer|Doreen|OSUs School of Electrical Engineering & Computer Science|1148 Kelley Engineering Center|Corvallis|BENTON||Oregon State University|1600 SW Western Blvd.|Corvallis|OR|97333|6/15/2020|6/14/2023|1|15-1111.00|No
I-200-20143-596046|Assistant Professor|Oregon State University||intl.hire@oregonstate.edu|15417376468|Jennifer|Doreen|OSUs Department of Forest Ecosystems and Society|321 Richardson Hall|Corvallis|BENTON||Oregon State University|1600 SW Western Blvd.|Corvallis|OR|97333|9/16/2020|9/15/2023|1|25-1043.00|No
I-200-20143-596137|Health Educator - Nutritionist|Oregon State University||intl.hire@oregonstate.edu|15417376468|Jennifer|Doreen|OSUs Student Health Services|108 SW Memorial Place|Corvallis|BENTON||Oregon State University|1600 SW Western Blvd.|Corvallis|OR|97333|6/12/2020|6/11/2023|1|29-1031.00|No
I-200-20150-611786|Postdoctoral Scholar|Oregon State University||intl.hire@oregonstate.edu|15417376468|Jennifer|Doreen|OSUs School of Electrical Engineering and Computer Science|1148 Kelley Engineering Center|Corvallis|BENTON||Oregon State University|1600 SW Western Blvd.|Corvallis|OR|97333|7/1/2020|6/30/2023|1|15-1111.00|No
I-200-20244-797033|Nearshore Ocean Research Support Engineer|Oregon State University||intl.hire@oregonstate.edu|15417376468|Jennifer|Doreen|OSUs College of Earth, Ocean & Atmospheric Sciences|104 CEOAS Admin|Corvallis|BENTON||Oregon State University|1600 SW Western Blvd.|Corvallis|OR|97333|9/14/2020|9/13/2023|1|15-1053.00|No
I-200-20318-912023|Research Associate|Oregon State University||intl.hire@oregonstate.edu|15417376468|Jennifer|Doreen|OSUs School of Civil and Construction Engineering|101 Kearney Hall|Corvallis|BENTON||Oregon State University|1600 SW Western Blvd.|Corvallis|OR|97333|1/1/2021|12/31/2023|1|17-2053.00|No
I-200-20330-927338|Assistant Professor Senior Research|Oregon State University||intl.hire@oregonstate.edu|15417376468|Jennifer|Doreen|OSUs Department of Crop and Soil Science|3050 SW 30th St.|Corvallis|BENTON||Oregon State University|1600 SW Western Blvd.|Corvallis|OR|97333|1/20/2021|1/19/2024|1|19-1013.00|No
I-200-21134-315866|Postdoctoral Scholar|Oregon State University||intl.hire@oregonstate.edu|15417376468|Jennifer|Doreen|OSUs College of Forest Ecosystems and Society|Richardson Hall, 3180 SW Jefferson Way|Corvallis|BENTON||Oregon State University|1600 SW Western Blvd.|Corvallis|OR|97333|8/1/2021|7/31/2024|1|19-2042.00|No
I-200-25045-695959|Research Associate|Oregon State University||intl.hire@oregonstate.edu|15417376310|Jennifer|Doreen|1600 SW Western Blvd.|Suite 130|Corvallis|BENTON||Oregon State University|1600 SW Western Blvd.|Corvallis|OR|97333|3/26/2025|3/25/2028|1|17-2144|No
I-200-25093-830625|Research Associate|Oregon State University||intl.hire@oregonstate.edu|15417476449|Jennifer|Doreen|1600 SW Western Blvd||Corvallis|BENTON||Oregon State University|1600 SW Western Blvd.|Corvallis|OR|97333|7/1/2025|6/30/2028|1|19-2042|No
I-200-25093-830668|Research Associate|Oregon State University||intl.hire@oregonstate.edu|15417476449|Jennifer|Doreen|1600 SW Western Blvd||Corvallis|BENTON||Oregon State University|1600 SW Western Blvd.|Corvallis|OR|97333|6/1/2025|5/31/2028|1|19-2042|No
I-200-25100-852327|Assistant Professor, Practice|Oregon State University||intl.hire@oregonstate.edu|15417376310|Jennifer|Doreen|1600 SW Western Blvd.|Ste. 130|Corvallis|BENTON||Oregon State University|1600 SW Western Blvd.|Corvallis|OR|97333|7/1/2025|6/30/2028|1|25-1031|No
I-200-25108-882346|Assistant Professor|Oregon State University||intl.hire@oregonstate.edu|15417476449|Jennifer|Doreen|1600 SW Western Blvd||Corvallis|BENTON||Oregon State University|1600 SW Western Blvd.|Corvallis|OR|97333|9/19/2025|9/18/2028|1|25-1051|No
I-200-25112-892646|Assistant Professor|Oregon State University||intl.hire@oregonstate.edu|15417476449|Jennifer|Doreen|1600 SW Western Blvd||Corvallis|BENTON||Oregon State University|1600 SW Western Blvd.|Corvallis|OR|97333|9/16/2025|9/15/2028|1|25-1122|No
I-200-25118-913771|Communications Specialist|Oregon State University||intl.hire@oregonstate.edu|15417476449|Jennifer|Doreen|1600 SW Western Blvd||Corvallis|BENTON||Oregon State University|1600 SW Western Blvd.|Corvallis|OR|97333|9/24/2025|9/23/2028|1|27-3023|No
I-200-25121-929252|Research Associate|Oregon State University||intl.hire@oregonstate.edu|15417476449|Jennifer|Doreen|1600 SW Western Blvd||Corvallis|BENTON||Oregon State University|1600 SW Western Blvd.|Corvallis|OR|97333|9/1/2025|8/31/2028|1|19-2042|No
I-200-25142-008928|Research Associate|Oregon State University||intl.hire@oregonstate.edu|15417376468|Kate|Comiskey|1600 SW Western Blvd||Corvallis|BENTON|Gasparian Spivey Immigration|1600 SW Western Blvd.||Corvallis|OR|97333|7/16/2025|7/15/2028|1|19-1029|No
I-200-25142-008944|Associate Professor of Forest Engineering, Resources, and Ma|Oregon State University||intl.hire@oregonstate.edu|15417376468|Kate|Comiskey|1600 SW Western Blvd.||Corvallis|BENTON|Gasparian Spivey Immigration|1600 SW Western Blvd.||Corvallis|OR|97333|8/15/2025|8/14/2028|1|25-1043|No
I-200-25162-082754|Assistant Professor, Teaching|Oregon State University||intl.hire@oregonstate.edu|15417376310|Kate|Comiskey|1600 SW Western Blvd|STE. 130|Corvallis|BENTON||Oregon State University|1600 SW Western Blvd.|Corvallis|OR|97333|9/16/2025|9/15/2028|1|25-1011|No
I-200-25168-102732|Postdoctoral Scholar|Oregon State University||intl.hire@oregonstate.edu|15417376310|Kate|Comiskey|1600 SW Western Blvd.|Ste. 130|Corvallis|BENTON||Oregon State University|1600 SW Western Blvd.|Corvallis|OR|97333|7/1/2025|6/30/2028|1|19-1042|No
I-200-19276-070263|Research Associate|Oregon State University||intl.hire@oregonstate.edu|15417376310|Jennifer|Doreen|OSUs School of Civil and Construction Engineering|101 Kearney Hall|Corvallis|BENTON||OSU Office of International Services|University Plaza, Suite 130|Corvallis|OR|97333|11/1/2019|10/31/2022|1|17-2051.00|No
I-200-23199-197384|Assistant Professor|Oregon State University||intl.hire@oregonstate.edu|15417476449|Jennifer|Doreen|OSUs Department of Economics|300 Bexell Hall|Corvallis|BENTON||Oregon State University|1600 SW Western Blvd.|Corvallis|OR|97333|9/16/2023|9/15/2026|1|25-1063.00|No
I-200-23199-197678|Analyst Programmer|Oregon State University||intl.hire@oregonstate.edu|15417476449|Jennifer|Doreen|OSUs Student Health Services|108 SW Memorial Place|Corvallis|BENTON||Oregon State University|1600 SW Western Blvd.|Corvallis|OR|97333|8/20/2023|8/19/2026|1|15-1211.00|No
I-200-23199-198568|Postdoctoral Scholar|Oregon State University||intl.hire@oregonstate.edu|15417476449|Jennifer|Doreen|OSUs Department of Forest Ecosystems and Society|344 Richardson Hall|Corvallis|BENTON||Oregon State University|1600 SW Western Blvd.|Corvallis|OR|97333|10/1/2023|9/30/2026|1|19-2041.03|No
I-200-23206-215071|Postdoctoral Scholar|Oregon State University||intl.hire@oregonstate.edu|15417476449|Jennifer|Doreen|OSU Department of Forest Ecosystems & Society|344 Richardson Hall|Corvallis|BENTON||Oregon State University|1600 SW Western Blvd.|Corvallis|OR|97333|10/1/2023|9/30/2026|1|19-2041.03|No
I-200-23207-215188|Research Associate|Oregon State University||intl.hire@oregonstate.edu|15417476449|Jennifer|Doreen|OSU Department of Chemistry|153 Gilbert Hall|Corvalis|BENTON||Oregon State University|1600 SW Western Blvd.|Corvallis|OR|97333|9/20/2023|9/19/2026|1|19-2031.00|No
I-200-23209-222926|Assistant Professor|Oregon State University||intl.hire@oregonstate.edu|15417476449|Jennifer|Doreen|OSU College of Business|302 Austin Hall|Corvallis|BENTON||Oregon State University|1600 SW Western Blvd.|Corvallis|OR|97333|9/10/2023|9/9/2026|1|25-1011.00|No
I-200-23213-229326|Postdoctoral Scholar|Oregon State University||intl.hire@oregonstate.edu|15417476449|Jennifer|Doreen|College of Earth, Ocean & Atmospheric Sciences|101 SW 26th St|Corvallis|BENTON||Oregon State University|1600 SW Western Blvd.|Corvallis|OR|97333|9/15/2023|9/14/2026|1|19-2042.00|No
I-200-23214-232450|Instructor|Oregon State University||intl.hire@oregonstate.edu|15417476449|Jennifer|Doreen|OSU Mathematics Department|368 Kidder Hall|Corvallis|BENTON||Oregon State University|1600 SW Western Blvd.|Corvallis|OR|97333|9/16/2023|9/15/2026|1|25-1022.00|No
I-200-23222-254255|Faculty Research Assistant|Oregon State University||intl.hire@oregonstate.edu|15417476449|Jennifer|Doreen|OSUs Food Science and Technology|Wiegand Hall, 3051 SW Campus Way|Corvallis|BENTON||Oregon State University|1600 SW Western Blvd.|Corvallis|OR|97333|9/1/2023|8/31/2026|1|19-4013.00|No
I-200-23233-281777|Postdoctoral Scholar|Oregon State University||intl.hire@oregonstate.edu|15417476449|Jennifer|Doreen|OSU Dept of Physics, 301 Weniger Hall||Corvallis|BENTON||Oregon State University|1600 SW Western Blvd.|Corvallis|OR|97333|10/1/2023|9/30/2026|1|19-2012.00|No
I-200-23270-383705|Instructor|Oregon State University||intl.hire@oregonstate.edu|15417476449|Jennifer|Doreen|OSU, 1491 SW Campus Way||Corvallis|BENTON||Oregon State University|1600 SW Western Blvd.|Corvallis|OR|97333|10/9/2023|10/8/2026|1|25-1032.00|No
I-200-23274-403889|Integrated Pest Management Educator|Oregon State University||intl.hire@oregonstate.edu|15417476449|Jennifer|Doreen|OSU, 430 Strand Agriculture Hall||Corvallis|BENTON||Oregon State University|1600 SW Western Blvd.|Corvallis|OR|97333|1/15/2024|1/14/2027|1|25-9031.00|No
I-200-23274-403902|Postdoctoral Scholar|Oregon State University||intl.hire@oregonstate.edu|15417476449|Jennifer|Doreen|OSU, 430 Strand Agriculture Hall||Corvallis|BENTON||Oregon State University|1600 SW Western Blvd.|Corvallis|OR|97333|3/20/2024|3/19/2027|1|19-1013.00|No
I-200-23332-525875|Instructor|Oregon State University||intl.hire@oregonstate.edu|15417476449|Jennifer|Doreen|OSU, 368 Kidder Hall||Corvallis|BENTON||Oregon State University|1600 SW Western Blvd.|Corvallis|OR|97333|2/1/2024|1/31/2027|1|25-1022.00|No
I-200-23339-545388|Research Associate|Oregon State University||intl.hire@oregonstate.edu|15417476449|Jennifer|Doreen|Oregon State University|1491 SW Campus Way|Corvallis|BENTON||Oregon State University|1600 SW Western Blvd.|Corvallis|OR|97333|1/1/2024|12/31/2026|1|17-2053.00|No
I-200-23339-546270|Analyst Programmer|Oregon State University||intl.hire@oregonstate.edu|15417476449|Jennifer|Doreen|Oregon State University|850 SW 35th Street|Corvallis|BENTON||Oregon State University|1600 SW Western Blvd.|Corvallis|OR|97333|1/1/2024|12/31/2026|1|15-1295.00|No
I-200-23340-546681|Postdoctoral Scholar|Oregon State University||intl.hire@oregonstate.edu|15417476449|Jennifer|Doreen|Oregon State University, 2500 NW Monroe Ave.|1148 Kelley Engineering Center|Corvallis|BENTON||Oregon State University|1600 SW Western Blvd.|Corvallis|OR|97333|2/1/2024|1/31/2027|1|17-2074.00|No
I-200-23342-554079|Assistant Professor|Oregon State University||intl.hire@oregonstate.edu|15417476449|Jennifer|Doreen|OSU, 3180 SW Jefferson Way||Corvallis|BENTON||Oregon State University|1600 SW Western Blvd.|Corvallis|OR|97333|1/15/2024|1/14/2027|1|25-1032.00|No
I-200-24044-714916|Fiscal Coordinator 1|Oregon State University||intl.hire@oregonstate.edu|15417476449|Jennifer|Doreen|OSUs Financial Strategic Services|2461 SW Campus Way|Corvallis|BENTON||Oregon State University|1600 SW Western Blvd.|Corvallis|OR|97333|7/1/2024|6/30/2027|1|13-2031.00|No
I-200-24044-714994|Assistant Professor, Senior Research|Oregon State University||intl.hire@oregonstate.edu|15417476449|Jennifer|Doreen|OSUs School of Civil and Construction Engineering|101 Kearney Hall|Corvallis|BENTON||Oregon State University|1600 SW Western Blvd.|Corvallis|OR|97333|5/1/2024|4/30/2027|1|17-2051.00|No
I-200-24046-722912|Assistant Professor, Senior Research|Oregon State University||intl.hire@oregonstate.edu|15417476449|Jennifer|Doreen|OSUs School of Civil and Construction Engineering|101 Kearney Hall|Corvallis|BENTON||Oregon State University|1600 SW Western Blvd.|Corvallis|OR|97333|5/1/2024|4/30/2027|1|17-2051.00|No
I-200-24050-729445|Assistant Professor, Senior Research|Oregon State University||intl.hire@oregonstate.edu|15417476449|Jennifer|Doreen|Oregon State University, 101 Kearney Hall||Corvallis|BENTON||Oregon State University|1600 SW Western Blvd.|Corvallis|OR|97333|5/1/2024|4/30/2027|1|17-2053.00|No
I-200-24051-730547|Postdoctoral Scholar|Oregon State University||intl.hire@oregonstate.edu|15417476449|Jennifer|Doreen|104 CEOAS Admin Bldg, OSU||Corvallis|BENTON||Oregon State University|1600 SW Western Blvd.|Corvallis|OR|97333|5/16/2024|5/15/2027|1|19-2042.00|No
I-200-24096-860116|Postdoctoral Scholar|Oregon State University||intl.hire@oregonstate.edu|15417476449|Jennifer|Doreen|OSUs School of Electrical Engineering and Computer Science|1148 Kelley Engineering Center|Corvallis|BENTON||Oregon State University|1600 SW Western Blvd.|Corvallis|OR|97333|5/15/2024|5/14/2027|1|17-2076.00|No
I-200-24137-005302|Faculty Reserach Assistant|Oregon State University||intl.hire@oregonstate.edu|15417476449|Jennifer|Doreen|2750 SW Campus Way||Corvallis|BENTON||Oregon State University|1600 SW Western Blvd.|Corvallis|OR|97333|7/1/2024|6/30/2027|1|19-1023.00|No
I-200-24137-005393|Senior Faculty Reserach Assistant|Oregon State University||intl.hire@oregonstate.edu|15417476449|Jennifer|Doreen|2750 SW Campus Way||Corvallis|BENTON||Oregon State University|1600 SW Western Blvd.|Corvallis|OR|97333|7/1/2024|6/30/2027|1|19-1023.00|No
I-200-24139-011294|Intern|Oregon State University||intl.hire@oregonstate.edu|15417476449|Jennifer|Doreen|700 SW 30th Street||Corvallis|BENTON||Oregon State University|1600 SW Western Blvd.|Corvallis|OR|97333|6/15/2024|6/14/2027|10|29-1131.00|No
I-200-24142-021379|Research Associate|Oregon State University||intl.hire@oregonstate.edu|15417476449|Jennifer|Doreen|2820 SW Campus Way||Corvallis|BENTON||Oregon State University|1600 SW Western Blvd.|Corvallis|OR|97333|7/1/2024|6/30/2027|1|19-1022.00|No
I-200-24151-052003|Analyst Programmer|Oregon State University||intl.hire@oregonstate.edu|15417476449|Jennifer|Doreen|2591 SW Campus Way||Corvallis|BENTON||Oregon State University|1600 SW Western Blvd.|Corvallis|OR|97333|7/1/2024|6/30/2027|1|15-1252.00|No
I-200-24156-069541|Assistant Professor|Oregon State University||intl.hire@oregonstate.edu|15417476449|Jennifer|Doreen|OSUs College of Business|2751 SW Jefferson Way|Corvallis|BENTON||Oregon State University|1600 SW Western Blvd.|Corvallis|OR|97333|9/16/2024|9/15/2027|1|25-1011.00|No
I-200-24204-214013|Lab Manager|Oregon State University||intl.hire@oregonstate.edu|15417476449|Jennifer|Doreen|Oregon State University, 153 Gilbert Hall||Corvallis|BENTON||Oregon State University|1600 SW Western Blvd.|Corvallis|OR|97333|8/15/2024|8/14/2027|1|19-2031.00|No
I-200-24205-214163|Assistant Professor, Senior Research|Oregon State University||intl.hire@oregonstate.edu|15417476449|Jennifer|Doreen|OSU, 104 CEOAS Administration Building||Corvallis|BENTON||Oregon State University|1600 SW Western Blvd.|Corvallis|OR|97333|9/9/2024|9/8/2027|1|19-2042.00|No
I-200-24208-225636|Assistant Professor|Oregon State University||intl.hire@oregonstate.edu|15417476449|Jennifer|Doreen|OSUs College of Business|2751 SW Jefferson Way|Corvallis|BENTON||Oregon State University|1600 SW Western Blvd.|Corvallis|OR|97333|9/16/2024|9/15/2027|1|25-1011.00|No
I-200-24208-225994|Assistant Professor|Oregon State University||intl.hire@oregonstate.edu|15417476449|Jennifer|Doreen|1148 Kelley Engineering Center||Corvallis|BENTON||Oregon State University|1600 SW Western Blvd.|Corvallis|OR|97333|9/16/2024|9/15/2027|1|25-1021.00|No
I-200-24214-239521|IT Systems Analyst|Oregon State University||intl.hire@oregonstate.edu|15417476449|Jennifer|Doreen|601 SW 35th Street||Corvallis|BENTON||Oregon State University|1600 SW Western Blvd.|Corvallis|OR|97333|9/8/2024|9/7/2027|1|15-1217.00|No
I-200-24214-239587|IT Systems Analyst|Oregon State University||intl.hire@oregonstate.edu|15417476449|Jennifer|Doreen|601 SW 35th Street||Corvallis|BENTON||Oregon State University|1600 SW Western Blvd.|Corvallis|OR|97333|8/15/2024|8/14/2027|1|15-1217.00|No
I-200-24215-240751|Assistant Professor|Oregon State University||intl.hire@oregonstate.edu|15417476449|Jennifer|Doreen|2820 SW Campus Way||Corvallis|BENTON||Oregon State University|1600 SW Western Blvd.|Corvallis|OR|97333|9/15/2024|9/14/2027|1|25-1042.00|No
I-200-24215-241147|Instructor|Oregon State University||intl.hire@oregonstate.edu|15417476449|Jennifer|Doreen|2751 Jefferson Way||Corvallis|BENTON||Oregon State University|1600 SW Western Blvd.|Corvallis|OR|97333|9/15/2024|9/14/2027|1|25-1011.00|No
I-200-24233-281444|IT Systems Analyst|Oregon State University||intl.hire@oregonstate.edu|15417476449|Jennifer|Doreen|Oregon State University, Kerr Administration Building||Corvallis|BENTON||Oregon State University|1600 SW Western Blvd.|Corvallis|OR|97333|9/1/2024|8/31/2027|1|15-1217.00|No
I-200-24233-281453|IT Systems Analyst|Oregon State University||intl.hire@oregonstate.edu|15417476449|Jennifer|Doreen|Oregon State University, Kerr Administration Building||Corvallis|BENTON||Oregon State University|1600 SW Western Blvd.|Corvallis|OR|97333|10/1/2024|9/30/2027|1|15-1217.00|No
I-200-24235-288138|Assistant Professor|Oregon State University||intl.hire@oregonstate.edu|15417476449|Jennifer|Doreen|124 SW 26th||Corvallis|BENTON||Oregon State University|1600 SW Western Blvd.|Corvallis|OR|97333|1/1/2025|12/31/2027|1|25-1032.00|No
I-200-24242-301804|Instructor|Oregon State University||intl.hire@oregonstate.edu|15417476449|Jennifer|Doreen|Oregon State University, 368 Kidder Hall||Corvallis|BENTON||Oregon State University|1600 SW Western Blvd.|Corvallis|OR|97333|9/16/2024|9/15/2027|1|25-1022.00|No
I-200-24242-301809|Postdoctoral Scholar|Oregon State University||intl.hire@oregonstate.edu|15417476449|Jennifer|Doreen|Oregon State University, 368 Kidder Hall||Corvallis|BENTON||Oregon State University|1600 SW Western Blvd.|Corvallis|OR|97333|9/16/2024|9/15/2027|1|25-1022.00|No
I-200-24242-301815|Instuctor|Oregon State University||intl.hire@oregonstate.edu|15417476449|Jennifer|Doreen|Oregon State University, 368 Kidder Hall||Corvallis|BENTON||Oregon State University|1600 SW Western Blvd.|Corvallis|OR|97333|9/16/2024|9/15/2027|1|25-1022.00|No
I-200-24255-331265|Postdoctoral Scholar|Oregon State University||intl.hire@oregonstate.edu|15417476449|Jennifer|Doreen|2520 SW Campus Way||Corvallis|BENTON||Oregon State University|1600 SW Western Blvd.|Corvallis|OR|97333|11/20/2024|9/8/2027|1|29-1031.00|No
I-200-24255-331501|Postdoctoral Scholar|Oregon State University||intl.hire@oregonstate.edu|15417476449|Jennifer|Doreen|2520 SW Campus Way||Corvallis|BENTON||Oregon State University|1600 SW Western Blvd.|Corvallis|OR|97333|11/20/2024|11/19/2027|1|29-1031.00|No
I-200-24257-336654|Postdoctoral Scholar|Oregon State University||intl.hire@oregonstate.edu|15417476449|Jennifer|Doreen|Oregon State University|1891 SW Campus Way|Corvallis|BENTON||Oregon State University|1600 SW Western Blvd.|Corvallis|OR|97333|10/1/2024|9/30/2027|1|17-2144.00|No
I-200-24267-358469|Assistant Professor, Senior Research|Oregon State University||intl.hire@oregonstate.edu|15417476449|Jennifer|Doreen|OSUs College of Health|464 Waldo Hall|Corvallis|BENTON||Oregon State University|1600 SW Western Blvd.|Corvallis|OR|97333|1/1/2025|12/31/2027|1|19-1042.00|No
I-200-24267-358495|Assistant Professor, Senior Research|Oregon State University||intl.hire@oregonstate.edu|15417476449|Jennifer|Doreen|OSUs College of Health|464 Waldo Hall|Corvallis|BENTON||Oregon State University|1600 SW Western Blvd.|Corvallis|OR|97333|1/1/2025|12/31/2027|1|19-1042.00|No
I-200-24267-358749|Assistant Professor|Oregon State University||intl.hire@oregonstate.edu|15417476449|Jennifer|Doreen|124 SW 26th||Corvallis|BENTON||Oregon State University|1600 SW Western Blvd.|Corvallis|OR|97333|1/1/2025|12/31/2027|1|25-1032.00|No
I-200-24269-364063|Coordinator - Transdisciplinary Research|Oregon State University||intl.hire@oregonstate.edu|15417476449|Jennifer|Doreen|OSUs Division of Research and Innovation|1500 SW Jefferson Way|Corvallis|BENTON||Oregon State University|1600 SW Western Blvd.|Corvallis|OR|97333|10/15/2024|10/14/2027|1|13-1082|No
I-200-24271-372109|Research Associate|Oregon State University||intl.hire@oregonstate.edu|15417476449|Jennifer|Doreen|2701 SW Campus Way||Corvallis|BENTON||Oregon State University|1600 SW Western Blvd.|Corvallis|OR|97333|1/1/2025|12/31/2027|1|19-1013|No
I-200-24282-393329|Research Associate|Oregon State University||intl.hire@oregonstate.edu|15417376310|Jennifer|Doreen|Oregon State University|201 Furman Hall|Corvallis|BENTON||Oregon State University|1600 SW Western Blvd.|Corvallis|OR|97333|1/1/2025|12/31/2027|1|25-1081|No
I-200-24283-394307|Research Associate|Oregon State University||intl.hire@oregonstate.edu|15417476449|Jennifer|Doreen|2701 SW Campus Way||Corvallis|BENTON||Oregon State University|1600 SW Western Blvd.|Corvallis|OR|97333|11/1/2024|10/31/2027|1|19-1013|No
I-200-24302-437088|Assistant Professor|Oregon State University||intl.hire@oregonstate.edu|15417376310|Jennifer|Doreen|Oregon State University|1148 Kelley Engineering Center|Corvallis|BENTON||Oregon State University|1600 SW Western Blvd.|Corvallis|OR|97333|12/16/2024|12/15/2027|1|25-1032|No
I-200-24304-443090|Assistant Professor, Senior Research|Oregon State University||intl.hire@oregonstate.edu|15417376310|Jennifer|Doreen|OSUS college of Health|464 Waldo Hall|Corvallis|BENTON||Oregon State University|1600 SW Western Blvd.|Corvallis|OR|97333|11/15/2024|11/14/2027|1|19-1042|No
I-200-24304-444006|Postdoctoral Scholar|Oregon State University||intl.hire@oregonstate.edu|15417476449|Jennifer|Doreen|1491 SW Campus Way|101 Kearney Hall|Corvallis|BENTON||Oregon State University|1600 SW Western Blvd.|Corvallis|OR|97333|1/1/2025|12/31/2027|1|17-2131|No
I-200-24323-482052|Assistant Professor|Oregon State University||intl.hire@oregonstate.edu|15417476449|Jennifer|Doreen|1600 SW Western Blvd|Suite 130 IEEV|Corvallis|BENTON||Oregon State University|1600 SW Western Blvd.|Corvallis|OR|97333|1/1/2025|12/31/2027|1|25-1032|No
I-200-24323-482827|Research Associate|Oregon State University||intl.hire@oregonstate.edu|15417476449|Jennifer|Doreen|1891 SW Campus Way||Corvallis|BENTON||Oregon State University|1600 SW Western Blvd.|Corvallis|OR|97333|12/15/2024|12/14/2027|1|17-2112|No
I-200-24338-514340|Research Associate|Oregon State University||intl.hire@oregonstate.edu|15417376310|Jennifer|Doreen|1600 SW Western Blvd.|Suite 130|Corvallis|BENTON||Oregon State University|1600 SW Western Blvd.|Corvallis|OR|97333|1/15/2025|1/14/2028|1|17-2131|No
I-200-24338-514856|Assistant Professor|Oregon State University||intl.hire@oregonstate.edu|15417376310|Jennifer|Doreen|1600 SW Western Blvd.|Suite 130|Corvallis|BENTON||Oregon State University|1600 SW Western Blvd.|Corvallis|OR|97333|12/24/2024|12/23/2027|1|25-1043|No
I-200-24341-522439|Research Associate|Oregon State University||intl.hire@oregonstate.edu|15417476449|Jennifer|Doreen|1491 SW Campus Way|101 Kearney Hall|Corvallis|BENTON||Oregon State University|1600 SW Western Blvd.|Corvallis|OR|97333|4/17/2025|4/16/2028|1|17-2131|No
I-200-25010-610414|Project Manager|Oregon State University||intl.hire@oregonstate.edu|15417476449|Jennifer|Doreen|1600 SW Western Blvd|Suite 130 IEEV|Corvallis|BENTON||Oregon State University|1600 SW Western Blvd.|Corvallis|OR|97333|1/15/2025|1/14/2028|1|15-1217|No
I-200-25016-623740|Coordinator - Transdisciplinary Research|Oregon State University||intl.hire@oregonstate.edu|15417376310|Jennifer|Doreen|1600 SW Western Blvd.|Suite 130|Corvallis|BENTON||Oregon State University|1600 SW Western Blvd.|Corvallis|OR|97333|1/16/2025|1/15/2028|1|13-1082|No
I-200-25023-637576|Research Associate|Oregon State University||intl.hire@oregonstate.edu|15417376310|Jennifer|Doreen|1600 SW Western Blvd.|Suite 130|Corvallis|BENTON||Oregon State University|1600 SW Western Blvd.|Corvallis|OR|97333|3/1/2025|2/29/2028|1|19-1013|No
I-200-22181-326867|Assistant Professor|Oregon State University||intl.hire@oregonstate.edu|15417476449|Jennifer|Doreen|OSU Electrical Eng & Computer Science, 1148 Kelley Eng Cente||Corvallis|BENTON||Oregon State University|1600 SW Western Blvd.|Corvallis|OR|97333|9/16/2022|9/15/2025|1|25-1021.00|No
I-200-22181-327232|Assistant Professor|Oregon State University||intl.hire@oregonstate.edu|15417476449|Jennifer|Doreen|Department of Chemistry|153 Gilbert Hall|Corvallis|BENTON||Oregon State University|1600 SW Western Blvd.|Corvallis|OR|97333|9/16/2022|9/15/2025|1|25-1052.00|No
I-200-22182-327448|Assistant Professor|Oregon State University||intl.hire@oregonstate.edu|15417476449|Jennifer|Doreen|OSU College of Business|2751 SW Jefferson Way|Corvallis|BENTON||Oregon State University|1600 SW Western Blvd.|Corvallis|OR|97333|9/16/2022|9/15/2025|1|25-1011.00|No
I-200-22192-343273|Assistant Professor (Senior Researcher)|Oregon State University||intl.hire@oregonstate.edu|15417476449|Jennifer|Doreen|College of Earth, Ocean, and Atmospheric Sciences|104 CEOAS Admin Bldg.|Corvallis|BENTON||Oregon State University|1600 SW Western Blvd.|Corvallis|OR|97333|7/15/2022|7/14/2025|1|19-2042.00|No
I-200-22214-391232|Assistant Professor|Oregon State University||intl.hire@oregonstate.edu|15417476449|Jennifer|Doreen|2030 SE Marine Science Dr.||Newport|BENTON||Oregon State University|1600 SW Western Blvd.|Corvallis|OR|97333|9/19/2022|9/18/2025|1|25-1051.00|No
I-200-22216-397372|Instructor|Oregon State University||intl.hire@oregonstate.edu|15417476449|Jennifer|Doreen|Oregon State University, 307 Fairbanks Hall||Corvallis|BENTON||Oregon State University|1600 SW Western Blvd.|Corvallis|OR|97333|8/26/2022|8/25/2025|1|25-1121.00|No
I-200-22249-456454|Instructor|Oregon State University||intl.hire@oregonstate.edu|15417476449|Jennifer|Doreen|Oregon State University|1148 Kelley Engineering Center|Corvallis|BENTON||Oregon State University|1600 SW Western Blvd.|Corvallis|OR|97333|9/16/2022|9/15/2025|1|25-1021.00|No
I-200-22251-462662|Instructor|Oregon State University||intl.hire@oregonstate.edu|15417476449|Jennifer|Doreen|Oregon State University|1148 Kelley Engineering Center|Corvallis|BENTON||Oregon State University|1600 SW Western Blvd.|Corvallis|OR|97333|10/13/2022|10/12/2025|1|25-1021.00|No
I-200-22265-488261|Research Associate|Oregon State University||intl.hire@oregonstate.edu|15417376468|Jennifer|Doreen|OSUs College of Veterinary Medicine - Biomedical Sciences|450 SW 30th Street|Corvallis|BENTON||Oregon State University|1600 SW Western Blvd.|Corvallis|OR|97333|1/1/2023|12/31/2025|1|19-1029.02|No
I-200-22284-522507|Postdoctoral Scholar|Oregon State University||intl.hire@oregonstate.edu|15417376468|Jennifer|Doreen|OSUs School of Biological & Population Health Sciences|2523 SW Campus Way|Corvallis|BENTON||Oregon State University|1600 SW Western Blvd.|Corvallis|OR|97333|10/31/2022|10/30/2025|1|19-1012.00|No
I-200-22290-533621|Fiscal Coordinator 2|Oregon State University||intl.hire@oregonstate.edu|15417376468|Jennifer|Doreen|OSUs Agricultural and Marine Science Business Center|Hovland Hall|Corvallis|BENTON||Oregon State University|1600 SW Western Blvd.|Corvallis|OR|97333|11/1/2022|10/31/2025|1|13-2011.00|No
I-200-22290-533741|Assistant Professor (Senior Research)|Oregon State University||intl.hire@oregonstate.edu|15417376468|Jennifer|Doreen|OSUs College of Public Health and Human Sciences|160 SW 26th St.|Corvallis|BENTON||Oregon State University|1600 SW Western Blvd.|Corvallis|OR|97333|11/1/2022|10/31/2025|1|19-1042.00|No
I-200-22290-533760|Instructor|Oregon State University||intl.hire@oregonstate.edu|15417376448|Jennifer|Doreen|OSUs School of Electrical Engineering and Computer Science|1148 Kelley Engineering Center|Corvallis|BENTON||Oregon State University|1600 SW Western Blvd.|Corvallis|OR|97333|12/16/2022|12/15/2025|1|25-1021.00|No
I-200-22292-539923|Fiscal Coordinator 2|Oregon State University||intl.hire@oregonstate.edu|15417476449|Jennifer|Doreen|OSU Agricultural and Marine Sciences Business Center|Oregon State University Hovland Hall|Corvallis|BENTON||Oregon State University|1600 SW Western Blvd.|Corvallis|OR|97333|11/1/2022|10/31/2025|1|13-2031.00|No
I-200-22322-596153|Instructional Design Specialist|Oregon State University||intl.hire@oregonstate.edu|15417376468|Jennifer|Doreen|Oregon State University Ecampus|201 SW Waldo Pl|Corvallis|BENTON||Oregon State University|1600 SW Western Blvd.|Corvallis|OR|97333|1/27/2023|1/26/2026|1|25-9031.00|No
I-200-22335-615903|Assistant Professor|Oregon State University||intl.hire@oregonstate.edu|15417476449|Jennifer|Doreen|OSUs Department of Food Science and Technology|100 Wiegand Hall, 3051 SW Campus Way|Corvallis|BENTON||Oregon State University|1600 SW Western Blvd.|Corvallis|OR|97333|1/17/2023|1/16/2026|1|25-1041.00|No
I-200-22335-615957|Research Associate|Oregon State University||intl.hire@oregonstate.edu|15417476449|Jennifer|Doreen|OSUs Department of Botany and Plant Pathology|2701 SW Campus Way|Corvallis|BENTON||Oregon State University|1600 SW Western Blvd.|Corvallis|OR|97333|3/1/2023|2/28/2026|1|19-1013.00|No
I-200-23009-689973|Instructor|Oregon State University||intl.hire@oregonstate.edu|15417376468|Jennifer|Doreen|OSUs School of School of Civil and Construction Engineering|101 Kearney Hall|Corvallis|BENTON||Oregon State University|1600 SW Western Blvd.|Corvallis|OR|97333|3/1/2023|2/28/2026|1|25-1032.00|No
I-200-24216-242964|Postdoctoral Scholar|Oregon State University||intl.hire@oregonstate.edu|15417476449|Jennifer|Doreen|Oregon State University, 101 Kearney Hall||Corvallis|BENTON||Oregon State University|1600 SW Western Blvd.|Corvallis|OR|97333|9/15/2024|9/14/2027|1|17-2053.00|No
I-200-20080-422122|Assistant Professor|Oregon State University||intl.hire@oregonstate.edu|15427376468|Jennifer|Doreen|OSUs Department of Chemistry|153 Gilbert Hall|Corvallis|BENTON||Oregon State University|1600 SW Western Blvd.|Corvallis|OR|97333|9/1/2020|8/31/2023|1|25-1052.00|No
I-200-20268-842984|Research Associate|Oregon State University||intl.hire@oregonstate.edu|15417476449|Jennifer|Doreen|104 CEOAS Administration Building|Oregon State University|Corvallis|BENTON||Oregon State University|1600 SW Western Blvd.|Corvallis|OR|97333|1/1/2021|12/31/2023|1|19-2042.00|No
I-200-20268-842998|Research Associate|Oregon State University||intl.hire@oregonstate.edu|15417476449|Jennifer|Doreen|Oregon State University|153 Gilbert Hall|Corvallis|BENTON||Oregon State University|1600 SW Western Blvd.|Corvallis|OR|97333|1/8/2021|1/7/2024|1|25-1052.00|No
I-200-21070-140100|Assistant Professor|Oregon State University||intl.hire@oregonstate.edu|15417376468|Jennifer|Doreen|OSUs Department of Statistics|239 Weniger Hall|Corvallis|BENTON||Oregon State University|1600 SW Western Blvd.|Corvallis|OR|97333|6/15/2021|6/14/2024|1|25-1022.00|No
I-200-21144-340290|Senior Instructor I|Oregon State University||intl.hire@oregonstate.edu|15417376468|Jennifer|Doreen|OSUs Department of Fisheries and Wildlife|104 Nash Hall, 2820 SW Campus Way|Corvallis|BENTON||Oregon State University|1600 SW Western Blvd.|Corvallis|OR|97333|7/1/2021|6/30/2024|1|25-1042.00|No
I-200-21298-666850|Associate Professor|Oregon State University||intl.hire@oregonstate.edu|15417376468|Jennifer|Doreen|OSUs Department of Statistics|Weniger Hall, Ste. 239|Corvallis|BENTON||Oregon State University|1600 SW Western Blvd.|Corvallis|OR|97333|10/25/2021|10/24/2024|1|25-1022.00|No
I-200-21298-666860|Assistant Professor|Oregon State University||intl.hire@oregonstate.edu|15417376468|Jennifer|Doreen|OSUs School of Civil and Construction Engineering|101 Kearney Hall|Corvallis|BENTON||Oregon State University|1600 SW Western Blvd.|Corvallis|OR|97333|12/16/2021|12/15/2024|1|25-1032.00|No
I-200-21322-714109|Postdoctoral Scholar|Oregon State University||intl.hire@oregonstate.edu|15417376468|Jennifer|Doreen|OSUs Hallie Ford Center|2631 SW Campus Way|Corvallis|BENTON||Oregon State University|1600 SW Western Blvd.|Corvallis|OR|97333|2/2/2022|6/30/2023|1|19-3099.00|No
I-200-22050-916117|Instructor|Oregon State University||intl.hire@oregonstate.edu|15417376468|Jennifer|Doreen|OSUs College of Earth, Ocean & Atmospheric Sciences|101 SW 26th St|Corvallis|BENTON||Oregon State University|1600 SW Western Blvd.|Corvallis|OR|97333|3/1/2022|2/28/2025|1|25-1064.00|No
I-200-22164-275694|Assistant Professor|Oregon State University||intl.hire@oregonstate.edu|15417476449|Jennifer|Doreen|OSU - College of Business|302 Austin Hall|Corvallis|BENTON||Oregon State University|1600 SW Western Blvd.|Corvallis|OR|97333|7/28/2022|7/27/2025|1|25-1011.00|No
I-200-22165-280292|Assistant Professor|Oregon State University||intl.hire@oregonstate.edu|15417476449|Jennifer|Doreen|OSU - College of Business|302 Austin Hall|Corvallis|BENTON||Oregon State University|1600 SW Western Blvd.|Corvallis|OR|97333|9/16/2022|9/15/2025|1|25-1011.00|No
I-200-22180-322065|Assistant Professor|Oregon State University||intl.hire@oregonstate.edu|15417476449|Jennifer|Doreen|Electrical Engineering & Computer Science|1148 Kelley Engineering Center|Corvallis|BENTON||Oregon State University|1600 SW Western Blvd.|Corvallis|OR|97333|9/16/2022|9/15/2025|1|25-1032.00|No
I-200-22180-322748|Assistant Professor|Oregon State University||intl.hire@oregonstate.edu|15417476449|Jennifer|Doreen|College of Earth, Ocean, and Atmospheric Sciences|104 CEOAS Admin Bldg.|Corvallis|BENTON||Oregon State University|1600 SW Western Blvd.|Corvallis|OR|97333|9/19/2022|9/18/2025|2|25-1051.00|No
I-200-22181-322891|Assistant Professor|Oregon State University||intl.hire@oregonstate.edu|15417476449|Jennifer|Doreen|College of Earth, Ocean, and Atmospheric Sciences|104 CEOAS Admin Bldg.|Corvallis|BENTON||Oregon State University|1600 SW Western Blvd.|Corvallis|OR|97333|9/19/2022|9/18/2025|1|25-1051.00|No
I-200-22181-322959|Assistant Professor|Oregon State University||intl.hire@oregonstate.edu|15417476449|Jennifer|Doreen|Wood Science & Engineering|119 Richardson Hall|Corvallis|BENTON||Oregon State University|1600 SW Western Blvd.|Corvallis|OR|97333|9/16/2022|9/15/2025|1|25-1032.00|No
I-200-24279-387962|Diversity Initiatives and Programs Coordinator|Oregon State University||intl.hire@oregonstate.edu|15417476449|Jennifer|Doreen|957 SW Jefferson Ave||Corvallis|BENTON||Oregon State University|1600 SW Western Blvd.|Corvallis|OR|97333|1/2/2025|1/1/2028|1|11-9033|No
I-200-24285-401990|Instructor|Oregon State University||intl.hire@oregonstate.edu|15417376310|Jennifer|Doreen|Oregon State University|1148 Kelley Engineering Center|Corvallis|BENTON||Oregon State University|1600 SW Western Blvd.|Corvallis|OR|97333|11/15/2024|11/14/2027|1|25-1032|No
I-200-24292-417728|Research Associate|Oregon State University||intl.hire@oregonstate.edu|15417476449|Jennifer|Doreen|1491 SW Campus Way|101 Kearney Hall|Corvallis|BENTON||Oregon State University|1600 SW Western Blvd.|Corvallis|OR|97333|11/1/2024|10/31/2027|1|19-2042|No
I-200-24298-430469|Instructor|Oregon State University||intl.hire@oregonstate.edu|15417376310|Jennifer|Doreen|Oregon State University|1148 Kelley Engineering Center|Corvallis|BENTON||Oregon State University|1600 SW Western Blvd.|Corvallis|OR|97333|11/15/2024|11/14/2027|1|25-1021|No
I-200-24298-431666|Instructor|Oregon State University||intl.hire@oregonstate.edu|15417476449|Jennifer|Doreen|700 SW 30th Street||Corvallis|BENTON||Oregon State University|1600 SW Western Blvd.|Corvallis|OR|97333|12/18/2024|12/17/2027|1|25-1071|No
I-200-24305-445637|Postdoctoral Scholar|Oregon State University||intl.hire@oregonstate.edu|15417476449|Jennifer|Doreen|2461 SW Campus Way|1148 Kelley Engineering Center|Corvallis|BENTON||Oregon State University|1600 SW Western Blvd.|Corvallis|OR|97333|12/7/2024|12/6/2027|1|17-2072|No
I-200-24312-461320|Assistant Professor|Oregon State University||intl.hire@oregonstate.edu|15417376310|Jennifer|Doreen|1600 SW Western Blvd.|Ste. 130|Corvallis|BENTON||Oregon State University|1600 SW Western Blvd.|Corvallis|OR|97333|1/6/2025|1/5/2028|1|25-1032|No
I-200-24320-476738|Faculty Research Assistant|Oregon State University||intl.hire@oregonstate.edu|15417476449|Jennifer|Doreen|1600 SW Western Blvd|Suite 130|Corvallis|BENTON||Oregon State University|1600 SW Western Blvd.|Corvallis|OR|97333|12/1/2024|11/30/2027|1|19-1013|No
I-200-24326-491824|Research Associate|Oregon State University||intl.hire@oregonstate.edu|15417376310|Jennifer|Doreen|1600 SW Western Blvd.|Suite 130|Corvallis|BENTON||Oregon State University|1600 SW Western Blvd.|Corvallis|OR|97333|1/31/2025|1/30/2028|1|19-1022|No
I-200-24339-518438|Assistant Professor|Oregon State University||intl.hire@oregonstate.edu|15417376310|Jennifer|Doreen|1600 SW Western Blvd.|Suite 130|Corvallis|BENTON||Oregon State University|1600 SW Western Blvd.|Corvallis|OR|97333|12/16/2024|12/15/2027|1|25-1021|No
I-200-24339-518763|Assistant Professor|Oregon State University||intl.hire@oregonstate.edu|15417376310|Jennifer|Doreen|1600 SW Western Blvd.|Suite 130|Corvallis|BENTON||Oregon State University|1600 SW Western Blvd.|Corvallis|OR|97333|12/24/2024|12/23/2027|1|25-1043|No
I-200-24341-524559|Assistant Professor|Oregon State University||intl.hire@oregonstate.edu|15417376310|Jennifer|Doreen|1600 SW Western Blvd.|Suite 130|Corvallis|BENTON||Oregon State University|1600 SW Western Blvd.|Corvallis|OR|97333|12/16/2024|12/15/2027|1|25-1032|No
I-200-24345-531661|Postdoctoral Scholar|Oregon State University||intl.hire@oregonstate.edu|15417376310|Jennifer|Doreen|1600 SW Western Blvd.|Suite 130|Corvallis|BENTON||Oregon State University|1600 SW Western Blvd.|Corvallis|OR|97333|2/1/2025|1/31/2028|1|19-2012|No
I-200-25002-589213|Project Manager|Oregon State University||intl.hire@oregonstate.edu|15417376310|Jennifer|Doreen|1600 SW Western Blvd.|Ste. 130|Corvallis|BENTON||Oregon State University|1600 SW Western Blvd.|Corvallis|OR|97333|1/15/2025|1/14/2028|1|15-1217|No
I-200-25048-699538|Postdoctoral Scholar|Oregon State University||intl.hire@oregonstate.edu|15417476449|Jennifer|Doreen|1600 SW Western Blvd||Corvallis|BENTON||Oregon State University|1600 SW Western Blvd.|Corvallis|OR|97333|5/15/2025|5/14/2028|1|17-2144|No
I-200-25050-705163|Staff Counselor|Oregon State University||intl.hire@oregonstate.edu|15417376310|Jennifer|Doreen|1600 SW Western Blvd.|Suite 130|Corvallis|BENTON||Oregon State University|1600 SW Western Blvd.|Corvallis|OR|97333|3/1/2025|2/29/2028|1|21-1012|No
I-200-25062-739887|Postdoctoral Scholar|Oregon State University||intl.hire@oregonstate.edu|15417476449|Jennifer|Doreen|1600 SW Western Blvd||Corvallis|BENTON||Oregon State University|1600 SW Western Blvd.|Corvallis|OR|97333|5/28/2025|5/27/2028|1|17-2144|No
I-200-25108-881500|Assistant Professor|Oregon State University||intl.hire@oregonstate.edu|15417476449|Jennifer|Doreen|1600 SW Western Blvd||Corvallis|BENTON||Oregon State University|1600 SW Western Blvd.|Corvallis|OR|97333|9/19/2025|11/1/2027|1|25-1051|No
I-200-25108-881549|Assistant Professor|Oregon State University||intl.hire@oregonstate.edu|15417476449|Jennifer|Doreen|1600 SW Western Blvd||Corvallis|BENTON||Oregon State University|1600 SW Western Blvd.|Corvallis|OR|97333|9/19/2025|9/18/2028|1|25-1051|No
I-200-25111-886561|Postdoctoral Scholar|Oregon State University||intl.hire@oregonstate.edu|15417376310|Jennifer|Doreen|1600 SW Western Blvd.|Ste. 130|Corvallis|BENTON||Oregon State University|1600 SW Western Blvd.|Corvallis|OR|97333|5/1/2025|4/30/2028|1|19-3011|No
I-200-25113-895715|Learning Specialist|Oregon State University||intl.hire@oregonstate.edu|15417476449|Jennifer|Doreen|1600 SW Western Blvd||Corvallis|BENTON||Oregon State University|1600 SW Western Blvd.|Corvallis|OR|97333|9/4/2025|9/3/2028|1|21-1012|No
I-200-25113-896189|Assistant Professor, Senior Research|Oregon State University||intl.hire@oregonstate.edu|15417376310|Jennifer|Doreen|1600 SW Western Blvd.|Ste. 130|Corvallis|BENTON||Oregon State University|1600 SW Western Blvd.|Corvallis|OR|97333|6/1/2025|5/31/2028|1|15-1221|No
I-200-25114-901560|Assistant Professor|Oregon State University||intl.hire@oregonstate.edu|15417476310|Jennifer|Doreen|1600 SW Western Blvd.|Ste. 130|Corvallis|BENTON||Oregon State University|1600 SW Western Blvd.|Corvallis|OR|97333|7/31/2025|7/30/2028|1|25-1052|No
I-200-25114-902111|Assistant Professor, Practice|Oregon State University||intl.hire@oregonstate.edu|15417376310|Jennifer|Doreen|1600 SW Western Blvd.|Ste. 130|Corvallis|BENTON||Oregon State University|1600 SW Western Blvd.|Corvallis|OR|97333|7/1/2025|6/30/2028|1|25-1041|No
I-200-25160-071853|Assistant Professor|Oregon State University||intl.hire@oregonstate.edu|15417476449|Kate|Comiskey|1600 SW Western Blvd||Corvallis|BENTON||Oregon State University|1600 SW Western Blvd.|Corvallis|OR|97333|9/16/2025|9/15/2028|1|25-1021|No
I-200-25162-080705|Post Doctoral Scholar|Oregon State University||intl.hire@oregonstate.edu|15417376468|Kate|Comiskey|1600 SW Western Blvd||Corvallis|BENTON|Gasparian Spivey Immigration|1600 SW Western Blvd.||Corvallis|OR|97333|7/15/2025|7/14/2028|1|19-1021|No
I-200-25162-081076|Post Doctoral Scholar|Oregon State University||intl.hire@oregonstate.edu|15417376468|Kate|Comiskey|1600 SW Western Blvd.||Corvallis|BENTON|Gasparian Spivey Immigration|1600 SW Western Blvd.||Corvallis|OR|97333|7/15/2025|7/14/2028|1|19-1021|No
I-200-23068-836156|Director, TallWood Design Institute|Oregon State University||intl.hire@oregonstate.edu|15417376468|Jennifer|Doreen|3205 SW Washington Way||Corvallis|BENTON||Oregon State University|1600 SW Western Blvd.|Corvallis|OR|97333|4/14/2023|4/13/2026|1|11-9033.00|No
I-200-23073-846924|Research Associate|Oregon State University||intl.hire@oregonstate.edu|15417376468|Jennifer|Doreen|OSUs Mechanical, Industrial and Manufacturing Engineering|204 Rogers Hall|Corvallis|BENTON||Oregon State University|1600 SW Western Blvd.|Corvallis|OR|97333|5/15/2023|5/14/2026|1|17-2112.00|No
I-200-23086-881564|Post Doctoral Scholar|Oregon State University||intl.hire@oregonstate.edu|15417376468|Jennifer|Doreen|OSU Mechanical, Industrial, and Manufacturing Engineering|1110 NE Circle Blvd|Corvallis|BENTON||Oregon State University|1600 SW Western Blvd.|Corvallis|OR|97333|4/15/2023|4/14/2026|1|17-2144.00|No
I-200-23094-904447|School Network Administrator|Oregon State University||intl.hire@oregonstate.edu|15417376468|Jennifer|Doreen|OSUs College of Engineering|220B Dearborn Hall|Corvallis|BENTON||Oregon State University|1600 SW Western Blvd.|Corvallis|OR|97333|5/1/2023|4/30/2026|1|15-1217.00|No
I-200-23137-030221|Instructor|Oregon State University||intl.hire@oregonstate.edu|15417376468|Jennifer|Doreen|OSUs School of Arts & Communication|2001 SW Campus Way|Corvallis|BENTON||Oregon State University|1600 SW Western Blvd.|Corvallis|OR|97333|8/15/2023|8/14/2026|1|25-1122.00|No
I-200-23137-030242|Assistant Professor|Oregon State University||intl.hire@oregonstate.edu|15417376468|Jennifer|Doreen|OSUs Department of Chemistry|153 Gilbert Hall|Corvallis|BENTON||Oregon State University|1600 SW Western Blvd.|Corvallis|OR|97333|9/16/2023|9/15/2026|1|25-1052.00|No
I-200-23138-036133|Postdoctoral Scholar|Oregon State University||intl.hire@oregonstate.edu|15417376468|Jennifer|Doreen|OSUs Department of Chemistry|153 Gilbert Hall|Corvallis|BENTON||Oregon State University|1600 SW Western Blvd.|Corvallis|OR|97333|7/1/2023|6/30/2026|1|19-2031.00|No
I-200-23143-046803|School Network Administrator|Oregon State University||intl.hire@oregonstate.edu|15417376468|Jennifer|Doreen|OSUs College of Engineering|220B Dearborn Hall|Corvallis|BENTON||Oregon State University|1600 SW Western Blvd.|Corvallis|OR|97333|7/1/2023|6/30/2026|1|15-1217.00|No
I-200-23160-095514|Assistant Professor|Oregon State University||intl.hire@oregonstate.edu|15417376468|Jennifer|Doreen|OSUs School of Marketing, Analytics and Design|2751 SW Jefferson Way|Corvallis|BENTON||Oregon State University|1600 SW Western Blvd.|Corvallis|OR|97333|8/1/2023|7/31/2026|1|25-1011.00|No
I-200-23164-106460|Assistant Professor|Oregon State University||intl.hire@oregonstate.edu|15417476449|Jennifer|Doreen|OSUs College of Business|2751 SW Jefferson Way|Corvallis|BENTON||Oregon State University|1600 SW Western Blvd.|Corvallis|OR|97333|8/1/2023|7/31/2026|1|25-1011.00|No
I-200-23164-107305|School Network Administrator|Oregon State University||intl.hire@oregonstate.edu|15417476449|Jennifer|Doreen|OSUs College of Engineering|220B Dearborn Hall|Corvallis|BENTON||Oregon State University|1600 SW Western Blvd.|Corvallis|OR|97333|7/1/2023|6/30/2026|1|15-1217.00|No
I-200-23198-193756|Business and Student Development Manager|Oregon State University||intl.hire@oregonstate.edu|15417476449|Jennifer|Doreen|Oregon State University|Strand Agricultural Hall, 200B|Corvallis|BENTON||Oregon State University|1600 SW Western Blvd.|Corvallis|OR|97333|7/31/2023|7/30/2026|1|13-1161.00|No
I-200-23219-244380|Assistant Professor|Oregon State University||intl.hire@oregonstate.edu|15417476449|Jennifer|Doreen|OSU Dept of Physics, 301 Weniger Hall||Corvallis|BENTON||Oregon State University|1600 SW Western Blvd.|Corvallis|OR|97333|9/16/2023|9/15/2026|1|25-1054.00|No
I-200-23219-244430|Assistant Professor|Oregon State University||intl.hire@oregonstate.edu|15417476449|Jennifer|Doreen|OSU Dept of Crop & Soil Science, 3050 SW Campus Way||Corvallis|BENTON||Oregon State University|1600 SW Western Blvd.|Corvallis|OR|97333|9/16/2023|9/15/2026|1|25-1041.00|No
I-200-23221-251078|IT Consultant|Oregon State University||intl.hire@oregonstate.edu|15417476449|Jennifer|Doreen|College of Engineering, Oregon State University|101 Covell Hall|Corvallis|BENTON||Oregon State University|1600 SW Western Blvd.|Corvallis|OR|97333|10/5/2023|10/4/2026|1|15-1217.00|No
I-200-23221-251155|Instructor|Oregon State University||intl.hire@oregonstate.edu|15417476449|Jennifer|Doreen|OSU Elect Engr/Computer Sci|1148 Kelley Engineering Center|Corvallis|BENTON||Oregon State University|1600 SW Western Blvd.|Corvallis|OR|97333|9/11/2023|9/10/2026|1|25-1021.00|No
I-200-23234-283465|Instructor|Oregon State University||intl.hire@oregonstate.edu|15417476449|Jennifer|Doreen|OSU Elect Eng/Comp Sci, 1148 Kelley Engineering Center||Corvallis|BENTON||Oregon State University|1600 SW Western Blvd.|Corvallis|OR|97333|9/11/2023|9/10/2026|1|25-1021.00|No
I-200-23265-374521|Research Associate|Oregon State University||intl.hire@oregonstate.edu|15417476449|Jennifer|Doreen|104 CEOAS Admin Bldg, Oregon State University||Corvallis|BENTON||Oregon State University|1600 SW Western Blvd.|Corvallis|OR|97333|11/1/2023|10/31/2026|1|19-2042.00|No
I-200-23265-374880|Assistant Professor (Sr Res)|Oregon State University||intl.hire@oregonstate.edu|15417476449|Jennifer|Doreen|151 Batcheller Hall, Oregon State University||Corvallis|BENTON||Oregon State University|1600 SW Western Blvd.|Corvallis|OR|97333|1/1/2024|12/31/2026|1|17-2161.00|No
I-200-23265-375074|Instructor|Oregon State University||intl.hire@oregonstate.edu|15417476449|Jennifer|Doreen|204 Rogers Hall, Oregon State University||Corvallis|BENTON||Oregon State University|1600 SW Western Blvd.|Corvallis|OR|97333|12/1/2023|11/30/2026|1|25-1032.00|No
I-200-23269-381386|Assistant Professor (Clinical)|Oregon State University||intl.hire@oregonstate.edu|15417476449|Jennifer|Doreen|1601 SW Jefferson Way, Oregon State University||Corvallis|BENTON||Oregon State University|1600 SW Western Blvd.|Corvallis|OR|97333|11/1/2023|10/31/2026|1|25-1071.00|No
I-200-23272-400000|Postdoctoral Scholar|Oregon State University||intl.hire@oregonstate.edu|15417476449|Jennifer|Doreen|2503 Cordley Hall, Oregon State University|2701 SW Campus Way|Corvallis|BENTON||Oregon State University|1600 SW Western Blvd.|Corvallis|OR|97333|11/15/2023|11/14/2026|1|19-1013.00|No
I-200-23272-400269|Postdoctoral Scholar|Oregon State University||intl.hire@oregonstate.edu|15417476449|Jennifer|Doreen|2503 Cordley Hall, Oregon State University|2701 SW Campus Way|Corvallis|BENTON||Oregon State University|1600 SW Western Blvd.|Corvallis|OR|97333|11/15/2023|11/14/2026|1|19-1013.00|No
I-200-23273-401581|Assistant Professor|Oregon State University||intl.hire@oregonstate.edu|15417476449|Jennifer|Doreen|OSU, 1148 Kelley Engineering Center||Corvallis|BENTON||Oregon State University|1600 SW Western Blvd.|Corvallis|OR|97333|12/16/2023|12/15/2026|1|25-1032.00|No
I-200-23273-401658|Assistant Professor|Oregon State University||intl.hire@oregonstate.edu|15417476449|Jennifer|Doreen|OSU, 430 Strand Agricultural Hall||Corvallis|BENTON||Oregon State University|1600 SW Western Blvd.|Corvallis|OR|97333|11/16/2023|11/15/2026|1|25-1041.00|No
I-200-23298-456571|Postdoctoral Scholar|Oregon State University||intl.hire@oregonstate.edu|15417476449|Jennifer|Doreen|160 SW 26th St||Corvallis|BENTON||Oregon State University|1600 SW Western Blvd.|Corvallis|OR|97333|1/1/2024|12/31/2026|1|19-5011.00|No
I-200-23313-491586|Postdoctoral Scholar|Oregon State University||intl.hire@oregonstate.edu|15417476449|Jennifer|Doreen|160 SW 26th St||Corvallis|BENTON||Oregon State University|1600 SW Western Blvd.|Corvallis|OR|97333|1/1/2024|12/31/2026|1|17-2031.00|No
I-200-23325-517451|Analyst Programmer|Oregon State University||intl.hire@oregonstate.edu|15417476449|Jennifer|Doreen|OSUs F&A Information & Technology|850 SW 35th St|Corvallis|BENTON||Oregon State University|1600 SW Western Blvd.|Corvallis|OR|97333|1/1/2024|12/31/2026|1|15-1252.00|No
I-200-23326-519910|Postdoctoral Scholar|Oregon State University||intl.hire@oregonstate.edu|15417476449|Jennifer|Doreen|1148 Kelley Engineering Center|2500 NW Monroe Ave|Corvallis|BENTON||Oregon State University|1600 SW Western Blvd.|Corvallis|OR|97333|2/1/2024|1/31/2027|1|17-2071.00|No
I-200-23333-530164|Postdoctoral Scholar|Oregon State University||intl.hire@oregonstate.edu|15417476449|Jennifer|Doreen|OSUs Mechanical, Industrial & Manufacturing Engineering|050 Batcheller Hall|Corvallis|BENTON||Oregon State University|1600 SW Western Blvd.|Corvallis|OR|97333|2/15/2024|2/14/2027|1|19-2012.00|No
I-200-23362-595331|Faculty Research Assistant|Oregon State University||intl.hire@oregonstate.edu|15417476449|Jennifer|Doreen|OSU, 101 Kearney Hall||Corvallis|BENTON||Oregon State University|1600 SW Western Blvd.|Corvallis|OR|97333|4/1/2024|3/31/2027|1|19-2042.00|No
I-200-23362-595367|Medical Laboratory Technologist|Oregon State University||intl.hire@oregonstate.edu|15417476449|Jennifer|Doreen|OSU, 121 Magruder Hall||Corvallis|BENTON||Oregon State University|1600 SW Western Blvd.|Corvallis|OR|97333|4/1/2024|3/31/2027|1|29-2011.00|No
I-200-24017-647191|Postdoctoral Scholar|Oregon State University||intl.hire@oregonstate.edu|15417476449|Jennifer|Doreen|2701 SW Campus Way||Corvallis|BENTON||Oregon State University|1600 SW Western Blvd.|Corvallis|OR|97333|3/1/2024|2/28/2027|1|19-1022.00|No
I-200-24026-670425|Postdoctoral Scholar|Oregon State University||intl.hire@oregonstate.edu|15417476449|Jennifer|Doreen|2701 SW Campus Way||Corvallis|BENTON||Oregon State University|1600 SW Western Blvd.|Corvallis|OR|97333|3/1/2024|2/28/2027|1|19-1022.00|No
I-200-24038-700679|Fiscal Coordinator 1|Oregon State University||intl.hire@oregonstate.edu|15417476449|Jennifer|Doreen|OSUs Financial Strategic Services|2461 SW Campus Way|Corvallis|BENTON||Oregon State University|1600 SW Western Blvd.|Corvallis|OR|97333|7/1/2024|7/1/2027|1|13-2031.00|No
I-200-24045-719591|Assistant Professor|Oregon State University||intl.hire@oregonstate.edu|15417476449|Jennifer|Doreen|OSUs College of Business|2751 SW Jefferson Way|Corvallis|BENTON||Oregon State University|1600 SW Western Blvd.|Corvallis|OR|97333|6/20/2024|6/19/2025|1|25-1011.00|No
I-200-24068-781553|Veterinarian Resident|Oregon State University||intl.hire@oregonstate.edu|15417476449|Jennifer|Doreen|Oregon State University, 700 SW 30th Street||Corvallis|BENTON||Oregon State University|1600 SW Western Blvd.|Corvallis|OR|97333|6/1/2024|5/31/2027|5|29-1131.00|No
I-200-24079-812273|Research Associate|Oregon State University||intl.hire@oregonstate.edu|15417476449|Jennifer|Doreen|1148 Kelley Engineering Center, OSU||Corvallis|BENTON||Oregon State University|1600 SW Western Blvd.|Corvallis|OR|97333|6/1/2024|5/31/2027|1|15-1221.00|No
I-200-24102-878946|Associate Professor (Teaching)|Oregon State University||intl.hire@oregonstate.edu|15417476449|Jennifer|Doreen|OSUs School of Psychological Science|3015 SW Western Blvd - 110 Oak Creek Building|Corvallis|BENTON||Oregon State University|1600 SW Western Blvd.|Corvallis|OR|97333|6/16/2024|6/15/2027|1|25-1066.00|No
I-200-24122-945585|Assistant Professor|Oregon State University||intl.hire@oregonstate.edu|15417476449|Jennifer|Doreen|OSUs School of Electrical Engineering and Computer Science|1148 Kelley Engineering Center|Corvallis|BENTON||Oregon State University|1600 SW Western Blvd.|Corvallis|OR|97333|9/16/2024|9/15/2027|1|25-1021.00|No
I-200-24124-955005|Instructor|Oregon State University||intl.hire@oregonstate.edu|15417476449|Jennifer|Doreen|OSUs School of Electrical Engineering and Computer Science|1148 Kelley Engineering Center|Corvallis|BENTON||Oregon State University|1600 SW Western Blvd.|Corvallis|OR|97333|6/15/2024|6/14/2027|1|25-1032.00|No
I-200-24128-966896|Postdoctoral Scholar|Oregon State University||intl.hire@oregonstate.edu|15417476449|Jennifer|Doreen|OSUs School of Nutrition and Public Health|2520 SW Campus Way|Corvallis|BENTON||Oregon State University|1600 SW Western Blvd.|Corvallis|OR|97333|5/25/2024|5/24/2027|1|19-1012.00|No
I-200-24145-035061|Postdoctoral Scholar|Oregon State University||intl.hire@oregonstate.edu|15417476449|Jennifer|Doreen|OSUs School of Forest Ecosystems and Society|Richardson Hall|Corvallis|BENTON||Oregon State University|1600 SW Western Blvd.|Corvallis|OR|97333|8/14/2024|8/13/2027|1|15-2051.00|No
I-200-24156-068398|Analyst Programmer|Oregon State University||intl.hire@oregonstate.edu|15417476449|Jennifer|Doreen|2591 SW Campus Way||Corvallis|BENTON||Oregon State University|1600 SW Western Blvd.|Corvallis|OR|97333|7/1/2024|6/30/2027|1|15-1295.00|No
I-200-24183-165403|Assistant Professor|Oregon State University||intl.hire@oregonstate.edu|15417476449|Jennifer|Doreen|OSUs Wood Science and Engineering|3100 SW Jefferson Way|Corvallis|BENTON||Oregon State University|1600 SW Western Blvd.|Corvallis|OR|97333|9/16/2024|9/15/2027|1|25-1032.00|No
I-200-24193-191042|Analyst Programmer|Oregon State University||intl.hire@oregonstate.edu|15417476449|Jennifer|Doreen|2591 SW Campus Way||Corvallis|BENTON||Oregon State University|1600 SW Western Blvd.|Corvallis|OR|97333|8/12/2024|8/11/2027|1|15-1295.00|No
I-200-24198-198045|Assistant Professor, Senior Research|Oregon State University||intl.hire@oregonstate.edu|15417476449|Jennifer|Doreen|OSU, 104 CEOAS Administration Building||Corvallis|BENTON||Oregon State University|1600 SW Western Blvd.|Corvallis|OR|97333|7/22/2024|7/21/2027|1|19-2042.00|No
I-200-24213-236639|Assistant Professor|Oregon State University||intl.hire@oregonstate.edu|15417476449|Jennifer|Doreen|2251 Campus Way|300 Bexell Hall|Corvallis|BENTON||Oregon State University|1600 SW Western Blvd.|Corvallis|OR|97333|9/16/2024|9/15/2027|1|25-1065.00|No
I-200-24215-241857|Staff Psychologist|Oregon State University||intl.hire@oregonstate.edu|15417476449|Jennifer|Doreen|2150 SW Jefferson|500 Snell Hall|Corvallis|BENTON||Oregon State University|1600 SW Western Blvd.|Corvallis|OR|97333|9/15/2024|9/14/2027|1|21-1012.00|No
I-200-20072-403495|Assistant Professor|Oregon State University||intl.hire@oregonstate.edu|15417376468|Jennifer|Doreen|OSUs School of Electrical Engineering and Computer Science|110 SW Park Terrace, Ste. 1148|Corvallis|BENTON||Oregon State University|1600 SW Western Blvd.|Corvallis|OR|97333|4/1/2020|3/31/2023|1|25-1032.00|No
I-200-24228-269880|Senior Instructor I|Oregon State University||intl.hire@oregonstate.edu|15417476449|Jennifer|Doreen|2520 SW Campus Way|Room 322|Corvallis|BENTON||Oregon State University|1600 SW Western Blvd.|Corvallis|OR|97333|9/16/2024|9/15/2027|1|25-1125.00|No
I-200-24256-332897|Diversity Initiatives and Programs Coordinator|Oregon State University||intl.hire@oregonstate.edu|15417476449|Jennifer|Doreen|957 SW Jefferson Ave||Corvallis|BENTON||Oregon State University|1600 SW Western Blvd.|Corvallis|OR|97333|12/1/2024|11/30/2027|1|11-9033.00|No
I-200-24262-347195|Senior Instructor I|Oregon State University||intl.hire@oregonstate.edu|15417476449|Jennifer|Doreen|OSUs College of Business|2751 SW Jefferson Way|Corvallis|BENTON||Oregon State University|1600 SW Western Blvd.|Corvallis|OR|97333|11/9/2024|11/8/2027|1|25-1011.00|No
I-200-24268-360874|Postdoctoral Scholar|Oregon State University||intl.hire@oregonstate.edu|15417476449|Jennifer|Doreen|3100 SW Jefferson Way||Corvallis|BENTON||Oregon State University|1600 SW Western Blvd.|Corvallis|OR|97333|12/1/2024|11/30/2027|1|17-2131|No
I-200-24270-367250|Research Associate|Oregon State University||intl.hire@oregonstate.edu|15417476449|Jennifer|Doreen|2150 SW Jefferson Way||Corvallis|BENTON||Oregon State University|1600 SW Western Blvd.|Corvallis|OR|97333|1/17/2025|1/16/2028|1|19-1031.02|No
I-200-24270-367579|Scholarship and Analytics Manager|Oregon State University||intl.hire@oregonstate.edu|15417476449|Jennifer|Doreen|OSUs College of Business|2751 SW Jefferson Way|Corvallis|BENTON||Oregon State University|1600 SW Western Blvd.|Corvallis|OR|97333|12/1/2024|11/30/2027|1|15-2031|No
I-200-23325-517121|Assistant Professor (Practice)|Oregon State University||intl.hire@oregonstate.edu|15417476449|Jennifer|Doreen|200 Warner Milne Rd||Oregon City|CLACKAMAS||Oregon State University|1600 SW Western Blvd.|Corvallis|OR|97333|2/15/2024|2/14/2027|1|25-1041.00|No
I-200-23340-547850|Assistant Professor (Practice)|Oregon State University||intl.hire@oregonstate.edu|15417476449|Jennifer|Doreen|200 Warner Milne Rd||Oregon City|CLACKAMAS||Oregon State University|1600 SW Western Blvd.|Corvallis|OR|97333|1/1/2024|12/31/2026|1|25-1041.00|No
I-200-21305-679205|Machining Shop & Maker Space Manager|Oregon State University||intl.hire@oregonstate.edu|15417376468|Jennifer|Doreen|OSU - Cascades|1500 SW Chandler Ave|Bend|DESCHUTES||Oregon State University|1600 SW Western Blvd.|Corvallis|OR|97333|12/18/2021|12/17/2024|1|11-9199.00|No
I-200-24292-417257|Machining Shop & Maker Space Manager|Oregon State University||intl.hire@oregonstate.edu|15417376310|Jennifer|Doreen|OSU Cascades|1500 SW Chandler Avenue|Bend|DESCHUTES||Oregon State University|1600 SW Western Blvd.|Corvallis|OR|97333|12/19/2024|12/18/2027|1|25-1032|No
I-200-25141-003139|Academic Advisor|Oregon State University||intl.hire@oregonstate.edu|15417376310|Kate|Comiskey|1500 SW Chandler Ave||Bend|DESCHUTES||Oregon State University|1600 SW Western Blvd.|Corvallis|OR|97333|8/15/2025|8/14/2028|1|21-1012|No
I-200-22048-911860|Academic Advisor|Oregon State University||intl.hire@oregonstate.edu|15417376468|Jennifer|Doreen|OSU - Cascades|1500 SW Chandler Ave|Bend|DESCHUTES||Oregon State University|1600 SW Western Blvd.|Corvallis|OR|97333|8/15/2022|8/14/2025|1|21-1012.00|No
I-200-21305-680478|Machining Shop & Maker Space Manager|Oregon State University||intl.hire@oregonstate.edu|15417376468|Jennifer|Doreen|OSU - Cascades|1500 SW Chandler Ave|Bend|DESCHUTES||Oregon State University|1600 SW Western Blvd.|Corvallis|OR|97333|12/19/2021|12/18/2024|1|11-9199.00|No
I-200-22031-865631|Academic Advisor|Oregon State University||intl.hire@oregonstate.edu|15417376468|Jennifer|Doreen|OSU-Cascades|1500 SW Chandler Ave|Bend|DESCHUTES||Oregon State University|1600 SW Western Blvd.|Corvallis|OR|97333|5/15/2022|5/14/2025|1|21-1012.00|No
I-200-19364-220517|Assistant Professor|Oregon State University||intl.hire@oregonstate.edu|15417376468|Jennifer|Doreen|OSUs Eastern Oregon Agricultural Research Center|67826-A Hwy 205|Burns|HARNEY||Oregon State University|1600 SW Western Blvd.|Corvallis|OR|97333|1/13/2020|1/12/2023|1|19-1011.00|No
I-200-24066-775954|Associate Professor (Practice)|Oregon State University||intl.hire@oregonstate.edu|15417476449|Jennifer|Doreen|OSUs Extension and Engagement|6923 Washburn Way|Klamath Falls|KLAMATH||Oregon State University|1600 SW Western Blvd.|Corvallis|OR|97333|5/15/2024|5/14/2027|1|25-1043.00|No
I-200-23219-244072|Assistant Professor (Senior Research)|Oregon State University||intl.hire@oregonstate.edu|15417476449|Jennifer|Doreen|Klamath Basin Research & Extension Center, 6941 Washburn Way||Klamath Falls|KLAMATH||Oregon State University|1600 SW Western Blvd.|Corvallis|OR|97333|9/30/2023|9/29/2026|1|25-1041.00|No
I-200-24073-796111|Associate Professor (Practice)|Oregon State University||intl.hire@oregonstate.edu|15417476449|Jennifer|Doreen|OSUs Extension and Engagement|6923 Washburn Way|Klamath Falls|KLAMATH||Oregon State University|1600 SW Western Blvd.|Corvallis|OR|97333|5/15/2024|5/14/2027|1|25-1043.00|No
I-200-24073-795910|Postdoctoral Scholar|Oregon State University||intl.hire@oregonstate.edu|15417476449|Jennifer|Doreen|OSUs Marine Mammal Institute|2030 SE Marine Science Drive|Newport|LINCOLN||Oregon State University|1600 SW Western Blvd.|Corvallis|OR|97333|6/17/2024|6/16/2027|1|19-1023.00|No
I-200-22215-394169|Assistant Professor|Oregon State University||intl.hire@oregonstate.edu|15417476449|Jennifer|Doreen|2030 SE Marine Science Dr.||Newport|LINCOLN||Oregon State University|1600 SW Western Blvd.|Corvallis|OR|97333|9/19/2022|9/18/2025|1|25-1051.00|No
I-200-21123-281353|Research Associate|Oregon State University||intl.hire@oregonstate.edu|15417376468|Jennifer|Doreen|OSUs Coastal Oregon Marine Experiment Station (COMES)|2030 SE Marine  Science Drive|Newport|LINCOLN||Oregon State University|1600 SW Western Blvd.|Corvallis|OR|97333|6/1/2021|5/31/2024|1|19-1023.00|No
I-200-21279-629030|Assistant Professor (Senior Research)|Oregon State University||intl.hire@oregonstate.edu|15417376468|Jennifer|Doreen|OSUs College of Veterinary Medicine - Biomedical Sciences|2030 SE Marine Science Dr.|Newport|LINCOLN||Oregon State University|1600 SW Western Blvd.|Corvallis|OR|97333|11/15/2021|11/14/2024|1|25-1071.00|No
I-200-22045-900874|Postdoctoral Scholar|Oregon State University||intl.hire@oregonstate.edu|15417376468|Jennifer|Doreen|OSUs Marine Mammal Institute|2030 SE Marine Science Drive|Newport|LINCOLN||Oregon State University|1600 SW Western Blvd.|Corvallis|OR|97333|4/15/2022|4/14/2025|1|19-1023.00|No
I-200-24299-434029|Postdoctoral Scholar|Oregon State University||intl.hire@oregonstate.edu|15417476449|Jennifer|Doreen|2030 SE Marine Science Dr||Newport|LINCOLN||Oregon State University|1600 SW Western Blvd.|Corvallis|OR|97333|1/1/2025|12/31/2027|1|19-2041.03|No
I-200-24299-434066|Postdoctoral Scholar|Oregon State University||intl.hire@oregonstate.edu|15417476449|Jennifer|Doreen|2030 SE Marine Science Dr||Newport|LINCOLN||Oregon State University|1600 SW Western Blvd.|Corvallis|OR|97333|2/1/2025|1/31/2028|1|19-2041.03|No
I-200-21288-648138|Assistant Professor (Senior Research)|Oregon State University||intl.hire@oregonstate.edu|15417376468|Jennifer|Doreen|OSUs College of Veterinary Medicine - Biomedical Sciences|2030 SE Marine Science Dr.|Newport|LINCOLN||Oregon State University|1600 SW Western Blvd.|Corvallis|OR|97333|11/15/2021|11/14/2024|1|25-1071.00|No
I-200-21260-591174|Research Associate|Oregon State University||intl.hire@oregonstate.edu|15417376468|Jennifer|Doreen|OSUs Coastal Oregon Marine Experiment Station (COMES)|HMSC, 2030 SE Marine Science Drive|Newport|LINCOLN||Oregon State University|1600 SW Western Blvd.|Corvallis|OR|97333|10/25/2021|10/24/2024|1|19-1023.00|No
I-200-24242-304849|Postdoctoral Scholar|Oregon State University||intl.hire@oregonstate.edu|15417476449|Jennifer|Doreen|2030 SE Marine Science Drive||Newport|LINCOLN||Oregon State University|1600 SW Western Blvd.|Corvallis|OR|97333|10/1/2024|9/30/2027|1|19-1023.00|No
I-200-22220-403826|Assistant Professor|Oregon State University||intl.hire@oregonstate.edu|15417476449|Jennifer|Doreen|2030 SE Marine Science Dr.||Newport|LINCOLN||Oregon State University|1600 SW Western Blvd.|Corvallis|OR|97333|9/19/2022|9/18/2025|1|25-1051.00|No
I-200-21280-632382|Assistant Professor (Senior Research)|Oregon State University||intl.hire@oregonstate.edu|15417376468|Jennifer|Doreen|OSUs College of Veterinary Medicine - Biomedical Sciences|2030 SE Marine Science Dr.|Newport|LINCOLN||Oregon State University|1600 SW Western Blvd.|Corvallis|OR|97333|11/15/2021|11/14/2024|1|25-1071.00|No
I-200-22104-070666|Assistant Professor, Senior Research|Oregon State University||intl.hire@oregonstate.edu|15417376468|Jennifer|Doreen|OSUs Cooperative Institute for Marine Resources Studies|2030 SE Marine Science Dr|Newport|LINCOLN||Oregon State University|1600 SW Western Blvd.|Corvallis|OR|97333|4/20/2022|4/19/2025|1|19-2042.00|No
I-200-23205-209790|Research Associate|Oregon State University||intl.hire@oregonstate.edu|15417476449|Jennifer|Doreen|Costal Oregon Marine Experiment Station, Oregon State Univ|2030 SE Marine Science Drive|Newport|LINCOLN||Oregon State University|1600 SW Western Blvd.|Corvallis|OR|97333|9/1/2023|8/31/2026|1|19-1029.02|No
I-200-22284-522407|Assistant Professor|Oregon State University||intl.hire@oregonstate.edu|15417376468|Jennifer|Doreen|OSUs Malheur Experiment Station|595 Onion Avenue|Ontario|MALHEUR||Oregon State University|1600 SW Western Blvd.|Corvallis|OR|97333|10/24/2022|10/23/2025|1|25-1041.00|No
I-200-22293-543108|Assistant Professor|Oregon State University||intl.hire@oregonstate.edu|15417376468|Jennifer|Doreen|OSUs Malheur Experiment Station|595 Onion Avenue|Ontario|MALHEUR||Oregon State University|1600 SW Western Blvd.|Corvallis|OR|97333|11/14/2022|11/13/2025|1|25-1041.00|No
I-200-23199-197326|Extension General Agriculture Educator|Oregon State University||intl.hire@oregonstate.edu|15417476449|Jennifer|Doreen|OSU Extension Service|710 SW 5th Ave|Ontario|MALHEUR||Oregon State University|1600 SW Western Blvd.|Corvallis|OR|97333|8/1/2023|7/31/2026|1|25-9031.00|No
I-200-24107-892976|Assistant Professor (Practice)|Oregon State University||intl.hire@oregonstate.edu|15417476449|Jennifer|Doreen|OSU Extension Services|1320 Capitol St NE, Ste. 110|Salem|MARION||Oregon State University|1600 SW Western Blvd.|Corvallis|OR|97333|6/1/2024|5/31/2027|1|25-1041.00|No
I-200-23363-597599|Postdoctoral Scholar|Oregon State University||intl.hire@oregonstate.edu|15417476449|Jennifer|Doreen|2730 SW Moody Ave|Floor 5|Portland|MULTNOMAH||Oregon State University|1600 SW Western Blvd.|Corvallis|OR|97333|3/1/2024|2/28/2027|1|19-1021.00|No
I-200-23354-580575|Postdoctoral Scholar|Oregon State University||intl.hire@oregonstate.edu|15417476449|Jennifer|Doreen|2730 SW Moody Ave|Floor 5|Portland|MULTNOMAH||Oregon State University|1600 SW Western Blvd.|Corvallis|OR|97333|3/1/2024|2/28/2027|1|19-1029.01|No
I-200-24072-792298|Postdoctoral Scholar|Oregon State University||intl.hire@oregonstate.edu|15417476449|Jennifer|Doreen|OSU Pharmaceutical Science - Portland|Robertson Life Sciences Building, 2730 S Moody Ave|Portland|MULTNOMAH||Oregon State University|1600 SW Western Blvd.|Corvallis|OR|97333|6/1/2024|5/31/2027|1|19-1042.00|No
I-200-23334-534951|Postdoctoral Scholar|Oregon State University||intl.hire@oregonstate.edu|15417476449|Jennifer|Doreen|2730 SW Moody Ave||Portland|MULTNOMAH||Oregon State University|1600 SW Western Blvd.|Corvallis|OR|97333|3/1/2024|2/28/2027|1|19-1029.00|No
I-200-25021-632520|Postdoctoral Scholar|Oregon State University||intl.hire@oregonstate.edu|15417376310|Jennifer|Doreen|2730 S Moody Ave||Portland|MULTNOMAH||Oregon State University|1600 SW Western Blvd.|Corvallis|OR|97333|3/1/2025|2/29/2028|1|19-1042|No
I-200-24072-793031|Postdoctoral Scholar|Oregon State University||intl.hire@oregonstate.edu|15417476449|Jennifer|Doreen|OSU Pharmaceutical Science - Portland|Robertson Life Sciences Building, 2730 S Moody Ave|Portland|MULTNOMAH||Oregon State University|1600 SW Western Blvd.|Corvallis|OR|97333|5/1/2024|4/30/2027|1|19-1042.00|No
I-200-22011-822339|Postdoctoral Scholar|Oregon State University||intl.hire@oregonstate.edu|15417376468|Jennifer|Doreen|Hermiston Agricultural Research & Extension Center|2121 South First Street|Hermiston|UMATILLA||Oregon State University|1600 SW Western Blvd.|Corvallis|OR|97333|3/1/2022|2/28/2025|1|19-1013.00|No
I-200-24087-834484|Research Associate|Oregon State University||intl.hire@oregonstate.edu|15417476449|Jennifer|Doreen|OSUs Columbia Basin Agricultural Research Center|48037 Tubbs Ranch Rd|Adams|UMATILLA||Oregon State University|1600 SW Western Blvd.|Corvallis|OR|97333|6/1/2024|5/31/2027|1|19-1013.00|No
I-200-24087-834596|Research Associate|Oregon State University||intl.hire@oregonstate.edu|15417476449|Jennifer|Doreen|OSUs Columbia Basin Agricultural Research Center|48037 Tubbs Ranch Rd|Adams|UMATILLA||Oregon State University|1600 SW Western Blvd.|Corvallis|OR|97333|6/1/2024|5/31/2027|1|19-1013.00|No
I-200-24128-966773|Research Associate|Oregon State University||intl.hire@oregonstate.edu|15417476449|Jennifer|Doreen|OSUs Columbia Basin Agricultural Center|48037 Tubbs Ranch Rd|Adams|UMATILLA||Oregon State University|1600 SW Western Blvd.|Corvallis|OR|97333|6/1/2024|5/31/2027|1|19-1013.00|No
I-200-22013-828357|Postdoctoral Scholar|Oregon State University||intl.hire@oregonstate.edu|15417376468|Jennifer|Doreen|Hermiston Agricultural Research & Extension Center|2121 South First Street|Hermiston|UMATILLA||Oregon State University|1600 SW Western Blvd.|Corvallis|OR|97333|3/1/2022|2/28/2025|1|19-1013.00|No
I-200-22322-596127|Director|Oregon State University||intl.hire@oregonstate.edu|15417376468|Jennifer|Doreen|OSUs Hermiston Agricultural Research & Extension Center|2121 S. 1st Street|Hermiston|UMATILLA||Oregon State University|1600 SW Western Blvd.|Corvallis|OR|97333|1/10/2023|1/9/2026|1|11-9033.00|No
I-200-23354-579740|Postdoctoral Scholar|Oregon State University||intl.hire@oregonstate.edu|15417476449|Jennifer|Doreen|OSU CBARC, 48037 Tubbs Ranch Road||Adams|UMATILLA||Oregon State University|1600 SW Western Blvd.|Corvallis|OR|97333|3/1/2024|2/28/2027|1|19-1013.00|No
I-200-24229-274516|Postdoctoral Scholar|Oregon State University||intl.hire@oregonstate.edu|15417476449|Jennifer|Doreen|48037 Tubbs Ranch Rd||Adams|UMATILLA||Oregon State University|1600 SW Western Blvd.|Corvallis|OR|97333|1/1/2025|12/31/2027|1|19-1013.00|No
I-200-23207-216519|Instructor|Oregon State University||intl.hire@oregonstate.edu|15417476449|Jennifer|Doreen|OSUs Eastern Oregon Agricultural Research Center|205 Badgley Hall, One University Blvd|La Grande|UNION||Oregon State University|1600 SW Western Blvd.|Corvallis|OR|97333|9/1/2023|8/31/2026|1|25-1041.00|No
I-200-23026-729990|Instructor|Oregon State University||intl.hire@oregonstate.edu|15417376468|Jennifer|Doreen|1715 NW 173rd Ave|Apt. 214|Beaverton|WASHINGTON||Oregon State University|1600 SW Western Blvd.|Corvallis|OR|97333|5/19/2023|5/18/2026|1|25-1021.00|No
I-200-23033-746900|Instructor|Oregon State University||intl.hire@oregonstate.edu|15417376468|Jennifer|Doreen|1715 NW 173rd Ave|Apt. 214|Beaverton|WASHINGTON||Oregon State University|1600 SW Western Blvd.|Corvallis|OR|97333|3/1/2023|2/28/2026|1|25-1021.00|No
I-200-23033-746954|Instructor|Oregon State University||intl.hire@oregonstate.edu|15417376468|Jennifer|Doreen|1715 NW 173rd Ave|Apt. 214|Beaverton|WASHINGTON||Oregon State University|1600 SW Western Blvd.|Corvallis|OR|97333|5/19/2023|5/18/2026|1|25-1021.00|No
I-200-24270-367735|Senior Instructor I|Oregon State University||intl.hire@oregonstate.edu|15417476449|Jennifer|Doreen|1715 NW 173rd Avenue||Beaverton|WASHINGTON||Oregon State University|1600 SW Western Blvd.|Corvallis|OR|97333|10/15/2024|10/14/2027|1|25-1032|No
I-200-24299-434723|Assistant Professor (Practice)|Oregon State University||intl.hire@oregonstate.edu|15417476449|Jennifer|Doreen|1815 NW 169th Place|Ste 1000|Beaverton|WASHINGTON||Oregon State University|1600 SW Western Blvd.|Corvallis|OR|97333|1/1/2025|12/31/2027|1|25-1041|No
I-200-24290-411158|Senior Instructor I|Oregon State University||intl.hire@oregonstate.edu|15417476449|Jennifer|Doreen|1715 NW 173rd Avenue||Beaverton|WASHINGTON||Oregon State University|1600 SW Western Blvd.|Corvallis|OR|97333|11/1/2024|10/31/2027|1|25-1021|No
I-200-22089-022834|Behavioral Health Specialist 2|State of Oregon||stephanie.d.mitchell@state.or.us|15039797679|Stephanie|Mitchell|29398 Recover Way||Junction City|LANE|Hecht & Norman LLP|500 Summer Street NE||Salem|OR|97301-1064|4/1/2022|3/31/2025|1|21-1014.00|No
I-200-24306-447974|Behavioral Health Specialist 2|State of Oregon||minnie.j.mccloud-walker@dhsoha.state.or.us|15039472686|Minnie|McCloud-Walker|29398 Recovery Way||Junction City|LANE|Hecht & Norman LLP|500 Summer Street NE||Salem|OR|97301-1064|4/30/2025|4/29/2028|1|21-1014|No
I-200-22123-131277|Behavioral Health Specialist 2|State of Oregon||stephanie.d.mitchell@state.or.us|15039797679|Stephanie|Mitchell|29398 Recovery Way||Junction City|LANE|Hecht & Norman LLP|500 Summer Street NE||Salem|OR|97301-1064|5/4/2022|4/29/2025|1|21-1014.00|No
I-200-24136-000610|Management Analyst|State of Oregon||heather.pate@hcs.oregon.gov|15039862000|Heather|Pate|725 Summer Street NE|Suite B|Salem|MARION|Hecht & Norman LLP|725 Summer Street NE||Salem|OR|97301|10/1/2024|9/30/2027|1|13-1111.00|No
I-200-22132-164896|Psychiatrist (Physician Specialist)|State of Oregon||michael.b.lewis@state.or.us|15039452816|Michael|Lewis|2600 Center Street NE||Salem|MARION|Hecht and Norman, LLP|500 Summer Street NE||Salem|OR|97301-1064|7/1/2022|6/30/2025|1|29-1066.00|No
I-200-24039-705295|Psychiatrist|State of Oregon||minnie.j.mcloud-walker@oha.oregon.gov|15039472686|Minnie|McCloud-Walker|2600 Center Street NE||Salem|MARION|Hecht and Norman, LLP|2600 Center Street NE||Salem|OR|97301|7/1/2024|6/30/2027|1|29-1223.00|No
I-200-24125-957472|Environmental Scientist|State of Oregon||vicki.walker@dsl.oregon.gov|19719007694|Vicki|Walker|775 Summer Street NE||Salem|MARION|Hecht & Norman, LLP|775 Summer Street NE||Salem|OR|97301|10/1/2024|9/30/2027|1|19-2041.00|No
I-200-23041-766128|Psychiatrist|State of Oregon||minnie.j.mcloud-walker@dhsoha.state.or.us|15039472686|Minnie|McCloud-Walker|2600 Center Street NE||Salem|MARION|Hecht and Norman, LLP|2600 Center Street NE||Salem|OR|97301|7/1/2023|6/30/2026|1|29-1223.00|No
I-200-25042-681670|Psychiatrist (Physician Specialist)|State of Oregon||MINNIE.J.MCCLOUD-WALKER@oha.oregon.gov|15039472686|Minnie|McCloud-Walker|2600 Center St NE||Salem,|MARION|Hecht and Norman, LLP|500 Summer Street NE||Salem|OR|97301-1064|7/1/2025|6/30/2028|1|29-1223|No
I-200-24303-440040|Psychiatrist|State of Oregon||minnie.j.mcloud-walker@dhsoha.state.or.us|15039472686|Minnie|McCloud-Walker|2600 Center Street NE||Salem|MARION|Hecht and Norman, LLP|2600 Center Street NE||Salem|OR|97301|12/2/2024|12/1/2027|1|29-1223|No
I-200-22073-975819|Psychiatrist (Physician Specialist)|State of Oregon||michael.b.lewis@state.or.us|15039452816|Michael|Lewis|2600 Center Street NE||Salem|MARION|Hecht and Norman, LLP|500 Summer Street NE||Salem|OR|97301-1064|7/1/2022|6/30/2025|1|29-1066.00|No
I-203-22137-182530|Psychiatric Social Worker|State of Oregon||stephanie.d.mitchell@dhsoha.state.or.us|15039797679|Stephanie|Mitchell|2600 Center St. NE||Salem|MARION|Hecht and Norman LLP|500 Summer Street NE||Salem|OR|97301|8/8/2022|8/7/2024|1|21-1023.00|N/A
I-200-23101-923557|Senior Research Analyst|State of Oregon||ken.sanchagrin@oregon.gov|19717196000|Kenneth|Sanchagrin|885 Summer Street NE||Salem|MARION|Hecht and Norman LLP|885 Summer Street NE||Salem|OR|97301|10/1/2023|9/30/2026|1|19-3041.00|No
I-200-23012-698119|Psychiatrist|State of Oregon||minnie.j.mcloud-walker@dhsoha.state.or.us|15039472686|Minnie|McCloud-Walker|2600 Center Street NE||Salem|MARION|Hecht and Norman, LLP|2600 Center Street NE||Salem|OR|97301|7/1/2023|6/30/2026|1|29-1223.00|No
I-200-23277-410355|Natural Resource Specialist 4|State of Oregon - Department of Environmental Quality||Penny.Robertson@deq.oregon.gov|15034467244|Penny|Robertson|700 NE Multnomah Street|Suite 600|Portland|MULTNOMAH|Hecht & Norman LLP|700 NE Multnomah Street|Suite 600|Portland|OR|97232|10/5/2023|9/30/2026|1|19-2041.00|No
I-200-24109-903336|Senior Systems Engineer|State of Oregon - Oregon Health Authority||MINNIE.J.MCCLOUD-WALKER@oha.oregon.gov|15039456435|Minnie|McCloud-Walker|3991 Fairview Industrial Drive SE||Salem|MARION|Hecht & Norman LLP|500 Summer Street NE||Salem|OR|97301|9/1/2024|8/31/2027|1|15-1211.00|No
(531 rows)
